ISO-10303-21;
HEADER;
FILE_DESCRIPTION((''),'2;1');
FILE_NAME('734153980','2016-12-15T',('ghp'),(''),
'PRO/ENGINEER BY PARAMETRIC TECHNOLOGY CORPORATION, 2012310',
'PRO/ENGINEER BY PARAMETRIC TECHNOLOGY CORPORATION, 2012310','');
FILE_SCHEMA(('CONFIG_CONTROL_DESIGN'));
ENDSEC;
DATA;
#1=CARTESIAN_POINT('',(0.E0,0.E0,-6.820000000002E0));
#2=DIRECTION('',(0.E0,0.E0,-1.E0));
#3=DIRECTION('',(0.E0,1.E0,0.E0));
#4=AXIS2_PLACEMENT_3D('',#1,#2,#3);
#6=CARTESIAN_POINT('',(-1.754296097200E-14,2.905949689107E-14,
-6.820000000002E0));
#7=DIRECTION('',(0.E0,-1.144131740974E-14,-1.E0));
#8=DIRECTION('',(2.278684793405E-14,-1.E0,1.161017542093E-14));
#9=AXIS2_PLACEMENT_3D('',#6,#7,#8);
#11=CARTESIAN_POINT('',(0.E0,0.E0,-6.820000000002E0));
#12=DIRECTION('',(0.E0,0.E0,1.E0));
#13=DIRECTION('',(0.E0,1.E0,0.E0));
#14=AXIS2_PLACEMENT_3D('',#11,#12,#13);
#16=CARTESIAN_POINT('',(1.062501103671E-13,-6.180909085640E-14,
-6.820000000002E0));
#17=DIRECTION('',(1.352407685686E-14,0.E0,1.E0));
#18=DIRECTION('',(1.E0,0.E0,-1.302661682227E-14));
#19=AXIS2_PLACEMENT_3D('',#16,#17,#18);
#21=CARTESIAN_POINT('',(1.062501103671E-13,-6.180909085640E-14,
-6.820000000002E0));
#22=DIRECTION('',(1.352407685686E-14,0.E0,1.E0));
#23=DIRECTION('',(-1.407786354032E-13,-1.E0,0.E0));
#24=AXIS2_PLACEMENT_3D('',#21,#22,#23);
#26=DIRECTION('',(0.E0,0.E0,-1.E0));
#27=VECTOR('',#26,2.329999999998E0);
#28=CARTESIAN_POINT('',(0.E0,7.649999999994E-1,-6.820000000002E0));
#29=LINE('',#28,#27);
#30=DIRECTION('',(0.E0,0.E0,-1.E0));
#31=VECTOR('',#30,2.329999999998E0);
#32=CARTESIAN_POINT('',(0.E0,-7.649999999994E-1,-6.820000000002E0));
#33=LINE('',#32,#31);
#34=CARTESIAN_POINT('',(0.E0,0.E0,-9.15E0));
#35=DIRECTION('',(0.E0,0.E0,-1.E0));
#36=DIRECTION('',(0.E0,-1.E0,0.E0));
#37=AXIS2_PLACEMENT_3D('',#34,#35,#36);
#39=CARTESIAN_POINT('',(0.E0,0.E0,-9.15E0));
#40=DIRECTION('',(0.E0,0.E0,-1.E0));
#41=DIRECTION('',(0.E0,1.E0,0.E0));
#42=AXIS2_PLACEMENT_3D('',#39,#40,#41);
#44=CARTESIAN_POINT('',(0.E0,0.E0,-9.15E0));
#45=DIRECTION('',(0.E0,1.144131740974E-14,1.E0));
#46=DIRECTION('',(0.E0,1.E0,-1.161017542093E-14));
#47=AXIS2_PLACEMENT_3D('',#44,#45,#46);
#49=CARTESIAN_POINT('',(0.E0,0.E0,-9.15E0));
#50=DIRECTION('',(0.E0,0.E0,1.E0));
#51=DIRECTION('',(0.E0,-1.E0,0.E0));
#52=AXIS2_PLACEMENT_3D('',#49,#50,#51);
#54=DIRECTION('',(0.E0,-7.071067811865E-1,-7.071067811866E-1));
#55=VECTOR('',#54,2.828427124746E-1);
#56=CARTESIAN_POINT('',(0.E0,2.68E0,-8.95E0));
#57=LINE('',#56,#55);
#58=CARTESIAN_POINT('',(0.E0,0.E0,-8.95E0));
#59=DIRECTION('',(0.E0,0.E0,-1.E0));
#60=DIRECTION('',(-1.E0,0.E0,0.E0));
#61=AXIS2_PLACEMENT_3D('',#58,#59,#60);
#63=CARTESIAN_POINT('',(0.E0,0.E0,-8.95E0));
#64=DIRECTION('',(0.E0,0.E0,-1.E0));
#65=DIRECTION('',(0.E0,-1.E0,0.E0));
#66=AXIS2_PLACEMENT_3D('',#63,#64,#65);
#68=DIRECTION('',(0.E0,7.071067811865E-1,-7.071067811866E-1));
#69=VECTOR('',#68,2.828427124746E-1);
#70=CARTESIAN_POINT('',(0.E0,-2.68E0,-8.95E0));
#71=LINE('',#70,#69);
#72=CARTESIAN_POINT('',(0.E0,0.E0,-8.95E0));
#73=DIRECTION('',(0.E0,0.E0,-1.E0));
#74=DIRECTION('',(0.E0,1.E0,0.E0));
#75=AXIS2_PLACEMENT_3D('',#72,#73,#74);
#77=DIRECTION('',(0.E0,0.E0,1.E0));
#78=VECTOR('',#77,2.129999999998E0);
#79=CARTESIAN_POINT('',(0.E0,2.68E0,-8.95E0));
#80=LINE('',#79,#78);
#81=DIRECTION('',(0.E0,0.E0,1.E0));
#82=VECTOR('',#81,2.129999999998E0);
#83=CARTESIAN_POINT('',(0.E0,-2.68E0,-8.95E0));
#84=LINE('',#83,#82);
#85=CARTESIAN_POINT('',(0.E0,0.E0,-6.820000000002E0));
#86=DIRECTION('',(0.E0,0.E0,-1.E0));
#87=DIRECTION('',(0.E0,-1.E0,0.E0));
#88=AXIS2_PLACEMENT_3D('',#85,#86,#87);
#90=CARTESIAN_POINT('',(0.E0,0.E0,-6.820000000002E0));
#91=DIRECTION('',(0.E0,0.E0,-1.E0));
#92=DIRECTION('',(1.E0,0.E0,0.E0));
#93=AXIS2_PLACEMENT_3D('',#90,#91,#92);
#95=CARTESIAN_POINT('',(0.E0,0.E0,-6.820000000002E0));
#96=DIRECTION('',(0.E0,0.E0,-1.E0));
#97=DIRECTION('',(0.E0,1.E0,0.E0));
#98=AXIS2_PLACEMENT_3D('',#95,#96,#97);
#100=CARTESIAN_POINT('',(0.E0,0.E0,-6.820000000002E0));
#101=DIRECTION('',(0.E0,0.E0,-1.E0));
#102=DIRECTION('',(-9.939961636849E-1,1.094149285050E-1,0.E0));
#103=AXIS2_PLACEMENT_3D('',#100,#101,#102);
#105=CARTESIAN_POINT('',(0.E0,0.E0,-6.820000000002E0));
#106=DIRECTION('',(0.E0,0.E0,1.E0));
#107=DIRECTION('',(0.E0,-1.E0,0.E0));
#108=AXIS2_PLACEMENT_3D('',#105,#106,#107);
#110=CARTESIAN_POINT('',(0.E0,0.E0,-6.820000000002E0));
#111=DIRECTION('',(0.E0,0.E0,1.E0));
#112=DIRECTION('',(-1.E0,0.E0,0.E0));
#113=AXIS2_PLACEMENT_3D('',#110,#111,#112);
#115=CARTESIAN_POINT('',(0.E0,0.E0,-6.820000000002E0));
#116=DIRECTION('',(0.E0,0.E0,1.E0));
#117=DIRECTION('',(0.E0,1.E0,0.E0));
#118=AXIS2_PLACEMENT_3D('',#115,#116,#117);
#120=DIRECTION('',(0.E0,-1.E0,0.E0));
#121=VECTOR('',#120,8.556247409100E-1);
#122=CARTESIAN_POINT('',(-3.886525000011E0,4.278123704550E-1,
-6.820000000002E0));
#123=LINE('',#122,#121);
#124=DIRECTION('',(-7.071067812602E-1,0.E0,-7.071067811129E-1));
#125=VECTOR('',#124,2.177888885778E-1);
#126=CARTESIAN_POINT('',(4.064E0,0.E0,-2.486000000035E0));
#127=LINE('',#126,#125);
#128=CARTESIAN_POINT('',(0.E0,0.E0,-2.486000000035E0));
#129=DIRECTION('',(0.E0,0.E0,-1.E0));
#130=DIRECTION('',(0.E0,1.E0,0.E0));
#131=AXIS2_PLACEMENT_3D('',#128,#129,#130);
#133=CARTESIAN_POINT('',(0.E0,0.E0,-2.486000000035E0));
#134=DIRECTION('',(0.E0,0.E0,-1.E0));
#135=DIRECTION('',(-9.563299704752E-1,2.922892190466E-1,0.E0));
#136=AXIS2_PLACEMENT_3D('',#133,#134,#135);
#138=CARTESIAN_POINT('',(-3.886525000011E0,4.278123704536E-1,
-2.639999999999E0));
#139=CARTESIAN_POINT('',(-3.886525000011E0,5.112078132846E-1,
-2.630875293586E0));
#140=CARTESIAN_POINT('',(-3.886525000011E0,6.787030869629E-1,
-2.607277137929E0));
#141=CARTESIAN_POINT('',(-3.886525000011E0,9.324643582513E-1,
-2.555736347361E0));
#142=CARTESIAN_POINT('',(-3.886525000011E0,1.102521967555E0,-2.510944376639E0));
#143=CARTESIAN_POINT('',(-3.886525000011E0,1.187863386205E0,-2.486000000035E0));
#145=CARTESIAN_POINT('',(0.E0,0.E0,-2.639999999999E0));
#146=DIRECTION('',(0.E0,0.E0,1.E0));
#147=DIRECTION('',(0.E0,1.E0,0.E0));
#148=AXIS2_PLACEMENT_3D('',#145,#146,#147);
#150=CARTESIAN_POINT('',(0.E0,0.E0,-2.639999999999E0));
#151=DIRECTION('',(0.E0,0.E0,1.E0));
#152=DIRECTION('',(1.E0,0.E0,0.E0));
#153=AXIS2_PLACEMENT_3D('',#150,#151,#152);
#155=CARTESIAN_POINT('',(0.E0,0.E0,-2.639999999999E0));
#156=DIRECTION('',(0.E0,0.E0,1.E0));
#157=DIRECTION('',(-9.939961636849E-1,-1.094149285050E-1,0.E0));
#158=AXIS2_PLACEMENT_3D('',#155,#156,#157);
#160=CARTESIAN_POINT('',(-3.886525000011E0,-1.187863386205E0,
-2.486000000035E0));
#161=CARTESIAN_POINT('',(-3.886525000011E0,-1.102490146312E0,
-2.510953677646E0));
#162=CARTESIAN_POINT('',(-3.886525000011E0,-9.323891541560E-1,
-2.555755781877E0));
#163=CARTESIAN_POINT('',(-3.886525000011E0,-6.785981738281E-1,
-2.607294178942E0));
#164=CARTESIAN_POINT('',(-3.886525000011E0,-5.111624391354E-1,
-2.630880258196E0));
#165=CARTESIAN_POINT('',(-3.886525000011E0,-4.278123704551E-1,-2.64E0));
#167=CARTESIAN_POINT('',(0.E0,0.E0,-2.486000000035E0));
#168=DIRECTION('',(0.E0,0.E0,-1.E0));
#169=DIRECTION('',(0.E0,-1.E0,0.E0));
#170=AXIS2_PLACEMENT_3D('',#167,#168,#169);
#172=CARTESIAN_POINT('',(0.E0,0.E0,-2.486000000035E0));
#173=DIRECTION('',(0.E0,0.E0,-1.E0));
#174=DIRECTION('',(1.E0,0.E0,0.E0));
#175=AXIS2_PLACEMENT_3D('',#172,#173,#174);
#177=CARTESIAN_POINT('',(0.E0,0.E0,-2.639999999999E0));
#178=DIRECTION('',(0.E0,0.E0,1.E0));
#179=DIRECTION('',(0.E0,-1.E0,0.E0));
#180=AXIS2_PLACEMENT_3D('',#177,#178,#179);
#182=DIRECTION('',(0.E0,3.172634935201E-14,-1.E0));
#183=VECTOR('',#182,4.180000000002E0);
#184=CARTESIAN_POINT('',(-3.886525000011E0,-4.278123704551E-1,-2.64E0));
#185=LINE('',#184,#183);
#186=DIRECTION('',(0.E0,0.E0,-1.E0));
#187=VECTOR('',#186,4.180000000002E0);
#188=CARTESIAN_POINT('',(3.910000000003E0,0.E0,-2.639999999999E0));
#189=LINE('',#188,#187);
#190=DIRECTION('',(-3.612208883946E-14,-3.313139236643E-13,1.E0));
#191=VECTOR('',#190,4.180000000002E0);
#192=CARTESIAN_POINT('',(-3.886525000011E0,4.278123704550E-1,
-6.820000000002E0));
#193=LINE('',#192,#191);
#194=DIRECTION('',(-1.990753879983E-5,6.851263477811E-4,9.999997651028E-1));
#195=VECTOR('',#194,1.123903611910E0);
#196=CARTESIAN_POINT('',(-3.886525000011E0,1.187863386205E0,-2.486000000035E0));
#197=LINE('',#196,#195);
#198=DIRECTION('',(1.994493252510E-5,6.850043143573E-4,-9.999997651856E-1));
#199=VECTOR('',#198,1.123903611817E0);
#200=CARTESIAN_POINT('',(-3.886547416193E0,-1.188633265028E0,
-1.362096652127E0));
#201=LINE('',#200,#199);
#202=DIRECTION('',(0.E0,-6.946583704590E-1,-7.193398003386E-1));
#203=VECTOR('',#202,2.807351410365E-1);
#204=CARTESIAN_POINT('',(0.E0,4.259015015603E0,-1.160737353894E0));
#205=LINE('',#204,#203);
#206=CARTESIAN_POINT('',(0.E0,0.E0,-1.362681314196E0));
#207=DIRECTION('',(0.E0,0.E0,1.E0));
#208=DIRECTION('',(-9.563299704752E-1,-2.922892190466E-1,0.E0));
#209=AXIS2_PLACEMENT_3D('',#206,#207,#208);
#211=CARTESIAN_POINT('',(0.E0,0.E0,-1.362000000013E0));
#212=DIRECTION('',(0.E0,0.E0,1.E0));
#213=DIRECTION('',(-9.563299704752E-1,2.922892190466E-1,0.E0));
#214=AXIS2_PLACEMENT_3D('',#211,#212,#213);
#216=CARTESIAN_POINT('',(0.E0,0.E0,-1.362681314196E0));
#217=DIRECTION('',(0.E0,0.E0,1.E0));
#218=DIRECTION('',(0.E0,1.E0,0.E0));
#219=AXIS2_PLACEMENT_3D('',#216,#217,#218);
#221=CARTESIAN_POINT('',(0.E0,0.E0,-1.362681314196E0));
#222=DIRECTION('',(0.E0,0.E0,1.E0));
#223=DIRECTION('',(0.E0,-1.E0,0.E0));
#224=AXIS2_PLACEMENT_3D('',#221,#222,#223);
#226=DIRECTION('',(0.E0,6.946583704590E-1,-7.193398003387E-1));
#227=VECTOR('',#226,2.807351410365E-1);
#228=CARTESIAN_POINT('',(0.E0,-4.259015015603E0,-1.160737353894E0));
#229=LINE('',#228,#227);
#230=CARTESIAN_POINT('',(0.E0,0.E0,-1.362681314196E0));
#231=DIRECTION('',(0.E0,0.E0,1.E0));
#232=DIRECTION('',(1.E0,0.E0,0.E0));
#233=AXIS2_PLACEMENT_3D('',#230,#231,#232);
#235=CARTESIAN_POINT('',(0.E0,0.E0,-1.160737353894E0));
#236=DIRECTION('',(0.E0,0.E0,1.E0));
#237=DIRECTION('',(0.E0,-1.E0,0.E0));
#238=AXIS2_PLACEMENT_3D('',#235,#236,#237);
#240=CARTESIAN_POINT('',(0.E0,4.861965636247E0,-1.743000000013E0));
#241=DIRECTION('',(-1.E0,0.E0,0.E0));
#242=DIRECTION('',(0.E0,-7.193398003387E-1,6.946583704590E-1));
#243=AXIS2_PLACEMENT_3D('',#240,#241,#242);
#245=CARTESIAN_POINT('',(0.E0,-4.861965636247E0,-1.743000000013E0));
#246=DIRECTION('',(1.E0,0.E0,0.E0));
#247=DIRECTION('',(0.E0,7.193398003387E-1,6.946583704590E-1));
#248=AXIS2_PLACEMENT_3D('',#245,#246,#247);
#250=CARTESIAN_POINT('',(0.E0,0.E0,-1.160737353894E0));
#251=DIRECTION('',(0.E0,0.E0,1.E0));
#252=DIRECTION('',(0.E0,1.E0,0.E0));
#253=AXIS2_PLACEMENT_3D('',#250,#251,#252);
#255=CARTESIAN_POINT('',(0.E0,0.E0,-9.048000000131E-1));
#256=DIRECTION('',(0.E0,0.E0,-1.E0));
#257=DIRECTION('',(0.E0,-1.E0,0.E0));
#258=AXIS2_PLACEMENT_3D('',#255,#256,#257);
#260=CARTESIAN_POINT('',(0.E0,0.E0,-9.048000000131E-1));
#261=DIRECTION('',(0.E0,0.E0,-1.E0));
#262=DIRECTION('',(1.E0,0.E0,0.E0));
#263=AXIS2_PLACEMENT_3D('',#260,#261,#262);
#265=CARTESIAN_POINT('',(0.E0,0.E0,-9.048000000131E-1));
#266=DIRECTION('',(0.E0,0.E0,-1.E0));
#267=DIRECTION('',(0.E0,1.E0,0.E0));
#268=AXIS2_PLACEMENT_3D('',#265,#266,#267);
#270=CARTESIAN_POINT('',(0.E0,0.E0,-9.048000000131E-1));
#271=DIRECTION('',(0.E0,0.E0,1.E0));
#272=DIRECTION('',(0.E0,1.E0,0.E0));
#273=AXIS2_PLACEMENT_3D('',#270,#271,#272);
#275=CARTESIAN_POINT('',(0.E0,0.E0,-9.048000000131E-1));
#276=DIRECTION('',(0.E0,0.E0,1.E0));
#277=DIRECTION('',(0.E0,-1.E0,0.E0));
#278=AXIS2_PLACEMENT_3D('',#275,#276,#277);
#280=DIRECTION('',(0.E0,0.E0,-1.E0));
#281=VECTOR('',#280,3.048E-1);
#282=CARTESIAN_POINT('',(0.E0,5.5499E0,-6.000000000131E-1));
#283=LINE('',#282,#281);
#284=DIRECTION('',(0.E0,0.E0,-1.E0));
#285=VECTOR('',#284,3.048E-1);
#286=CARTESIAN_POINT('',(0.E0,-5.5499E0,-6.000000000131E-1));
#287=LINE('',#286,#285);
#288=DIRECTION('',(0.E0,-1.E0,0.E0));
#289=VECTOR('',#288,3.05E1);
#290=CARTESIAN_POINT('',(8.200000000001E0,2.410000000001E1,-6.000000000131E-1));
#291=LINE('',#290,#289);
#292=DIRECTION('',(1.E0,0.E0,0.E0));
#293=VECTOR('',#292,1.64E1);
#294=CARTESIAN_POINT('',(-8.199999999999E0,2.410000000001E1,
-6.000000000131E-1));
#295=LINE('',#294,#293);
#296=DIRECTION('',(0.E0,1.E0,0.E0));
#297=VECTOR('',#296,3.05E1);
#298=CARTESIAN_POINT('',(-8.199999999999E0,-6.399999999994E0,
-6.000000000131E-1));
#299=LINE('',#298,#297);
#300=CARTESIAN_POINT('',(-5.715E0,7.799999999999E0,-6.000000000131E-1));
#301=DIRECTION('',(0.E0,0.E0,1.E0));
#302=DIRECTION('',(1.E0,0.E0,0.E0));
#303=AXIS2_PLACEMENT_3D('',#300,#301,#302);
#305=CARTESIAN_POINT('',(-5.715E0,7.799999999999E0,-6.000000000131E-1));
#306=DIRECTION('',(0.E0,0.E0,1.E0));
#307=DIRECTION('',(-1.E0,0.E0,0.E0));
#308=AXIS2_PLACEMENT_3D('',#305,#306,#307);
#310=CARTESIAN_POINT('',(-5.715E0,7.799999999999E0,-6.000000000131E-1));
#311=DIRECTION('',(0.E0,0.E0,1.E0));
#312=DIRECTION('',(0.E0,1.E0,0.E0));
#313=AXIS2_PLACEMENT_3D('',#310,#311,#312);
#315=CARTESIAN_POINT('',(5.715E0,7.799999999999E0,-6.000000000131E-1));
#316=DIRECTION('',(0.E0,0.E0,1.E0));
#317=DIRECTION('',(1.E0,0.E0,0.E0));
#318=AXIS2_PLACEMENT_3D('',#315,#316,#317);
#320=CARTESIAN_POINT('',(5.715E0,7.799999999999E0,-6.000000000131E-1));
#321=DIRECTION('',(0.E0,0.E0,1.E0));
#322=DIRECTION('',(-1.E0,0.E0,0.E0));
#323=AXIS2_PLACEMENT_3D('',#320,#321,#322);
#325=CARTESIAN_POINT('',(5.715E0,7.799999999999E0,-6.000000000131E-1));
#326=DIRECTION('',(0.E0,0.E0,1.E0));
#327=DIRECTION('',(0.E0,1.E0,0.E0));
#328=AXIS2_PLACEMENT_3D('',#325,#326,#327);
#330=CARTESIAN_POINT('',(0.E0,1.519999999999E1,-6.000000000131E-1));
#331=DIRECTION('',(0.E0,0.E0,1.E0));
#332=DIRECTION('',(0.E0,1.E0,0.E0));
#333=AXIS2_PLACEMENT_3D('',#330,#331,#332);
#335=CARTESIAN_POINT('',(0.E0,1.519999999999E1,-6.000000000131E-1));
#336=DIRECTION('',(0.E0,0.E0,1.E0));
#337=DIRECTION('',(0.E0,-1.E0,0.E0));
#338=AXIS2_PLACEMENT_3D('',#335,#336,#337);
#340=CARTESIAN_POINT('',(0.E0,0.E0,-6.000000000131E-1));
#341=DIRECTION('',(0.E0,0.E0,1.E0));
#342=DIRECTION('',(0.E0,1.E0,0.E0));
#343=AXIS2_PLACEMENT_3D('',#340,#341,#342);
#345=CARTESIAN_POINT('',(0.E0,0.E0,-6.000000000131E-1));
#346=DIRECTION('',(0.E0,0.E0,1.E0));
#347=DIRECTION('',(1.E0,0.E0,0.E0));
#348=AXIS2_PLACEMENT_3D('',#345,#346,#347);
#350=CARTESIAN_POINT('',(0.E0,0.E0,-6.000000000131E-1));
#351=DIRECTION('',(0.E0,0.E0,1.E0));
#352=DIRECTION('',(0.E0,-1.E0,0.E0));
#353=AXIS2_PLACEMENT_3D('',#350,#351,#352);
#355=DIRECTION('',(0.E0,-1.E0,0.E0));
#356=VECTOR('',#355,1.5E1);
#357=CARTESIAN_POINT('',(8.200000000001E0,8.600000000006E0,-1.8E1));
#358=LINE('',#357,#356);
#359=DIRECTION('',(0.E0,-8.623629784024E-1,-5.062905228039E-1));
#360=VECTOR('',#359,1.797386992275E1);
#361=CARTESIAN_POINT('',(8.200000000001E0,2.410000000001E1,-8.900000000001E0));
#362=LINE('',#361,#360);
#363=DIRECTION('',(0.E0,0.E0,-1.E0));
#364=VECTOR('',#363,8.299999999988E0);
#365=CARTESIAN_POINT('',(8.200000000001E0,2.410000000001E1,-6.000000000131E-1));
#366=LINE('',#365,#364);
#367=CARTESIAN_POINT('',(8.200000000001E0,-1.025E1,-3.800000000001E0));
#368=DIRECTION('',(-1.E0,0.E0,0.E0));
#369=DIRECTION('',(0.E0,0.E0,-1.E0));
#370=AXIS2_PLACEMENT_3D('',#367,#368,#369);
#372=CARTESIAN_POINT('',(8.200000000001E0,-1.025E1,-1.4E1));
#373=DIRECTION('',(-1.E0,0.E0,0.E0));
#374=DIRECTION('',(0.E0,0.E0,-1.E0));
#375=AXIS2_PLACEMENT_3D('',#372,#373,#374);
#377=DIRECTION('',(0.E0,1.E0,0.E0));
#378=VECTOR('',#377,3.850000000006E0);
#379=CARTESIAN_POINT('',(8.200000000001E0,-1.025E1,-1.525E1));
#380=LINE('',#379,#378);
#381=DIRECTION('',(1.E0,0.E0,0.E0));
#382=VECTOR('',#381,5.999999999993E-1);
#383=CARTESIAN_POINT('',(8.200000000001E0,-6.399999999994E0,-1.525E1));
#384=LINE('',#383,#382);
#385=DIRECTION('',(1.E0,0.E0,0.E0));
#386=VECTOR('',#385,5.999999999993E-1);
#387=CARTESIAN_POINT('',(8.200000000001E0,-1.025E1,-1.525E1));
#388=LINE('',#387,#386);
#389=DIRECTION('',(-1.E0,0.E0,0.E0));
#390=VECTOR('',#389,5.999999999993E-1);
#391=CARTESIAN_POINT('',(8.8E0,-1.025E1,-1.275E1));
#392=LINE('',#391,#390);
#393=DIRECTION('',(-1.E0,0.E0,0.E0));
#394=VECTOR('',#393,5.999999999993E-1);
#395=CARTESIAN_POINT('',(8.8E0,-6.399999999994E0,-1.275E1));
#396=LINE('',#395,#394);
#397=DIRECTION('',(0.E0,-1.E0,0.E0));
#398=VECTOR('',#397,3.850000000006E0);
#399=CARTESIAN_POINT('',(8.200000000001E0,-6.399999999994E0,-1.275E1));
#400=LINE('',#399,#398);
#401=DIRECTION('',(-1.E0,0.E0,0.E0));
#402=VECTOR('',#401,5.999999999993E-1);
#403=CARTESIAN_POINT('',(8.8E0,-6.399999999994E0,-5.050000000001E0));
#404=LINE('',#403,#402);
#405=DIRECTION('',(0.E0,0.E0,-1.E0));
#406=VECTOR('',#405,7.699999999999E0);
#407=CARTESIAN_POINT('',(8.200000000001E0,-6.399999999994E0,-5.050000000001E0));
#408=LINE('',#407,#406);
#409=DIRECTION('',(0.E0,1.E0,0.E0));
#410=VECTOR('',#409,3.850000000006E0);
#411=CARTESIAN_POINT('',(8.200000000001E0,-1.025E1,-5.050000000001E0));
#412=LINE('',#411,#410);
#413=DIRECTION('',(1.E0,0.E0,0.E0));
#414=VECTOR('',#413,5.999999999993E-1);
#415=CARTESIAN_POINT('',(8.200000000001E0,-1.025E1,-5.050000000001E0));
#416=LINE('',#415,#414);
#417=DIRECTION('',(-1.E0,0.E0,0.E0));
#418=VECTOR('',#417,5.999999999993E-1);
#419=CARTESIAN_POINT('',(8.8E0,-1.025E1,-2.550000000001E0));
#420=LINE('',#419,#418);
#421=DIRECTION('',(-1.E0,0.E0,0.E0));
#422=VECTOR('',#421,5.999999999993E-1);
#423=CARTESIAN_POINT('',(8.8E0,-6.399999999994E0,-2.550000000001E0));
#424=LINE('',#423,#422);
#425=DIRECTION('',(0.E0,-1.E0,0.E0));
#426=VECTOR('',#425,3.850000000006E0);
#427=CARTESIAN_POINT('',(8.200000000001E0,-6.399999999994E0,-2.550000000001E0));
#428=LINE('',#427,#426);
#429=DIRECTION('',(0.E0,0.E0,-1.E0));
#430=VECTOR('',#429,1.949999999988E0);
#431=CARTESIAN_POINT('',(8.200000000001E0,-6.399999999994E0,
-6.000000000131E-1));
#432=LINE('',#431,#430);
#433=DIRECTION('',(1.E0,0.E0,0.E0));
#434=VECTOR('',#433,1.64E1);
#435=CARTESIAN_POINT('',(-8.199999999999E0,-6.399999999994E0,
-6.000000000131E-1));
#436=LINE('',#435,#434);
#437=DIRECTION('',(0.E0,0.E0,1.E0));
#438=VECTOR('',#437,1.949999999988E0);
#439=CARTESIAN_POINT('',(-8.199999999999E0,-6.399999999994E0,
-2.550000000001E0));
#440=LINE('',#439,#438);
#441=DIRECTION('',(0.E0,0.E0,-1.E0));
#442=VECTOR('',#441,2.550000000001E0);
#443=CARTESIAN_POINT('',(-8.8E0,-6.399999999994E0,0.E0));
#444=LINE('',#443,#442);
#445=DIRECTION('',(1.E0,0.E0,0.E0));
#446=VECTOR('',#445,1.76E1);
#447=CARTESIAN_POINT('',(-8.8E0,-6.399999999994E0,0.E0));
#448=LINE('',#447,#446);
#449=DIRECTION('',(0.E0,-1.E0,0.E0));
#450=VECTOR('',#449,3.05E1);
#451=CARTESIAN_POINT('',(-8.8E0,2.410000000001E1,0.E0));
#452=LINE('',#451,#450);
#453=CARTESIAN_POINT('',(0.E0,1.519999999999E1,0.E0));
#454=DIRECTION('',(0.E0,0.E0,-1.E0));
#455=DIRECTION('',(-1.E0,0.E0,0.E0));
#456=AXIS2_PLACEMENT_3D('',#453,#454,#455);
#458=CARTESIAN_POINT('',(0.E0,1.519999999999E1,0.E0));
#459=DIRECTION('',(0.E0,0.E0,-1.E0));
#460=DIRECTION('',(0.E0,-1.E0,0.E0));
#461=AXIS2_PLACEMENT_3D('',#458,#459,#460);
#463=CARTESIAN_POINT('',(0.E0,1.519999999999E1,0.E0));
#464=DIRECTION('',(0.E0,0.E0,-1.E0));
#465=DIRECTION('',(1.E0,0.E0,0.E0));
#466=AXIS2_PLACEMENT_3D('',#463,#464,#465);
#468=CARTESIAN_POINT('',(5.715E0,7.799999999999E0,0.E0));
#469=DIRECTION('',(0.E0,0.E0,-1.E0));
#470=DIRECTION('',(0.E0,1.E0,0.E0));
#471=AXIS2_PLACEMENT_3D('',#468,#469,#470);
#473=CARTESIAN_POINT('',(5.715E0,7.799999999999E0,0.E0));
#474=DIRECTION('',(0.E0,0.E0,-1.E0));
#475=DIRECTION('',(0.E0,-1.E0,0.E0));
#476=AXIS2_PLACEMENT_3D('',#473,#474,#475);
#478=CARTESIAN_POINT('',(0.E0,0.E0,0.E0));
#479=DIRECTION('',(0.E0,0.E0,-1.E0));
#480=DIRECTION('',(-1.E0,0.E0,0.E0));
#481=AXIS2_PLACEMENT_3D('',#478,#479,#480);
#483=CARTESIAN_POINT('',(0.E0,0.E0,0.E0));
#484=DIRECTION('',(0.E0,0.E0,-1.E0));
#485=DIRECTION('',(0.E0,-1.E0,0.E0));
#486=AXIS2_PLACEMENT_3D('',#483,#484,#485);
#488=CARTESIAN_POINT('',(0.E0,0.E0,0.E0));
#489=DIRECTION('',(0.E0,0.E0,-1.E0));
#490=DIRECTION('',(1.E0,0.E0,0.E0));
#491=AXIS2_PLACEMENT_3D('',#488,#489,#490);
#493=CARTESIAN_POINT('',(-5.715E0,7.799999999999E0,0.E0));
#494=DIRECTION('',(0.E0,0.E0,-1.E0));
#495=DIRECTION('',(0.E0,1.E0,0.E0));
#496=AXIS2_PLACEMENT_3D('',#493,#494,#495);
#498=CARTESIAN_POINT('',(-5.715E0,7.799999999999E0,0.E0));
#499=DIRECTION('',(0.E0,1.146152302129E-14,-1.E0));
#500=DIRECTION('',(0.E0,-1.E0,-1.146152302129E-14));
#501=AXIS2_PLACEMENT_3D('',#498,#499,#500);
#503=DIRECTION('',(-1.E0,0.E0,0.E0));
#504=VECTOR('',#503,5.999999999993E-1);
#505=CARTESIAN_POINT('',(8.8E0,2.410000000001E1,-8.900000000001E0));
#506=LINE('',#505,#504);
#507=DIRECTION('',(0.E0,0.E0,-1.E0));
#508=VECTOR('',#507,8.900000000001E0);
#509=CARTESIAN_POINT('',(8.8E0,2.410000000001E1,0.E0));
#510=LINE('',#509,#508);
#511=DIRECTION('',(1.E0,0.E0,0.E0));
#512=VECTOR('',#511,1.76E1);
#513=CARTESIAN_POINT('',(-8.8E0,2.410000000001E1,0.E0));
#514=LINE('',#513,#512);
#515=DIRECTION('',(-1.E0,0.E0,0.E0));
#516=VECTOR('',#515,6.000000000011E-1);
#517=CARTESIAN_POINT('',(-8.199999999999E0,2.410000000001E1,-8.900000000001E0));
#518=LINE('',#517,#516);
#519=DIRECTION('',(1.E0,0.E0,0.E0));
#520=VECTOR('',#519,5.999999999993E-1);
#521=CARTESIAN_POINT('',(8.200000000001E0,8.600000000006E0,-1.8E1));
#522=LINE('',#521,#520);
#523=DIRECTION('',(-1.E0,0.E0,0.E0));
#524=VECTOR('',#523,5.999999999993E-1);
#525=CARTESIAN_POINT('',(8.8E0,-6.399999999994E0,-1.8E1));
#526=LINE('',#525,#524);
#527=DIRECTION('',(0.E0,-1.E0,0.E0));
#528=VECTOR('',#527,1.5E1);
#529=CARTESIAN_POINT('',(8.8E0,8.600000000006E0,-1.8E1));
#530=LINE('',#529,#528);
#531=DIRECTION('',(0.E0,0.E0,-1.E0));
#532=VECTOR('',#531,2.75E0);
#533=CARTESIAN_POINT('',(8.200000000001E0,-6.399999999994E0,-1.525E1));
#534=LINE('',#533,#532);
#535=DIRECTION('',(0.E0,8.623629784024E-1,5.062905228039E-1));
#536=VECTOR('',#535,1.797386992275E1);
#537=CARTESIAN_POINT('',(8.8E0,8.600000000006E0,-1.8E1));
#538=LINE('',#537,#536);
#539=DIRECTION('',(0.E0,0.E0,-1.E0));
#540=VECTOR('',#539,2.75E0);
#541=CARTESIAN_POINT('',(8.8E0,-6.399999999994E0,-1.525E1));
#542=LINE('',#541,#540);
#543=DIRECTION('',(0.E0,1.E0,0.E0));
#544=VECTOR('',#543,3.850000000006E0);
#545=CARTESIAN_POINT('',(8.8E0,-1.025E1,-1.525E1));
#546=LINE('',#545,#544);
#547=CARTESIAN_POINT('',(8.8E0,-1.025E1,-1.4E1));
#548=DIRECTION('',(1.E0,0.E0,0.E0));
#549=DIRECTION('',(0.E0,0.E0,1.E0));
#550=AXIS2_PLACEMENT_3D('',#547,#548,#549);
#552=DIRECTION('',(0.E0,-1.E0,0.E0));
#553=VECTOR('',#552,3.850000000006E0);
#554=CARTESIAN_POINT('',(8.8E0,-6.399999999994E0,-1.275E1));
#555=LINE('',#554,#553);
#556=DIRECTION('',(0.E0,0.E0,-1.E0));
#557=VECTOR('',#556,7.699999999999E0);
#558=CARTESIAN_POINT('',(8.8E0,-6.399999999994E0,-5.050000000001E0));
#559=LINE('',#558,#557);
#560=DIRECTION('',(0.E0,1.E0,0.E0));
#561=VECTOR('',#560,3.850000000006E0);
#562=CARTESIAN_POINT('',(8.8E0,-1.025E1,-5.050000000001E0));
#563=LINE('',#562,#561);
#564=CARTESIAN_POINT('',(8.8E0,-1.025E1,-3.800000000001E0));
#565=DIRECTION('',(1.E0,0.E0,0.E0));
#566=DIRECTION('',(0.E0,0.E0,1.E0));
#567=AXIS2_PLACEMENT_3D('',#564,#565,#566);
#569=DIRECTION('',(0.E0,-1.E0,0.E0));
#570=VECTOR('',#569,3.850000000006E0);
#571=CARTESIAN_POINT('',(8.8E0,-6.399999999994E0,-2.550000000001E0));
#572=LINE('',#571,#570);
#573=DIRECTION('',(0.E0,0.E0,-1.E0));
#574=VECTOR('',#573,2.550000000001E0);
#575=CARTESIAN_POINT('',(8.8E0,-6.399999999994E0,0.E0));
#576=LINE('',#575,#574);
#577=DIRECTION('',(0.E0,-1.E0,0.E0));
#578=VECTOR('',#577,3.05E1);
#579=CARTESIAN_POINT('',(8.8E0,2.410000000001E1,0.E0));
#580=LINE('',#579,#578);
#581=DIRECTION('',(0.E0,0.E0,-1.E0));
#582=VECTOR('',#581,8.900000000001E0);
#583=CARTESIAN_POINT('',(-8.8E0,2.410000000001E1,0.E0));
#584=LINE('',#583,#582);
#585=CARTESIAN_POINT('',(-8.8E0,-1.025E1,-3.800000000001E0));
#586=DIRECTION('',(-1.E0,0.E0,0.E0));
#587=DIRECTION('',(0.E0,0.E0,-1.E0));
#588=AXIS2_PLACEMENT_3D('',#585,#586,#587);
#590=CARTESIAN_POINT('',(-8.8E0,-1.025E1,-1.4E1));
#591=DIRECTION('',(-1.E0,0.E0,0.E0));
#592=DIRECTION('',(0.E0,0.E0,-1.E0));
#593=AXIS2_PLACEMENT_3D('',#590,#591,#592);
#595=DIRECTION('',(0.E0,-1.E0,0.E0));
#596=VECTOR('',#595,1.5E1);
#597=CARTESIAN_POINT('',(-8.8E0,8.600000000006E0,-1.8E1));
#598=LINE('',#597,#596);
#599=DIRECTION('',(0.E0,-8.623629784024E-1,-5.062905228039E-1));
#600=VECTOR('',#599,1.797386992275E1);
#601=CARTESIAN_POINT('',(-8.8E0,2.410000000001E1,-8.900000000001E0));
#602=LINE('',#601,#600);
#603=DIRECTION('',(0.E0,1.E0,0.E0));
#604=VECTOR('',#603,3.850000000006E0);
#605=CARTESIAN_POINT('',(-8.199999999999E0,-1.025E1,-2.550000000001E0));
#606=LINE('',#605,#604);
#607=DIRECTION('',(0.E0,-1.E0,0.E0));
#608=VECTOR('',#607,3.850000000006E0);
#609=CARTESIAN_POINT('',(-8.8E0,-6.399999999994E0,-2.550000000001E0));
#610=LINE('',#609,#608);
#611=DIRECTION('',(-1.E0,0.E0,0.E0));
#612=VECTOR('',#611,6.000000000011E-1);
#613=CARTESIAN_POINT('',(-8.199999999999E0,-6.399999999994E0,
-2.550000000001E0));
#614=LINE('',#613,#612);
#615=CARTESIAN_POINT('',(-8.199999999999E0,-1.025E1,-3.800000000001E0));
#616=DIRECTION('',(1.E0,0.E0,0.E0));
#617=DIRECTION('',(0.E0,0.E0,1.E0));
#618=AXIS2_PLACEMENT_3D('',#615,#616,#617);
#620=DIRECTION('',(0.E0,0.E0,1.E0));
#621=VECTOR('',#620,8.299999999988E0);
#622=CARTESIAN_POINT('',(-8.199999999999E0,2.410000000001E1,-8.900000000001E0));
#623=LINE('',#622,#621);
#624=DIRECTION('',(0.E0,8.623629784024E-1,5.062905228039E-1));
#625=VECTOR('',#624,1.797386992275E1);
#626=CARTESIAN_POINT('',(-8.199999999999E0,8.600000000006E0,-1.8E1));
#627=LINE('',#626,#625);
#628=DIRECTION('',(0.E0,1.E0,0.E0));
#629=VECTOR('',#628,1.5E1);
#630=CARTESIAN_POINT('',(-8.199999999999E0,-6.399999999994E0,-1.8E1));
#631=LINE('',#630,#629);
#632=CARTESIAN_POINT('',(-8.199999999999E0,-1.025E1,-1.4E1));
#633=DIRECTION('',(1.E0,0.E0,0.E0));
#634=DIRECTION('',(0.E0,0.E0,1.E0));
#635=AXIS2_PLACEMENT_3D('',#632,#633,#634);
#637=DIRECTION('',(0.E0,1.E0,0.E0));
#638=VECTOR('',#637,3.850000000006E0);
#639=CARTESIAN_POINT('',(-8.199999999999E0,-1.025E1,-1.275E1));
#640=LINE('',#639,#638);
#641=DIRECTION('',(0.E0,-1.E0,0.E0));
#642=VECTOR('',#641,3.850000000006E0);
#643=CARTESIAN_POINT('',(-8.8E0,-6.399999999994E0,-1.275E1));
#644=LINE('',#643,#642);
#645=DIRECTION('',(-1.E0,0.E0,0.E0));
#646=VECTOR('',#645,6.000000000011E-1);
#647=CARTESIAN_POINT('',(-8.199999999999E0,-6.399999999994E0,-1.275E1));
#648=LINE('',#647,#646);
#649=DIRECTION('',(1.E0,0.E0,0.E0));
#650=VECTOR('',#649,6.000000000011E-1);
#651=CARTESIAN_POINT('',(-8.8E0,-1.025E1,-1.525E1));
#652=LINE('',#651,#650);
#653=DIRECTION('',(-1.E0,0.E0,0.E0));
#654=VECTOR('',#653,6.000000000011E-1);
#655=CARTESIAN_POINT('',(-8.199999999999E0,-1.025E1,-1.275E1));
#656=LINE('',#655,#654);
#657=DIRECTION('',(0.E0,-1.E0,0.E0));
#658=VECTOR('',#657,3.850000000006E0);
#659=CARTESIAN_POINT('',(-8.199999999999E0,-6.399999999994E0,-1.525E1));
#660=LINE('',#659,#658);
#661=DIRECTION('',(1.E0,0.E0,0.E0));
#662=VECTOR('',#661,6.000000000011E-1);
#663=CARTESIAN_POINT('',(-8.8E0,-6.399999999994E0,-1.525E1));
#664=LINE('',#663,#662);
#665=DIRECTION('',(0.E0,1.E0,0.E0));
#666=VECTOR('',#665,3.850000000006E0);
#667=CARTESIAN_POINT('',(-8.8E0,-1.025E1,-1.525E1));
#668=LINE('',#667,#666);
#669=DIRECTION('',(0.E0,0.E0,-1.E0));
#670=VECTOR('',#669,2.75E0);
#671=CARTESIAN_POINT('',(-8.8E0,-6.399999999994E0,-1.525E1));
#672=LINE('',#671,#670);
#673=DIRECTION('',(0.E0,0.E0,1.E0));
#674=VECTOR('',#673,2.75E0);
#675=CARTESIAN_POINT('',(-8.199999999999E0,-6.399999999994E0,-1.8E1));
#676=LINE('',#675,#674);
#677=DIRECTION('',(-1.E0,0.E0,0.E0));
#678=VECTOR('',#677,6.000000000011E-1);
#679=CARTESIAN_POINT('',(-8.199999999999E0,-6.399999999994E0,-1.8E1));
#680=LINE('',#679,#678);
#681=DIRECTION('',(1.E0,1.480297366164E-14,0.E0));
#682=VECTOR('',#681,6.000000000011E-1);
#683=CARTESIAN_POINT('',(-8.8E0,8.600000000006E0,-1.8E1));
#684=LINE('',#683,#682);
#685=DIRECTION('',(0.E0,0.E0,1.E0));
#686=VECTOR('',#685,7.699999999999E0);
#687=CARTESIAN_POINT('',(-8.199999999999E0,-6.399999999994E0,-1.275E1));
#688=LINE('',#687,#686);
#689=DIRECTION('',(0.E0,0.E0,-1.E0));
#690=VECTOR('',#689,7.699999999999E0);
#691=CARTESIAN_POINT('',(-8.8E0,-6.399999999994E0,-5.050000000001E0));
#692=LINE('',#691,#690);
#693=DIRECTION('',(-1.E0,0.E0,0.E0));
#694=VECTOR('',#693,6.000000000011E-1);
#695=CARTESIAN_POINT('',(-8.199999999999E0,-6.399999999994E0,
-5.050000000001E0));
#696=LINE('',#695,#694);
#697=DIRECTION('',(0.E0,-1.E0,0.E0));
#698=VECTOR('',#697,3.850000000006E0);
#699=CARTESIAN_POINT('',(-8.199999999999E0,-6.399999999994E0,
-5.050000000001E0));
#700=LINE('',#699,#698);
#701=DIRECTION('',(0.E0,1.E0,0.E0));
#702=VECTOR('',#701,3.850000000006E0);
#703=CARTESIAN_POINT('',(-8.8E0,-1.025E1,-5.050000000001E0));
#704=LINE('',#703,#702);
#705=DIRECTION('',(1.E0,0.E0,0.E0));
#706=VECTOR('',#705,6.000000000011E-1);
#707=CARTESIAN_POINT('',(-8.8E0,-1.025E1,-5.050000000001E0));
#708=LINE('',#707,#706);
#709=DIRECTION('',(-1.E0,0.E0,0.E0));
#710=VECTOR('',#709,6.000000000011E-1);
#711=CARTESIAN_POINT('',(-8.199999999999E0,-1.025E1,-2.550000000001E0));
#712=LINE('',#711,#710);
#713=DIRECTION('',(0.E0,0.E0,1.E0));
#714=VECTOR('',#713,2.4E0);
#715=CARTESIAN_POINT('',(-6.31E0,1.519999999999E1,0.E0));
#716=LINE('',#715,#714);
#717=DIRECTION('',(0.E0,0.E0,1.E0));
#718=VECTOR('',#717,2.4E0);
#719=CARTESIAN_POINT('',(6.31E0,1.519999999999E1,0.E0));
#720=LINE('',#719,#718);
#721=CARTESIAN_POINT('',(0.E0,1.519999999999E1,2.4E0));
#722=DIRECTION('',(0.E0,0.E0,1.E0));
#723=DIRECTION('',(-1.E0,0.E0,0.E0));
#724=AXIS2_PLACEMENT_3D('',#721,#722,#723);
#726=CARTESIAN_POINT('',(0.E0,1.519999999999E1,2.4E0));
#727=DIRECTION('',(0.E0,0.E0,1.E0));
#728=DIRECTION('',(1.E0,0.E0,0.E0));
#729=AXIS2_PLACEMENT_3D('',#726,#727,#728);
#731=CARTESIAN_POINT('',(0.E0,1.519999999999E1,2.4E0));
#732=DIRECTION('',(0.E0,0.E0,1.E0));
#733=DIRECTION('',(0.E0,-1.E0,0.E0));
#734=AXIS2_PLACEMENT_3D('',#731,#732,#733);
#736=CARTESIAN_POINT('',(0.E0,1.519999999999E1,2.4E0));
#737=DIRECTION('',(0.E0,0.E0,-1.E0));
#738=DIRECTION('',(0.E0,1.E0,0.E0));
#739=AXIS2_PLACEMENT_3D('',#736,#737,#738);
#741=CARTESIAN_POINT('',(0.E0,1.519999999999E1,2.4E0));
#742=DIRECTION('',(0.E0,0.E0,-1.E0));
#743=DIRECTION('',(-1.E0,0.E0,0.E0));
#744=AXIS2_PLACEMENT_3D('',#741,#742,#743);
#746=CARTESIAN_POINT('',(0.E0,1.519999999999E1,2.4E0));
#747=DIRECTION('',(0.E0,0.E0,-1.E0));
#748=DIRECTION('',(0.E0,-1.E0,0.E0));
#749=AXIS2_PLACEMENT_3D('',#746,#747,#748);
#751=DIRECTION('',(0.E0,0.E0,-1.E0));
#752=VECTOR('',#751,5.447E0);
#753=CARTESIAN_POINT('',(0.E0,1.037499999999E1,7.847E0));
#754=LINE('',#753,#752);
#755=DIRECTION('',(0.E0,0.E0,1.E0));
#756=VECTOR('',#755,7.439585487282E-1);
#757=CARTESIAN_POINT('',(4.545E0,1.358024693239E1,7.103041451272E0));
#758=LINE('',#757,#756);
#759=DIRECTION('',(0.E0,2.435463614584E-13,-1.E0));
#760=VECTOR('',#759,7.439585487292E-1);
#761=CARTESIAN_POINT('',(4.545E0,1.681975306759E1,7.847E0));
#762=LINE('',#761,#760);
#763=DIRECTION('',(0.E0,0.E0,-1.E0));
#764=VECTOR('',#763,5.447E0);
#765=CARTESIAN_POINT('',(0.E0,2.002499999999E1,7.847E0));
#766=LINE('',#765,#764);
#767=DIRECTION('',(0.E0,-4.488893720999E-13,1.E0));
#768=VECTOR('',#767,7.439585487288E-1);
#769=CARTESIAN_POINT('',(-4.545E0,1.681975306759E1,7.103041451271E0));
#770=LINE('',#769,#768);
#771=DIRECTION('',(0.E0,-4.488893720999E-13,-1.E0));
#772=VECTOR('',#771,7.439585487288E-1);
#773=CARTESIAN_POINT('',(-4.545E0,1.358024693239E1,7.847E0));
#774=LINE('',#773,#772);
#775=CARTESIAN_POINT('',(0.E0,1.519999999999E1,9.827E0));
#776=DIRECTION('',(0.E0,0.E0,-1.E0));
#777=DIRECTION('',(0.E0,1.E0,0.E0));
#778=AXIS2_PLACEMENT_3D('',#775,#776,#777);
#780=CARTESIAN_POINT('',(0.E0,1.519999999999E1,9.827E0));
#781=DIRECTION('',(0.E0,0.E0,-1.E0));
#782=DIRECTION('',(-9.419689119171E-1,3.357001176373E-1,0.E0));
#783=AXIS2_PLACEMENT_3D('',#780,#781,#782);
#785=CARTESIAN_POINT('',(-4.545E0,1.640661701721E1,8.836999999998E0));
#786=CARTESIAN_POINT('',(-4.545E0,1.640661701721E1,8.912695802618E0));
#787=CARTESIAN_POINT('',(-4.545E0,1.642299567893E1,9.068107364642E0));
#788=CARTESIAN_POINT('',(-4.545E0,1.650549729037E1,9.318364773127E0));
#789=CARTESIAN_POINT('',(-4.545E0,1.663869919921E1,9.570589017285E0));
#790=CARTESIAN_POINT('',(-4.545E0,1.675513129441E1,9.740725532241E0));
#791=CARTESIAN_POINT('',(-4.545E0,1.681975306759E1,9.827E0));
#793=CARTESIAN_POINT('',(-4.545E0,1.681975306759E1,7.847E0));
#794=CARTESIAN_POINT('',(-4.545E0,1.675514467764E1,7.933256600243E0));
#795=CARTESIAN_POINT('',(-4.545E0,1.663872947203E1,8.103364422218E0));
#796=CARTESIAN_POINT('',(-4.545E0,1.650552697764E1,8.355568273906E0));
#797=CARTESIAN_POINT('',(-4.545E0,1.642300579640E1,8.605837092294E0));
#798=CARTESIAN_POINT('',(-4.545E0,1.640661701721E1,8.761281705065E0));
#799=CARTESIAN_POINT('',(-4.545E0,1.640661701721E1,8.836999999998E0));
#801=CARTESIAN_POINT('',(0.E0,1.519999999999E1,7.847E0));
#802=DIRECTION('',(0.E0,0.E0,1.E0));
#803=DIRECTION('',(0.E0,1.E0,0.E0));
#804=AXIS2_PLACEMENT_3D('',#801,#802,#803);
#806=CARTESIAN_POINT('',(0.E0,1.519999999999E1,7.847E0));
#807=DIRECTION('',(0.E0,0.E0,1.E0));
#808=DIRECTION('',(9.419689119171E-1,3.357001176373E-1,0.E0));
#809=AXIS2_PLACEMENT_3D('',#806,#807,#808);
#811=DIRECTION('',(0.E0,0.E0,-1.E0));
#812=VECTOR('',#811,3.103E0);
#813=CARTESIAN_POINT('',(0.E0,1.037499999999E1,1.293E1));
#814=LINE('',#813,#812);
#815=DIRECTION('',(0.E0,-1.894885355904E-14,-1.E0));
#816=VECTOR('',#815,7.499585487282E-1);
#817=CARTESIAN_POINT('',(4.545E0,1.681975306759E1,1.057695854873E1));
#818=LINE('',#817,#816);
#819=DIRECTION('',(0.E0,-2.700211632161E-13,1.E0));
#820=VECTOR('',#819,7.499585487289E-1);
#821=CARTESIAN_POINT('',(4.545E0,1.358024693239E1,9.827E0));
#822=LINE('',#821,#820);
#823=DIRECTION('',(0.E0,2.913386234699E-13,-1.E0));
#824=VECTOR('',#823,7.499585487292E-1);
#825=CARTESIAN_POINT('',(-4.545E0,1.358024693239E1,1.057695854873E1));
#826=LINE('',#825,#824);
#827=DIRECTION('',(0.E0,0.E0,1.E0));
#828=VECTOR('',#827,7.499585487282E-1);
#829=CARTESIAN_POINT('',(-4.545E0,1.681975306759E1,9.827E0));
#830=LINE('',#829,#828);
#831=DIRECTION('',(0.E0,0.E0,-1.E0));
#832=VECTOR('',#831,3.103E0);
#833=CARTESIAN_POINT('',(0.E0,2.002499999999E1,1.293E1));
#834=LINE('',#833,#832);
#835=CARTESIAN_POINT('',(0.E0,1.519999999999E1,9.827E0));
#836=DIRECTION('',(0.E0,0.E0,-1.E0));
#837=DIRECTION('',(0.E0,-1.E0,0.E0));
#838=AXIS2_PLACEMENT_3D('',#835,#836,#837);
#840=CARTESIAN_POINT('',(0.E0,1.519999999999E1,9.827E0));
#841=DIRECTION('',(0.E0,0.E0,-1.E0));
#842=DIRECTION('',(9.419689119171E-1,-3.357001176373E-1,0.E0));
#843=AXIS2_PLACEMENT_3D('',#840,#841,#842);
#845=CARTESIAN_POINT('',(0.E0,1.519999999999E1,7.847E0));
#846=DIRECTION('',(0.E0,0.E0,1.E0));
#847=DIRECTION('',(0.E0,-1.E0,0.E0));
#848=AXIS2_PLACEMENT_3D('',#845,#846,#847);
#850=CARTESIAN_POINT('',(0.E0,1.519999999999E1,7.847E0));
#851=DIRECTION('',(0.E0,0.E0,1.E0));
#852=DIRECTION('',(-9.419689119171E-1,-3.357001176373E-1,0.E0));
#853=AXIS2_PLACEMENT_3D('',#850,#851,#852);
#855=CARTESIAN_POINT('',(-4.545E0,1.399338298277E1,8.836999999998E0));
#856=CARTESIAN_POINT('',(-4.545E0,1.399338298277E1,8.761304197383E0));
#857=CARTESIAN_POINT('',(-4.545E0,1.397700432105E1,8.605892635361E0));
#858=CARTESIAN_POINT('',(-4.545E0,1.389450270960E1,8.355635226867E0));
#859=CARTESIAN_POINT('',(-4.545E0,1.376130080077E1,8.103410982712E0));
#860=CARTESIAN_POINT('',(-4.545E0,1.364486870556E1,7.933274467757E0));
#861=CARTESIAN_POINT('',(-4.545E0,1.358024693239E1,7.847E0));
#863=CARTESIAN_POINT('',(-4.545E0,1.358024693239E1,9.827E0));
#864=CARTESIAN_POINT('',(-4.545E0,1.364485532234E1,9.740743399756E0));
#865=CARTESIAN_POINT('',(-4.545E0,1.376127052795E1,9.570635577779E0));
#866=CARTESIAN_POINT('',(-4.545E0,1.389447302234E1,9.318431726088E0));
#867=CARTESIAN_POINT('',(-4.545E0,1.397699420358E1,9.068162907709E0));
#868=CARTESIAN_POINT('',(-4.545E0,1.399338298277E1,8.912718294936E0));
#869=CARTESIAN_POINT('',(-4.545E0,1.399338298277E1,8.836999999998E0));
#871=CARTESIAN_POINT('',(4.545E0,1.519999999999E1,8.84E0));
#872=DIRECTION('',(1.E0,-1.228014903370E-14,-1.587924913716E-14));
#873=DIRECTION('',(1.570673415891E-14,0.E0,1.E0));
#874=AXIS2_PLACEMENT_3D('',#871,#872,#873);
#876=CARTESIAN_POINT('',(4.545E0,1.519999999999E1,8.84E0));
#877=DIRECTION('',(1.E0,-1.228014903370E-14,-1.587924913716E-14));
#878=DIRECTION('',(1.982040262910E-14,6.820012916211E-1,7.313509678856E-1));
#879=AXIS2_PLACEMENT_3D('',#876,#877,#878);
#881=CARTESIAN_POINT('',(4.545E0,1.640661701721E1,8.837E0));
#882=CARTESIAN_POINT('',(4.545E0,1.640661701721E1,8.912699627892E0));
#883=CARTESIAN_POINT('',(4.545E0,1.642299739927E1,9.068116805908E0));
#884=CARTESIAN_POINT('',(4.545E0,1.650550231478E1,9.318376056782E0));
#885=CARTESIAN_POINT('',(4.545E0,1.663870433614E1,9.570596871082E0));
#886=CARTESIAN_POINT('',(4.545E0,1.675513355536E1,9.740728550763E0));
#887=CARTESIAN_POINT('',(4.545E0,1.681975306759E1,9.827E0));
#889=CARTESIAN_POINT('',(4.545E0,1.681975306759E1,7.847E0));
#890=CARTESIAN_POINT('',(4.545E0,1.675514693826E1,7.933253582157E0));
#891=CARTESIAN_POINT('',(4.545E0,1.663873460832E1,8.103356569591E0));
#892=CARTESIAN_POINT('',(4.545E0,1.650553200185E1,8.355556992498E0));
#893=CARTESIAN_POINT('',(4.545E0,1.642300751696E1,8.605827652182E0));
#894=CARTESIAN_POINT('',(4.545E0,1.640661701721E1,8.761277880230E0));
#895=CARTESIAN_POINT('',(4.545E0,1.640661701721E1,8.837E0));
#897=CARTESIAN_POINT('',(4.545E0,1.519999999999E1,8.84E0));
#898=DIRECTION('',(1.E0,0.E0,0.E0));
#899=DIRECTION('',(0.E0,0.E0,-1.E0));
#900=AXIS2_PLACEMENT_3D('',#897,#898,#899);
#902=CARTESIAN_POINT('',(4.545E0,1.519999999999E1,8.84E0));
#903=DIRECTION('',(1.E0,0.E0,0.E0));
#904=DIRECTION('',(0.E0,-6.820012916211E-1,-7.313509678856E-1));
#905=AXIS2_PLACEMENT_3D('',#902,#903,#904);
#907=CARTESIAN_POINT('',(4.545E0,1.399338298277E1,8.837E0));
#908=CARTESIAN_POINT('',(4.545E0,1.399338298277E1,8.761300372108E0));
#909=CARTESIAN_POINT('',(4.545E0,1.397700260071E1,8.605883194091E0));
#910=CARTESIAN_POINT('',(4.545E0,1.389449768520E1,8.355623943217E0));
#911=CARTESIAN_POINT('',(4.545E0,1.376129566384E1,8.103403128917E0));
#912=CARTESIAN_POINT('',(4.545E0,1.364486644462E1,7.933271449236E0));
#913=CARTESIAN_POINT('',(4.545E0,1.358024693239E1,7.847E0));
#915=CARTESIAN_POINT('',(4.545E0,1.358024693239E1,9.827E0));
#916=CARTESIAN_POINT('',(4.545E0,1.364485306172E1,9.740746417842E0));
#917=CARTESIAN_POINT('',(4.545E0,1.376126539166E1,9.570643430409E0));
#918=CARTESIAN_POINT('',(4.545E0,1.389446799813E1,9.318443007502E0));
#919=CARTESIAN_POINT('',(4.545E0,1.397699248302E1,9.068172347818E0));
#920=CARTESIAN_POINT('',(4.545E0,1.399338298277E1,8.912722119770E0));
#921=CARTESIAN_POINT('',(4.545E0,1.399338298277E1,8.837E0));
#923=CARTESIAN_POINT('',(4.545E0,1.519999999999E1,8.84E0));
#924=DIRECTION('',(-1.E0,0.E0,0.E0));
#925=DIRECTION('',(0.E0,-1.E0,-1.076579902667E-14));
#926=AXIS2_PLACEMENT_3D('',#923,#924,#925);
#928=CARTESIAN_POINT('',(4.545E0,1.519999999999E1,8.84E0));
#929=DIRECTION('',(-1.E0,0.E0,0.E0));
#930=DIRECTION('',(0.E0,0.E0,-1.E0));
#931=AXIS2_PLACEMENT_3D('',#928,#929,#930);
#933=CARTESIAN_POINT('',(4.545E0,1.519999999999E1,8.84E0));
#934=DIRECTION('',(-1.E0,0.E0,0.E0));
#935=DIRECTION('',(0.E0,1.E0,0.E0));
#936=AXIS2_PLACEMENT_3D('',#933,#934,#935);
#938=CARTESIAN_POINT('',(4.545E0,1.519999999999E1,8.84E0));
#939=DIRECTION('',(-1.E0,0.E0,0.E0));
#940=DIRECTION('',(0.E0,0.E0,1.E0));
#941=AXIS2_PLACEMENT_3D('',#938,#939,#940);
#943=CARTESIAN_POINT('',(4.825E0,1.519999999998E1,1.1215E1));
#944=CARTESIAN_POINT('',(4.825E0,1.505837463398E1,1.1215E1));
#945=CARTESIAN_POINT('',(4.812448770095E0,1.477147826051E1,1.118966747127E1));
#946=CARTESIAN_POINT('',(4.754733134098E0,1.434343685306E1,1.107021215548E1));
#947=CARTESIAN_POINT('',(4.662908793520E0,1.393834127800E1,1.086928138096E1));
#948=CARTESIAN_POINT('',(4.585460565519E0,1.369377860210E1,1.068282939431E1));
#949=CARTESIAN_POINT('',(4.545E0,1.358024693239E1,1.057695854873E1));
#951=CARTESIAN_POINT('',(4.545E0,1.681975306759E1,1.057695854873E1));
#952=CARTESIAN_POINT('',(4.585462344127E0,1.670621640714E1,1.068283404829E1));
#953=CARTESIAN_POINT('',(4.662912984605E0,1.646164444231E1,1.086929105443E1));
#954=CARTESIAN_POINT('',(4.754737023497E0,1.605654184274E1,1.107022035961E1));
#955=CARTESIAN_POINT('',(4.812450036895E0,1.562850415944E1,1.118967001998E1));
#956=CARTESIAN_POINT('',(4.825E0,1.534161829520E1,1.1215E1));
#957=CARTESIAN_POINT('',(4.825E0,1.519999999998E1,1.1215E1));
#959=CARTESIAN_POINT('',(4.825E0,1.519999999999E1,6.465E0));
#960=CARTESIAN_POINT('',(4.825E0,1.534162536600E1,6.465E0));
#961=CARTESIAN_POINT('',(4.812448770094E0,1.562852173948E1,6.490332528731E0));
#962=CARTESIAN_POINT('',(4.754733134098E0,1.605656314692E1,6.609787844523E0));
#963=CARTESIAN_POINT('',(4.662908793521E0,1.646165872198E1,6.810718619037E0));
#964=CARTESIAN_POINT('',(4.585460565519E0,1.670622139788E1,6.997170605694E0));
#965=CARTESIAN_POINT('',(4.545E0,1.681975306759E1,7.103041451271E0));
#967=CARTESIAN_POINT('',(4.545E0,1.358024693239E1,7.103041451272E0));
#968=CARTESIAN_POINT('',(4.585462344127E0,1.369378359284E1,6.997165951715E0));
#969=CARTESIAN_POINT('',(4.662912984604E0,1.393835555767E1,6.810708945568E0));
#970=CARTESIAN_POINT('',(4.754737023497E0,1.434345815724E1,6.609779640388E0));
#971=CARTESIAN_POINT('',(4.812450036895E0,1.477149584055E1,6.490329980019E0));
#972=CARTESIAN_POINT('',(4.825E0,1.505838170478E1,6.465E0));
#973=CARTESIAN_POINT('',(4.825E0,1.519999999999E1,6.465E0));
#975=DIRECTION('',(-1.E0,0.E0,0.E0));
#976=VECTOR('',#975,8.771618603653E-1);
#977=CARTESIAN_POINT('',(5.422161860365E0,1.618999999999E1,8.84E0));
#978=LINE('',#977,#976);
#979=DIRECTION('',(-1.E0,0.E0,0.E0));
#980=VECTOR('',#979,8.771618603653E-1);
#981=CARTESIAN_POINT('',(5.422161860365E0,1.420999999999E1,8.84E0));
#982=LINE('',#981,#980);
#983=CARTESIAN_POINT('',(5.422161860365E0,1.618999999999E1,8.84E0));
#984=CARTESIAN_POINT('',(5.422161860365E0,1.618999999999E1,8.927730563587E0));
#985=CARTESIAN_POINT('',(5.426325495432E0,1.616759556090E1,9.096888117424E0));
#986=CARTESIAN_POINT('',(5.443583338468E0,1.606778029450E1,9.340073053875E0));
#987=CARTESIAN_POINT('',(5.467129998556E0,1.590845573061E1,9.547648217869E0));
#988=CARTESIAN_POINT('',(5.490616553924E0,1.570070337345E1,9.707454396261E0));
#989=CARTESIAN_POINT('',(5.507689835609E0,1.545740056344E1,9.807488588451E0));
#990=CARTESIAN_POINT('',(5.511799999753E0,1.528786555895E1,9.829999998692E0));
#991=CARTESIAN_POINT('',(5.511799999753E0,1.519999999999E1,9.829999998692E0));
#993=CARTESIAN_POINT('',(5.511799999965E0,1.519999999999E1,7.850000000191E0));
#994=CARTESIAN_POINT('',(5.511799999965E0,1.528773403588E1,7.850000000191E0));
#995=CARTESIAN_POINT('',(5.507703304459E0,1.545705497956E1,7.872436761461E0));
#996=CARTESIAN_POINT('',(5.490655150012E0,1.570026198258E1,7.972314770900E0));
#997=CARTESIAN_POINT('',(5.467201478770E0,1.590791028388E1,8.131814483357E0));
#998=CARTESIAN_POINT('',(5.443631255168E0,1.606749527546E1,8.339396781549E0));
#999=CARTESIAN_POINT('',(5.426342377042E0,1.616750349908E1,8.582683711454E0));
#1000=CARTESIAN_POINT('',(5.422161860365E0,1.618999999999E1,8.752101726295E0));
#1001=CARTESIAN_POINT('',(5.422161860365E0,1.618999999999E1,8.84E0));
#1003=CARTESIAN_POINT('',(5.422161860365E0,1.420999999999E1,8.84E0));
#1004=CARTESIAN_POINT('',(5.422161860365E0,1.420999999999E1,8.752250783561E0));
#1005=CARTESIAN_POINT('',(5.426327581186E0,1.423241603933E1,8.583067023549E0));
#1006=CARTESIAN_POINT('',(5.443586162131E0,1.433223655408E1,8.339896947175E0));
#1007=CARTESIAN_POINT('',(5.467133338392E0,1.449157139494E1,8.132327758501E0));
#1008=CARTESIAN_POINT('',(5.490615870601E0,1.469929226616E1,7.972550243270E0));
#1009=CARTESIAN_POINT('',(5.507689724067E0,1.494259524449E1,7.872511988449E0));
#1010=CARTESIAN_POINT('',(5.511799999965E0,1.511213171281E1,7.850000000191E0));
#1011=CARTESIAN_POINT('',(5.511799999965E0,1.519999999999E1,7.850000000191E0));
#1013=CARTESIAN_POINT('',(5.511799999753E0,1.519999999999E1,9.829999998692E0));
#1014=CARTESIAN_POINT('',(5.511799999753E0,1.511220967232E1,9.829999998692E0));
#1015=CARTESIAN_POINT('',(5.507698233977E0,1.494282150111E1,9.807536909991E0));
#1016=CARTESIAN_POINT('',(5.490644521100E0,1.469964283279E1,9.707614854269E0));
#1017=CARTESIAN_POINT('',(5.467210929466E0,1.449217051098E1,9.548251641352E0));
#1018=CARTESIAN_POINT('',(5.443639330962E0,1.433255208726E1,9.340684218266E0));
#1019=CARTESIAN_POINT('',(5.426349360736E0,1.423253569897E1,9.097463283460E0));
#1020=CARTESIAN_POINT('',(5.422161860365E0,1.420999999999E1,8.927959822002E0));
#1021=CARTESIAN_POINT('',(5.422161860365E0,1.420999999999E1,8.84E0));
#1023=CARTESIAN_POINT('',(-4.545E0,1.519999999999E1,8.84E0));
#1024=DIRECTION('',(-1.E0,0.E0,0.E0));
#1025=DIRECTION('',(0.E0,-6.820012916207E-1,7.313509678859E-1));
#1026=AXIS2_PLACEMENT_3D('',#1023,#1024,#1025);
#1028=CARTESIAN_POINT('',(-4.545E0,1.519999999999E1,8.84E0));
#1029=DIRECTION('',(-1.E0,0.E0,0.E0));
#1030=DIRECTION('',(0.E0,6.820012916211E-1,-7.313509678856E-1));
#1031=AXIS2_PLACEMENT_3D('',#1028,#1029,#1030);
#1033=CARTESIAN_POINT('',(-4.545E0,1.519999999999E1,8.84E0));
#1034=DIRECTION('',(-1.E0,0.E0,0.E0));
#1035=DIRECTION('',(0.E0,0.E0,1.E0));
#1036=AXIS2_PLACEMENT_3D('',#1033,#1034,#1035);
#1038=CARTESIAN_POINT('',(-4.545E0,1.519999999999E1,8.84E0));
#1039=DIRECTION('',(1.E0,0.E0,0.E0));
#1040=DIRECTION('',(0.E0,-1.E0,0.E0));
#1041=AXIS2_PLACEMENT_3D('',#1038,#1039,#1040);
#1043=CARTESIAN_POINT('',(-4.545E0,1.519999999999E1,8.84E0));
#1044=DIRECTION('',(1.E0,0.E0,0.E0));
#1045=DIRECTION('',(0.E0,1.E0,-1.076579902667E-14));
#1046=AXIS2_PLACEMENT_3D('',#1043,#1044,#1045);
#1048=CARTESIAN_POINT('',(-4.545E0,1.519999999999E1,8.84E0));
#1049=DIRECTION('',(1.E0,0.E0,0.E0));
#1050=DIRECTION('',(0.E0,0.E0,-1.E0));
#1051=AXIS2_PLACEMENT_3D('',#1048,#1049,#1050);
#1053=CARTESIAN_POINT('',(-4.545E0,1.358024693239E1,1.057695854873E1));
#1054=CARTESIAN_POINT('',(-4.591480628448E0,1.371067079793E1,1.069858174834E1));
#1055=CARTESIAN_POINT('',(-4.679418746247E0,1.399383562125E1,1.090747450131E1));
#1056=CARTESIAN_POINT('',(-4.775916581582E0,1.445840616888E1,1.111488305200E1));
#1057=CARTESIAN_POINT('',(-4.827174808568E0,1.495037016969E1,1.121946576942E1));
#1058=CARTESIAN_POINT('',(-4.827078479604E0,1.545135953015E1,1.121927252159E1));
#1059=CARTESIAN_POINT('',(-4.775688917669E0,1.594294791842E1,1.111440846660E1));
#1060=CARTESIAN_POINT('',(-4.679208699887E0,1.640688728887E1,1.090699478385E1));
#1061=CARTESIAN_POINT('',(-4.591398267590E0,1.668956030524E1,1.069836623940E1));
#1062=CARTESIAN_POINT('',(-4.545E0,1.681975306759E1,1.057695854873E1));
#1064=CARTESIAN_POINT('',(-4.545E0,1.681975306759E1,7.103041451271E0));
#1065=CARTESIAN_POINT('',(-4.591480628450E0,1.668932920205E1,6.981418251651E0));
#1066=CARTESIAN_POINT('',(-4.679418746251E0,1.640616437871E1,6.772525498674E0));
#1067=CARTESIAN_POINT('',(-4.775916581587E0,1.594159383107E1,6.565116947991E0));
#1068=CARTESIAN_POINT('',(-4.827174808570E0,1.544962983025E1,6.460534230571E0));
#1069=CARTESIAN_POINT('',(-4.827078479602E0,1.494864046979E1,6.460727478411E0));
#1070=CARTESIAN_POINT('',(-4.775688917664E0,1.445705208154E1,6.565591533409E0));
#1071=CARTESIAN_POINT('',(-4.679208699885E0,1.399311271110E1,6.773005216152E0));
#1072=CARTESIAN_POINT('',(-4.591398267590E0,1.371043969474E1,6.981633760598E0));
#1073=CARTESIAN_POINT('',(-4.545E0,1.358024693239E1,7.103041451271E0));
#1075=DIRECTION('',(-1.E0,0.E0,0.E0));
#1076=VECTOR('',#1075,8.771618603653E-1);
#1077=CARTESIAN_POINT('',(-4.545E0,1.420999999999E1,8.84E0));
#1078=LINE('',#1077,#1076);
#1079=CARTESIAN_POINT('',(-5.422161860365E0,1.618999999999E1,8.84E0));
#1080=CARTESIAN_POINT('',(-5.422161860365E0,1.618999999999E1,8.752269436412E0));
#1081=CARTESIAN_POINT('',(-5.426325495432E0,1.616759556090E1,8.583111882574E0));
#1082=CARTESIAN_POINT('',(-5.443583338469E0,1.606778029450E1,8.339926946115E0));
#1083=CARTESIAN_POINT('',(-5.467129998557E0,1.590845573060E1,8.132351782122E0));
#1084=CARTESIAN_POINT('',(-5.490616553926E0,1.570070337343E1,7.972545603729E0));
#1085=CARTESIAN_POINT('',(-5.507689835609E0,1.545740056343E1,7.872511411547E0));
#1086=CARTESIAN_POINT('',(-5.511799999753E0,1.528786555895E1,7.850000001308E0));
#1087=CARTESIAN_POINT('',(-5.511799999753E0,1.519999999999E1,7.850000001308E0));
#1089=CARTESIAN_POINT('',(-5.422161860365E0,1.618999999999E1,8.84E0));
#1090=CARTESIAN_POINT('',(-5.422161860365E0,1.618999999999E1,8.925674001522E0));
#1091=CARTESIAN_POINT('',(-5.426101063478E0,1.616882724726E1,9.092075913049E0));
#1092=CARTESIAN_POINT('',(-5.443319851187E0,1.606941892998E1,9.337619099056E0));
#1093=CARTESIAN_POINT('',(-5.467005674862E0,1.590956423469E1,9.546769462202E0));
#1094=CARTESIAN_POINT('',(-5.490617481044E0,1.570055781295E1,9.707484146166E0));
#1095=CARTESIAN_POINT('',(-5.507693116594E0,1.545817583283E1,9.807500486223E0));
#1096=CARTESIAN_POINT('',(-5.513859012127E0,1.519975510495E1,9.841280492472E0));
#1097=CARTESIAN_POINT('',(-5.507670803218E0,1.494135623802E1,9.807377368045E0));
#1098=CARTESIAN_POINT('',(-5.490577049172E0,1.469901162764E1,9.707230563287E0));
#1099=CARTESIAN_POINT('',(-5.466962983048E0,1.449011252449E1,9.546453183586E0));
#1100=CARTESIAN_POINT('',(-5.443273016356E0,1.433029378110E1,9.337117550134E0));
#1101=CARTESIAN_POINT('',(-5.426087524826E0,1.423110224355E1,9.091700493876E0));
#1102=CARTESIAN_POINT('',(-5.422161860365E0,1.420999999999E1,8.925521891176E0));
#1103=CARTESIAN_POINT('',(-5.422161860365E0,1.420999999999E1,8.84E0));
#1105=CARTESIAN_POINT('',(-5.511799999753E0,1.519999999999E1,7.850000001308E0));
#1106=CARTESIAN_POINT('',(-5.511799999753E0,1.511220967232E1,7.850000001308E0));
#1107=CARTESIAN_POINT('',(-5.507698233977E0,1.494282150112E1,7.872463090007E0));
#1108=CARTESIAN_POINT('',(-5.490644521101E0,1.469964283280E1,7.972385145726E0));
#1109=CARTESIAN_POINT('',(-5.467210929466E0,1.449217051098E1,8.131748358644E0));
#1110=CARTESIAN_POINT('',(-5.443639330962E0,1.433255208726E1,8.339315781732E0));
#1111=CARTESIAN_POINT('',(-5.426349360736E0,1.423253569897E1,8.582536716540E0));
#1112=CARTESIAN_POINT('',(-5.422161860365E0,1.420999999999E1,8.752040177998E0));
#1113=CARTESIAN_POINT('',(-5.422161860365E0,1.420999999999E1,8.84E0));
#1115=DIRECTION('',(-1.E0,0.E0,0.E0));
#1116=VECTOR('',#1115,8.771618603653E-1);
#1117=CARTESIAN_POINT('',(-4.545E0,1.618999999999E1,8.84E0));
#1118=LINE('',#1117,#1116);
#1119=DIRECTION('',(0.E0,7.071067811866E-1,7.071067811865E-1));
#1120=VECTOR('',#1119,2.121320343560E-1);
#1121=CARTESIAN_POINT('',(0.E0,1.037499999999E1,1.293E1));
#1122=LINE('',#1121,#1120);
#1123=CARTESIAN_POINT('',(0.E0,1.519999999999E1,1.293E1));
#1124=DIRECTION('',(0.E0,0.E0,1.E0));
#1125=DIRECTION('',(-1.E0,0.E0,0.E0));
#1126=AXIS2_PLACEMENT_3D('',#1123,#1124,#1125);
#1128=CARTESIAN_POINT('',(0.E0,1.519999999999E1,1.293E1));
#1129=DIRECTION('',(0.E0,0.E0,1.E0));
#1130=DIRECTION('',(0.E0,1.E0,0.E0));
#1131=AXIS2_PLACEMENT_3D('',#1128,#1129,#1130);
#1133=DIRECTION('',(0.E0,-7.071067811866E-1,7.071067811865E-1));
#1134=VECTOR('',#1133,2.121320343560E-1);
#1135=CARTESIAN_POINT('',(0.E0,2.002499999999E1,1.293E1));
#1136=LINE('',#1135,#1134);
#1137=CARTESIAN_POINT('',(0.E0,1.519999999999E1,1.293E1));
#1138=DIRECTION('',(0.E0,0.E0,1.E0));
#1139=DIRECTION('',(1.E0,0.E0,0.E0));
#1140=AXIS2_PLACEMENT_3D('',#1137,#1138,#1139);
#1142=CARTESIAN_POINT('',(0.E0,1.519999999999E1,1.293E1));
#1143=DIRECTION('',(0.E0,0.E0,1.E0));
#1144=DIRECTION('',(0.E0,-1.E0,0.E0));
#1145=AXIS2_PLACEMENT_3D('',#1142,#1143,#1144);
#1147=CARTESIAN_POINT('',(0.E0,1.519999999999E1,1.308E1));
#1148=DIRECTION('',(0.E0,0.E0,1.E0));
#1149=DIRECTION('',(0.E0,-1.E0,0.E0));
#1150=AXIS2_PLACEMENT_3D('',#1147,#1148,#1149);
#1152=CARTESIAN_POINT('',(0.E0,1.519999999999E1,1.308E1));
#1153=DIRECTION('',(0.E0,0.E0,1.E0));
#1154=DIRECTION('',(-1.E0,0.E0,0.E0));
#1155=AXIS2_PLACEMENT_3D('',#1152,#1153,#1154);
#1157=CARTESIAN_POINT('',(0.E0,1.519999999999E1,1.308E1));
#1158=DIRECTION('',(0.E0,0.E0,1.E0));
#1159=DIRECTION('',(0.E0,1.E0,0.E0));
#1160=AXIS2_PLACEMENT_3D('',#1157,#1158,#1159);
#1162=CARTESIAN_POINT('',(0.E0,1.519999999999E1,1.308E1));
#1163=DIRECTION('',(0.E0,0.E0,1.E0));
#1164=DIRECTION('',(1.E0,0.E0,0.E0));
#1165=AXIS2_PLACEMENT_3D('',#1162,#1163,#1164);
#1167=CARTESIAN_POINT('',(0.E0,1.519999999999E1,1.308E1));
#1168=DIRECTION('',(0.E0,0.E0,-1.E0));
#1169=DIRECTION('',(0.E0,-1.E0,0.E0));
#1170=AXIS2_PLACEMENT_3D('',#1167,#1168,#1169);
#1172=CARTESIAN_POINT('',(0.E0,1.519999999999E1,1.308E1));
#1173=DIRECTION('',(0.E0,0.E0,-1.E0));
#1174=DIRECTION('',(0.E0,1.E0,0.E0));
#1175=AXIS2_PLACEMENT_3D('',#1172,#1173,#1174);
#1177=DIRECTION('',(0.E0,4.300323504426E-1,-9.028134788387E-1));
#1178=VECTOR('',#1177,6.324491909639E-1);
#1179=CARTESIAN_POINT('',(0.E0,1.073853094512E1,1.308E1));
#1180=LINE('',#1179,#1178);
#1181=CARTESIAN_POINT('',(0.E0,1.519999999999E1,1.250901634572E1));
#1182=DIRECTION('',(0.E0,0.E0,-1.E0));
#1183=DIRECTION('',(-1.E0,0.E0,0.E0));
#1184=AXIS2_PLACEMENT_3D('',#1181,#1182,#1183);
#1186=CARTESIAN_POINT('',(0.E0,1.519999999999E1,1.250901634572E1));
#1187=DIRECTION('',(0.E0,0.E0,-1.E0));
#1188=DIRECTION('',(0.E0,-1.E0,0.E0));
#1189=AXIS2_PLACEMENT_3D('',#1186,#1187,#1188);
#1191=CARTESIAN_POINT('',(0.E0,1.519999999999E1,1.250901634572E1));
#1192=DIRECTION('',(0.E0,0.E0,-1.E0));
#1193=DIRECTION('',(0.E0,1.E0,0.E0));
#1194=AXIS2_PLACEMENT_3D('',#1191,#1192,#1193);
#1196=DIRECTION('',(0.E0,-4.300323504426E-1,-9.028134788387E-1));
#1197=VECTOR('',#1196,6.324491909639E-1);
#1198=CARTESIAN_POINT('',(0.E0,1.966146905486E1,1.308E1));
#1199=LINE('',#1198,#1197);
#1200=DIRECTION('',(0.E0,-1.601233880043E-2,-9.998717942847E-1));
#1201=VECTOR('',#1200,7.837421147901E0);
#1202=CARTESIAN_POINT('',(0.E0,1.938949544273E1,1.250901634572E1));
#1203=LINE('',#1202,#1201);
#1204=CARTESIAN_POINT('',(0.E0,1.519999999999E1,4.6726E0));
#1205=DIRECTION('',(0.E0,0.E0,1.E0));
#1206=DIRECTION('',(0.E0,-1.E0,0.E0));
#1207=AXIS2_PLACEMENT_3D('',#1204,#1205,#1206);
#1209=CARTESIAN_POINT('',(0.E0,1.519999999999E1,4.6726E0));
#1210=DIRECTION('',(0.E0,0.E0,1.E0));
#1211=DIRECTION('',(-1.E0,0.E0,0.E0));
#1212=AXIS2_PLACEMENT_3D('',#1209,#1210,#1211);
#1214=CARTESIAN_POINT('',(0.E0,1.519999999999E1,4.6726E0));
#1215=DIRECTION('',(0.E0,0.E0,1.E0));
#1216=DIRECTION('',(0.E0,1.E0,0.E0));
#1217=AXIS2_PLACEMENT_3D('',#1214,#1215,#1216);
#1219=CARTESIAN_POINT('',(0.E0,1.519999999999E1,4.6726E0));
#1220=DIRECTION('',(0.E0,0.E0,-1.E0));
#1221=DIRECTION('',(0.E0,-1.E0,0.E0));
#1222=AXIS2_PLACEMENT_3D('',#1219,#1220,#1221);
#1224=CARTESIAN_POINT('',(0.E0,1.519999999999E1,4.6726E0));
#1225=DIRECTION('',(0.E0,0.E0,-1.E0));
#1226=DIRECTION('',(0.E0,1.E0,0.E0));
#1227=AXIS2_PLACEMENT_3D('',#1224,#1225,#1226);
#1229=DIRECTION('',(0.E0,1.601233880043E-2,-9.998717942847E-1));
#1230=VECTOR('',#1229,7.837421147901E0);
#1231=CARTESIAN_POINT('',(0.E0,1.101050455725E1,1.250901634572E1));
#1232=LINE('',#1231,#1230);
#1233=DIRECTION('',(0.E0,0.E0,1.E0));
#1234=VECTOR('',#1233,5.027399999999E0);
#1235=CARTESIAN_POINT('',(0.E0,1.367599999999E1,4.6726E0));
#1236=LINE('',#1235,#1234);
#1237=DIRECTION('',(0.E0,0.E0,1.E0));
#1238=VECTOR('',#1237,5.027399999999E0);
#1239=CARTESIAN_POINT('',(0.E0,1.672399999999E1,4.6726E0));
#1240=LINE('',#1239,#1238);
#1241=CARTESIAN_POINT('',(0.E0,1.519999999999E1,9.699999999999E0));
#1242=DIRECTION('',(0.E0,0.E0,1.E0));
#1243=DIRECTION('',(0.E0,-1.E0,0.E0));
#1244=AXIS2_PLACEMENT_3D('',#1241,#1242,#1243);
#1246=CARTESIAN_POINT('',(0.E0,1.519999999999E1,9.699999999999E0));
#1247=DIRECTION('',(0.E0,0.E0,1.E0));
#1248=DIRECTION('',(0.E0,1.E0,0.E0));
#1249=AXIS2_PLACEMENT_3D('',#1246,#1247,#1248);
#1251=CARTESIAN_POINT('',(0.E0,1.519999999999E1,9.699999999999E0));
#1252=DIRECTION('',(0.E0,0.E0,-1.E0));
#1253=DIRECTION('',(0.E0,1.E0,0.E0));
#1254=AXIS2_PLACEMENT_3D('',#1251,#1252,#1253);
#1256=CARTESIAN_POINT('',(0.E0,1.519999999999E1,9.699999999999E0));
#1257=DIRECTION('',(0.E0,0.E0,-1.E0));
#1258=DIRECTION('',(0.E0,-1.E0,0.E0));
#1259=AXIS2_PLACEMENT_3D('',#1256,#1257,#1258);
#1261=DIRECTION('',(-2.887730026899E-11,-9.604856014191E-6,9.999999999539E-1));
#1262=VECTOR('',#1261,4.792699132951E0);
#1263=CARTESIAN_POINT('',(1.384006829869E-10,1.412054603317E1,
4.907300867269E0));
#1264=LINE('',#1263,#1262);
#1265=DIRECTION('',(-3.094066054274E-8,9.604580229839E-6,9.999999999539E-1));
#1266=VECTOR('',#1265,4.792699179725E0);
#1267=CARTESIAN_POINT('',(1.482892774937E-7,1.627945396813E1,4.907300820495E0));
#1268=LINE('',#1267,#1266);
#1269=CARTESIAN_POINT('',(-6.479417130747E-1,1.606328856160E1,
4.907300973367E0));
#1270=CARTESIAN_POINT('',(-5.859129930169E-1,1.610985304502E1,
4.907286935888E0));
#1271=CARTESIAN_POINT('',(-4.519254576173E-1,1.618929022910E1,
4.907308226299E0));
#1272=CARTESIAN_POINT('',(-2.314011223734E-1,1.626270435006E1,
4.907296582380E0));
#1273=CARTESIAN_POINT('',(-7.711612329390E-2,1.627945384393E1,
4.907306342420E0));
#1274=CARTESIAN_POINT('',(1.482892774937E-7,1.627945396813E1,4.907300820495E0));
#1276=CARTESIAN_POINT('',(6.479722076498E-1,1.606328309326E1,4.907299950308E0));
#1277=CARTESIAN_POINT('',(5.861943068225E-1,1.610965933946E1,4.907284169509E0));
#1278=CARTESIAN_POINT('',(4.525831359975E-1,1.618902100725E1,4.907303508228E0));
#1279=CARTESIAN_POINT('',(2.311515162886E-1,1.626280616541E1,4.907292436049E0));
#1280=CARTESIAN_POINT('',(7.699522666286E-2,1.627945386880E1,4.907303212894E0));
#1281=CARTESIAN_POINT('',(1.482892774937E-7,1.627945396813E1,4.907300820495E0));
#1283=DIRECTION('',(1.234848534576E-5,2.825155840924E-2,-9.996008449851E-1));
#1284=VECTOR('',#1283,4.745594277446E0);
#1285=CARTESIAN_POINT('',(6.479136067484E-1,1.592921265934E1,9.651E0));
#1286=LINE('',#1285,#1284);
#1287=DIRECTION('',(5.922615748496E-6,-2.825271587811E-2,9.996008123298E-1));
#1288=VECTOR('',#1287,4.745593409009E0);
#1289=CARTESIAN_POINT('',(-6.479417130747E-1,1.606328856160E1,
4.907300973367E0));
#1290=LINE('',#1289,#1288);
#1291=CARTESIAN_POINT('',(5.661731946092E-1,1.584750511163E1,9.648691877183E0));
#1292=CARTESIAN_POINT('',(5.459175858986E-1,1.582805631268E1,9.619844772284E0));
#1293=CARTESIAN_POINT('',(5.053934112396E-1,1.578914502656E1,9.562160213248E0));
#1294=CARTESIAN_POINT('',(4.444777889153E-1,1.573064460432E1,9.475816670356E0));
#1295=CARTESIAN_POINT('',(4.038167116808E-1,1.569159060252E1,9.418328692783E0));
#1296=CARTESIAN_POINT('',(3.834498072016E-1,1.567202625087E1,9.389630711676E0));
#1298=DIRECTION('',(-7.071079504001E-1,-7.068236516868E-1,-1.996676982122E-2));
#1299=VECTOR('',#1298,1.155982082977E-1);
#1300=CARTESIAN_POINT('',(6.479136067484E-1,1.592921265934E1,9.651E0));
#1301=LINE('',#1300,#1299);
#1302=CARTESIAN_POINT('',(0.E0,1.519999999999E1,4.907300963043E0));
#1303=DIRECTION('',(0.E0,0.E0,1.E0));
#1304=DIRECTION('',(7.997683495899E-1,6.003087430599E-1,0.E0));
#1305=AXIS2_PLACEMENT_3D('',#1302,#1303,#1304);
#1307=DIRECTION('',(7.072562765480E-1,7.069572542074E-1,2.661361733739E-6));
#1308=VECTOR('',#1307,3.740123563480E-1);
#1309=CARTESIAN_POINT('',(5.987464835434E-1,1.558355004593E1,4.907299366855E0));
#1310=LINE('',#1309,#1308);
#1311=CARTESIAN_POINT('',(0.E0,1.519999999999E1,4.907300963043E0));
#1312=DIRECTION('',(0.E0,0.E0,-1.E0));
#1313=DIRECTION('',(5.394411464243E-1,8.420233070078E-1,0.E0));
#1314=AXIS2_PLACEMENT_3D('',#1311,#1312,#1313);
#1316=DIRECTION('',(-7.069537112439E-1,-7.072598179955E-1,2.718977326517E-6));
#1317=VECTOR('',#1316,3.740303749855E-1);
#1318=CARTESIAN_POINT('',(6.479722076498E-1,1.606328309326E1,4.907299950308E0));
#1319=LINE('',#1318,#1317);
#1320=DIRECTION('',(-7.069056759762E-1,7.073078292043E-1,4.345933563930E-6));
#1321=VECTOR('',#1320,3.740126527824E-1);
#1322=CARTESIAN_POINT('',(-3.835500459359E-1,1.579874648407E1,
4.907299347933E0));
#1323=LINE('',#1322,#1321);
#1324=CARTESIAN_POINT('',(0.E0,1.519999999999E1,4.907300963043E0));
#1325=DIRECTION('',(0.E0,0.E0,-1.E0));
#1326=DIRECTION('',(-8.420233070078E-1,5.394411464244E-1,0.E0));
#1327=AXIS2_PLACEMENT_3D('',#1324,#1325,#1326);
#1329=DIRECTION('',(7.072298251213E-1,-7.069837158335E-1,-2.289090246816E-6));
#1330=VECTOR('',#1329,3.740205171714E-1);
#1331=CARTESIAN_POINT('',(-8.632649484943E-1,1.584797646095E1,
4.907300223022E0));
#1332=LINE('',#1331,#1330);
#1333=CARTESIAN_POINT('',(0.E0,1.519999999999E1,4.907300963043E0));
#1334=DIRECTION('',(0.E0,0.E0,1.E0));
#1335=DIRECTION('',(-6.003104924825E-1,7.997670364646E-1,0.E0));
#1336=AXIS2_PLACEMENT_3D('',#1333,#1334,#1335);
#1338=CARTESIAN_POINT('',(0.E0,1.519999999999E1,4.907300963043E0));
#1339=DIRECTION('',(0.E0,0.E0,1.E0));
#1340=DIRECTION('',(-7.997664820096E-1,-6.003112311576E-1,0.E0));
#1341=AXIS2_PLACEMENT_3D('',#1338,#1339,#1340);
#1343=DIRECTION('',(-7.071478370281E-1,-7.070657229573E-1,2.301562716105E-6));
#1344=VECTOR('',#1343,3.740264792198E-1);
#1345=CARTESIAN_POINT('',(-5.987464835434E-1,1.481644995405E1,
4.907299366855E0));
#1346=LINE('',#1345,#1344);
#1347=CARTESIAN_POINT('',(0.E0,1.519999999999E1,4.907300963043E0));
#1348=DIRECTION('',(0.E0,0.E0,-1.E0));
#1349=DIRECTION('',(-5.394411464243E-1,-8.420233070078E-1,0.E0));
#1350=AXIS2_PLACEMENT_3D('',#1347,#1348,#1349);
#1352=DIRECTION('',(7.069081218397E-1,7.073053847363E-1,-1.633443824804E-8));
#1353=VECTOR('',#1352,3.740091623541E-1);
#1354=CARTESIAN_POINT('',(-6.479401604465E-1,1.433671486718E1,
4.907300973329E0));
#1355=LINE('',#1354,#1353);
#1356=DIRECTION('',(7.069537771230E-1,-7.072597521484E-1,1.610516423967E-6));
#1357=VECTOR('',#1356,3.740303432954E-1);
#1358=CARTESIAN_POINT('',(3.835500459359E-1,1.460125351591E1,4.907299347933E0));
#1359=LINE('',#1358,#1357);
#1360=CARTESIAN_POINT('',(0.E0,1.519999999999E1,4.907300963043E0));
#1361=DIRECTION('',(0.E0,0.E0,-1.E0));
#1362=DIRECTION('',(8.420233070078E-1,-5.394411464243E-1,0.E0));
#1363=AXIS2_PLACEMENT_3D('',#1360,#1361,#1362);
#1365=DIRECTION('',(-7.071431036063E-1,7.070704568986E-1,-1.834527891012E-6));
#1366=VECTOR('',#1365,3.740345750983E-1);
#1367=CARTESIAN_POINT('',(8.632424538344E-1,1.455198115614E1,4.907300053032E0));
#1368=LINE('',#1367,#1366);
#1369=CARTESIAN_POINT('',(0.E0,1.519999999999E1,4.907300963043E0));
#1370=DIRECTION('',(0.E0,0.E0,1.E0));
#1371=DIRECTION('',(6.003163559155E-1,-7.997626352990E-1,0.E0));
#1372=AXIS2_PLACEMENT_3D('',#1369,#1370,#1371);
#1374=DIRECTION('',(7.068236517086E-1,7.071079503783E-1,1.996676982184E-2));
#1375=VECTOR('',#1374,1.155982082513E-1);
#1376=CARTESIAN_POINT('',(6.475051116675E-1,1.576617319463E1,9.648691877184E0));
#1377=LINE('',#1376,#1375);
#1378=CARTESIAN_POINT('',(4.720262508840E-1,1.558344980719E1,9.389630711726E0));
#1379=CARTESIAN_POINT('',(4.915906025057E-1,1.560381671164E1,9.418328692798E0));
#1380=CARTESIAN_POINT('',(5.306446042995E-1,1.564447778888E1,9.475816670414E0));
#1381=CARTESIAN_POINT('',(5.891450266036E-1,1.570539341126E1,9.562160213220E0));
#1382=CARTESIAN_POINT('',(6.280563127031E-1,1.574591758590E1,9.619844772253E0));
#1383=CARTESIAN_POINT('',(6.475051116675E-1,1.576617319463E1,9.648691877184E0));
#1385=DIRECTION('',(2.825976316468E-2,2.235414944791E-5,-9.996006128881E-1));
#1386=VECTOR('',#1385,4.484122245504E0);
#1387=CARTESIAN_POINT('',(4.720262508840E-1,1.558344980719E1,9.389630711726E0));
#1388=LINE('',#1387,#1386);
#1389=DIRECTION('',(-2.825976316474E-2,2.235414935563E-5,9.996006128880E-1));
#1390=VECTOR('',#1389,4.484122245499E0);
#1391=CARTESIAN_POINT('',(5.987464835434E-1,1.481644995405E1,4.907299366855E0));
#1392=LINE('',#1391,#1390);
#1393=CARTESIAN_POINT('',(7.110576001924E-1,1.519999999999E1,4.907296940450E0));
#1394=CARTESIAN_POINT('',(7.110574210214E-1,1.513306532056E1,4.907303283104E0));
#1395=CARTESIAN_POINT('',(6.917589860582E-1,1.499866792241E1,4.907292351864E0));
#1396=CARTESIAN_POINT('',(6.354566617676E-1,1.487377038655E1,4.907285023764E0));
#1397=CARTESIAN_POINT('',(5.987464835434E-1,1.481644995405E1,4.907299366855E0));
#1399=CARTESIAN_POINT('',(5.987464835434E-1,1.558355004593E1,4.907299366855E0));
#1400=CARTESIAN_POINT('',(6.354566617676E-1,1.552622961342E1,4.907285023764E0));
#1401=CARTESIAN_POINT('',(6.917589860582E-1,1.540133207757E1,4.907292351864E0));
#1402=CARTESIAN_POINT('',(7.110574210214E-1,1.526693467942E1,4.907303283104E0));
#1403=CARTESIAN_POINT('',(7.110576001924E-1,1.519999999999E1,4.907296940450E0));
#1405=CARTESIAN_POINT('',(-1.267105152157E-1,1.519999999999E1,
9.372720055657E0));
#1406=DIRECTION('',(2.823732336904E-2,7.318893378925E-14,-9.996012472826E-1));
#1407=DIRECTION('',(9.996012472826E-1,-1.323775484930E-13,2.823732336904E-2));
#1408=AXIS2_PLACEMENT_3D('',#1405,#1406,#1407);
#1410=CARTESIAN_POINT('',(-1.267105152157E-1,1.519999999999E1,
9.372720055657E0));
#1411=DIRECTION('',(2.823732336904E-2,7.318893378925E-14,-9.996012472826E-1));
#1412=DIRECTION('',(8.418684649245E-1,5.391585328105E-1,2.378159505396E-2));
#1413=AXIS2_PLACEMENT_3D('',#1410,#1411,#1412);
#1415=CARTESIAN_POINT('',(-1.338827953514E-1,1.519999999999E1,
9.626618772466E0));
#1416=DIRECTION('',(2.823732336904E-2,7.318893378925E-14,-9.996012472826E-1));
#1417=DIRECTION('',(8.095622931652E-1,5.865883588348E-1,2.286899133197E-2));
#1418=AXIS2_PLACEMENT_3D('',#1415,#1416,#1417);
#1420=CARTESIAN_POINT('',(-1.338827953514E-1,1.519999999999E1,
9.626618772466E0));
#1421=DIRECTION('',(-2.823732336891E-2,0.E0,9.996012472826E-1));
#1422=DIRECTION('',(9.996012472826E-1,0.E0,2.823732336891E-2));
#1423=AXIS2_PLACEMENT_3D('',#1420,#1421,#1422);
#1425=CARTESIAN_POINT('',(-1.338827953514E-1,1.519999999999E1,
9.626618772466E0));
#1426=DIRECTION('',(-2.823732336891E-2,0.E0,9.996012472826E-1));
#1427=DIRECTION('',(7.995326120482E-1,-6.001978756354E-1,2.258566700649E-2));
#1428=AXIS2_PLACEMENT_3D('',#1425,#1426,#1427);
#1430=CARTESIAN_POINT('',(-1.338827953514E-1,1.519999999999E1,
9.626618772466E0));
#1431=DIRECTION('',(2.823732336904E-2,7.318893378925E-14,-9.996012472826E-1));
#1432=DIRECTION('',(9.996012472826E-1,0.E0,2.823732336904E-2));
#1433=AXIS2_PLACEMENT_3D('',#1430,#1431,#1432);
#1435=CARTESIAN_POINT('',(8.632424538344E-1,1.455198115614E1,4.907300053032E0));
#1436=CARTESIAN_POINT('',(9.095439040298E-1,1.461365941080E1,4.907284025249E0));
#1437=CARTESIAN_POINT('',(9.888612629887E-1,1.474714403553E1,4.907302752459E0));
#1438=CARTESIAN_POINT('',(1.062676066218E0,1.496813930918E1,4.907295296865E0));
#1439=CARTESIAN_POINT('',(1.087648380007E0,1.519947895384E1,4.907297911240E0));
#1440=CARTESIAN_POINT('',(1.062901635537E0,1.543074060981E1,4.907295447017E0));
#1441=CARTESIAN_POINT('',(9.894067973439E-1,1.565172914251E1,4.907302156470E0));
#1442=CARTESIAN_POINT('',(9.098802808120E-1,1.578586986609E1,4.907285317356E0));
#1443=CARTESIAN_POINT('',(8.632690700770E-1,1.584796079441E1,4.907300362237E0));
#1445=DIRECTION('',(2.824300223384E-2,-2.217575284267E-5,-9.996010866006E-1));
#1446=VECTOR('',#1445,4.745593027615E0);
#1447=CARTESIAN_POINT('',(7.292126593546E-1,1.455208639324E1,9.651E0));
#1448=LINE('',#1447,#1446);
#1449=DIRECTION('',(-2.824860822717E-2,-9.943470972881E-6,9.996009283881E-1));
#1450=VECTOR('',#1449,4.745593469398E0);
#1451=CARTESIAN_POINT('',(8.632690700770E-1,1.584796079441E1,4.907300362237E0));
#1452=LINE('',#1451,#1450);
#1453=CARTESIAN_POINT('',(6.475051116706E-1,1.463382680534E1,9.648691877184E0));
#1454=CARTESIAN_POINT('',(6.280563127015E-1,1.465408241408E1,9.619844772246E0));
#1455=CARTESIAN_POINT('',(5.891450266051E-1,1.469460658872E1,9.562160213205E0));
#1456=CARTESIAN_POINT('',(5.306446043001E-1,1.475552221110E1,9.475816670396E0));
#1457=CARTESIAN_POINT('',(4.915906025056E-1,1.479618328834E1,9.418328692794E0));
#1458=CARTESIAN_POINT('',(4.720262508838E-1,1.481655019279E1,9.389630711721E0));
#1460=DIRECTION('',(-7.068236517109E-1,7.071079503760E-1,-1.996676982201E-2));
#1461=VECTOR('',#1460,1.155982082465E-1);
#1462=CARTESIAN_POINT('',(7.292126593546E-1,1.455208639324E1,9.651E0));
#1463=LINE('',#1462,#1461);
#1464=DIRECTION('',(0.E0,2.077241271819E-4,-9.999999784253E-1));
#1465=VECTOR('',#1464,4.571986729899E-1);
#1466=CARTESIAN_POINT('',(0.E0,1.591110502879E1,4.907299626169E0));
#1467=LINE('',#1466,#1465);
#1468=CARTESIAN_POINT('',(3.835500459359E-1,1.579874643832E1,4.907300967289E0));
#1469=CARTESIAN_POINT('',(3.456218066003E-1,1.582304511597E1,4.907300967289E0));
#1470=CARTESIAN_POINT('',(2.652939218152E-1,1.586454021203E1,4.907300782812E0));
#1471=CARTESIAN_POINT('',(1.350348179768E-1,1.590265698615E1,4.907301587484E0));
#1472=CARTESIAN_POINT('',(4.501424238868E-2,1.591110502879E1,4.907299626169E0));
#1473=CARTESIAN_POINT('',(0.E0,1.591110502879E1,4.907299626169E0));
#1475=DIRECTION('',(0.E0,-2.077241231902E-4,-9.999999784253E-1));
#1476=VECTOR('',#1475,4.571986729248E-1);
#1477=CARTESIAN_POINT('',(0.E0,1.448889497118E1,4.907299626104E0));
#1478=LINE('',#1477,#1476);
#1479=CARTESIAN_POINT('',(-3.835500459359E-1,1.460125356165E1,
4.907300967219E0));
#1480=CARTESIAN_POINT('',(-3.456218065312E-1,1.457695488396E1,
4.907300967219E0));
#1481=CARTESIAN_POINT('',(-2.652939216377E-1,1.453545978788E1,
4.907300782836E0));
#1482=CARTESIAN_POINT('',(-1.350348178425E-1,1.449734301382E1,
4.907301587505E0));
#1483=CARTESIAN_POINT('',(-4.501424233143E-2,1.448889497118E1,
4.907299626104E0));
#1484=CARTESIAN_POINT('',(0.E0,1.448889497118E1,4.907299626104E0));
#1486=DIRECTION('',(0.E0,8.571673007021E-1,-5.150380749101E-1));
#1487=VECTOR('',#1486,6.263614589205E-1);
#1488=CARTESIAN_POINT('',(0.E0,1.448879999999E1,4.450100963043E0));
#1489=LINE('',#1488,#1487);
#1490=CARTESIAN_POINT('',(0.E0,1.519999999999E1,4.450100963043E0));
#1491=DIRECTION('',(0.E0,0.E0,1.E0));
#1492=DIRECTION('',(0.E0,1.E0,0.E0));
#1493=AXIS2_PLACEMENT_3D('',#1490,#1491,#1492);
#1495=DIRECTION('',(0.E0,-8.571673007021E-1,-5.150380749101E-1));
#1496=VECTOR('',#1495,6.263614589205E-1);
#1497=CARTESIAN_POINT('',(0.E0,1.591119999999E1,4.450100963043E0));
#1498=LINE('',#1497,#1496);
#1499=CARTESIAN_POINT('',(0.E0,1.519999999999E1,4.450100963043E0));
#1500=DIRECTION('',(0.E0,0.E0,1.E0));
#1501=DIRECTION('',(0.E0,-1.E0,0.E0));
#1502=AXIS2_PLACEMENT_3D('',#1499,#1500,#1501);
#1504=CARTESIAN_POINT('',(0.E0,1.519999999999E1,4.127500963043E0));
#1505=DIRECTION('',(0.E0,0.E0,1.E0));
#1506=DIRECTION('',(0.E0,-1.E0,0.E0));
#1507=AXIS2_PLACEMENT_3D('',#1504,#1505,#1506);
#1509=CARTESIAN_POINT('',(0.E0,1.519999999999E1,4.127500963043E0));
#1510=DIRECTION('',(0.E0,0.E0,1.E0));
#1511=DIRECTION('',(0.E0,1.E0,0.E0));
#1512=AXIS2_PLACEMENT_3D('',#1509,#1510,#1511);
#1514=DIRECTION('',(2.235414828817E-5,-2.825976316527E-2,-9.996006128880E-1));
#1515=VECTOR('',#1514,4.484122264381E0);
#1516=CARTESIAN_POINT('',(3.834498072019E-1,1.472797374911E1,9.389630711673E0));
#1517=LINE('',#1516,#1515);
#1518=DIRECTION('',(2.235415636290E-5,2.825976317338E-2,9.996006128878E-1));
#1519=VECTOR('',#1518,4.484120644449E0);
#1520=CARTESIAN_POINT('',(-3.835500459359E-1,1.460125356165E1,
4.907300967219E0));
#1521=LINE('',#1520,#1519);
#1522=CARTESIAN_POINT('',(3.835500459359E-1,1.460125351591E1,4.907299347933E0));
#1523=CARTESIAN_POINT('',(3.456780254360E-1,1.457699891274E1,4.907292513680E0));
#1524=CARTESIAN_POINT('',(2.651577787820E-1,1.453580694739E1,4.907295103448E0));
#1525=CARTESIAN_POINT('',(1.350197349344E-1,1.449772951102E1,4.907289643579E0));
#1526=CARTESIAN_POINT('',(4.500316620250E-2,1.448889497484E1,4.907299755555E0));
#1527=CARTESIAN_POINT('',(0.E0,1.448889497118E1,4.907299626104E0));
#1529=DIRECTION('',(7.071079503990E-1,-7.068236516879E-1,1.996676982134E-2));
#1530=VECTOR('',#1529,1.155982082951E-1);
#1531=CARTESIAN_POINT('',(5.661731946111E-1,1.455249488835E1,9.648691877183E0));
#1532=LINE('',#1531,#1530);
#1533=CARTESIAN_POINT('',(3.834498072019E-1,1.472797374911E1,9.389630711673E0));
#1534=CARTESIAN_POINT('',(4.038167116853E-1,1.470840939746E1,9.418328692787E0));
#1535=CARTESIAN_POINT('',(4.444777889250E-1,1.466935539565E1,9.475816670361E0));
#1536=CARTESIAN_POINT('',(5.053934112499E-1,1.461085497341E1,9.562160213254E0));
#1537=CARTESIAN_POINT('',(5.459175859021E-1,1.457194368729E1,9.619844772286E0));
#1538=CARTESIAN_POINT('',(5.661731946111E-1,1.455249488835E1,9.648691877183E0));
#1540=CARTESIAN_POINT('',(-6.479401604465E-1,1.433671486718E1,
4.907300973329E0));
#1541=CARTESIAN_POINT('',(-5.859416115189E-1,1.429017302871E1,
4.907286790790E0));
#1542=CARTESIAN_POINT('',(-4.520061785825E-1,1.421074586370E1,
4.907308301250E0));
#1543=CARTESIAN_POINT('',(-2.314578978961E-1,1.413730496333E1,
4.907296537699E0));
#1544=CARTESIAN_POINT('',(-7.714026972947E-2,1.412054618934E1,
4.907306396707E0));
#1545=CARTESIAN_POINT('',(1.384006829869E-10,1.412054603317E1,
4.907300867269E0));
#1547=DIRECTION('',(-5.595443259662E-6,-2.825199393105E-2,-9.996008327366E-1));
#1548=VECTOR('',#1547,4.745593312167E0);
#1549=CARTESIAN_POINT('',(-6.479136067484E-1,1.447078734064E1,9.651E0));
#1550=LINE('',#1549,#1548);
#1551=DIRECTION('',(-1.234895681128E-5,2.825155813610E-2,9.996008449928E-1));
#1552=VECTOR('',#1551,4.745594277403E0);
#1553=CARTESIAN_POINT('',(6.479722098872E-1,1.433671690802E1,4.907299950315E0));
#1554=LINE('',#1553,#1552);
#1555=CARTESIAN_POINT('',(1.384006829869E-10,1.412054603317E1,
4.907300867269E0));
#1556=CARTESIAN_POINT('',(7.743438962679E-2,1.412054615643E1,4.907305229382E0));
#1557=CARTESIAN_POINT('',(2.321597969581E-1,1.413740133170E1,4.907291402116E0));
#1558=CARTESIAN_POINT('',(4.531778312973E-1,1.421129562967E1,4.907304098936E0));
#1559=CARTESIAN_POINT('',(5.864207587297E-1,1.429051063491E1,4.907283479551E0));
#1560=CARTESIAN_POINT('',(6.479722098872E-1,1.433671690802E1,4.907299950315E0));
#1562=CARTESIAN_POINT('',(-5.661731946111E-1,1.455249488835E1,
9.648691877183E0));
#1563=CARTESIAN_POINT('',(-5.459175859058E-1,1.457194368729E1,
9.619844772292E0));
#1564=CARTESIAN_POINT('',(-5.053934112584E-1,1.461085497340E1,
9.562160213266E0));
#1565=CARTESIAN_POINT('',(-4.444777889336E-1,1.466935539564E1,
9.475816670373E0));
#1566=CARTESIAN_POINT('',(-4.038167116889E-1,1.470840939745E1,
9.418328692792E0));
#1567=CARTESIAN_POINT('',(-3.834498072019E-1,1.472797374911E1,
9.389630711674E0));
#1569=DIRECTION('',(7.071079503989E-1,7.068236516880E-1,-1.996676982101E-2));
#1570=VECTOR('',#1569,1.155982082951E-1);
#1571=CARTESIAN_POINT('',(-6.479136067484E-1,1.447078734064E1,9.651E0));
#1572=LINE('',#1571,#1570);
#1573=CARTESIAN_POINT('',(3.157848492106E-14,1.532671051521E1,
9.372720055657E0));
#1574=DIRECTION('',(-1.145957676230E-13,-2.823732336877E-2,-9.996012472826E-1));
#1575=DIRECTION('',(-3.370328495760E-14,-9.996012472826E-1,2.823732336877E-2));
#1576=AXIS2_PLACEMENT_3D('',#1573,#1574,#1575);
#1578=CARTESIAN_POINT('',(3.157848492106E-14,1.532671051521E1,
9.372720055657E0));
#1579=DIRECTION('',(-1.145957676230E-13,-2.823732336877E-2,-9.996012472826E-1));
#1580=DIRECTION('',(5.391585328106E-1,-8.418684649245E-1,2.378159505363E-2));
#1581=AXIS2_PLACEMENT_3D('',#1578,#1579,#1580);
#1583=CARTESIAN_POINT('',(6.068580989732E-14,1.533388279534E1,
9.626618772467E0));
#1584=DIRECTION('',(-1.145957676230E-13,-2.823732336877E-2,-9.996012472826E-1));
#1585=DIRECTION('',(5.865883588348E-1,-8.095622931652E-1,2.286899133164E-2));
#1586=AXIS2_PLACEMENT_3D('',#1583,#1584,#1585);
#1588=CARTESIAN_POINT('',(0.E0,1.533388279534E1,9.626618772466E0));
#1589=DIRECTION('',(0.E0,2.823732336891E-2,9.996012472826E-1));
#1590=DIRECTION('',(0.E0,-9.996012472826E-1,2.823732336891E-2));
#1591=AXIS2_PLACEMENT_3D('',#1588,#1589,#1590);
#1593=CARTESIAN_POINT('',(0.E0,1.533388279534E1,9.626618772466E0));
#1594=DIRECTION('',(0.E0,2.823732336891E-2,9.996012472826E-1));
#1595=DIRECTION('',(-6.001978756354E-1,-7.995326120482E-1,2.258566700649E-2));
#1596=AXIS2_PLACEMENT_3D('',#1593,#1594,#1595);
#1598=CARTESIAN_POINT('',(6.068580989731E-14,1.533388279534E1,
9.626618772467E0));
#1599=DIRECTION('',(-1.145957676230E-13,-2.823732336877E-2,-9.996012472826E-1));
#1600=DIRECTION('',(0.E0,-9.996012472826E-1,2.823732336877E-2));
#1601=AXIS2_PLACEMENT_3D('',#1598,#1599,#1600);
#1603=DIRECTION('',(-2.825976316436E-2,-2.235414993941E-5,-9.996006128881E-1));
#1604=VECTOR('',#1603,4.484122245528E0);
#1605=CARTESIAN_POINT('',(-4.720262508847E-1,1.481655019279E1,
9.389630711749E0));
#1606=LINE('',#1605,#1604);
#1607=DIRECTION('',(2.825976316492E-2,-2.235414908474E-5,9.996006128880E-1));
#1608=VECTOR('',#1607,4.484122245486E0);
#1609=CARTESIAN_POINT('',(-5.987464835433E-1,1.558355004593E1,
4.907299366855E0));
#1610=LINE('',#1609,#1608);
#1611=CARTESIAN_POINT('',(-7.110576001924E-1,1.519999999999E1,
4.907296940450E0));
#1612=CARTESIAN_POINT('',(-7.110574210214E-1,1.526693467942E1,
4.907303283104E0));
#1613=CARTESIAN_POINT('',(-6.917589860582E-1,1.540133207757E1,
4.907292351864E0));
#1614=CARTESIAN_POINT('',(-6.354566617676E-1,1.552622961342E1,
4.907285023764E0));
#1615=CARTESIAN_POINT('',(-5.987464835433E-1,1.558355004593E1,
4.907299366855E0));
#1617=CARTESIAN_POINT('',(-5.987464835434E-1,1.481644995405E1,
4.907299366855E0));
#1618=CARTESIAN_POINT('',(-6.354566617676E-1,1.487377038655E1,
4.907285023764E0));
#1619=CARTESIAN_POINT('',(-6.917589860582E-1,1.499866792241E1,
4.907292351864E0));
#1620=CARTESIAN_POINT('',(-7.110574210214E-1,1.513306532056E1,
4.907303283104E0));
#1621=CARTESIAN_POINT('',(-7.110576001924E-1,1.519999999999E1,
4.907296940450E0));
#1623=DIRECTION('',(-7.068236516970E-1,-7.071079503899E-1,1.996676982151E-2));
#1624=VECTOR('',#1623,1.155982082759E-1);
#1625=CARTESIAN_POINT('',(-6.475051116514E-1,1.463382680536E1,
9.648691877184E0));
#1626=LINE('',#1625,#1624);
#1627=CARTESIAN_POINT('',(-4.720262508847E-1,1.481655019279E1,
9.389630711749E0));
#1628=CARTESIAN_POINT('',(-4.915906024964E-1,1.479618328835E1,
9.418328692807E0));
#1629=CARTESIAN_POINT('',(-5.306446042741E-1,1.475552221112E1,
9.475816670468E0));
#1630=CARTESIAN_POINT('',(-5.891450265733E-1,1.469460658875E1,
9.562160213267E0));
#1631=CARTESIAN_POINT('',(-6.280563127017E-1,1.465408241408E1,
9.619844772274E0));
#1632=CARTESIAN_POINT('',(-6.475051116514E-1,1.463382680536E1,
9.648691877184E0));
#1634=CARTESIAN_POINT('',(-8.632649484943E-1,1.584797646095E1,
4.907300223022E0));
#1635=CARTESIAN_POINT('',(-9.096098880389E-1,1.578624028262E1,
4.907283952491E0));
#1636=CARTESIAN_POINT('',(-9.889416921963E-1,1.565270021434E1,
4.907302786669E0));
#1637=CARTESIAN_POINT('',(-1.062749218578E0,1.543156568771E1,4.907295286668E0));
#1638=CARTESIAN_POINT('',(-1.087648490653E0,1.520014629019E1,4.907297919007E0));
#1639=CARTESIAN_POINT('',(-1.062828740858E0,1.496894446584E1,4.907295426146E0));
#1640=CARTESIAN_POINT('',(-9.892901678852E-1,1.474802767088E1,
4.907302230884E0));
#1641=CARTESIAN_POINT('',(-9.097805288388E-1,1.461398742114E1,
4.907285157261E0));
#1642=CARTESIAN_POINT('',(-8.632384993149E-1,1.455198865112E1,
4.907300227700E0));
#1644=DIRECTION('',(-2.824773958343E-2,1.324475334539E-5,-9.996009528972E-1));
#1645=VECTOR('',#1644,4.745593492312E0);
#1646=CARTESIAN_POINT('',(-7.292126593546E-1,1.584791360674E1,9.651E0));
#1647=LINE('',#1646,#1645);
#1648=DIRECTION('',(2.824217063500E-2,2.059639913714E-5,9.996011101302E-1));
#1649=VECTOR('',#1648,4.745592741170E0);
#1650=CARTESIAN_POINT('',(-8.632384993149E-1,1.455198865112E1,
4.907300227700E0));
#1651=LINE('',#1650,#1649);
#1652=CARTESIAN_POINT('',(-6.475051116794E-1,1.576617319465E1,
9.648691877184E0));
#1653=CARTESIAN_POINT('',(-6.280563127046E-1,1.574591758590E1,
9.619844772237E0));
#1654=CARTESIAN_POINT('',(-5.891450266271E-1,1.570539341128E1,
9.562160213186E0));
#1655=CARTESIAN_POINT('',(-5.306446043194E-1,1.564447778890E1,
9.475816670374E0));
#1656=CARTESIAN_POINT('',(-4.915906025130E-1,1.560381671165E1,
9.418328692792E0));
#1657=CARTESIAN_POINT('',(-4.720262508834E-1,1.558344980719E1,
9.389630711708E0));
#1659=DIRECTION('',(7.068236517173E-1,-7.071079503696E-1,-1.996676982220E-2));
#1660=VECTOR('',#1659,1.155982082329E-1);
#1661=CARTESIAN_POINT('',(-7.292126593546E-1,1.584791360674E1,9.651E0));
#1662=LINE('',#1661,#1660);
#1663=CARTESIAN_POINT('',(1.267105152157E-1,1.519999999999E1,9.372720055657E0));
#1664=DIRECTION('',(-2.823732336904E-2,-7.318893378925E-14,-9.996012472826E-1));
#1665=DIRECTION('',(-9.996012472826E-1,1.298798588988E-13,2.823732336904E-2));
#1666=AXIS2_PLACEMENT_3D('',#1663,#1664,#1665);
#1668=CARTESIAN_POINT('',(1.267105152157E-1,1.519999999999E1,9.372720055657E0));
#1669=DIRECTION('',(-2.823732336904E-2,-7.318893378925E-14,-9.996012472826E-1));
#1670=DIRECTION('',(-8.418684649245E-1,-5.391585328105E-1,2.378159505396E-2));
#1671=AXIS2_PLACEMENT_3D('',#1668,#1669,#1670);
#1673=CARTESIAN_POINT('',(1.338827953514E-1,1.519999999999E1,9.626618772466E0));
#1674=DIRECTION('',(-2.823732336904E-2,-7.318893378925E-14,-9.996012472826E-1));
#1675=DIRECTION('',(-8.095622931652E-1,-5.865883588348E-1,2.286899133197E-2));
#1676=AXIS2_PLACEMENT_3D('',#1673,#1674,#1675);
#1678=CARTESIAN_POINT('',(1.338827953514E-1,1.519999999999E1,9.626618772466E0));
#1679=DIRECTION('',(2.823732336891E-2,0.E0,9.996012472826E-1));
#1680=DIRECTION('',(-9.996012472826E-1,0.E0,2.823732336891E-2));
#1681=AXIS2_PLACEMENT_3D('',#1678,#1679,#1680);
#1683=CARTESIAN_POINT('',(1.338827953514E-1,1.519999999999E1,9.626618772466E0));
#1684=DIRECTION('',(2.823732336891E-2,0.E0,9.996012472826E-1));
#1685=DIRECTION('',(-7.995326120482E-1,6.001978756354E-1,2.258566700649E-2));
#1686=AXIS2_PLACEMENT_3D('',#1683,#1684,#1685);
#1688=CARTESIAN_POINT('',(1.338827953514E-1,1.519999999999E1,9.626618772466E0));
#1689=DIRECTION('',(-2.823732336904E-2,-7.318893378925E-14,-9.996012472826E-1));
#1690=DIRECTION('',(-9.996012472826E-1,0.E0,2.823732336904E-2));
#1691=AXIS2_PLACEMENT_3D('',#1688,#1689,#1690);
#1693=DIRECTION('',(-2.235414828839E-5,2.825976316527E-2,-9.996006128880E-1));
#1694=VECTOR('',#1693,4.484122264382E0);
#1695=CARTESIAN_POINT('',(-3.834498072019E-1,1.567202625087E1,
9.389630711674E0));
#1696=LINE('',#1695,#1694);
#1697=DIRECTION('',(-2.235415641193E-5,-2.825976317334E-2,9.996006128878E-1));
#1698=VECTOR('',#1697,4.484120644382E0);
#1699=CARTESIAN_POINT('',(3.835500459359E-1,1.579874643832E1,4.907300967289E0));
#1700=LINE('',#1699,#1698);
#1701=CARTESIAN_POINT('',(-3.835500459359E-1,1.579874648407E1,
4.907299347933E0));
#1702=CARTESIAN_POINT('',(-3.456780254360E-1,1.582300108724E1,
4.907292513680E0));
#1703=CARTESIAN_POINT('',(-2.651577787820E-1,1.586419305259E1,
4.907295103444E0));
#1704=CARTESIAN_POINT('',(-1.350197349344E-1,1.590227048896E1,
4.907289643594E0));
#1705=CARTESIAN_POINT('',(-4.500316620251E-2,1.591110502514E1,
4.907299755522E0));
#1706=CARTESIAN_POINT('',(0.E0,1.591110502879E1,4.907299626169E0));
#1708=DIRECTION('',(-7.071079503990E-1,7.068236516879E-1,1.996676982109E-2));
#1709=VECTOR('',#1708,1.155982082953E-1);
#1710=CARTESIAN_POINT('',(-5.661731946110E-1,1.584750511163E1,
9.648691877183E0));
#1711=LINE('',#1710,#1709);
#1712=CARTESIAN_POINT('',(-3.834498072019E-1,1.567202625087E1,
9.389630711674E0));
#1713=CARTESIAN_POINT('',(-4.038167116861E-1,1.569159060252E1,
9.418328692788E0));
#1714=CARTESIAN_POINT('',(-4.444777889271E-1,1.573064460433E1,
9.475816670364E0));
#1715=CARTESIAN_POINT('',(-5.053934112520E-1,1.578914502657E1,
9.562160213257E0));
#1716=CARTESIAN_POINT('',(-5.459175859031E-1,1.582805631269E1,
9.619844772288E0));
#1717=CARTESIAN_POINT('',(-5.661731946110E-1,1.584750511163E1,
9.648691877183E0));
#1719=CARTESIAN_POINT('',(-4.304414053294E-14,1.506611720464E1,
9.626618772466E0));
#1720=DIRECTION('',(-7.318893378925E-14,2.823732336904E-2,-9.996012472826E-1));
#1721=DIRECTION('',(-5.865883588348E-1,8.095622931652E-1,2.286899133197E-2));
#1722=AXIS2_PLACEMENT_3D('',#1719,#1720,#1721);
#1724=CARTESIAN_POINT('',(0.E0,1.506611720464E1,9.626618772466E0));
#1725=DIRECTION('',(0.E0,-2.823732336891E-2,9.996012472826E-1));
#1726=DIRECTION('',(0.E0,9.996012472826E-1,2.823732336891E-2));
#1727=AXIS2_PLACEMENT_3D('',#1724,#1725,#1726);
#1729=CARTESIAN_POINT('',(0.E0,1.506611720464E1,9.626618772466E0));
#1730=DIRECTION('',(0.E0,-2.823732336891E-2,9.996012472826E-1));
#1731=DIRECTION('',(6.001978756355E-1,7.995326120482E-1,2.258566700649E-2));
#1732=AXIS2_PLACEMENT_3D('',#1729,#1730,#1731);
#1734=CARTESIAN_POINT('',(-4.304414053294E-14,1.506611720464E1,
9.626618772466E0));
#1735=DIRECTION('',(-7.318893378925E-14,2.823732336904E-2,-9.996012472826E-1));
#1736=DIRECTION('',(0.E0,9.996012472826E-1,2.823732336904E-2));
#1737=AXIS2_PLACEMENT_3D('',#1734,#1735,#1736);
#1739=CARTESIAN_POINT('',(-6.163412971540E-14,1.507328948477E1,
9.372720055657E0));
#1740=DIRECTION('',(-7.318893378925E-14,2.823732336904E-2,-9.996012472826E-1));
#1741=DIRECTION('',(7.584128821125E-14,9.996012472826E-1,2.823732336904E-2));
#1742=AXIS2_PLACEMENT_3D('',#1739,#1740,#1741);
#1744=CARTESIAN_POINT('',(-6.163412971541E-14,1.507328948477E1,
9.372720055657E0));
#1745=DIRECTION('',(-7.318893378925E-14,2.823732336904E-2,-9.996012472826E-1));
#1746=DIRECTION('',(-5.391585328105E-1,8.418684649245E-1,2.378159505396E-2));
#1747=AXIS2_PLACEMENT_3D('',#1744,#1745,#1746);
#1749=DIRECTION('',(9.033246100920E-5,-7.071181626994E-1,-7.070953937204E-1));
#1750=VECTOR('',#1749,3.525364074515E-1);
#1751=CARTESIAN_POINT('',(5.715E0,8.945539999999E0,0.E0));
#1752=LINE('',#1751,#1750);
#1753=CARTESIAN_POINT('',(5.715E0,7.799999999999E0,-5.334E-2));
#1754=DIRECTION('',(0.E0,0.E0,-1.E0));
#1755=DIRECTION('',(9.279517684730E-1,3.727003023714E-1,0.E0));
#1756=AXIS2_PLACEMENT_3D('',#1753,#1754,#1755);
#1758=CARTESIAN_POINT('',(6.340647939920E0,7.164856562333E0,
-2.539989897827E-1));
#1759=CARTESIAN_POINT('',(6.401251615063E0,7.205303832714E0,
-2.402847873854E-1));
#1760=CARTESIAN_POINT('',(6.514388787183E0,7.302804949218E0,
-2.130030315993E-1));
#1761=CARTESIAN_POINT('',(6.647346897344E0,7.491610009873E0,
-1.725834531090E-1));
#1762=CARTESIAN_POINT('',(6.733735864879E0,7.713827269069E0,
-1.324278036104E-1));
#1763=CARTESIAN_POINT('',(6.765499256878E0,7.956922044115E0,
-9.287091464667E-2));
#1764=CARTESIAN_POINT('',(6.747818023656E0,8.124434411202E0,
-6.616670697302E-2));
#1765=CARTESIAN_POINT('',(6.728492319506E0,8.207054337332E0,
-5.330755686558E-2));
#1767=CARTESIAN_POINT('',(5.715E0,7.799999999999E0,-2.54E-1));
#1768=DIRECTION('',(0.E0,0.E0,-1.E0));
#1769=DIRECTION('',(1.E0,1.195475361330E-14,0.E0));
#1770=AXIS2_PLACEMENT_3D('',#1767,#1768,#1769);
#1772=CARTESIAN_POINT('',(5.715E0,7.799999999999E0,-2.54E-1));
#1773=DIRECTION('',(0.E0,0.E0,-1.E0));
#1774=DIRECTION('',(1.026309867584E-1,9.947194984301E-1,0.E0));
#1775=AXIS2_PLACEMENT_3D('',#1772,#1773,#1774);
#1777=DIRECTION('',(-1.190390006045E-13,7.071067811868E-1,-7.071067811863E-1));
#1778=VECTOR('',#1777,1.492247776257E-1);
#1779=CARTESIAN_POINT('',(5.715E0,6.654459999999E0,0.E0));
#1780=LINE('',#1779,#1778);
#1781=CARTESIAN_POINT('',(5.714997162135E0,6.908439737251E0,
-4.733279670854E-1));
#1782=CARTESIAN_POINT('',(5.788458816639E0,6.908439737251E0,
-4.673894868458E-1));
#1783=CARTESIAN_POINT('',(5.937566759040E0,6.925933941882E0,
-4.558377294271E-1));
#1784=CARTESIAN_POINT('',(6.162421655408E0,7.017007301716E0,
-4.355717782171E-1));
#1785=CARTESIAN_POINT('',(6.340682662089E0,7.152472409668E0,
-4.182485791033E-1));
#1786=CARTESIAN_POINT('',(6.484828344573E0,7.329132124022E0,
-3.992568181169E-1));
#1787=CARTESIAN_POINT('',(6.585630237895E0,7.560076370821E0,
-3.798871175204E-1));
#1788=CARTESIAN_POINT('',(6.606561750876E0,7.719964973188E0,
-3.662994833925E-1));
#1789=CARTESIAN_POINT('',(6.606561750876E0,7.799997002280E0,
-3.599325345142E-1));
#1791=CARTESIAN_POINT('',(5.715002070849E0,8.691554497830E0,
-7.001236710645E-1));
#1792=CARTESIAN_POINT('',(5.630572286583E0,8.691554497830E0,
-6.931623074441E-1));
#1793=CARTESIAN_POINT('',(5.461712129004E0,8.667205921307E0,
-6.802381918316E-1));
#1794=CARTESIAN_POINT('',(5.230857204404E0,8.562862361114E0,
-6.589553185200E-1));
#1795=CARTESIAN_POINT('',(5.034391156027E0,8.395188077225E0,
-6.389190374322E-1));
#1796=CARTESIAN_POINT('',(4.892374154391E0,8.174891201254E0,
-6.175271759235E-1));
#1797=CARTESIAN_POINT('',(4.819232007597E0,7.925122229853E0,
-5.969359671270E-1));
#1798=CARTESIAN_POINT('',(4.822222615405E0,7.659826744468E0,
-5.754653599865E-1));
#1799=CARTESIAN_POINT('',(4.894843411446E0,7.422158966319E0,
-5.556945867590E-1));
#1800=CARTESIAN_POINT('',(5.032957348248E0,7.206763698765E0,
-5.350865786305E-1));
#1801=CARTESIAN_POINT('',(5.229640057646E0,7.037420807716E0,
-5.142811753177E-1));
#1802=CARTESIAN_POINT('',(5.464846520021E0,6.931725803584E0,
-4.936575232279E-1));
#1803=CARTESIAN_POINT('',(5.632026081923E0,6.908439737251E0,
-4.800351685993E-1));
#1804=CARTESIAN_POINT('',(5.714997162135E0,6.908439737251E0,
-4.733279670854E-1));
#1806=CARTESIAN_POINT('',(5.714981699047E0,6.908327161241E0,
-9.267039716458E-1));
#1807=CARTESIAN_POINT('',(5.795792349086E0,6.908327161241E0,
-9.202886936623E-1));
#1808=CARTESIAN_POINT('',(5.959321489860E0,6.930650989280E0,
-9.078401991286E-1));
#1809=CARTESIAN_POINT('',(6.190949073842E0,7.031900842886E0,
-8.866299459045E-1));
#1810=CARTESIAN_POINT('',(6.389552554465E0,7.197859556637E0,
-8.665061214979E-1));
#1811=CARTESIAN_POINT('',(6.535035132576E0,7.418462021181E0,
-8.447478710997E-1));
#1812=CARTESIAN_POINT('',(6.610642039337E0,7.672495878120E0,
-8.239346153820E-1));
#1813=CARTESIAN_POINT('',(6.608092838355E0,7.936590166160E0,
-8.025250814420E-1));
#1814=CARTESIAN_POINT('',(6.537349417641E0,8.172616711333E0,
-7.828382486898E-1));
#1815=CARTESIAN_POINT('',(6.401807205180E0,8.387510293654E0,
-7.625542518608E-1));
#1816=CARTESIAN_POINT('',(6.207119123961E0,8.558287835322E0,
-7.416872573240E-1));
#1817=CARTESIAN_POINT('',(5.971078566092E0,8.666914361867E0,
-7.208647339191E-1));
#1818=CARTESIAN_POINT('',(5.800303836585E0,8.691554497830E0,
-7.071569308783E-1));
#1819=CARTESIAN_POINT('',(5.715002070849E0,8.691554497830E0,
-7.001236710645E-1));
#1821=CARTESIAN_POINT('',(5.715018766170E0,8.691670594770E0,-1.153493578430E0));
#1822=CARTESIAN_POINT('',(5.631404470472E0,8.691670594770E0,-1.146570088467E0));
#1823=CARTESIAN_POINT('',(5.464508708738E0,8.667578772439E0,-1.133920574402E0));
#1824=CARTESIAN_POINT('',(5.237525160797E0,8.566512048209E0,-1.113686891154E0));
#1825=CARTESIAN_POINT('',(5.042364168213E0,8.403809485182E0,-1.093099077388E0));
#1826=CARTESIAN_POINT('',(4.896449219468E0,8.184990344938E0,-1.072022915985E0));
#1827=CARTESIAN_POINT('',(4.819811788575E0,7.929803745159E0,-1.050724166762E0));
#1828=CARTESIAN_POINT('',(4.821291162934E0,7.669349870242E0,-1.029851787709E0));
#1829=CARTESIAN_POINT('',(4.889928050219E0,7.433631361590E0,-1.010106590443E0));
#1830=CARTESIAN_POINT('',(5.022747878929E0,7.219213647135E0,
-9.900296166805E-1));
#1831=CARTESIAN_POINT('',(5.215469604480E0,7.046155376486E0,
-9.691345575415E-1));
#1832=CARTESIAN_POINT('',(5.455948111935E0,6.933513475866E0,
-9.484873292725E-1));
#1833=CARTESIAN_POINT('',(5.628666669006E0,6.908327161241E0,
-9.335562233180E-1));
#1834=CARTESIAN_POINT('',(5.714981699047E0,6.908327161241E0,
-9.267039716458E-1));
#1836=CARTESIAN_POINT('',(6.248230366722E0,8.514499006345E0,-1.200000114173E0));
#1837=CARTESIAN_POINT('',(6.198417859808E0,8.551674064211E0,-1.194949967534E0));
#1838=CARTESIAN_POINT('',(6.090234268997E0,8.616249044113E0,-1.185245715412E0));
#1839=CARTESIAN_POINT('',(5.906957014788E0,8.677681389895E0,-1.169397729625E0));
#1840=CARTESIAN_POINT('',(5.779121482563E0,8.691670594770E0,-1.158801456823E0));
#1841=CARTESIAN_POINT('',(5.715018766170E0,8.691670594770E0,-1.153493578430E0));
#1843=CARTESIAN_POINT('',(4.817971227159E0,8.423055789197E0,-1.200033060548E0));
#1844=CARTESIAN_POINT('',(4.884318981267E0,8.498547967471E0,-1.200033060548E0));
#1845=CARTESIAN_POINT('',(5.029954425816E0,8.623807774952E0,-1.199984656218E0));
#1846=CARTESIAN_POINT('',(5.287091699431E0,8.744575254664E0,-1.200004112398E0));
#1847=CARTESIAN_POINT('',(5.556887116742E0,8.791531839615E0,-1.199998894173E0));
#1848=CARTESIAN_POINT('',(5.820703042670E0,8.764660976437E0,-1.200000310893E0));
#1849=CARTESIAN_POINT('',(6.059834874244E0,8.669327411561E0,-1.199999862237E0));
#1850=CARTESIAN_POINT('',(6.189745029360E0,8.572465956448E0,-1.200000114173E0));
#1851=CARTESIAN_POINT('',(6.248230366722E0,8.514499006345E0,-1.200000114173E0));
#1853=CARTESIAN_POINT('',(5.715E0,6.759977852179E0,-1.055178521802E-1));
#1854=CARTESIAN_POINT('',(5.796328837950E0,6.756371823867E0,
-1.019118238680E-1));
#1855=CARTESIAN_POINT('',(5.959487344272E0,6.768502920087E0,
-9.482996789419E-2));
#1856=CARTESIAN_POINT('',(6.191772301943E0,6.841671685903E0,
-8.437586952770E-2));
#1857=CARTESIAN_POINT('',(6.401734216289E0,6.965576847306E0,
-7.401795911357E-2));
#1858=CARTESIAN_POINT('',(6.579028029835E0,7.133719136673E0,
-6.363726179881E-2));
#1859=CARTESIAN_POINT('',(6.670059775110E0,7.270889099982E0,
-5.679501168965E-2));
#1860=CARTESIAN_POINT('',(6.707449023571E0,7.343992017753E0,
-5.334197903586E-2));
#1862=CARTESIAN_POINT('',(5.715031845481E0,8.696255103277E0,
-2.492768698277E-1));
#1863=CARTESIAN_POINT('',(5.629988839664E0,8.700515155365E0,
-2.450168177392E-1));
#1864=CARTESIAN_POINT('',(5.456669449189E0,8.684982396542E0,
-2.362425950987E-1));
#1865=CARTESIAN_POINT('',(5.208037322008E0,8.586010901065E0,
-2.231822336329E-1));
#1866=CARTESIAN_POINT('',(4.994384198791E0,8.417583414186E0,
-2.096675236408E-1));
#1867=CARTESIAN_POINT('',(4.837339391325E0,8.192275468818E0,
-1.970795911296E-1));
#1868=CARTESIAN_POINT('',(4.749080742692E0,7.934142394687E0,
-1.834270734020E-1));
#1869=CARTESIAN_POINT('',(4.737007684868E0,7.653375429826E0,
-1.698786868006E-1));
#1870=CARTESIAN_POINT('',(4.806117365240E0,7.382399606395E0,
-1.584997976213E-1));
#1871=CARTESIAN_POINT('',(4.948591249670E0,7.134540091826E0,
-1.442966318305E-1));
#1872=CARTESIAN_POINT('',(5.161364118985E0,6.934420145324E0,
-1.319432867932E-1));
#1873=CARTESIAN_POINT('',(5.422396061270E0,6.800752938849E0,
-1.181964528539E-1));
#1874=CARTESIAN_POINT('',(5.616803562599E0,6.764331770695E0,
-1.098717706960E-1));
#1875=CARTESIAN_POINT('',(5.715E0,6.759977852179E0,-1.055178521802E-1));
#1877=CARTESIAN_POINT('',(5.806503794291E0,8.686843780109E0,
-2.539793379938E-1));
#1878=CARTESIAN_POINT('',(5.796389416864E0,8.688424198174E0,
-2.534453611965E-1));
#1879=CARTESIAN_POINT('',(5.776129033897E0,8.691276975556E0,
-2.523476743723E-1));
#1880=CARTESIAN_POINT('',(5.745586948688E0,8.694413611452E0,
-2.507804509373E-1));
#1881=CARTESIAN_POINT('',(5.725233479590E0,8.695744073683E0,
-2.497878994212E-1));
#1882=CARTESIAN_POINT('',(5.715031845481E0,8.696255103277E0,
-2.492768698277E-1));
#1884=CARTESIAN_POINT('',(6.606561750876E0,7.799997002280E0,
-3.599325345142E-1));
#1885=CARTESIAN_POINT('',(6.606561750876E0,7.868513314553E0,
-3.544817186030E-1));
#1886=CARTESIAN_POINT('',(6.591452051155E0,8.008075729459E0,
-3.430501244287E-1));
#1887=CARTESIAN_POINT('',(6.510265167169E0,8.222915862143E0,
-3.249066476413E-1));
#1888=CARTESIAN_POINT('',(6.388756582955E0,8.396149313483E0,
-3.076079381013E-1));
#1889=CARTESIAN_POINT('',(6.227209394675E0,8.541339539890E0,
-2.903284534678E-1));
#1890=CARTESIAN_POINT('',(6.021608255556E0,8.647381422481E0,
-2.715639088123E-1));
#1891=CARTESIAN_POINT('',(5.878409962345E0,8.679424803208E0,
-2.599353995384E-1));
#1892=CARTESIAN_POINT('',(5.806503794291E0,8.686843780109E0,
-2.539793379938E-1));
#1894=CARTESIAN_POINT('',(5.714999999998E0,6.908459999999E0,
-3.101526415478E-1));
#1895=CARTESIAN_POINT('',(5.797050260054E0,6.908366578159E0,
-3.035217683020E-1));
#1896=CARTESIAN_POINT('',(5.958995559821E0,6.929654257014E0,
-2.904136417343E-1));
#1897=CARTESIAN_POINT('',(6.179913193941E0,7.027638499682E0,
-2.710668654682E-1));
#1898=CARTESIAN_POINT('',(6.298428042825E0,7.123270628303E0,
-2.587972738837E-1));
#1899=CARTESIAN_POINT('',(6.340647939920E0,7.164856562333E0,
-2.539989897827E-1));
#1901=DIRECTION('',(1.739149064112E-5,1.241777631701E-4,9.999999921387E-1));
#1902=VECTOR('',#1901,1.631753268204E-1);
#1903=CARTESIAN_POINT('',(5.714997162135E0,6.908439737251E0,
-4.733279670854E-1));
#1904=LINE('',#1903,#1902);
#1905=CARTESIAN_POINT('',(5.714999052524E0,8.892208135988E0,
-4.211013407987E-1));
#1906=CARTESIAN_POINT('',(5.620472028214E0,8.892208135988E0,
-4.147449061900E-1));
#1907=CARTESIAN_POINT('',(5.432487160443E0,8.867069286472E0,
-4.023875216715E-1));
#1908=CARTESIAN_POINT('',(5.177440593744E0,8.764272660146E0,
-3.845995064206E-1));
#1909=CARTESIAN_POINT('',(4.947318156730E0,8.594376886043E0,
-3.653537526913E-1));
#1910=CARTESIAN_POINT('',(4.764694538849E0,8.366050190344E0,
-3.466355166054E-1));
#1911=CARTESIAN_POINT('',(4.645635708718E0,8.081237382665E0,
-3.252921246437E-1));
#1912=CARTESIAN_POINT('',(4.611795937827E0,7.801126465090E0,
-3.093308314853E-1));
#1913=CARTESIAN_POINT('',(4.644006663978E0,7.532760566194E0,
-2.896164408566E-1));
#1914=CARTESIAN_POINT('',(4.747524149674E0,7.266952689925E0,
-2.709901767666E-1));
#1915=CARTESIAN_POINT('',(4.917140920961E0,7.035394552894E0,
-2.525644494297E-1));
#1916=CARTESIAN_POINT('',(5.148859527449E0,6.850730414270E0,
-2.329663532346E-1));
#1917=CARTESIAN_POINT('',(5.417019841655E0,6.735660816216E0,
-2.142046765769E-1));
#1918=CARTESIAN_POINT('',(5.615151255549E0,6.707799999999E0,
-2.008416195127E-1));
#1919=CARTESIAN_POINT('',(5.715E0,6.707799999999E0,-1.943015365320E-1));
#1921=CARTESIAN_POINT('',(5.715002788919E0,6.707775720594E0,
-6.479150296846E-1));
#1922=CARTESIAN_POINT('',(5.807095844749E0,6.707775720594E0,
-6.418091780612E-1));
#1923=CARTESIAN_POINT('',(5.991634036060E0,6.731488771523E0,
-6.290669669767E-1));
#1924=CARTESIAN_POINT('',(6.249025688132E0,6.833556738786E0,
-6.118484644757E-1));
#1925=CARTESIAN_POINT('',(6.479516535562E0,7.002836676583E0,
-5.922511381700E-1));
#1926=CARTESIAN_POINT('',(6.660699363687E0,7.227213168089E0,
-5.741560891895E-1));
#1927=CARTESIAN_POINT('',(6.781343669035E0,7.507293359809E0,
-5.532254131547E-1));
#1928=CARTESIAN_POINT('',(6.819091697831E0,7.793438559710E0,
-5.351799008467E-1));
#1929=CARTESIAN_POINT('',(6.785330391499E0,8.073281471008E0,
-5.163985556014E-1));
#1930=CARTESIAN_POINT('',(6.677044346117E0,8.342610847599E0,
-4.972668668517E-1));
#1931=CARTESIAN_POINT('',(6.508313202918E0,8.568677875659E0,
-4.789269376667E-1));
#1932=CARTESIAN_POINT('',(6.277569942368E0,8.751536911021E0,
-4.596304546021E-1));
#1933=CARTESIAN_POINT('',(6.007104918139E0,8.865879207774E0,
-4.402882190035E-1));
#1934=CARTESIAN_POINT('',(5.812429164733E0,8.892208135988E0,
-4.276529924738E-1));
#1935=CARTESIAN_POINT('',(5.714999052524E0,8.892208135988E0,
-4.211013407987E-1));
#1937=CARTESIAN_POINT('',(5.714998004901E0,8.892217807235E0,
-8.746895285232E-1));
#1938=CARTESIAN_POINT('',(5.619375206089E0,8.892217807235E0,
-8.685053380254E-1));
#1939=CARTESIAN_POINT('',(5.429460895320E0,8.866616371148E0,
-8.551892781583E-1));
#1940=CARTESIAN_POINT('',(5.170833121715E0,8.760852985530E0,
-8.378067641863E-1));
#1941=CARTESIAN_POINT('',(4.942373042742E0,8.589119165211E0,
-8.183159849076E-1));
#1942=CARTESIAN_POINT('',(4.764725170848E0,8.364835236239E0,
-8.003548380845E-1));
#1943=CARTESIAN_POINT('',(4.646281004471E0,8.084292749233E0,
-7.794721140772E-1));
#1944=CARTESIAN_POINT('',(4.610784895366E0,7.796097810346E0,
-7.612963009231E-1));
#1945=CARTESIAN_POINT('',(4.647395735009E0,7.516690395356E0,
-7.424897071728E-1));
#1946=CARTESIAN_POINT('',(4.757560953541E0,7.249152332749E0,
-7.234717723814E-1));
#1947=CARTESIAN_POINT('',(4.929884505237E0,7.022669427001E0,
-7.049743899690E-1));
#1948=CARTESIAN_POINT('',(5.163415798271E0,6.842084061197E0,
-6.855090845738E-1));
#1949=CARTESIAN_POINT('',(5.433087834456E0,6.731889845744E0,
-6.664547079892E-1));
#1950=CARTESIAN_POINT('',(5.621630918330E0,6.707775720594E0,
-6.541056678655E-1));
#1951=CARTESIAN_POINT('',(5.715002788919E0,6.707775720594E0,
-6.479150296846E-1));
#1953=CARTESIAN_POINT('',(5.715019209163E0,6.707636956505E0,-1.101727343168E0));
#1954=CARTESIAN_POINT('',(5.807620002454E0,6.707636956505E0,-1.095440766115E0));
#1955=CARTESIAN_POINT('',(5.992974461078E0,6.731730119395E0,-1.082482272505E0));
#1956=CARTESIAN_POINT('',(6.252090710314E0,6.835135032648E0,-1.064795196397E0));
#1957=CARTESIAN_POINT('',(6.480518506853E0,7.004401458411E0,-1.045968079927E0));
#1958=CARTESIAN_POINT('',(6.658930388962E0,7.224472148258E0,-1.027647402369E0));
#1959=CARTESIAN_POINT('',(6.782380909580E0,7.508344074334E0,-1.007278134169E0));
#1960=CARTESIAN_POINT('',(6.819593265340E0,7.802407708832E0,
-9.879439626603E-1));
#1961=CARTESIAN_POINT('',(6.782445691879E0,8.084127281861E0,
-9.692609495735E-1));
#1962=CARTESIAN_POINT('',(6.672239868163E0,8.350778497782E0,
-9.502873812254E-1));
#1963=CARTESIAN_POINT('',(6.502268221245E0,8.574704018363E0,
-9.319848820554E-1));
#1964=CARTESIAN_POINT('',(6.271950964412E0,8.754577638886E0,
-9.126302436962E-1));
#1965=CARTESIAN_POINT('',(6.003472927234E0,8.866580873859E0,
-8.938095997345E-1));
#1966=CARTESIAN_POINT('',(5.811150529699E0,8.892217807235E0,
-8.809079778636E-1));
#1967=CARTESIAN_POINT('',(5.714998004901E0,8.892217807235E0,
-8.746895285232E-1));
#1969=CARTESIAN_POINT('',(4.645785661377E0,7.577105921203E0,-1.200000184176E0));
#1970=CARTESIAN_POINT('',(4.665601194820E0,7.482051562685E0,-1.193525971595E0));
#1971=CARTESIAN_POINT('',(4.730378013790E0,7.295973277414E0,-1.180603783913E0));
#1972=CARTESIAN_POINT('',(4.906658791837E0,7.045742995715E0,-1.160863904981E0));
#1973=CARTESIAN_POINT('',(5.132775274641E0,6.859844212211E0,-1.141015511390E0));
#1974=CARTESIAN_POINT('',(5.416676767461E0,6.734437989960E0,-1.120632909318E0));
#1975=CARTESIAN_POINT('',(5.615748272484E0,6.707636956505E0,-1.108466749714E0));
#1976=CARTESIAN_POINT('',(5.715019209163E0,6.707636956505E0,-1.101727343168E0));
#1978=CARTESIAN_POINT('',(5.715E0,7.799999999999E0,-1.199999999997E0));
#1979=DIRECTION('',(0.E0,0.E0,-1.E0));
#1980=DIRECTION('',(-1.E0,0.E0,0.E0));
#1981=AXIS2_PLACEMENT_3D('',#1978,#1979,#1980);
#1983=CARTESIAN_POINT('',(5.715E0,7.799999999999E0,-1.199999999997E0));
#1984=DIRECTION('',(0.E0,0.E0,-1.E0));
#1985=DIRECTION('',(1.E0,0.E0,0.E0));
#1986=AXIS2_PLACEMENT_3D('',#1983,#1984,#1985);
#1988=CARTESIAN_POINT('',(5.715E0,7.799999999999E0,-1.199999999997E0));
#1989=DIRECTION('',(0.E0,0.E0,-1.E0));
#1990=DIRECTION('',(0.E0,1.E0,0.E0));
#1991=AXIS2_PLACEMENT_3D('',#1988,#1989,#1990);
#1993=CARTESIAN_POINT('',(5.715E0,7.799999999999E0,-1.199999999997E0));
#1994=DIRECTION('',(0.E0,0.E0,1.E0));
#1995=DIRECTION('',(2.372934720226E-1,-9.714380104440E-1,0.E0));
#1996=AXIS2_PLACEMENT_3D('',#1993,#1994,#1995);
#1998=CARTESIAN_POINT('',(4.645785661377E0,7.577105921203E0,-1.200000184176E0));
#1999=CARTESIAN_POINT('',(4.676641627173E0,7.484150990325E0,-1.200000184176E0));
#2000=CARTESIAN_POINT('',(4.759283808528E0,7.315261564142E0,-1.200000090590E0));
#2001=CARTESIAN_POINT('',(4.944108641459E0,7.103908196899E0,-1.199999406654E0));
#2002=CARTESIAN_POINT('',(5.172545146264E0,6.954041802952E0,-1.200002282778E0));
#2003=CARTESIAN_POINT('',(5.426070163015E0,6.872392338089E0,-1.199991462219E0));
#2004=CARTESIAN_POINT('',(5.687077142223E0,6.863820332126E0,-1.200031868330E0));
#2005=CARTESIAN_POINT('',(5.848224628933E0,6.902106159013E0,-1.199931332405E0));
#2006=CARTESIAN_POINT('',(5.926541512230E0,6.933961304131E0,-1.199931332405E0));
#2008=CARTESIAN_POINT('',(5.715E0,7.799999999999E0,-1.199999999997E0));
#2009=DIRECTION('',(0.E0,0.E0,1.E0));
#2010=DIRECTION('',(-8.213177138887E-1,5.704710447101E-1,0.E0));
#2011=AXIS2_PLACEMENT_3D('',#2008,#2009,#2010);
#2013=DIRECTION('',(0.E0,0.E0,1.E0));
#2014=VECTOR('',#2013,5.999999999840E-1);
#2015=CARTESIAN_POINT('',(4.191E0,7.799999999999E0,-1.199999999997E0));
#2016=LINE('',#2015,#2014);
#2017=DIRECTION('',(0.E0,0.E0,1.E0));
#2018=VECTOR('',#2017,5.999999999840E-1);
#2019=CARTESIAN_POINT('',(7.239E0,7.799999999999E0,-1.199999999997E0));
#2020=LINE('',#2019,#2018);
#2021=CARTESIAN_POINT('',(5.926541512230E0,6.933961304131E0,-1.199931332405E0));
#2022=CARTESIAN_POINT('',(6.014320348469E0,6.955403068400E0,-1.192215840105E0));
#2023=CARTESIAN_POINT('',(6.183055627348E0,7.024520617153E0,-1.178325960910E0));
#2024=CARTESIAN_POINT('',(6.395521096173E0,7.203494653892E0,-1.155793794685E0));
#2025=CARTESIAN_POINT('',(6.537153676876E0,7.423723508666E0,-1.134909269002E0));
#2026=CARTESIAN_POINT('',(6.608273620399E0,7.671960403726E0,-1.114174633247E0));
#2027=CARTESIAN_POINT('',(6.610972190980E0,7.902714957408E0,-1.095664630692E0));
#2028=CARTESIAN_POINT('',(6.549680097041E0,8.148605162715E0,-1.075332970847E0));
#2029=CARTESIAN_POINT('',(6.410054001823E0,8.379392076359E0,-1.053756714682E0));
#2030=CARTESIAN_POINT('',(6.210430289069E0,8.557214549187E0,-1.032314379157E0));
#2031=CARTESIAN_POINT('',(5.965558151564E0,8.668923865974E0,-1.010808665394E0));
#2032=CARTESIAN_POINT('',(5.797437102381E0,8.691554500596E0,
-9.970933486161E-1));
#2033=CARTESIAN_POINT('',(5.714998001519E0,8.691554500596E0,
-9.905349051489E-1));
#2035=CARTESIAN_POINT('',(5.714998001519E0,8.691554500596E0,
-9.905349051489E-1));
#2036=CARTESIAN_POINT('',(5.629044379059E0,8.691554500596E0,
-9.836968638818E-1));
#2037=CARTESIAN_POINT('',(5.459278719495E0,8.666106200512E0,
-9.697286481141E-1));
#2038=CARTESIAN_POINT('',(5.235599001313E0,8.564938583882E0,
-9.501229627128E-1));
#2039=CARTESIAN_POINT('',(5.041816436426E0,8.403130080864E0,
-9.298385462806E-1));
#2040=CARTESIAN_POINT('',(4.896625939188E0,8.184872350990E0,
-9.088431844353E-1));
#2041=CARTESIAN_POINT('',(4.819945330879E0,7.931578361018E0,
-8.876628930327E-1));
#2042=CARTESIAN_POINT('',(4.821369186579E0,7.667748391385E0,
-8.665069160522E-1));
#2043=CARTESIAN_POINT('',(4.890149777033E0,7.433622347581E0,
-8.469489993846E-1));
#2044=CARTESIAN_POINT('',(5.022172600140E0,7.219976787562E0,
-8.268075186105E-1));
#2045=CARTESIAN_POINT('',(5.213561284973E0,7.047858165238E0,
-8.061659646045E-1));
#2046=CARTESIAN_POINT('',(5.450172542207E0,6.935213021750E0,
-7.851396940049E-1));
#2047=CARTESIAN_POINT('',(5.626176912686E0,6.908440261799E0,
-7.709695339631E-1));
#2048=CARTESIAN_POINT('',(5.715002776249E0,6.908440261799E0,
-7.637582669810E-1));
#2050=DIRECTION('',(-1.274227734866E-4,-7.124146332061E-4,9.999997381144E-1));
#2051=VECTOR('',#2050,1.629587159574E-1);
#2052=CARTESIAN_POINT('',(5.715018766170E0,8.691670594770E0,-1.153493578430E0));
#2053=LINE('',#2052,#2051);
#2054=DIRECTION('',(1.293510392894E-4,6.940994841088E-4,9.999997507471E-1));
#2055=VECTOR('',#2054,1.629457452794E-1);
#2056=CARTESIAN_POINT('',(5.714981699047E0,6.908327161241E0,
-9.267039716458E-1));
#2057=LINE('',#2056,#2055);
#2058=CARTESIAN_POINT('',(5.715002776249E0,6.908440261799E0,
-7.637582669810E-1));
#2059=CARTESIAN_POINT('',(5.800945216326E0,6.908440261799E0,
-7.567810887626E-1));
#2060=CARTESIAN_POINT('',(5.970726109273E0,6.933896230231E0,
-7.430032956340E-1));
#2061=CARTESIAN_POINT('',(6.194399704918E0,7.035060764907E0,
-7.233210733577E-1));
#2062=CARTESIAN_POINT('',(6.388183909878E0,7.196870093217E0,
-7.030571704668E-1));
#2063=CARTESIAN_POINT('',(6.533373969362E0,7.415127603879E0,
-6.820562913310E-1));
#2064=CARTESIAN_POINT('',(6.610054688616E0,7.668421645405E0,
-6.608775555491E-1));
#2065=CARTESIAN_POINT('',(6.608630826892E0,7.932251628038E0,
-6.397208733765E-1));
#2066=CARTESIAN_POINT('',(6.539850149589E0,8.166377568289E0,
-6.201642218564E-1));
#2067=CARTESIAN_POINT('',(6.407827679899E0,8.380023529516E0,
-6.000183856845E-1));
#2068=CARTESIAN_POINT('',(6.216437668245E0,8.552140650559E0,
-5.793929881225E-1));
#2069=CARTESIAN_POINT('',(5.979831364879E0,8.664791397966E0,
-5.583064471443E-1));
#2070=CARTESIAN_POINT('',(5.803814668633E0,8.691550214987E0,
-5.442862371495E-1));
#2071=CARTESIAN_POINT('',(5.714998539925E0,8.691550214987E0,
-5.369560468027E-1));
#2073=CARTESIAN_POINT('',(5.714998539925E0,8.691550214987E0,
-5.369560468027E-1));
#2074=CARTESIAN_POINT('',(5.629065518694E0,8.691550214987E0,
-5.298638056540E-1));
#2075=CARTESIAN_POINT('',(5.459268908520E0,8.666108189540E0,
-5.162786418467E-1));
#2076=CARTESIAN_POINT('',(5.235601630272E0,8.564938050698E0,
-4.965190005619E-1));
#2077=CARTESIAN_POINT('',(5.041815731568E0,8.403130224573E0,
-4.762758297230E-1));
#2078=CARTESIAN_POINT('',(4.896626129663E0,8.184872309337E0,
-4.552694413879E-1));
#2079=CARTESIAN_POINT('',(4.819945273839E0,7.931578383923E0,
-4.340920103511E-1));
#2080=CARTESIAN_POINT('',(4.821369224262E0,7.667748341417E0,
-4.129356183975E-1));
#2081=CARTESIAN_POINT('',(4.890149683338E0,7.433622524547E0,
-3.933765012565E-1));
#2082=CARTESIAN_POINT('',(5.022172937237E0,7.219976129669E0,
-3.732402373491E-1));
#2083=CARTESIAN_POINT('',(5.213560030279E0,7.047860619848E0,
-3.525790163498E-1));
#2084=CARTESIAN_POINT('',(5.450177223884E0,6.935203861205E0,
-3.316261968565E-1));
#2085=CARTESIAN_POINT('',(5.626166825236E0,6.908459999999E0,
-3.172732785266E-1));
#2086=CARTESIAN_POINT('',(5.714999999998E0,6.908459999999E0,
-3.101526415478E-1));
#2088=DIRECTION('',(-2.163985343416E-5,-2.624811807680E-5,9.999999994214E-1));
#2089=VECTOR('',#2088,1.631676243562E-1);
#2090=CARTESIAN_POINT('',(5.715002070849E0,8.691554497830E0,
-7.001236710645E-1));
#2091=LINE('',#2090,#2089);
#2092=CARTESIAN_POINT('',(4.817971227159E0,8.423055789197E0,-1.200033060548E0));
#2093=CARTESIAN_POINT('',(4.758311678428E0,8.337162833490E0,-1.193122047853E0));
#2094=CARTESIAN_POINT('',(4.667154650236E0,8.153253428903E0,-1.179641986119E0));
#2095=CARTESIAN_POINT('',(4.613430259560E0,7.868332680118E0,-1.160655388425E0));
#2096=CARTESIAN_POINT('',(4.629698934777E0,7.598087467208E0,-1.142896739731E0));
#2097=CARTESIAN_POINT('',(4.719384682716E0,7.318017642676E0,-1.123626378801E0));
#2098=CARTESIAN_POINT('',(4.891397102081E0,7.059955912092E0,-1.103356824121E0));
#2099=CARTESIAN_POINT('',(5.137066919701E0,6.854973303359E0,-1.082347516932E0));
#2100=CARTESIAN_POINT('',(5.427606962758E0,6.731827197085E0,-1.061951809256E0));
#2101=CARTESIAN_POINT('',(5.621093614987E0,6.707634887099E0,-1.048555280622E0));
#2102=CARTESIAN_POINT('',(5.714981517027E0,6.707634887099E0,-1.042499069492E0));
#2104=DIRECTION('',(-6.363874315554E-4,-3.493949030235E-5,9.999997968951E-1));
#2105=VECTOR('',#2104,5.922828570529E-2);
#2106=CARTESIAN_POINT('',(5.715019209163E0,6.707636956505E0,-1.101727343168E0));
#2107=LINE('',#2106,#2105);
#2108=CARTESIAN_POINT('',(5.714981517027E0,6.707634887099E0,-1.042499069492E0));
#2109=CARTESIAN_POINT('',(5.811306567432E0,6.707634887099E0,-1.036285650833E0));
#2110=CARTESIAN_POINT('',(6.001871230760E0,6.733882892206E0,-1.023888953125E0));
#2111=CARTESIAN_POINT('',(6.258212412070E0,6.838882727396E0,-1.005636345450E0));
#2112=CARTESIAN_POINT('',(6.484820295111E0,7.008438002612E0,
-9.870987132292E-1));
#2113=CARTESIAN_POINT('',(6.662577172521E0,7.230676700769E0,
-9.684325810810E-1));
#2114=CARTESIAN_POINT('',(6.782841783900E0,7.511717237322E0,
-9.484299440979E-1));
#2115=CARTESIAN_POINT('',(6.819322523456E0,7.801778082689E0,
-9.292796897614E-1));
#2116=CARTESIAN_POINT('',(6.783068084923E0,8.080470740131E0,
-9.108540326719E-1));
#2117=CARTESIAN_POINT('',(6.676093279790E0,8.343114059444E0,
-8.922720690224E-1));
#2118=CARTESIAN_POINT('',(6.511031025522E0,8.565422761285E0,
-8.741088359018E-1));
#2119=CARTESIAN_POINT('',(6.282840004543E0,8.748382823909E0,
-8.549507679729E-1));
#2120=CARTESIAN_POINT('',(6.011668072807E0,8.864882400565E0,
-8.355474493515E-1));
#2121=CARTESIAN_POINT('',(5.814283023668E0,8.892217808996E0,
-8.226774428087E-1));
#2122=CARTESIAN_POINT('',(5.715002084680E0,8.892217808996E0,
-8.159690398457E-1));
#2124=CARTESIAN_POINT('',(5.715002084680E0,8.892217808996E0,
-8.159690398457E-1));
#2125=CARTESIAN_POINT('',(5.618696445470E0,8.892217808996E0,
-8.094616775867E-1));
#2126=CARTESIAN_POINT('',(5.428127370958E0,8.866185471777E0,
-7.971209950475E-1));
#2127=CARTESIAN_POINT('',(5.171787962564E0,8.761098954505E0,
-7.788458728759E-1));
#2128=CARTESIAN_POINT('',(4.945179604637E0,8.591566905784E0,
-7.603142758897E-1));
#2129=CARTESIAN_POINT('',(4.767422853854E0,8.369321983727E0,
-7.416465172990E-1));
#2130=CARTESIAN_POINT('',(4.647158210851E0,8.088283116277E0,
-7.216443508510E-1));
#2131=CARTESIAN_POINT('',(4.610677471161E0,7.798221818398E0,
-7.024938408170E-1));
#2132=CARTESIAN_POINT('',(4.646931941858E0,7.519529301903E0,
-6.840687359822E-1));
#2133=CARTESIAN_POINT('',(4.753906618470E0,7.256885871312E0,
-6.654848190113E-1));
#2134=CARTESIAN_POINT('',(4.918969354655E0,7.034577473635E0,
-6.473288469214E-1));
#2135=CARTESIAN_POINT('',(5.147158576485E0,6.851616305633E0,
-6.281436881910E-1));
#2136=CARTESIAN_POINT('',(5.418337222900E0,6.735120846328E0,
-6.088414717451E-1));
#2137=CARTESIAN_POINT('',(5.615705565663E0,6.707775195214E0,
-5.957199199353E-1));
#2138=CARTESIAN_POINT('',(5.714997165622E0,6.707775195214E0,
-5.891712029415E-1));
#2140=DIRECTION('',(6.947793813204E-5,2.999110941501E-8,9.999999975864E-1));
#2141=VECTOR('',#2140,5.872048881920E-2);
#2142=CARTESIAN_POINT('',(5.714998004901E0,8.892217807235E0,
-8.746895285232E-1));
#2143=LINE('',#2142,#2141);
#2144=DIRECTION('',(-9.572574725503E-5,-8.943563623686E-6,9.999999953783E-1));
#2145=VECTOR('',#2144,5.874382701456E-2);
#2146=CARTESIAN_POINT('',(5.715002788919E0,6.707775720594E0,
-6.479150296846E-1));
#2147=LINE('',#2146,#2145);
#2148=CARTESIAN_POINT('',(5.714997165622E0,6.707775195214E0,
-5.891712029415E-1));
#2149=CARTESIAN_POINT('',(5.811313146309E0,6.707775195214E0,
-5.828187411044E-1));
#2150=CARTESIAN_POINT('',(6.001868177477E0,6.733817774992E0,
-5.702690174197E-1));
#2151=CARTESIAN_POINT('',(6.258213230243E0,6.838900175472E0,
-5.520779135823E-1));
#2152=CARTESIAN_POINT('',(6.484820075698E0,7.008433327523E0,
-5.335238049777E-1));
#2153=CARTESIAN_POINT('',(6.662577231997E0,7.230677953050E0,
-5.148620745264E-1));
#2154=CARTESIAN_POINT('',(6.782841765411E0,7.511716903290E0,
-4.948583071393E-1));
#2155=CARTESIAN_POINT('',(6.819322537936E0,7.801778166539E0,
-4.757081727222E-1));
#2156=CARTESIAN_POINT('',(6.783068045490E0,8.080470738766E0,
-4.572831663591E-1));
#2157=CARTESIAN_POINT('',(6.676093423041E0,8.343113981056E0,
-4.386984798846E-1));
#2158=CARTESIAN_POINT('',(6.511030491951E0,8.565423076205E0,
-4.205454873373E-1));
#2159=CARTESIAN_POINT('',(6.282841995579E0,8.748381642621E0,
-4.013491799402E-1));
#2160=CARTESIAN_POINT('',(6.011660642236E0,8.864886810799E0,
-3.820885786184E-1));
#2161=CARTESIAN_POINT('',(5.814299034309E0,8.892208305976E0,
-3.688634855886E-1));
#2162=CARTESIAN_POINT('',(5.715000934256E0,8.892208305976E0,
-3.624140792171E-1));
#2164=CARTESIAN_POINT('',(5.715000934256E0,8.892208305976E0,
-3.624140792171E-1));
#2165=CARTESIAN_POINT('',(5.618678648273E0,8.892208305976E0,
-3.561579518128E-1));
#2166=CARTESIAN_POINT('',(5.428135630659E0,8.866189882120E0,
-3.434253250760E-1));
#2167=CARTESIAN_POINT('',(5.171785749404E0,8.761097772833E0,
-3.253077350082E-1));
#2168=CARTESIAN_POINT('',(4.945180197572E0,8.591567222128E0,
-3.067339259032E-1));
#2169=CARTESIAN_POINT('',(4.767422695273E0,8.369321900023E0,
-2.880774836841E-1));
#2170=CARTESIAN_POINT('',(4.647158252240E0,8.088283134751E0,
-2.680722638687E-1));
#2171=CARTESIAN_POINT('',(4.610677464189E0,7.798221828207E0,
-2.489226509325E-1));
#2172=CARTESIAN_POINT('',(4.646931928356E0,7.519529244194E0,
-2.304970110740E-1));
#2173=CARTESIAN_POINT('',(4.753906679447E0,7.256886092340E0,
-2.119143371003E-1));
#2174=CARTESIAN_POINT('',(4.918969124250E0,7.034576647233E0,
-1.937539280454E-1));
#2175=CARTESIAN_POINT('',(5.147159437127E0,6.851619390216E0,
-1.745852741778E-1));
#2176=CARTESIAN_POINT('',(5.418334010737E0,6.735109334396E0,
-1.552214752455E-1));
#2177=CARTESIAN_POINT('',(5.615712486949E0,6.707799999999E0,
-1.422531401574E-1));
#2178=CARTESIAN_POINT('',(5.715E0,6.707799999999E0,-1.356427491823E-1));
#2180=DIRECTION('',(3.206370819819E-5,2.896506341654E-6,9.999999994818E-1));
#2181=VECTOR('',#2180,5.868726161203E-2);
#2182=CARTESIAN_POINT('',(5.714999052524E0,8.892208135988E0,
-4.211013407987E-1));
#2183=LINE('',#2182,#2181);
#2184=DIRECTION('',(7.570719237727E-12,0.E0,1.E0));
#2185=VECTOR('',#2184,5.865878734970E-2);
#2186=CARTESIAN_POINT('',(5.715E0,6.707799999999E0,-1.943015365320E-1));
#2187=LINE('',#2186,#2185);
#2188=CARTESIAN_POINT('',(6.728492319506E0,8.207054337332E0,
-5.330755686558E-2));
#2189=CARTESIAN_POINT('',(6.762497917455E0,8.122386966380E0,
-5.921835737290E-2));
#2190=CARTESIAN_POINT('',(6.806874933690E0,7.948279133080E0,
-7.123482010799E-2));
#2191=CARTESIAN_POINT('',(6.812390973051E0,7.703937305721E0,
-8.718938291298E-2));
#2192=CARTESIAN_POINT('',(6.760551688947E0,7.450458997575E0,
-1.042123910131E-1));
#2193=CARTESIAN_POINT('',(6.650371397764E0,7.216105197567E0,
-1.211742462667E-1));
#2194=CARTESIAN_POINT('',(6.480398560719E0,7.004475663412E0,
-1.390087006217E-1));
#2195=CARTESIAN_POINT('',(6.252058854979E0,6.834496390234E0,
-1.576620061025E-1));
#2196=CARTESIAN_POINT('',(5.984060047588E0,6.729110634982E0,
-1.765232517146E-1));
#2197=CARTESIAN_POINT('',(5.803623042838E0,6.707799999999E0,
-1.884967359073E-1));
#2198=CARTESIAN_POINT('',(5.715E0,6.707799999999E0,-1.943015365320E-1));
#2200=CARTESIAN_POINT('',(5.715E0,6.707799999999E0,-1.356427491823E-1));
#2201=CARTESIAN_POINT('',(5.764494437297E0,6.707753777385E0,
-1.323741817492E-1));
#2202=CARTESIAN_POINT('',(5.861940802518E0,6.714251267685E0,
-1.259295502515E-1));
#2203=CARTESIAN_POINT('',(6.066959168010E0,6.756453623442E0,
-1.121301864431E-1));
#2204=CARTESIAN_POINT('',(6.320580509131E0,6.870061918593E0,
-9.397601526800E-2));
#2205=CARTESIAN_POINT('',(6.562039299048E0,7.087192162818E0,
-7.276431684869E-2));
#2206=CARTESIAN_POINT('',(6.669885825684E0,7.262352249592E0,
-5.928133255974E-2));
#2207=CARTESIAN_POINT('',(6.707449023571E0,7.343992017753E0,
-5.334197903586E-2));
#2209=DIRECTION('',(0.E0,0.E0,1.E0));
#2210=VECTOR('',#2209,2.4E0);
#2211=CARTESIAN_POINT('',(-6.31E0,0.E0,0.E0));
#2212=LINE('',#2211,#2210);
#2213=DIRECTION('',(0.E0,0.E0,1.E0));
#2214=VECTOR('',#2213,2.4E0);
#2215=CARTESIAN_POINT('',(6.31E0,0.E0,0.E0));
#2216=LINE('',#2215,#2214);
#2217=CARTESIAN_POINT('',(0.E0,0.E0,2.4E0));
#2218=DIRECTION('',(0.E0,0.E0,1.E0));
#2219=DIRECTION('',(-1.E0,0.E0,0.E0));
#2220=AXIS2_PLACEMENT_3D('',#2217,#2218,#2219);
#2222=CARTESIAN_POINT('',(0.E0,0.E0,2.4E0));
#2223=DIRECTION('',(0.E0,0.E0,1.E0));
#2224=DIRECTION('',(1.E0,0.E0,0.E0));
#2225=AXIS2_PLACEMENT_3D('',#2222,#2223,#2224);
#2227=CARTESIAN_POINT('',(0.E0,0.E0,2.4E0));
#2228=DIRECTION('',(0.E0,0.E0,1.E0));
#2229=DIRECTION('',(0.E0,-1.E0,0.E0));
#2230=AXIS2_PLACEMENT_3D('',#2227,#2228,#2229);
#2232=CARTESIAN_POINT('',(0.E0,0.E0,2.4E0));
#2233=DIRECTION('',(0.E0,0.E0,-1.E0));
#2234=DIRECTION('',(0.E0,1.E0,0.E0));
#2235=AXIS2_PLACEMENT_3D('',#2232,#2233,#2234);
#2237=CARTESIAN_POINT('',(0.E0,0.E0,2.4E0));
#2238=DIRECTION('',(0.E0,0.E0,-1.E0));
#2239=DIRECTION('',(-1.E0,0.E0,0.E0));
#2240=AXIS2_PLACEMENT_3D('',#2237,#2238,#2239);
#2242=CARTESIAN_POINT('',(0.E0,0.E0,2.4E0));
#2243=DIRECTION('',(0.E0,0.E0,-1.E0));
#2244=DIRECTION('',(0.E0,-1.E0,0.E0));
#2245=AXIS2_PLACEMENT_3D('',#2242,#2243,#2244);
#2247=DIRECTION('',(0.E0,0.E0,-1.E0));
#2248=VECTOR('',#2247,5.447E0);
#2249=CARTESIAN_POINT('',(0.E0,-4.825E0,7.847E0));
#2250=LINE('',#2249,#2248);
#2251=DIRECTION('',(0.E0,0.E0,1.E0));
#2252=VECTOR('',#2251,7.439585487282E-1);
#2253=CARTESIAN_POINT('',(4.545E0,-1.619753067600E0,7.103041451272E0));
#2254=LINE('',#2253,#2252);
#2255=DIRECTION('',(0.E0,2.536941265191E-13,-1.E0));
#2256=VECTOR('',#2255,7.439585487292E-1);
#2257=CARTESIAN_POINT('',(4.545E0,1.619753067600E0,7.847E0));
#2258=LINE('',#2257,#2256);
#2259=DIRECTION('',(0.E0,0.E0,-1.E0));
#2260=VECTOR('',#2259,5.447E0);
#2261=CARTESIAN_POINT('',(0.E0,4.825E0,7.847E0));
#2262=LINE('',#2261,#2260);
#2263=DIRECTION('',(0.E0,-3.515902129879E-13,1.E0));
#2264=VECTOR('',#2263,7.439585487288E-1);
#2265=CARTESIAN_POINT('',(-4.545E0,1.619753067600E0,7.103041451271E0));
#2266=LINE('',#2265,#2264);
#2267=DIRECTION('',(0.E0,-3.566640955182E-13,-1.E0));
#2268=VECTOR('',#2267,7.439585487288E-1);
#2269=CARTESIAN_POINT('',(-4.545E0,-1.619753067600E0,7.847E0));
#2270=LINE('',#2269,#2268);
#2271=CARTESIAN_POINT('',(0.E0,0.E0,9.827E0));
#2272=DIRECTION('',(0.E0,0.E0,-1.E0));
#2273=DIRECTION('',(0.E0,1.E0,0.E0));
#2274=AXIS2_PLACEMENT_3D('',#2271,#2272,#2273);
#2276=CARTESIAN_POINT('',(0.E0,0.E0,9.827E0));
#2277=DIRECTION('',(0.E0,0.E0,-1.E0));
#2278=DIRECTION('',(-9.419689119171E-1,3.357001176373E-1,0.E0));
#2279=AXIS2_PLACEMENT_3D('',#2276,#2277,#2278);
#2281=CARTESIAN_POINT('',(-4.545E0,1.206617017222E0,8.837E0));
#2282=CARTESIAN_POINT('',(-4.545E0,1.206617017222E0,8.912695802617E0));
#2283=CARTESIAN_POINT('',(-4.545E0,1.222995678943E0,9.068107364639E0));
#2284=CARTESIAN_POINT('',(-4.545E0,1.305497290385E0,9.318364773128E0));
#2285=CARTESIAN_POINT('',(-4.545E0,1.438699199220E0,9.570589017285E0));
#2286=CARTESIAN_POINT('',(-4.545E0,1.555131294424E0,9.740725532242E0));
#2287=CARTESIAN_POINT('',(-4.545E0,1.619753067600E0,9.827E0));
#2289=CARTESIAN_POINT('',(-4.545E0,1.619753067600E0,7.847E0));
#2290=CARTESIAN_POINT('',(-4.545E0,1.555144677648E0,7.933256600244E0));
#2291=CARTESIAN_POINT('',(-4.545E0,1.438729472037E0,8.103364422220E0));
#2292=CARTESIAN_POINT('',(-4.545E0,1.305526977653E0,8.355568273910E0));
#2293=CARTESIAN_POINT('',(-4.545E0,1.223005796407E0,8.605837092294E0));
#2294=CARTESIAN_POINT('',(-4.545E0,1.206617017222E0,8.761281705065E0));
#2295=CARTESIAN_POINT('',(-4.545E0,1.206617017222E0,8.837E0));
#2297=CARTESIAN_POINT('',(0.E0,0.E0,7.847E0));
#2298=DIRECTION('',(0.E0,0.E0,1.E0));
#2299=DIRECTION('',(0.E0,1.E0,0.E0));
#2300=AXIS2_PLACEMENT_3D('',#2297,#2298,#2299);
#2302=CARTESIAN_POINT('',(0.E0,0.E0,7.847E0));
#2303=DIRECTION('',(0.E0,0.E0,1.E0));
#2304=DIRECTION('',(9.419689119171E-1,3.357001176373E-1,0.E0));
#2305=AXIS2_PLACEMENT_3D('',#2302,#2303,#2304);
#2307=DIRECTION('',(0.E0,0.E0,-1.E0));
#2308=VECTOR('',#2307,3.103E0);
#2309=CARTESIAN_POINT('',(0.E0,-4.825E0,1.293E1));
#2310=LINE('',#2309,#2308);
#2311=DIRECTION('',(0.E0,0.E0,-1.E0));
#2312=VECTOR('',#2311,7.499585487282E-1);
#2313=CARTESIAN_POINT('',(4.545E0,1.619753067600E0,1.057695854873E1));
#2314=LINE('',#2313,#2312);
#2315=DIRECTION('',(1.421164016927E-14,-1.992590382066E-13,1.E0));
#2316=VECTOR('',#2315,7.499585487289E-1);
#2317=CARTESIAN_POINT('',(4.545E0,-1.619753067600E0,9.827E0));
#2318=LINE('',#2317,#2316);
#2319=DIRECTION('',(0.E0,3.360460748357E-13,-1.E0));
#2320=VECTOR('',#2319,7.499585487292E-1);
#2321=CARTESIAN_POINT('',(-4.545E0,-1.619753067600E0,1.057695854873E1));
#2322=LINE('',#2321,#2320);
#2323=DIRECTION('',(0.E0,0.E0,1.E0));
#2324=VECTOR('',#2323,7.499585487282E-1);
#2325=CARTESIAN_POINT('',(-4.545E0,1.619753067600E0,9.827E0));
#2326=LINE('',#2325,#2324);
#2327=DIRECTION('',(0.E0,0.E0,-1.E0));
#2328=VECTOR('',#2327,3.103E0);
#2329=CARTESIAN_POINT('',(0.E0,4.825E0,1.293E1));
#2330=LINE('',#2329,#2328);
#2331=CARTESIAN_POINT('',(0.E0,0.E0,9.827E0));
#2332=DIRECTION('',(0.E0,0.E0,-1.E0));
#2333=DIRECTION('',(0.E0,-1.E0,0.E0));
#2334=AXIS2_PLACEMENT_3D('',#2331,#2332,#2333);
#2336=CARTESIAN_POINT('',(0.E0,0.E0,9.827E0));
#2337=DIRECTION('',(0.E0,0.E0,-1.E0));
#2338=DIRECTION('',(9.419689119171E-1,-3.357001176373E-1,0.E0));
#2339=AXIS2_PLACEMENT_3D('',#2336,#2337,#2338);
#2341=CARTESIAN_POINT('',(0.E0,0.E0,7.847E0));
#2342=DIRECTION('',(0.E0,0.E0,1.E0));
#2343=DIRECTION('',(0.E0,-1.E0,0.E0));
#2344=AXIS2_PLACEMENT_3D('',#2341,#2342,#2343);
#2346=CARTESIAN_POINT('',(0.E0,0.E0,7.847E0));
#2347=DIRECTION('',(0.E0,0.E0,1.E0));
#2348=DIRECTION('',(-9.419689119171E-1,-3.357001176373E-1,0.E0));
#2349=AXIS2_PLACEMENT_3D('',#2346,#2347,#2348);
#2351=CARTESIAN_POINT('',(-4.545E0,-1.206617017222E0,8.837E0));
#2352=CARTESIAN_POINT('',(-4.545E0,-1.206617017222E0,8.761304197381E0));
#2353=CARTESIAN_POINT('',(-4.545E0,-1.222995678943E0,8.605892635358E0));
#2354=CARTESIAN_POINT('',(-4.545E0,-1.305497290387E0,8.355635226868E0));
#2355=CARTESIAN_POINT('',(-4.545E0,-1.438699199222E0,8.103410982712E0));
#2356=CARTESIAN_POINT('',(-4.545E0,-1.555131294425E0,7.933274467757E0));
#2357=CARTESIAN_POINT('',(-4.545E0,-1.619753067600E0,7.847E0));
#2359=CARTESIAN_POINT('',(-4.545E0,-1.619753067600E0,9.827E0));
#2360=CARTESIAN_POINT('',(-4.545E0,-1.555144677649E0,9.740743399758E0));
#2361=CARTESIAN_POINT('',(-4.545E0,-1.438729472040E0,9.570635577785E0));
#2362=CARTESIAN_POINT('',(-4.545E0,-1.305526977654E0,9.318431726092E0));
#2363=CARTESIAN_POINT('',(-4.545E0,-1.223005796407E0,9.068162907709E0));
#2364=CARTESIAN_POINT('',(-4.545E0,-1.206617017222E0,8.912718294936E0));
#2365=CARTESIAN_POINT('',(-4.545E0,-1.206617017222E0,8.837E0));
#2367=CARTESIAN_POINT('',(4.545E0,7.130867359348E-14,8.84E0));
#2368=DIRECTION('',(1.E0,1.228014903370E-14,1.587924913716E-14));
#2369=DIRECTION('',(-1.570673415891E-14,0.E0,1.E0));
#2370=AXIS2_PLACEMENT_3D('',#2367,#2368,#2369);
#2372=CARTESIAN_POINT('',(4.545E0,7.130867359348E-14,8.84E0));
#2373=DIRECTION('',(1.E0,1.228014903370E-14,1.587924913716E-14));
#2374=DIRECTION('',(-1.982040262910E-14,6.820012916211E-1,7.313509678856E-1));
#2375=AXIS2_PLACEMENT_3D('',#2372,#2373,#2374);
#2377=CARTESIAN_POINT('',(4.545E0,1.206617017222E0,8.837000000001E0));
#2378=CARTESIAN_POINT('',(4.545E0,1.206617017222E0,8.912699627890E0));
#2379=CARTESIAN_POINT('',(4.545E0,1.222997399280E0,9.068116805904E0));
#2380=CARTESIAN_POINT('',(4.545E0,1.305502314786E0,9.318376056783E0));
#2381=CARTESIAN_POINT('',(4.545E0,1.438704336151E0,9.570596871082E0));
#2382=CARTESIAN_POINT('',(4.545E0,1.555133555374E0,9.740728550763E0));
#2383=CARTESIAN_POINT('',(4.545E0,1.619753067600E0,9.827E0));
#2385=CARTESIAN_POINT('',(4.545E0,1.619753067600E0,7.847E0));
#2386=CARTESIAN_POINT('',(4.545E0,1.555146938269E0,7.933253582160E0));
#2387=CARTESIAN_POINT('',(4.545E0,1.438734608330E0,8.103356569597E0));
#2388=CARTESIAN_POINT('',(4.545E0,1.305532001857E0,8.355556992508E0));
#2389=CARTESIAN_POINT('',(4.545E0,1.223007516973E0,8.605827652185E0));
#2390=CARTESIAN_POINT('',(4.545E0,1.206617017222E0,8.761277880231E0));
#2391=CARTESIAN_POINT('',(4.545E0,1.206617017222E0,8.837000000001E0));
#2393=CARTESIAN_POINT('',(4.545E0,0.E0,8.84E0));
#2394=DIRECTION('',(1.E0,0.E0,0.E0));
#2395=DIRECTION('',(0.E0,0.E0,-1.E0));
#2396=AXIS2_PLACEMENT_3D('',#2393,#2394,#2395);
#2398=CARTESIAN_POINT('',(4.545E0,0.E0,8.84E0));
#2399=DIRECTION('',(1.E0,0.E0,0.E0));
#2400=DIRECTION('',(0.E0,-6.820012916211E-1,-7.313509678856E-1));
#2401=AXIS2_PLACEMENT_3D('',#2398,#2399,#2400);
#2403=CARTESIAN_POINT('',(4.545E0,-1.206617017222E0,8.836999999998E0));
#2404=CARTESIAN_POINT('',(4.545E0,-1.206617017222E0,8.761300372110E0));
#2405=CARTESIAN_POINT('',(4.545E0,-1.222997399280E0,8.605883194096E0));
#2406=CARTESIAN_POINT('',(4.545E0,-1.305502314785E0,8.355623943217E0));
#2407=CARTESIAN_POINT('',(4.545E0,-1.438704336150E0,8.103403128918E0));
#2408=CARTESIAN_POINT('',(4.545E0,-1.555133555374E0,7.933271449237E0));
#2409=CARTESIAN_POINT('',(4.545E0,-1.619753067600E0,7.847E0));
#2411=CARTESIAN_POINT('',(4.545E0,-1.619753067600E0,9.827E0));
#2412=CARTESIAN_POINT('',(4.545E0,-1.555146938271E0,9.740746417842E0));
#2413=CARTESIAN_POINT('',(4.545E0,-1.438734608334E0,9.570643430410E0));
#2414=CARTESIAN_POINT('',(4.545E0,-1.305532001858E0,9.318443007495E0));
#2415=CARTESIAN_POINT('',(4.545E0,-1.223007516973E0,9.068172347818E0));
#2416=CARTESIAN_POINT('',(4.545E0,-1.206617017222E0,8.912722119770E0));
#2417=CARTESIAN_POINT('',(4.545E0,-1.206617017222E0,8.836999999998E0));
#2419=CARTESIAN_POINT('',(4.545E0,0.E0,8.84E0));
#2420=DIRECTION('',(-1.E0,0.E0,0.E0));
#2421=DIRECTION('',(0.E0,-1.E0,-1.076579902667E-14));
#2422=AXIS2_PLACEMENT_3D('',#2419,#2420,#2421);
#2424=CARTESIAN_POINT('',(4.545E0,0.E0,8.84E0));
#2425=DIRECTION('',(-1.E0,0.E0,0.E0));
#2426=DIRECTION('',(0.E0,0.E0,-1.E0));
#2427=AXIS2_PLACEMENT_3D('',#2424,#2425,#2426);
#2429=CARTESIAN_POINT('',(4.545E0,0.E0,8.84E0));
#2430=DIRECTION('',(-1.E0,0.E0,0.E0));
#2431=DIRECTION('',(0.E0,1.E0,0.E0));
#2432=AXIS2_PLACEMENT_3D('',#2429,#2430,#2431);
#2434=CARTESIAN_POINT('',(4.545E0,0.E0,8.84E0));
#2435=DIRECTION('',(-1.E0,0.E0,0.E0));
#2436=DIRECTION('',(0.E0,0.E0,1.E0));
#2437=AXIS2_PLACEMENT_3D('',#2434,#2435,#2436);
#2439=CARTESIAN_POINT('',(4.825E0,-5.779952987682E-12,1.1215E1));
#2440=CARTESIAN_POINT('',(4.825E0,-1.416253660104E-1,1.1215E1));
#2441=CARTESIAN_POINT('',(4.812448770095E0,-4.285217394704E-1,
1.118966747127E1));
#2442=CARTESIAN_POINT('',(4.754733134100E0,-8.565631469210E-1,
1.107021215548E1));
#2443=CARTESIAN_POINT('',(4.662908793522E0,-1.261658721980E0,1.086928138097E1));
#2444=CARTESIAN_POINT('',(4.585460565520E0,-1.506221397886E0,1.068282939431E1));
#2445=CARTESIAN_POINT('',(4.545E0,-1.619753067600E0,1.057695854873E1));
#2447=CARTESIAN_POINT('',(4.545E0,1.619753067600E0,1.057695854873E1));
#2448=CARTESIAN_POINT('',(4.585462344128E0,1.506216407142E0,1.068283404829E1));
#2449=CARTESIAN_POINT('',(4.662912984607E0,1.261644442312E0,1.086929105444E1));
#2450=CARTESIAN_POINT('',(4.754737023499E0,8.565418427395E-1,1.107022035961E1));
#2451=CARTESIAN_POINT('',(4.812450036895E0,4.285041594403E-1,1.118967001998E1));
#2452=CARTESIAN_POINT('',(4.825E0,1.416182952059E-1,1.1215E1));
#2453=CARTESIAN_POINT('',(4.825E0,-5.779952987682E-12,1.1215E1));
#2455=CARTESIAN_POINT('',(4.825E0,-2.515616192840E-12,6.465E0));
#2456=CARTESIAN_POINT('',(4.825E0,1.416253660138E-1,6.465E0));
#2457=CARTESIAN_POINT('',(4.812448770094E0,4.285217394935E-1,6.490332528731E0));
#2458=CARTESIAN_POINT('',(4.754733134097E0,8.565631469333E-1,6.609787844525E0));
#2459=CARTESIAN_POINT('',(4.662908793521E0,1.261658721984E0,6.810718619035E0));
#2460=CARTESIAN_POINT('',(4.585460565520E0,1.506221397887E0,6.997170605693E0));
#2461=CARTESIAN_POINT('',(4.545E0,1.619753067600E0,7.103041451271E0));
#2463=CARTESIAN_POINT('',(4.545E0,-1.619753067600E0,7.103041451272E0));
#2464=CARTESIAN_POINT('',(4.585462344127E0,-1.506216407145E0,6.997165951714E0));
#2465=CARTESIAN_POINT('',(4.662912984605E0,-1.261644442318E0,6.810708945566E0));
#2466=CARTESIAN_POINT('',(4.754737023497E0,-8.565418427516E-1,
6.609779640389E0));
#2467=CARTESIAN_POINT('',(4.812450036896E0,-4.285041594338E-1,
6.490329980018E0));
#2468=CARTESIAN_POINT('',(4.825E0,-1.416182952092E-1,6.465E0));
#2469=CARTESIAN_POINT('',(4.825E0,-2.515616192840E-12,6.465E0));
#2471=DIRECTION('',(-1.E0,0.E0,0.E0));
#2472=VECTOR('',#2471,8.771618603653E-1);
#2473=CARTESIAN_POINT('',(5.422161860365E0,9.9E-1,8.84E0));
#2474=LINE('',#2473,#2472);
#2475=DIRECTION('',(-1.E0,0.E0,0.E0));
#2476=VECTOR('',#2475,8.771618603653E-1);
#2477=CARTESIAN_POINT('',(5.422161860365E0,-9.9E-1,8.84E0));
#2478=LINE('',#2477,#2476);
#2479=CARTESIAN_POINT('',(5.422161860365E0,9.9E-1,8.84E0));
#2480=CARTESIAN_POINT('',(5.422161860365E0,9.9E-1,8.927657343536E0));
#2481=CARTESIAN_POINT('',(5.426320938522E0,9.676234117373E-1,9.096757484093E0));
#2482=CARTESIAN_POINT('',(5.443566300408E0,8.678700049893E-1,9.339938507763E0));
#2483=CARTESIAN_POINT('',(5.467186996215E0,7.081687537157E-1,9.548144346566E0));
#2484=CARTESIAN_POINT('',(5.490741621874E0,4.991378006538E-1,9.708229212906E0));
#2485=CARTESIAN_POINT('',(5.507711060243E0,2.575244502336E-1,9.807595510942E0));
#2486=CARTESIAN_POINT('',(5.513849055774E0,-2.318809720101E-4,
9.841226991068E0));
#2487=CARTESIAN_POINT('',(5.507692691411E0,-2.578892571805E-1,
9.807495944540E0));
#2488=CARTESIAN_POINT('',(5.490715942382E0,-4.993556337801E-1,
9.708055511411E0));
#2489=CARTESIAN_POINT('',(5.467226478984E0,-7.078398478527E-1,
9.548421566741E0));
#2490=CARTESIAN_POINT('',(5.443598959431E0,-8.676795039167E-1,
9.340292106199E0));
#2491=CARTESIAN_POINT('',(5.426335251430E0,-9.675436673941E-1,
9.097100236795E0));
#2492=CARTESIAN_POINT('',(5.422161860365E0,-9.9E-1,8.927796710599E0));
#2493=CARTESIAN_POINT('',(5.422161860365E0,-9.9E-1,8.84E0));
#2495=CARTESIAN_POINT('',(5.511799999965E0,0.E0,7.850000000191E0));
#2496=CARTESIAN_POINT('',(5.511799999965E0,8.773403588887E-2,7.850000000191E0));
#2497=CARTESIAN_POINT('',(5.507703304460E0,2.570549795585E-1,7.872436761457E0));
#2498=CARTESIAN_POINT('',(5.490655150012E0,5.002619825911E-1,7.972314770900E0));
#2499=CARTESIAN_POINT('',(5.467201478770E0,7.079102838950E-1,8.131814483357E0));
#2500=CARTESIAN_POINT('',(5.443631255168E0,8.674952754740E-1,8.339396781554E0));
#2501=CARTESIAN_POINT('',(5.426342377042E0,9.675034990925E-1,8.582683711459E0));
#2502=CARTESIAN_POINT('',(5.422161860365E0,9.9E-1,8.752101726298E0));
#2503=CARTESIAN_POINT('',(5.422161860365E0,9.9E-1,8.84E0));
#2505=CARTESIAN_POINT('',(5.422161860365E0,-9.9E-1,8.84E0));
#2506=CARTESIAN_POINT('',(5.422161860365E0,-9.9E-1,8.752250783558E0));
#2507=CARTESIAN_POINT('',(5.426327581186E0,-9.675839606612E-1,
8.583067023543E0));
#2508=CARTESIAN_POINT('',(5.443586162130E0,-8.677634459150E-1,
8.339896947180E0));
#2509=CARTESIAN_POINT('',(5.467133338391E0,-7.084286050605E-1,
8.132327758510E0));
#2510=CARTESIAN_POINT('',(5.490615870599E0,-5.007077338489E-1,
7.972550243282E0));
#2511=CARTESIAN_POINT('',(5.507689724066E0,-2.574047555175E-1,
7.872511988454E0));
#2512=CARTESIAN_POINT('',(5.511799999965E0,-8.786828718734E-2,
7.850000000191E0));
#2513=CARTESIAN_POINT('',(5.511799999965E0,0.E0,7.850000000191E0));
#2515=CARTESIAN_POINT('',(-4.545E0,-7.806255641896E-14,8.84E0));
#2516=DIRECTION('',(-1.E0,0.E0,0.E0));
#2517=DIRECTION('',(0.E0,-6.820012916207E-1,7.313509678860E-1));
#2518=AXIS2_PLACEMENT_3D('',#2515,#2516,#2517);
#2520=CARTESIAN_POINT('',(-4.545E0,0.E0,8.84E0));
#2521=DIRECTION('',(-1.E0,0.E0,0.E0));
#2522=DIRECTION('',(0.E0,0.E0,-1.E0));
#2523=AXIS2_PLACEMENT_3D('',#2520,#2521,#2522);
#2525=CARTESIAN_POINT('',(-4.545E0,0.E0,8.84E0));
#2526=DIRECTION('',(-1.E0,0.E0,0.E0));
#2527=DIRECTION('',(0.E0,6.820012916211E-1,-7.313509678856E-1));
#2528=AXIS2_PLACEMENT_3D('',#2525,#2526,#2527);
#2530=CARTESIAN_POINT('',(-4.545E0,-7.806255641896E-14,8.84E0));
#2531=DIRECTION('',(-1.E0,0.E0,0.E0));
#2532=DIRECTION('',(0.E0,0.E0,1.E0));
#2533=AXIS2_PLACEMENT_3D('',#2530,#2531,#2532);
#2535=CARTESIAN_POINT('',(-4.545E0,0.E0,8.84E0));
#2536=DIRECTION('',(1.E0,0.E0,0.E0));
#2537=DIRECTION('',(0.E0,-1.E0,0.E0));
#2538=AXIS2_PLACEMENT_3D('',#2535,#2536,#2537);
#2540=CARTESIAN_POINT('',(-4.545E0,0.E0,8.84E0));
#2541=DIRECTION('',(1.E0,0.E0,0.E0));
#2542=DIRECTION('',(0.E0,0.E0,1.E0));
#2543=AXIS2_PLACEMENT_3D('',#2540,#2541,#2542);
#2545=CARTESIAN_POINT('',(-4.545E0,0.E0,8.84E0));
#2546=DIRECTION('',(1.E0,0.E0,0.E0));
#2547=DIRECTION('',(0.E0,1.E0,0.E0));
#2548=AXIS2_PLACEMENT_3D('',#2545,#2546,#2547);
#2550=CARTESIAN_POINT('',(-4.545E0,0.E0,8.84E0));
#2551=DIRECTION('',(1.E0,0.E0,0.E0));
#2552=DIRECTION('',(0.E0,0.E0,-1.E0));
#2553=AXIS2_PLACEMENT_3D('',#2550,#2551,#2552);
#2555=CARTESIAN_POINT('',(-4.545E0,-1.619753067600E0,1.057695854873E1));
#2556=CARTESIAN_POINT('',(-4.591480628450E0,-1.489329202054E0,
1.069858174835E1));
#2557=CARTESIAN_POINT('',(-4.679418746253E0,-1.206164378712E0,
1.090747450133E1));
#2558=CARTESIAN_POINT('',(-4.775916581588E0,-7.415938310735E-1,
1.111488305201E1));
#2559=CARTESIAN_POINT('',(-4.827174808571E0,-2.496298302467E-1,
1.121946576943E1));
#2560=CARTESIAN_POINT('',(-4.827078479601E0,2.513595302037E-1,
1.121927252159E1));
#2561=CARTESIAN_POINT('',(-4.775688917664E0,7.429479184570E-1,
1.111440846659E1));
#2562=CARTESIAN_POINT('',(-4.679208699881E0,1.206887288902E0,1.090699478384E1));
#2563=CARTESIAN_POINT('',(-4.591398267588E0,1.489560305256E0,1.069836623940E1));
#2564=CARTESIAN_POINT('',(-4.545E0,1.619753067600E0,1.057695854873E1));
#2566=CARTESIAN_POINT('',(-4.825E0,0.E0,6.465E0));
#2567=CARTESIAN_POINT('',(-4.825E0,-1.416253660116E-1,6.465E0));
#2568=CARTESIAN_POINT('',(-4.812448770094E0,-4.285217394800E-1,
6.490332528729E0));
#2569=CARTESIAN_POINT('',(-4.754733134101E0,-8.565631469136E-1,
6.609787844518E0));
#2570=CARTESIAN_POINT('',(-4.662908793526E0,-1.261658721969E0,
6.810718619025E0));
#2571=CARTESIAN_POINT('',(-4.585460565522E0,-1.506221397882E0,
6.997170605688E0));
#2572=CARTESIAN_POINT('',(-4.545E0,-1.619753067600E0,7.103041451271E0));
#2574=CARTESIAN_POINT('',(-4.545E0,1.619753067600E0,7.103041451271E0));
#2575=CARTESIAN_POINT('',(-4.585462344129E0,1.506216407140E0,6.997165951709E0));
#2576=CARTESIAN_POINT('',(-4.662912984609E0,1.261644442304E0,6.810708945558E0));
#2577=CARTESIAN_POINT('',(-4.754737023497E0,8.565418427521E-1,
6.609779640390E0));
#2578=CARTESIAN_POINT('',(-4.812450036896E0,4.285041594320E-1,
6.490329980017E0));
#2579=CARTESIAN_POINT('',(-4.825E0,1.416182952059E-1,6.465E0));
#2580=CARTESIAN_POINT('',(-4.825E0,0.E0,6.465E0));
#2582=DIRECTION('',(-1.E0,0.E0,0.E0));
#2583=VECTOR('',#2582,8.771618603653E-1);
#2584=CARTESIAN_POINT('',(-4.545E0,-9.9E-1,8.84E0));
#2585=LINE('',#2584,#2583);
#2586=CARTESIAN_POINT('',(-5.422161860365E0,9.9E-1,8.84E0));
#2587=CARTESIAN_POINT('',(-5.422161860365E0,9.9E-1,8.752269436414E0));
#2588=CARTESIAN_POINT('',(-5.426325495431E0,9.675955609130E-1,
8.583111882581E0));
#2589=CARTESIAN_POINT('',(-5.443583338468E0,8.677802945134E-1,
8.339926946128E0));
#2590=CARTESIAN_POINT('',(-5.467129998555E0,7.084557306310E-1,
8.132351782139E0));
#2591=CARTESIAN_POINT('',(-5.490616553924E0,5.007033734592E-1,
7.972545603740E0));
#2592=CARTESIAN_POINT('',(-5.507689835608E0,2.574005634555E-1,
7.872511411551E0));
#2593=CARTESIAN_POINT('',(-5.511799999753E0,8.786555896766E-2,
7.850000001308E0));
#2594=CARTESIAN_POINT('',(-5.511799999753E0,0.E0,7.850000001308E0));
#2596=CARTESIAN_POINT('',(-5.422161860365E0,9.9E-1,8.84E0));
#2597=CARTESIAN_POINT('',(-5.422161860365E0,9.9E-1,8.925674001522E0));
#2598=CARTESIAN_POINT('',(-5.426101063478E0,9.688272472748E-1,
9.092075913050E0));
#2599=CARTESIAN_POINT('',(-5.443319851187E0,8.694189299864E-1,
9.337619099056E0));
#2600=CARTESIAN_POINT('',(-5.467005674862E0,7.095642346997E-1,
9.546769462202E0));
#2601=CARTESIAN_POINT('',(-5.490617481044E0,5.005578129595E-1,
9.707484146166E0));
#2602=CARTESIAN_POINT('',(-5.507693116594E0,2.581758328447E-1,
9.807500486223E0));
#2603=CARTESIAN_POINT('',(-5.513859012127E0,-2.448950351797E-4,
9.841280492472E0));
#2604=CARTESIAN_POINT('',(-5.507670803218E0,-2.586437619735E-1,
9.807377368045E0));
#2605=CARTESIAN_POINT('',(-5.490577049172E0,-5.009883723473E-1,
9.707230563287E0));
#2606=CARTESIAN_POINT('',(-5.466962983048E0,-7.098874754950E-1,
9.546453183586E0));
#2607=CARTESIAN_POINT('',(-5.443273016356E0,-8.697062188919E-1,
9.337117550134E0));
#2608=CARTESIAN_POINT('',(-5.426087524826E0,-9.688977564445E-1,
9.091700493876E0));
#2609=CARTESIAN_POINT('',(-5.422161860365E0,-9.9E-1,8.925521891176E0));
#2610=CARTESIAN_POINT('',(-5.422161860365E0,-9.9E-1,8.84E0));
#2612=CARTESIAN_POINT('',(-5.511799999753E0,0.E0,7.850000001308E0));
#2613=CARTESIAN_POINT('',(-5.511799999753E0,-8.779032767194E-2,
7.850000001308E0));
#2614=CARTESIAN_POINT('',(-5.507698233977E0,-2.571784988770E-1,
7.872463090009E0));
#2615=CARTESIAN_POINT('',(-5.490644521100E0,-5.003571671985E-1,
7.972385145728E0));
#2616=CARTESIAN_POINT('',(-5.467210929466E0,-7.078294890060E-1,
8.131748358644E0));
#2617=CARTESIAN_POINT('',(-5.443639330963E0,-8.674479127239E-1,
8.339315781727E0));
#2618=CARTESIAN_POINT('',(-5.426349360736E0,-9.674643010146E-1,
8.582536716535E0));
#2619=CARTESIAN_POINT('',(-5.422161860365E0,-9.9E-1,8.752040177995E0));
#2620=CARTESIAN_POINT('',(-5.422161860365E0,-9.9E-1,8.84E0));
#2622=DIRECTION('',(-1.E0,0.E0,0.E0));
#2623=VECTOR('',#2622,8.771618603653E-1);
#2624=CARTESIAN_POINT('',(-4.545E0,9.9E-1,8.84E0));
#2625=LINE('',#2624,#2623);
#2626=DIRECTION('',(0.E0,7.071067811866E-1,7.071067811865E-1));
#2627=VECTOR('',#2626,2.121320343560E-1);
#2628=CARTESIAN_POINT('',(0.E0,-4.825E0,1.293E1));
#2629=LINE('',#2628,#2627);
#2630=CARTESIAN_POINT('',(0.E0,0.E0,1.293E1));
#2631=DIRECTION('',(0.E0,0.E0,1.E0));
#2632=DIRECTION('',(0.E0,1.E0,0.E0));
#2633=AXIS2_PLACEMENT_3D('',#2630,#2631,#2632);
#2635=DIRECTION('',(0.E0,-7.071067811866E-1,7.071067811865E-1));
#2636=VECTOR('',#2635,2.121320343560E-1);
#2637=CARTESIAN_POINT('',(0.E0,4.825E0,1.293E1));
#2638=LINE('',#2637,#2636);
#2639=CARTESIAN_POINT('',(0.E0,0.E0,1.293E1));
#2640=DIRECTION('',(0.E0,0.E0,1.E0));
#2641=DIRECTION('',(1.E0,0.E0,0.E0));
#2642=AXIS2_PLACEMENT_3D('',#2639,#2640,#2641);
#2644=CARTESIAN_POINT('',(0.E0,0.E0,1.293E1));
#2645=DIRECTION('',(0.E0,0.E0,1.E0));
#2646=DIRECTION('',(0.E0,-1.E0,0.E0));
#2647=AXIS2_PLACEMENT_3D('',#2644,#2645,#2646);
#2649=CARTESIAN_POINT('',(0.E0,0.E0,1.308E1));
#2650=DIRECTION('',(0.E0,0.E0,1.E0));
#2651=DIRECTION('',(0.E0,-1.E0,0.E0));
#2652=AXIS2_PLACEMENT_3D('',#2649,#2650,#2651);
#2654=CARTESIAN_POINT('',(0.E0,0.E0,1.308E1));
#2655=DIRECTION('',(0.E0,0.E0,1.E0));
#2656=DIRECTION('',(0.E0,1.E0,0.E0));
#2657=AXIS2_PLACEMENT_3D('',#2654,#2655,#2656);
#2659=CARTESIAN_POINT('',(0.E0,0.E0,1.308E1));
#2660=DIRECTION('',(0.E0,0.E0,1.E0));
#2661=DIRECTION('',(1.E0,0.E0,0.E0));
#2662=AXIS2_PLACEMENT_3D('',#2659,#2660,#2661);
#2664=CARTESIAN_POINT('',(0.E0,0.E0,1.308E1));
#2665=DIRECTION('',(0.E0,0.E0,-1.E0));
#2666=DIRECTION('',(0.E0,-1.E0,0.E0));
#2667=AXIS2_PLACEMENT_3D('',#2664,#2665,#2666);
#2669=CARTESIAN_POINT('',(0.E0,0.E0,1.308E1));
#2670=DIRECTION('',(0.E0,0.E0,-1.E0));
#2671=DIRECTION('',(0.E0,1.E0,0.E0));
#2672=AXIS2_PLACEMENT_3D('',#2669,#2670,#2671);
#2674=DIRECTION('',(0.E0,4.300323504426E-1,-9.028134788387E-1));
#2675=VECTOR('',#2674,6.324491909640E-1);
#2676=CARTESIAN_POINT('',(0.E0,-4.461469054868E0,1.308E1));
#2677=LINE('',#2676,#2675);
#2678=CARTESIAN_POINT('',(0.E0,0.E0,1.250901634572E1));
#2679=DIRECTION('',(0.E0,0.E0,-1.E0));
#2680=DIRECTION('',(-1.E0,0.E0,0.E0));
#2681=AXIS2_PLACEMENT_3D('',#2678,#2679,#2680);
#2683=CARTESIAN_POINT('',(0.E0,0.E0,1.250901634572E1));
#2684=DIRECTION('',(0.E0,0.E0,-1.E0));
#2685=DIRECTION('',(0.E0,-1.E0,0.E0));
#2686=AXIS2_PLACEMENT_3D('',#2683,#2684,#2685);
#2688=CARTESIAN_POINT('',(0.E0,0.E0,1.250901634572E1));
#2689=DIRECTION('',(0.E0,0.E0,-1.E0));
#2690=DIRECTION('',(0.E0,1.E0,0.E0));
#2691=AXIS2_PLACEMENT_3D('',#2688,#2689,#2690);
#2693=DIRECTION('',(0.E0,-4.300323504426E-1,-9.028134788387E-1));
#2694=VECTOR('',#2693,6.324491909640E-1);
#2695=CARTESIAN_POINT('',(0.E0,4.461469054868E0,1.308E1));
#2696=LINE('',#2695,#2694);
#2697=DIRECTION('',(0.E0,-1.601233880043E-2,-9.998717942847E-1));
#2698=VECTOR('',#2697,7.837421147901E0);
#2699=CARTESIAN_POINT('',(0.E0,4.189495442742E0,1.250901634572E1));
#2700=LINE('',#2699,#2698);
#2701=CARTESIAN_POINT('',(0.E0,0.E0,4.6726E0));
#2702=DIRECTION('',(0.E0,0.E0,1.E0));
#2703=DIRECTION('',(0.E0,-1.E0,0.E0));
#2704=AXIS2_PLACEMENT_3D('',#2701,#2702,#2703);
#2706=CARTESIAN_POINT('',(0.E0,0.E0,4.6726E0));
#2707=DIRECTION('',(0.E0,0.E0,1.E0));
#2708=DIRECTION('',(-1.E0,0.E0,0.E0));
#2709=AXIS2_PLACEMENT_3D('',#2706,#2707,#2708);
#2711=CARTESIAN_POINT('',(0.E0,0.E0,4.6726E0));
#2712=DIRECTION('',(0.E0,0.E0,1.E0));
#2713=DIRECTION('',(0.E0,1.E0,0.E0));
#2714=AXIS2_PLACEMENT_3D('',#2711,#2712,#2713);
#2716=CARTESIAN_POINT('',(0.E0,0.E0,4.6726E0));
#2717=DIRECTION('',(0.E0,0.E0,-1.E0));
#2718=DIRECTION('',(0.E0,-1.E0,0.E0));
#2719=AXIS2_PLACEMENT_3D('',#2716,#2717,#2718);
#2721=CARTESIAN_POINT('',(0.E0,0.E0,4.6726E0));
#2722=DIRECTION('',(0.E0,0.E0,-1.E0));
#2723=DIRECTION('',(0.E0,1.E0,0.E0));
#2724=AXIS2_PLACEMENT_3D('',#2721,#2722,#2723);
#2726=DIRECTION('',(0.E0,1.601233880043E-2,-9.998717942847E-1));
#2727=VECTOR('',#2726,7.837421147901E0);
#2728=CARTESIAN_POINT('',(0.E0,-4.189495442742E0,1.250901634572E1));
#2729=LINE('',#2728,#2727);
#2730=DIRECTION('',(0.E0,0.E0,1.E0));
#2731=VECTOR('',#2730,5.027399999999E0);
#2732=CARTESIAN_POINT('',(0.E0,-1.524000000001E0,4.6726E0));
#2733=LINE('',#2732,#2731);
#2734=DIRECTION('',(0.E0,0.E0,1.E0));
#2735=VECTOR('',#2734,5.027399999999E0);
#2736=CARTESIAN_POINT('',(0.E0,1.524000000001E0,4.6726E0));
#2737=LINE('',#2736,#2735);
#2738=CARTESIAN_POINT('',(0.E0,0.E0,9.699999999999E0));
#2739=DIRECTION('',(0.E0,0.E0,1.E0));
#2740=DIRECTION('',(0.E0,-1.E0,0.E0));
#2741=AXIS2_PLACEMENT_3D('',#2738,#2739,#2740);
#2743=CARTESIAN_POINT('',(0.E0,0.E0,9.699999999999E0));
#2744=DIRECTION('',(0.E0,0.E0,1.E0));
#2745=DIRECTION('',(0.E0,1.E0,0.E0));
#2746=AXIS2_PLACEMENT_3D('',#2743,#2744,#2745);
#2748=CARTESIAN_POINT('',(0.E0,0.E0,9.699999999999E0));
#2749=DIRECTION('',(0.E0,0.E0,-1.E0));
#2750=DIRECTION('',(0.E0,1.E0,0.E0));
#2751=AXIS2_PLACEMENT_3D('',#2748,#2749,#2750);
#2753=CARTESIAN_POINT('',(0.E0,0.E0,9.699999999999E0));
#2754=DIRECTION('',(0.E0,0.E0,-1.E0));
#2755=DIRECTION('',(0.E0,-1.E0,0.E0));
#2756=AXIS2_PLACEMENT_3D('',#2753,#2754,#2755);
#2758=DIRECTION('',(-2.887731968014E-11,-9.604856010392E-6,9.999999999539E-1));
#2759=VECTOR('',#2758,4.792699132951E0);
#2760=CARTESIAN_POINT('',(1.384015260540E-10,-1.079453966816E0,
4.907300867269E0));
#2761=LINE('',#2760,#2759);
#2762=DIRECTION('',(-3.094066056138E-8,9.604580233453E-6,9.999999999539E-1));
#2763=VECTOR('',#2762,4.792699179725E0);
#2764=CARTESIAN_POINT('',(1.482892777057E-7,1.079453968137E0,4.907300820495E0));
#2765=LINE('',#2764,#2763);
#2766=CARTESIAN_POINT('',(-6.479417130747E-1,8.632885616124E-1,
4.907300973367E0));
#2767=CARTESIAN_POINT('',(-5.859129930169E-1,9.098530450267E-1,
4.907286935888E0));
#2768=CARTESIAN_POINT('',(-4.519254576172E-1,9.892902291139E-1,
4.907308226299E0));
#2769=CARTESIAN_POINT('',(-2.314011223734E-1,1.062704350069E0,
4.907296582380E0));
#2770=CARTESIAN_POINT('',(-7.711612329389E-2,1.079453843943E0,
4.907306342420E0));
#2771=CARTESIAN_POINT('',(1.482892777057E-7,1.079453968137E0,4.907300820495E0));
#2773=CARTESIAN_POINT('',(6.479722076498E-1,8.632830932704E-1,
4.907299950308E0));
#2774=CARTESIAN_POINT('',(5.861943068225E-1,9.096593394659E-1,
4.907284169509E0));
#2775=CARTESIAN_POINT('',(4.525831359975E-1,9.890210072597E-1,
4.907303508228E0));
#2776=CARTESIAN_POINT('',(2.311515162886E-1,1.062806165416E0,4.907292436049E0));
#2777=CARTESIAN_POINT('',(7.699522666285E-2,1.079453868813E0,4.907303212894E0));
#2778=CARTESIAN_POINT('',(1.482892777057E-7,1.079453968137E0,4.907300820495E0));
#2780=DIRECTION('',(1.234848534888E-5,2.825155840924E-2,-9.996008449851E-1));
#2781=VECTOR('',#2780,4.745594277446E0);
#2782=CARTESIAN_POINT('',(6.479136067484E-1,7.292126593546E-1,9.651E0));
#2783=LINE('',#2782,#2781);
#2784=DIRECTION('',(5.922615749923E-6,-2.825271587811E-2,9.996008123298E-1));
#2785=VECTOR('',#2784,4.745593409009E0);
#2786=CARTESIAN_POINT('',(-6.479417130747E-1,8.632885616124E-1,
4.907300973367E0));
#2787=LINE('',#2786,#2785);
#2788=CARTESIAN_POINT('',(5.661731946117E-1,6.475051116394E-1,
9.648691877183E0));
#2789=CARTESIAN_POINT('',(5.459175858974E-1,6.280563126930E-1,
9.619844772279E0));
#2790=CARTESIAN_POINT('',(5.053934112392E-1,5.891450265668E-1,
9.562160213236E0));
#2791=CARTESIAN_POINT('',(4.444777889141E-1,5.306446043274E-1,
9.475816670343E0));
#2792=CARTESIAN_POINT('',(4.038167116807E-1,4.915906025270E-1,
9.418328692779E0));
#2793=CARTESIAN_POINT('',(3.834498072020E-1,4.720262508824E-1,
9.389630711673E0));
#2795=DIRECTION('',(-7.071079503986E-1,-7.068236516883E-1,-1.996676982168E-2));
#2796=VECTOR('',#2795,1.155982082943E-1);
#2797=CARTESIAN_POINT('',(6.479136067484E-1,7.292126593546E-1,9.651E0));
#2798=LINE('',#2797,#2796);
#2799=CARTESIAN_POINT('',(0.E0,0.E0,4.907300963043E0));
#2800=DIRECTION('',(0.E0,0.E0,1.E0));
#2801=DIRECTION('',(7.997683495899E-1,6.003087430600E-1,0.E0));
#2802=AXIS2_PLACEMENT_3D('',#2799,#2800,#2801);
#2804=DIRECTION('',(7.072562765480E-1,7.069572542074E-1,2.661361728989E-6));
#2805=VECTOR('',#2804,3.740123563480E-1);
#2806=CARTESIAN_POINT('',(5.987464835434E-1,3.835500459359E-1,
4.907299366855E0));
#2807=LINE('',#2806,#2805);
#2808=CARTESIAN_POINT('',(1.010783728876E-14,0.E0,4.907300963043E0));
#2809=DIRECTION('',(0.E0,0.E0,-1.E0));
#2810=DIRECTION('',(5.394411464243E-1,8.420233070078E-1,0.E0));
#2811=AXIS2_PLACEMENT_3D('',#2808,#2809,#2810);
#2813=DIRECTION('',(-7.069537112439E-1,-7.072598179955E-1,2.718977324143E-6));
#2814=VECTOR('',#2813,3.740303749855E-1);
#2815=CARTESIAN_POINT('',(6.479722076498E-1,8.632830932704E-1,
4.907299950308E0));
#2816=LINE('',#2815,#2814);
#2817=DIRECTION('',(-7.069056759762E-1,7.073078292044E-1,4.345933561555E-6));
#2818=VECTOR('',#2817,3.740126527824E-1);
#2819=CARTESIAN_POINT('',(-3.835500459359E-1,5.987464840779E-1,
4.907299347933E0));
#2820=LINE('',#2819,#2818);
#2821=CARTESIAN_POINT('',(0.E0,0.E0,4.907300963043E0));
#2822=DIRECTION('',(0.E0,0.E0,-1.E0));
#2823=DIRECTION('',(-8.420233070078E-1,5.394411464243E-1,0.E0));
#2824=AXIS2_PLACEMENT_3D('',#2821,#2822,#2823);
#2826=DIRECTION('',(7.072298251213E-1,-7.069837158335E-1,-2.289090244442E-6));
#2827=VECTOR('',#2826,3.740205171714E-1);
#2828=CARTESIAN_POINT('',(-8.632649484942E-1,6.479764609637E-1,
4.907300223022E0));
#2829=LINE('',#2828,#2827);
#2830=CARTESIAN_POINT('',(0.E0,1.169242565512E-14,4.907300963043E0));
#2831=DIRECTION('',(0.E0,0.E0,1.E0));
#2832=DIRECTION('',(-6.003104924825E-1,7.997670364646E-1,0.E0));
#2833=AXIS2_PLACEMENT_3D('',#2830,#2831,#2832);
#2835=CARTESIAN_POINT('',(0.E0,1.169242565512E-14,4.907300963043E0));
#2836=DIRECTION('',(0.E0,0.E0,1.E0));
#2837=DIRECTION('',(-7.997664820096E-1,-6.003112311576E-1,0.E0));
#2838=AXIS2_PLACEMENT_3D('',#2835,#2836,#2837);
#2840=DIRECTION('',(-7.071478370281E-1,-7.070657229573E-1,2.301562716105E-6));
#2841=VECTOR('',#2840,3.740264792198E-1);
#2842=CARTESIAN_POINT('',(-5.987464835433E-1,-3.835500459359E-1,
4.907299366855E0));
#2843=LINE('',#2842,#2841);
#2844=CARTESIAN_POINT('',(0.E0,0.E0,4.907300963043E0));
#2845=DIRECTION('',(0.E0,0.E0,-1.E0));
#2846=DIRECTION('',(-5.394411464243E-1,-8.420233070078E-1,0.E0));
#2847=AXIS2_PLACEMENT_3D('',#2844,#2845,#2846);
#2849=DIRECTION('',(7.069081218397E-1,7.073053847364E-1,-1.633443824804E-8));
#2850=VECTOR('',#2849,3.740091623542E-1);
#2851=CARTESIAN_POINT('',(-6.479401604465E-1,-8.632851328091E-1,
4.907300973329E0));
#2852=LINE('',#2851,#2850);
#2853=DIRECTION('',(7.069537771230E-1,-7.072597521484E-1,1.610516423967E-6));
#2854=VECTOR('',#2853,3.740303432954E-1);
#2855=CARTESIAN_POINT('',(3.835500459359E-1,-5.987464840779E-1,
4.907299347933E0));
#2856=LINE('',#2855,#2854);
#2857=CARTESIAN_POINT('',(1.010783728876E-14,0.E0,4.907300963043E0));
#2858=DIRECTION('',(0.E0,0.E0,-1.E0));
#2859=DIRECTION('',(8.420233070078E-1,-5.394411464243E-1,0.E0));
#2860=AXIS2_PLACEMENT_3D('',#2857,#2858,#2859);
#2862=DIRECTION('',(-7.071431036063E-1,7.070704568986E-1,-1.834527888638E-6));
#2863=VECTOR('',#2862,3.740345750983E-1);
#2864=CARTESIAN_POINT('',(8.632424538344E-1,-6.480188438465E-1,
4.907300053032E0));
#2865=LINE('',#2864,#2863);
#2866=CARTESIAN_POINT('',(0.E0,0.E0,4.907300963043E0));
#2867=DIRECTION('',(0.E0,0.E0,1.E0));
#2868=DIRECTION('',(6.003163559155E-1,-7.997626352990E-1,0.E0));
#2869=AXIS2_PLACEMENT_3D('',#2866,#2867,#2868);
#2871=DIRECTION('',(7.068236516880E-1,7.071079503989E-1,1.996676982124E-2));
#2872=VECTOR('',#2871,1.155982082951E-1);
#2873=CARTESIAN_POINT('',(6.475051116388E-1,5.661731946111E-1,
9.648691877183E0));
#2874=LINE('',#2873,#2872);
#2875=CARTESIAN_POINT('',(4.720262508853E-1,3.834498071932E-1,
9.389630711768E0));
#2876=CARTESIAN_POINT('',(4.915906024867E-1,4.038167116270E-1,
9.418328692811E0));
#2877=CARTESIAN_POINT('',(5.306446042488E-1,4.444777888468E-1,
9.475816670503E0));
#2878=CARTESIAN_POINT('',(5.891450265442E-1,5.053934112165E-1,
9.562160213296E0));
#2879=CARTESIAN_POINT('',(6.280563126982E-1,5.459175859027E-1,
9.619844772287E0));
#2880=CARTESIAN_POINT('',(6.475051116388E-1,5.661731946111E-1,
9.648691877183E0));
#2882=DIRECTION('',(2.825976316412E-2,2.235415032070E-5,-9.996006128881E-1));
#2883=VECTOR('',#2882,4.484122245546E0);
#2884=CARTESIAN_POINT('',(4.720262508853E-1,3.834498071932E-1,
9.389630711768E0));
#2885=LINE('',#2884,#2883);
#2886=DIRECTION('',(-2.825976316475E-2,2.235414935134E-5,9.996006128880E-1));
#2887=VECTOR('',#2886,4.484122245499E0);
#2888=CARTESIAN_POINT('',(5.987464835434E-1,-3.835500459359E-1,
4.907299366855E0));
#2889=LINE('',#2888,#2887);
#2890=CARTESIAN_POINT('',(7.110576001924E-1,0.E0,4.907296940450E0));
#2891=CARTESIAN_POINT('',(7.110574210214E-1,-6.693467942667E-2,
4.907303283104E0));
#2892=CARTESIAN_POINT('',(6.917589860582E-1,-2.013320775810E-1,
4.907292351864E0));
#2893=CARTESIAN_POINT('',(6.354566617676E-1,-3.262296134352E-1,
4.907285023764E0));
#2894=CARTESIAN_POINT('',(5.987464835434E-1,-3.835500459359E-1,
4.907299366855E0));
#2896=CARTESIAN_POINT('',(5.987464835434E-1,3.835500459359E-1,
4.907299366855E0));
#2897=CARTESIAN_POINT('',(6.354566617676E-1,3.262296134352E-1,
4.907285023764E0));
#2898=CARTESIAN_POINT('',(6.917589860582E-1,2.013320775809E-1,
4.907292351864E0));
#2899=CARTESIAN_POINT('',(7.110574210214E-1,6.693467942667E-2,
4.907303283104E0));
#2900=CARTESIAN_POINT('',(7.110576001924E-1,0.E0,4.907296940450E0));
#2902=CARTESIAN_POINT('',(-1.267105152156E-1,6.757363725861E-14,
9.372720055657E0));
#2903=DIRECTION('',(2.823732336893E-2,1.031075214406E-14,-9.996012472826E-1));
#2904=DIRECTION('',(9.996012472826E-1,-8.655742164476E-14,2.823732336893E-2));
#2905=AXIS2_PLACEMENT_3D('',#2902,#2903,#2904);
#2907=CARTESIAN_POINT('',(-1.267105152156E-1,6.757363725861E-14,
9.372720055657E0));
#2908=DIRECTION('',(2.823732336893E-2,1.031075214406E-14,-9.996012472826E-1));
#2909=DIRECTION('',(8.418684649245E-1,5.391585328105E-1,2.378159505383E-2));
#2910=AXIS2_PLACEMENT_3D('',#2907,#2908,#2909);
#2912=CARTESIAN_POINT('',(-1.338827953513E-1,6.495470621402E-14,
9.626618772466E0));
#2913=DIRECTION('',(2.823732336893E-2,1.031075214406E-14,-9.996012472826E-1));
#2914=DIRECTION('',(8.095622931652E-1,5.865883588348E-1,2.286899133184E-2));
#2915=AXIS2_PLACEMENT_3D('',#2912,#2913,#2914);
#2917=CARTESIAN_POINT('',(-1.338827953515E-1,-1.100323135983E-14,
9.626618772466E0));
#2918=DIRECTION('',(-2.823732336891E-2,0.E0,9.996012472826E-1));
#2919=DIRECTION('',(9.996012472826E-1,0.E0,2.823732336891E-2));
#2920=AXIS2_PLACEMENT_3D('',#2917,#2918,#2919);
#2922=CARTESIAN_POINT('',(-1.338827953515E-1,-1.100323135983E-14,
9.626618772466E0));
#2923=DIRECTION('',(-2.823732336891E-2,0.E0,9.996012472826E-1));
#2924=DIRECTION('',(7.995326120482E-1,-6.001978756354E-1,2.258566700649E-2));
#2925=AXIS2_PLACEMENT_3D('',#2922,#2923,#2924);
#2927=CARTESIAN_POINT('',(-1.338827953513E-1,6.495470621402E-14,
9.626618772466E0));
#2928=DIRECTION('',(2.823732336893E-2,1.031075214406E-14,-9.996012472826E-1));
#2929=DIRECTION('',(9.996012472826E-1,0.E0,2.823732336893E-2));
#2930=AXIS2_PLACEMENT_3D('',#2927,#2928,#2929);
#2932=CARTESIAN_POINT('',(8.632424538344E-1,-6.480188438465E-1,
4.907300053032E0));
#2933=CARTESIAN_POINT('',(9.095439040298E-1,-5.863405891892E-1,
4.907284025249E0));
#2934=CARTESIAN_POINT('',(9.888612629886E-1,-4.528559644621E-1,
4.907302752459E0));
#2935=CARTESIAN_POINT('',(1.062676066218E0,-2.318606908078E-1,
4.907295296865E0));
#2936=CARTESIAN_POINT('',(1.087648380007E0,-5.210461494680E-4,
4.907297911240E0));
#2937=CARTESIAN_POINT('',(1.062901635537E0,2.307406098205E-1,4.907295447017E0));
#2938=CARTESIAN_POINT('',(9.894067973439E-1,4.517291425202E-1,
4.907302156470E0));
#2939=CARTESIAN_POINT('',(9.098802808120E-1,5.858698661041E-1,
4.907285317356E0));
#2940=CARTESIAN_POINT('',(8.632690700770E-1,6.479607944193E-1,
4.907300362237E0));
#2942=DIRECTION('',(2.824300223384E-2,-2.217575284326E-5,-9.996010866006E-1));
#2943=VECTOR('',#2942,4.745593027615E0);
#2944=CARTESIAN_POINT('',(7.292126593546E-1,-6.479136067484E-1,9.651E0));
#2945=LINE('',#2944,#2943);
#2946=DIRECTION('',(-2.824860822717E-2,-9.943470972811E-6,9.996009283881E-1));
#2947=VECTOR('',#2946,4.745593469398E0);
#2948=CARTESIAN_POINT('',(8.632690700770E-1,6.479607944193E-1,
4.907300362237E0));
#2949=LINE('',#2948,#2947);
#2950=CARTESIAN_POINT('',(6.475051116706E-1,-5.661731946482E-1,
9.648691877184E0));
#2951=CARTESIAN_POINT('',(6.280563127013E-1,-5.459175859100E-1,
9.619844772246E0));
#2952=CARTESIAN_POINT('',(5.891450266048E-1,-5.053934112729E-1,
9.562160213204E0));
#2953=CARTESIAN_POINT('',(5.306446042998E-1,-4.444777888921E-1,
9.475816670396E0));
#2954=CARTESIAN_POINT('',(4.915906025055E-1,-4.038167116524E-1,
9.418328692794E0));
#2955=CARTESIAN_POINT('',(4.720262508838E-1,-3.834498071975E-1,
9.389630711721E0));
#2957=DIRECTION('',(-7.068236517110E-1,7.071079503759E-1,-1.996676982185E-2));
#2958=VECTOR('',#2957,1.155982082464E-1);
#2959=CARTESIAN_POINT('',(7.292126593546E-1,-6.479136067484E-1,9.651E0));
#2960=LINE('',#2959,#2958);
#2961=DIRECTION('',(0.E0,2.077241271817E-4,-9.999999784253E-1));
#2962=VECTOR('',#2961,4.571986729899E-1);
#2963=CARTESIAN_POINT('',(0.E0,7.111050288047E-1,4.907299626169E0));
#2964=LINE('',#2963,#2962);
#2965=CARTESIAN_POINT('',(3.835500459359E-1,5.987464383334E-1,
4.907300967289E0));
#2966=CARTESIAN_POINT('',(3.456218066003E-1,6.230451159813E-1,
4.907300967289E0));
#2967=CARTESIAN_POINT('',(2.652939218152E-1,6.645402120367E-1,
4.907300782812E0));
#2968=CARTESIAN_POINT('',(1.350348179768E-1,7.026569861559E-1,
4.907301587484E0));
#2969=CARTESIAN_POINT('',(4.501424238869E-2,7.111050288047E-1,
4.907299626169E0));
#2970=CARTESIAN_POINT('',(0.E0,7.111050288047E-1,4.907299626169E0));
#2972=DIRECTION('',(0.E0,-2.077241231781E-4,-9.999999784253E-1));
#2973=VECTOR('',#2972,4.571986729248E-1);
#2974=CARTESIAN_POINT('',(0.E0,-7.111050288065E-1,4.907299626104E0));
#2975=LINE('',#2974,#2973);
#2976=CARTESIAN_POINT('',(-3.835500459359E-1,-5.987464383353E-1,
4.907300967219E0));
#2977=CARTESIAN_POINT('',(-3.456218065312E-1,-6.230451160276E-1,
4.907300967219E0));
#2978=CARTESIAN_POINT('',(-2.652939216377E-1,-6.645402121095E-1,
4.907300782836E0));
#2979=CARTESIAN_POINT('',(-1.350348178426E-1,-7.026569861746E-1,
4.907301587505E0));
#2980=CARTESIAN_POINT('',(-4.501424233144E-2,-7.111050288065E-1,
4.907299626104E0));
#2981=CARTESIAN_POINT('',(0.E0,-7.111050288065E-1,4.907299626104E0));
#2983=DIRECTION('',(0.E0,8.571673007021E-1,-5.150380749101E-1));
#2984=VECTOR('',#2983,6.263614589205E-1);
#2985=CARTESIAN_POINT('',(0.E0,-7.112E-1,4.450100963043E0));
#2986=LINE('',#2985,#2984);
#2987=CARTESIAN_POINT('',(0.E0,0.E0,4.450100963043E0));
#2988=DIRECTION('',(0.E0,0.E0,1.E0));
#2989=DIRECTION('',(0.E0,1.E0,0.E0));
#2990=AXIS2_PLACEMENT_3D('',#2987,#2988,#2989);
#2992=DIRECTION('',(0.E0,-8.571673007021E-1,-5.150380749101E-1));
#2993=VECTOR('',#2992,6.263614589205E-1);
#2994=CARTESIAN_POINT('',(0.E0,7.112E-1,4.450100963043E0));
#2995=LINE('',#2994,#2993);
#2996=CARTESIAN_POINT('',(0.E0,0.E0,4.450100963043E0));
#2997=DIRECTION('',(0.E0,0.E0,1.E0));
#2998=DIRECTION('',(0.E0,-1.E0,0.E0));
#2999=AXIS2_PLACEMENT_3D('',#2996,#2997,#2998);
#3001=CARTESIAN_POINT('',(0.E0,0.E0,4.127500963043E0));
#3002=DIRECTION('',(0.E0,0.E0,1.E0));
#3003=DIRECTION('',(0.E0,-1.E0,0.E0));
#3004=AXIS2_PLACEMENT_3D('',#3001,#3002,#3003);
#3006=CARTESIAN_POINT('',(0.E0,0.E0,4.127500963043E0));
#3007=DIRECTION('',(0.E0,0.E0,1.E0));
#3008=DIRECTION('',(0.E0,1.E0,0.E0));
#3009=AXIS2_PLACEMENT_3D('',#3006,#3007,#3008);
#3011=DIRECTION('',(2.235414828783E-5,-2.825976316527E-2,-9.996006128880E-1));
#3012=VECTOR('',#3011,4.484122264381E0);
#3013=CARTESIAN_POINT('',(3.834498072019E-1,-4.720262508823E-1,
9.389630711674E0));
#3014=LINE('',#3013,#3012);
#3015=DIRECTION('',(2.235415673430E-5,2.825976317313E-2,9.996006128878E-1));
#3016=VECTOR('',#3015,4.484120644467E0);
#3017=CARTESIAN_POINT('',(-3.835500459359E-1,-5.987464383353E-1,
4.907300967219E0));
#3018=LINE('',#3017,#3016);
#3019=CARTESIAN_POINT('',(3.835500459359E-1,-5.987464840779E-1,
4.907299347933E0));
#3020=CARTESIAN_POINT('',(3.456780254360E-1,-6.230010872463E-1,
4.907292513680E0));
#3021=CARTESIAN_POINT('',(2.651577787820E-1,-6.641930526026E-1,
4.907295103448E0));
#3022=CARTESIAN_POINT('',(1.350197349344E-1,-7.022704889669E-1,
4.907289643579E0));
#3023=CARTESIAN_POINT('',(4.500316620251E-2,-7.111050251497E-1,
4.907299755555E0));
#3024=CARTESIAN_POINT('',(0.E0,-7.111050288065E-1,4.907299626104E0));
#3026=DIRECTION('',(7.071079503989E-1,-7.068236516880E-1,1.996676982126E-2));
#3027=VECTOR('',#3026,1.155982082951E-1);
#3028=CARTESIAN_POINT('',(5.661731946111E-1,-6.475051116388E-1,
9.648691877183E0));
#3029=LINE('',#3028,#3027);
#3030=CARTESIAN_POINT('',(3.834498072019E-1,-4.720262508823E-1,
9.389630711673E0));
#3031=CARTESIAN_POINT('',(4.038167116889E-1,-4.915906025349E-1,
9.418328692792E0));
#3032=CARTESIAN_POINT('',(4.444777889335E-1,-5.306446043459E-1,
9.475816670373E0));
#3033=CARTESIAN_POINT('',(5.053934112584E-1,-5.891450265850E-1,
9.562160213266E0));
#3034=CARTESIAN_POINT('',(5.459175859058E-1,-6.280563127012E-1,
9.619844772292E0));
#3035=CARTESIAN_POINT('',(5.661731946111E-1,-6.475051116388E-1,
9.648691877183E0));
#3037=CARTESIAN_POINT('',(-6.479401604465E-1,-8.632851328091E-1,
4.907300973329E0));
#3038=CARTESIAN_POINT('',(-5.859416115189E-1,-9.098269712785E-1,
4.907286790790E0));
#3039=CARTESIAN_POINT('',(-4.520061785825E-1,-9.892541362922E-1,
4.907308301250E0));
#3040=CARTESIAN_POINT('',(-2.314578978961E-1,-1.062695036659E0,
4.907296537699E0));
#3041=CARTESIAN_POINT('',(-7.714026972948E-2,-1.079453810647E0,
4.907306396707E0));
#3042=CARTESIAN_POINT('',(1.384015260540E-10,-1.079453966816E0,
4.907300867269E0));
#3044=DIRECTION('',(-5.595443257370E-6,-2.825199393105E-2,-9.996008327366E-1));
#3045=VECTOR('',#3044,4.745593312167E0);
#3046=CARTESIAN_POINT('',(-6.479136067484E-1,-7.292126593546E-1,9.651E0));
#3047=LINE('',#3046,#3045);
#3048=DIRECTION('',(-1.234895680756E-5,2.825155813610E-2,9.996008449928E-1));
#3049=VECTOR('',#3048,4.745594277403E0);
#3050=CARTESIAN_POINT('',(6.479722098872E-1,-8.632830919729E-1,
4.907299950315E0));
#3051=LINE('',#3050,#3049);
#3052=CARTESIAN_POINT('',(1.384015260540E-10,-1.079453966816E0,
4.907300867269E0));
#3053=CARTESIAN_POINT('',(7.743438962679E-2,-1.079453843563E0,
4.907305229382E0));
#3054=CARTESIAN_POINT('',(2.321597969581E-1,-1.062598668289E0,
4.907291402116E0));
#3055=CARTESIAN_POINT('',(4.531778312973E-1,-9.887043703241E-1,
4.907304098936E0));
#3056=CARTESIAN_POINT('',(5.864207587297E-1,-9.094893650799E-1,
4.907283479551E0));
#3057=CARTESIAN_POINT('',(6.479722098872E-1,-8.632830919729E-1,
4.907299950315E0));
#3059=CARTESIAN_POINT('',(-5.661731945968E-1,-6.475051116266E-1,
9.648691877183E0));
#3060=CARTESIAN_POINT('',(-5.459175858944E-1,-6.280563126917E-1,
9.619844772295E0));
#3061=CARTESIAN_POINT('',(-5.053934112164E-1,-5.891450265422E-1,
9.562160213273E0));
#3062=CARTESIAN_POINT('',(-4.444777888958E-1,-5.306446043067E-1,
9.475816670386E0));
#3063=CARTESIAN_POINT('',(-4.038167116704E-1,-4.915906025193E-1,
9.418328692786E0));
#3064=CARTESIAN_POINT('',(-3.834498072002E-1,-4.720262508829E-1,
9.389630711692E0));
#3066=DIRECTION('',(7.071079504078E-1,7.068236516791E-1,-1.996676982126E-2));
#3067=VECTOR('',#3066,1.155982083139E-1);
#3068=CARTESIAN_POINT('',(-6.479136067484E-1,-7.292126593546E-1,9.651E0));
#3069=LINE('',#3068,#3067);
#3070=CARTESIAN_POINT('',(-6.423050216271E-14,1.267105152158E-1,
9.372720055657E0));
#3071=DIRECTION('',(7.868731899421E-14,-2.823732336905E-2,-9.996012472826E-1));
#3072=DIRECTION('',(8.330582872081E-14,-9.996012472826E-1,2.823732336905E-2));
#3073=AXIS2_PLACEMENT_3D('',#3070,#3071,#3072);
#3075=CARTESIAN_POINT('',(-6.423050216271E-14,1.267105152158E-1,
9.372720055657E0));
#3076=DIRECTION('',(7.868731899421E-14,-2.823732336905E-2,-9.996012472826E-1));
#3077=DIRECTION('',(5.391585328105E-1,-8.418684649245E-1,2.378159505397E-2));
#3078=AXIS2_PLACEMENT_3D('',#3075,#3076,#3077);
#3080=CARTESIAN_POINT('',(-8.421708118724E-14,1.338827953516E-1,
9.626618772466E0));
#3081=DIRECTION('',(7.868731899421E-14,-2.823732336905E-2,-9.996012472826E-1));
#3082=DIRECTION('',(5.865883588348E-1,-8.095622931652E-1,2.286899133198E-2));
#3083=AXIS2_PLACEMENT_3D('',#3080,#3081,#3082);
#3085=CARTESIAN_POINT('',(0.E0,1.338827953514E-1,9.626618772466E0));
#3086=DIRECTION('',(0.E0,2.823732336891E-2,9.996012472826E-1));
#3087=DIRECTION('',(0.E0,-9.996012472826E-1,2.823732336891E-2));
#3088=AXIS2_PLACEMENT_3D('',#3085,#3086,#3087);
#3090=CARTESIAN_POINT('',(0.E0,1.338827953514E-1,9.626618772466E0));
#3091=DIRECTION('',(0.E0,2.823732336891E-2,9.996012472826E-1));
#3092=DIRECTION('',(-6.001978756354E-1,-7.995326120482E-1,2.258566700649E-2));
#3093=AXIS2_PLACEMENT_3D('',#3090,#3091,#3092);
#3095=CARTESIAN_POINT('',(-8.421708118724E-14,1.338827953516E-1,
9.626618772466E0));
#3096=DIRECTION('',(7.868731899421E-14,-2.823732336905E-2,-9.996012472826E-1));
#3097=DIRECTION('',(0.E0,-9.996012472826E-1,2.823732336905E-2));
#3098=AXIS2_PLACEMENT_3D('',#3095,#3096,#3097);
#3100=DIRECTION('',(-2.825976316477E-2,-2.235414929994E-5,-9.996006128880E-1));
#3101=VECTOR('',#3100,4.484122245497E0);
#3102=CARTESIAN_POINT('',(-4.720262508837E-1,-3.834498071978E-1,
9.389630711718E0));
#3103=LINE('',#3102,#3101);
#3104=DIRECTION('',(2.825976316467E-2,-2.235414947112E-5,9.996006128881E-1));
#3105=VECTOR('',#3104,4.484122245505E0);
#3106=CARTESIAN_POINT('',(-5.987464835433E-1,3.835500459359E-1,
4.907299366855E0));
#3107=LINE('',#3106,#3105);
#3108=CARTESIAN_POINT('',(-7.110576001924E-1,0.E0,4.907296940450E0));
#3109=CARTESIAN_POINT('',(-7.110574210214E-1,6.693467942667E-2,
4.907303283104E0));
#3110=CARTESIAN_POINT('',(-6.917589860582E-1,2.013320775810E-1,
4.907292351864E0));
#3111=CARTESIAN_POINT('',(-6.354566617676E-1,3.262296134352E-1,
4.907285023764E0));
#3112=CARTESIAN_POINT('',(-5.987464835433E-1,3.835500459359E-1,
4.907299366855E0));
#3114=CARTESIAN_POINT('',(-5.987464835433E-1,-3.835500459359E-1,
4.907299366855E0));
#3115=CARTESIAN_POINT('',(-6.354566617676E-1,-3.262296134352E-1,
4.907285023764E0));
#3116=CARTESIAN_POINT('',(-6.917589860582E-1,-2.013320775809E-1,
4.907292351864E0));
#3117=CARTESIAN_POINT('',(-7.110574210214E-1,-6.693467942667E-2,
4.907303283104E0));
#3118=CARTESIAN_POINT('',(-7.110576001924E-1,0.E0,4.907296940450E0));
#3120=DIRECTION('',(-7.068236517121E-1,-7.071079503748E-1,1.996676982193E-2));
#3121=VECTOR('',#3120,1.155982082439E-1);
#3122=CARTESIAN_POINT('',(-6.475051116723E-1,-5.661731946501E-1,
9.648691877184E0));
#3123=LINE('',#3122,#3121);
#3124=CARTESIAN_POINT('',(-4.720262508837E-1,-3.834498071978E-1,
9.389630711718E0));
#3125=CARTESIAN_POINT('',(-4.915906025146E-1,-4.038167116622E-1,
9.418328692805E0));
#3126=CARTESIAN_POINT('',(-5.306446043213E-1,-4.444777889141E-1,
9.475816670418E0));
#3127=CARTESIAN_POINT('',(-5.891450266268E-1,-5.053934112955E-1,
9.562160213227E0));
#3128=CARTESIAN_POINT('',(-6.280563127096E-1,-5.459175859187E-1,
9.619844772255E0));
#3129=CARTESIAN_POINT('',(-6.475051116723E-1,-5.661731946501E-1,
9.648691877184E0));
#3131=CARTESIAN_POINT('',(-8.632649484942E-1,6.479764609637E-1,
4.907300223022E0));
#3132=CARTESIAN_POINT('',(-9.096098880389E-1,5.862402826253E-1,
4.907283952491E0));
#3133=CARTESIAN_POINT('',(-9.889416921963E-1,4.527002143544E-1,
4.907302786669E0));
#3134=CARTESIAN_POINT('',(-1.062749218578E0,2.315656877192E-1,
4.907295286668E0));
#3135=CARTESIAN_POINT('',(-1.087648490653E0,1.462901979523E-4,
4.907297919007E0));
#3136=CARTESIAN_POINT('',(-1.062828740858E0,-2.310555341520E-1,
4.907295426146E0));
#3137=CARTESIAN_POINT('',(-9.892901678852E-1,-4.519723291089E-1,
4.907302230884E0));
#3138=CARTESIAN_POINT('',(-9.097805288388E-1,-5.860125788485E-1,
4.907285157261E0));
#3139=CARTESIAN_POINT('',(-8.632384993149E-1,-6.480113488707E-1,
4.907300227700E0));
#3141=DIRECTION('',(-2.824773958343E-2,1.324475334607E-5,-9.996009528972E-1));
#3142=VECTOR('',#3141,4.745593492312E0);
#3143=CARTESIAN_POINT('',(-7.292126593546E-1,6.479136067484E-1,9.651E0));
#3144=LINE('',#3143,#3142);
#3145=DIRECTION('',(2.824217063500E-2,2.059639913761E-5,9.996011101302E-1));
#3146=VECTOR('',#3145,4.745592741170E0);
#3147=CARTESIAN_POINT('',(-8.632384993149E-1,-6.480113488707E-1,
4.907300227700E0));
#3148=LINE('',#3147,#3146);
#3149=CARTESIAN_POINT('',(-6.475051116667E-1,5.661731946437E-1,
9.648691877184E0));
#3150=CARTESIAN_POINT('',(-6.280563127013E-1,5.459175859094E-1,
9.619844772251E0));
#3151=CARTESIAN_POINT('',(-5.891450265983E-1,5.053934112670E-1,
9.562160213216E0));
#3152=CARTESIAN_POINT('',(-5.306446042944E-1,4.444777888875E-1,
9.475816670410E0));
#3153=CARTESIAN_POINT('',(-4.915906025035E-1,4.038167116497E-1,
9.418328692796E0));
#3154=CARTESIAN_POINT('',(-4.720262508839E-1,3.834498071970E-1,
9.389630711727E0));
#3156=DIRECTION('',(7.068236517083E-1,-7.071079503786E-1,-1.996676982133E-2));
#3157=VECTOR('',#3156,1.155982082523E-1);
#3158=CARTESIAN_POINT('',(-7.292126593546E-1,6.479136067484E-1,9.651E0));
#3159=LINE('',#3158,#3157);
#3160=CARTESIAN_POINT('',(1.267105152155E-1,-1.398528422713E-13,
9.372720055657E0));
#3161=DIRECTION('',(-2.823732336871E-2,1.375517818305E-13,-9.996012472826E-1));
#3162=DIRECTION('',(-9.996012472826E-1,1.972965276412E-13,2.823732336871E-2));
#3163=AXIS2_PLACEMENT_3D('',#3160,#3161,#3162);
#3165=CARTESIAN_POINT('',(1.267105152155E-1,-1.398528422713E-13,
9.372720055657E0));
#3166=DIRECTION('',(-2.823732336871E-2,1.375517818305E-13,-9.996012472826E-1));
#3167=DIRECTION('',(-8.418684649245E-1,-5.391585328105E-1,2.378159505357E-2));
#3168=AXIS2_PLACEMENT_3D('',#3165,#3166,#3167);
#3170=CARTESIAN_POINT('',(1.338827953512E-1,-1.747909948562E-13,
9.626618772467E0));
#3171=DIRECTION('',(-2.823732336871E-2,1.375517818305E-13,-9.996012472826E-1));
#3172=DIRECTION('',(-8.095622931652E-1,-5.865883588349E-1,2.286899133158E-2));
#3173=AXIS2_PLACEMENT_3D('',#3170,#3171,#3172);
#3175=CARTESIAN_POINT('',(1.338827953515E-1,0.E0,9.626618772466E0));
#3176=DIRECTION('',(2.823732336891E-2,0.E0,9.996012472826E-1));
#3177=DIRECTION('',(-9.996012472826E-1,0.E0,2.823732336891E-2));
#3178=AXIS2_PLACEMENT_3D('',#3175,#3176,#3177);
#3180=CARTESIAN_POINT('',(1.338827953515E-1,0.E0,9.626618772466E0));
#3181=DIRECTION('',(2.823732336891E-2,0.E0,9.996012472826E-1));
#3182=DIRECTION('',(-7.995326120482E-1,6.001978756354E-1,2.258566700649E-2));
#3183=AXIS2_PLACEMENT_3D('',#3180,#3181,#3182);
#3185=CARTESIAN_POINT('',(1.338827953512E-1,-1.747909948562E-13,
9.626618772467E0));
#3186=DIRECTION('',(-2.823732336871E-2,1.375517818305E-13,-9.996012472826E-1));
#3187=DIRECTION('',(-9.996012472826E-1,0.E0,2.823732336871E-2));
#3188=AXIS2_PLACEMENT_3D('',#3185,#3186,#3187);
#3190=DIRECTION('',(-2.235414827934E-5,2.825976316527E-2,-9.996006128880E-1));
#3191=VECTOR('',#3190,4.484122264381E0);
#3192=CARTESIAN_POINT('',(-3.834498072019E-1,4.720262508823E-1,
9.389630711673E0));
#3193=LINE('',#3192,#3191);
#3194=DIRECTION('',(-2.235415633988E-5,-2.825976317337E-2,9.996006128878E-1));
#3195=VECTOR('',#3194,4.484120644379E0);
#3196=CARTESIAN_POINT('',(3.835500459359E-1,5.987464383334E-1,
4.907300967289E0));
#3197=LINE('',#3196,#3195);
#3198=CARTESIAN_POINT('',(-3.835500459359E-1,5.987464840779E-1,
4.907299347933E0));
#3199=CARTESIAN_POINT('',(-3.456780254360E-1,6.230010872463E-1,
4.907292513680E0));
#3200=CARTESIAN_POINT('',(-2.651577787820E-1,6.641930526028E-1,
4.907295103444E0));
#3201=CARTESIAN_POINT('',(-1.350197349344E-1,7.022704889665E-1,
4.907289643594E0));
#3202=CARTESIAN_POINT('',(-4.500316620250E-2,7.111050251507E-1,
4.907299755522E0));
#3203=CARTESIAN_POINT('',(0.E0,7.111050288047E-1,4.907299626169E0));
#3205=DIRECTION('',(-7.071079503987E-1,7.068236516882E-1,1.996676982126E-2));
#3206=VECTOR('',#3205,1.155982082947E-1);
#3207=CARTESIAN_POINT('',(-5.661731946114E-1,6.475051116391E-1,
9.648691877183E0));
#3208=LINE('',#3207,#3206);
#3209=CARTESIAN_POINT('',(-3.834498072019E-1,4.720262508823E-1,
9.389630711673E0));
#3210=CARTESIAN_POINT('',(-4.038167116878E-1,4.915906025338E-1,
9.418328692790E0));
#3211=CARTESIAN_POINT('',(-4.444777889308E-1,5.306446043433E-1,
9.475816670368E0));
#3212=CARTESIAN_POINT('',(-5.053934112558E-1,5.891450265826E-1,
9.562160213261E0));
#3213=CARTESIAN_POINT('',(-5.459175859045E-1,6.280563126999E-1,
9.619844772289E0));
#3214=CARTESIAN_POINT('',(-5.661731946114E-1,6.475051116391E-1,
9.648691877183E0));
#3216=CARTESIAN_POINT('',(2.245021482935E-13,-1.338827953518E-1,
9.626618772466E0));
#3217=DIRECTION('',(-9.075919265645E-14,2.823732336905E-2,-9.996012472826E-1));
#3218=DIRECTION('',(-5.865883588348E-1,8.095622931652E-1,2.286899133198E-2));
#3219=AXIS2_PLACEMENT_3D('',#3216,#3217,#3218);
#3221=CARTESIAN_POINT('',(0.E0,-1.338827953515E-1,9.626618772466E0));
#3222=DIRECTION('',(0.E0,-2.823732336891E-2,9.996012472826E-1));
#3223=DIRECTION('',(0.E0,9.996012472826E-1,2.823732336891E-2));
#3224=AXIS2_PLACEMENT_3D('',#3221,#3222,#3223);
#3226=CARTESIAN_POINT('',(0.E0,-1.338827953515E-1,9.626618772466E0));
#3227=DIRECTION('',(0.E0,-2.823732336891E-2,9.996012472826E-1));
#3228=DIRECTION('',(6.001978756354E-1,7.995326120482E-1,2.258566700649E-2));
#3229=AXIS2_PLACEMENT_3D('',#3226,#3227,#3228);
#3231=CARTESIAN_POINT('',(2.245021482935E-13,-1.338827953518E-1,
9.626618772466E0));
#3232=DIRECTION('',(-9.075919265645E-14,2.823732336905E-2,-9.996012472826E-1));
#3233=DIRECTION('',(0.E0,9.996012472826E-1,2.823732336905E-2));
#3234=AXIS2_PLACEMENT_3D('',#3231,#3232,#3233);
#3236=CARTESIAN_POINT('',(2.014493133588E-13,-1.267105152160E-1,
9.372720055656E0));
#3237=DIRECTION('',(-9.075919265645E-14,2.823732336905E-2,-9.996012472826E-1));
#3238=DIRECTION('',(-2.898087613473E-13,9.996012472826E-1,2.823732336905E-2));
#3239=AXIS2_PLACEMENT_3D('',#3236,#3237,#3238);
#3241=CARTESIAN_POINT('',(2.014493133588E-13,-1.267105152160E-1,
9.372720055657E0));
#3242=DIRECTION('',(-9.075919265645E-14,2.823732336905E-2,-9.996012472826E-1));
#3243=DIRECTION('',(-5.391585328106E-1,8.418684649245E-1,2.378159505397E-2));
#3244=AXIS2_PLACEMENT_3D('',#3241,#3242,#3243);
#3246=DIRECTION('',(9.033246115532E-5,-7.071181626994E-1,-7.070953937204E-1));
#3247=VECTOR('',#3246,3.525364074515E-1);
#3248=CARTESIAN_POINT('',(-5.715E0,8.945539999999E0,0.E0));
#3249=LINE('',#3248,#3247);
#3250=CARTESIAN_POINT('',(-5.715E0,7.799999999999E0,-5.334E-2));
#3251=DIRECTION('',(0.E0,0.E0,-1.E0));
#3252=DIRECTION('',(1.E0,0.E0,0.E0));
#3253=AXIS2_PLACEMENT_3D('',#3250,#3251,#3252);
#3255=CARTESIAN_POINT('',(-5.715E0,7.799999999999E0,-5.334E-2));
#3256=DIRECTION('',(0.E0,0.E0,-1.E0));
#3257=DIRECTION('',(9.279517684731E-1,3.727003023714E-1,0.E0));
#3258=AXIS2_PLACEMENT_3D('',#3255,#3256,#3257);
#3260=CARTESIAN_POINT('',(-5.089352060080E0,7.164856562333E0,
-2.539989897827E-1));
#3261=CARTESIAN_POINT('',(-5.028748384938E0,7.205303832713E0,
-2.402847873856E-1));
#3262=CARTESIAN_POINT('',(-4.915611212818E0,7.302804949216E0,
-2.130030315998E-1));
#3263=CARTESIAN_POINT('',(-4.782653102653E0,7.491610009879E0,
-1.725834531078E-1));
#3264=CARTESIAN_POINT('',(-4.696264135122E0,7.713827269066E0,
-1.324278036110E-1));
#3265=CARTESIAN_POINT('',(-4.664500743122E0,7.956922044114E0,
-9.287091464677E-2));
#3266=CARTESIAN_POINT('',(-4.682181976344E0,8.124434411202E0,
-6.616670697310E-2));
#3267=CARTESIAN_POINT('',(-4.701507680494E0,8.207054337332E0,
-5.330755686558E-2));
#3269=CARTESIAN_POINT('',(-5.715E0,7.799999999999E0,-2.54E-1));
#3270=DIRECTION('',(0.E0,0.E0,-1.E0));
#3271=DIRECTION('',(1.E0,1.295098308108E-14,0.E0));
#3272=AXIS2_PLACEMENT_3D('',#3269,#3270,#3271);
#3274=CARTESIAN_POINT('',(-5.715E0,7.799999999999E0,-2.54E-1));
#3275=DIRECTION('',(0.E0,0.E0,-1.E0));
#3276=DIRECTION('',(1.026309867584E-1,9.947194984301E-1,0.E0));
#3277=AXIS2_PLACEMENT_3D('',#3274,#3275,#3276);
#3279=DIRECTION('',(-4.702040523879E-13,7.071067811868E-1,-7.071067811863E-1));
#3280=VECTOR('',#3279,1.492247776257E-1);
#3281=CARTESIAN_POINT('',(-5.715E0,6.654459999999E0,0.E0));
#3282=LINE('',#3281,#3280);
#3283=CARTESIAN_POINT('',(-5.715002837865E0,6.908439737251E0,
-4.733279670854E-1));
#3284=CARTESIAN_POINT('',(-5.641541183361E0,6.908439737251E0,
-4.673894868458E-1));
#3285=CARTESIAN_POINT('',(-5.492433240960E0,6.925933941882E0,
-4.558377294271E-1));
#3286=CARTESIAN_POINT('',(-5.267578344592E0,7.017007301716E0,
-4.355717782171E-1));
#3287=CARTESIAN_POINT('',(-5.089317337911E0,7.152472409668E0,
-4.182485791033E-1));
#3288=CARTESIAN_POINT('',(-4.945171655427E0,7.329132124022E0,
-3.992568181169E-1));
#3289=CARTESIAN_POINT('',(-4.844369762105E0,7.560076370821E0,
-3.798871175204E-1));
#3290=CARTESIAN_POINT('',(-4.823438249124E0,7.719964973188E0,
-3.662994833925E-1));
#3291=CARTESIAN_POINT('',(-4.823438249124E0,7.799997002280E0,
-3.599325345142E-1));
#3293=CARTESIAN_POINT('',(-5.714997929151E0,8.691554497830E0,
-7.001236710645E-1));
#3294=CARTESIAN_POINT('',(-5.799427713417E0,8.691554497830E0,
-6.931623074441E-1));
#3295=CARTESIAN_POINT('',(-5.968287870996E0,8.667205921307E0,
-6.802381918316E-1));
#3296=CARTESIAN_POINT('',(-6.199142795596E0,8.562862361114E0,
-6.589553185200E-1));
#3297=CARTESIAN_POINT('',(-6.395608843973E0,8.395188077225E0,
-6.389190374322E-1));
#3298=CARTESIAN_POINT('',(-6.537625845609E0,8.174891201254E0,
-6.175271759235E-1));
#3299=CARTESIAN_POINT('',(-6.610767992403E0,7.925122229853E0,
-5.969359671270E-1));
#3300=CARTESIAN_POINT('',(-6.607777384595E0,7.659826744468E0,
-5.754653599865E-1));
#3301=CARTESIAN_POINT('',(-6.535156588554E0,7.422158966319E0,
-5.556945867589E-1));
#3302=CARTESIAN_POINT('',(-6.397042651752E0,7.206763698765E0,
-5.350865786305E-1));
#3303=CARTESIAN_POINT('',(-6.200359942354E0,7.037420807716E0,
-5.142811753177E-1));
#3304=CARTESIAN_POINT('',(-5.965153479979E0,6.931725803584E0,
-4.936575232279E-1));
#3305=CARTESIAN_POINT('',(-5.797973918077E0,6.908439737251E0,
-4.800351685993E-1));
#3306=CARTESIAN_POINT('',(-5.715002837865E0,6.908439737251E0,
-4.733279670854E-1));
#3308=CARTESIAN_POINT('',(-5.715018300953E0,6.908327161241E0,
-9.267039716458E-1));
#3309=CARTESIAN_POINT('',(-5.634207650914E0,6.908327161241E0,
-9.202886936623E-1));
#3310=CARTESIAN_POINT('',(-5.470678510140E0,6.930650989280E0,
-9.078401991286E-1));
#3311=CARTESIAN_POINT('',(-5.239050926158E0,7.031900842886E0,
-8.866299459045E-1));
#3312=CARTESIAN_POINT('',(-5.040447445535E0,7.197859556637E0,
-8.665061214979E-1));
#3313=CARTESIAN_POINT('',(-4.894964867424E0,7.418462021181E0,
-8.447478710997E-1));
#3314=CARTESIAN_POINT('',(-4.819357960663E0,7.672495878120E0,
-8.239346153820E-1));
#3315=CARTESIAN_POINT('',(-4.821907161645E0,7.936590166160E0,
-8.025250814420E-1));
#3316=CARTESIAN_POINT('',(-4.892650582359E0,8.172616711333E0,
-7.828382486898E-1));
#3317=CARTESIAN_POINT('',(-5.028192794820E0,8.387510293654E0,
-7.625542518608E-1));
#3318=CARTESIAN_POINT('',(-5.222880876039E0,8.558287835322E0,
-7.416872573240E-1));
#3319=CARTESIAN_POINT('',(-5.458921433908E0,8.666914361867E0,
-7.208647339191E-1));
#3320=CARTESIAN_POINT('',(-5.629696163415E0,8.691554497830E0,
-7.071569308783E-1));
#3321=CARTESIAN_POINT('',(-5.714997929151E0,8.691554497830E0,
-7.001236710645E-1));
#3323=CARTESIAN_POINT('',(-5.714981233829E0,8.691670594770E0,
-1.153493578430E0));
#3324=CARTESIAN_POINT('',(-5.798595529528E0,8.691670594770E0,
-1.146570088467E0));
#3325=CARTESIAN_POINT('',(-5.965491291262E0,8.667578772439E0,
-1.133920574402E0));
#3326=CARTESIAN_POINT('',(-6.192474839203E0,8.566512048209E0,
-1.113686891154E0));
#3327=CARTESIAN_POINT('',(-6.387635831787E0,8.403809485182E0,
-1.093099077388E0));
#3328=CARTESIAN_POINT('',(-6.533550780532E0,8.184990344938E0,
-1.072022915985E0));
#3329=CARTESIAN_POINT('',(-6.610188211425E0,7.929803745159E0,
-1.050724166762E0));
#3330=CARTESIAN_POINT('',(-6.608708837066E0,7.669349870242E0,
-1.029851787709E0));
#3331=CARTESIAN_POINT('',(-6.540071949781E0,7.433631361590E0,
-1.010106590443E0));
#3332=CARTESIAN_POINT('',(-6.407252121071E0,7.219213647135E0,
-9.900296166805E-1));
#3333=CARTESIAN_POINT('',(-6.214530395520E0,7.046155376486E0,
-9.691345575415E-1));
#3334=CARTESIAN_POINT('',(-5.974051888065E0,6.933513475866E0,
-9.484873292725E-1));
#3335=CARTESIAN_POINT('',(-5.801333330994E0,6.908327161241E0,
-9.335562233180E-1));
#3336=CARTESIAN_POINT('',(-5.715018300953E0,6.908327161241E0,
-9.267039716458E-1));
#3338=CARTESIAN_POINT('',(-5.181769633278E0,8.514499006345E0,
-1.200000114173E0));
#3339=CARTESIAN_POINT('',(-5.231582140192E0,8.551674064211E0,
-1.194949967534E0));
#3340=CARTESIAN_POINT('',(-5.339765731003E0,8.616249044113E0,
-1.185245715412E0));
#3341=CARTESIAN_POINT('',(-5.523042985212E0,8.677681389895E0,
-1.169397729625E0));
#3342=CARTESIAN_POINT('',(-5.650878517437E0,8.691670594770E0,
-1.158801456823E0));
#3343=CARTESIAN_POINT('',(-5.714981233829E0,8.691670594770E0,
-1.153493578430E0));
#3345=CARTESIAN_POINT('',(-6.612028772841E0,8.423055789197E0,
-1.200033060548E0));
#3346=CARTESIAN_POINT('',(-6.545681018738E0,8.498547967466E0,
-1.200033060548E0));
#3347=CARTESIAN_POINT('',(-6.400045574199E0,8.623807774943E0,
-1.199984656218E0));
#3348=CARTESIAN_POINT('',(-6.142908300567E0,8.744575254664E0,
-1.200004112398E0));
#3349=CARTESIAN_POINT('',(-5.873112883278E0,8.791531839614E0,
-1.199998894173E0));
#3350=CARTESIAN_POINT('',(-5.609296957331E0,8.764660976439E0,
-1.200000310893E0));
#3351=CARTESIAN_POINT('',(-5.370165125757E0,8.669327411561E0,
-1.199999862237E0));
#3352=CARTESIAN_POINT('',(-5.240254970640E0,8.572465956448E0,
-1.200000114173E0));
#3353=CARTESIAN_POINT('',(-5.181769633278E0,8.514499006345E0,
-1.200000114173E0));
#3355=CARTESIAN_POINT('',(-5.715E0,6.759977852179E0,-1.055178521802E-1));
#3356=CARTESIAN_POINT('',(-5.633671162055E0,6.756371823867E0,
-1.019118238683E-1));
#3357=CARTESIAN_POINT('',(-5.470512655739E0,6.768502920086E0,
-9.482996789468E-2));
#3358=CARTESIAN_POINT('',(-5.238227698074E0,6.841671685894E0,
-8.437586952847E-2));
#3359=CARTESIAN_POINT('',(-5.028265783706E0,6.965576847308E0,
-7.401795911330E-2));
#3360=CARTESIAN_POINT('',(-4.850971970167E0,7.133719136672E0,
-6.363726179889E-2));
#3361=CARTESIAN_POINT('',(-4.759940224890E0,7.270889099982E0,
-5.679501168965E-2));
#3362=CARTESIAN_POINT('',(-4.722550976429E0,7.343992017753E0,
-5.334197903585E-2));
#3364=CARTESIAN_POINT('',(-5.714968154519E0,8.696255103277E0,
-2.492768698277E-1));
#3365=CARTESIAN_POINT('',(-5.800011160336E0,8.700515155365E0,
-2.450168177392E-1));
#3366=CARTESIAN_POINT('',(-5.973330550813E0,8.684982396542E0,
-2.362425950986E-1));
#3367=CARTESIAN_POINT('',(-6.221962677996E0,8.586010901063E0,
-2.231822336327E-1));
#3368=CARTESIAN_POINT('',(-6.435615801214E0,8.417583414181E0,
-2.096675236404E-1));
#3369=CARTESIAN_POINT('',(-6.592660608679E0,8.192275468807E0,
-1.970795911291E-1));
#3370=CARTESIAN_POINT('',(-6.680919257307E0,7.934142394689E0,
-1.834270734021E-1));
#3371=CARTESIAN_POINT('',(-6.692992315132E0,7.653375429820E0,
-1.698786868003E-1));
#3372=CARTESIAN_POINT('',(-6.623882634761E0,7.382399606400E0,
-1.584997976216E-1));
#3373=CARTESIAN_POINT('',(-6.481408750338E0,7.134540091835E0,
-1.442966318310E-1));
#3374=CARTESIAN_POINT('',(-6.268635881018E0,6.934420145326E0,
-1.319432867934E-1));
#3375=CARTESIAN_POINT('',(-6.007603938735E0,6.800752938851E0,
-1.181964528541E-1));
#3376=CARTESIAN_POINT('',(-5.813196437402E0,6.764331770695E0,
-1.098717706960E-1));
#3377=CARTESIAN_POINT('',(-5.715E0,6.759977852179E0,-1.055178521802E-1));
#3379=CARTESIAN_POINT('',(-5.623496205709E0,8.686843780109E0,
-2.539793379938E-1));
#3380=CARTESIAN_POINT('',(-5.633610583136E0,8.688424198174E0,
-2.534453611965E-1));
#3381=CARTESIAN_POINT('',(-5.653870966103E0,8.691276975556E0,
-2.523476743723E-1));
#3382=CARTESIAN_POINT('',(-5.684413051313E0,8.694413611452E0,
-2.507804509373E-1));
#3383=CARTESIAN_POINT('',(-5.704766520410E0,8.695744073683E0,
-2.497878994212E-1));
#3384=CARTESIAN_POINT('',(-5.714968154519E0,8.696255103277E0,
-2.492768698277E-1));
#3386=CARTESIAN_POINT('',(-4.823438249124E0,7.799997002280E0,
-3.599325345142E-1));
#3387=CARTESIAN_POINT('',(-4.823438249124E0,7.868513314553E0,
-3.544817186030E-1));
#3388=CARTESIAN_POINT('',(-4.838547948845E0,8.008075729459E0,
-3.430501244288E-1));
#3389=CARTESIAN_POINT('',(-4.919734832831E0,8.222915862143E0,
-3.249066476413E-1));
#3390=CARTESIAN_POINT('',(-5.041243417045E0,8.396149313483E0,
-3.076079381013E-1));
#3391=CARTESIAN_POINT('',(-5.202790605325E0,8.541339539890E0,
-2.903284534678E-1));
#3392=CARTESIAN_POINT('',(-5.408391744444E0,8.647381422481E0,
-2.715639088123E-1));
#3393=CARTESIAN_POINT('',(-5.551590037655E0,8.679424803208E0,
-2.599353995384E-1));
#3394=CARTESIAN_POINT('',(-5.623496205709E0,8.686843780109E0,
-2.539793379938E-1));
#3396=CARTESIAN_POINT('',(-5.715000000002E0,6.908459999999E0,
-3.101526415478E-1));
#3397=CARTESIAN_POINT('',(-5.632949739946E0,6.908366578159E0,
-3.035217683020E-1));
#3398=CARTESIAN_POINT('',(-5.471004440179E0,6.929654257014E0,
-2.904136417343E-1));
#3399=CARTESIAN_POINT('',(-5.250086806059E0,7.027638499682E0,
-2.710668654682E-1));
#3400=CARTESIAN_POINT('',(-5.131571957175E0,7.123270628303E0,
-2.587972738837E-1));
#3401=CARTESIAN_POINT('',(-5.089352060080E0,7.164856562333E0,
-2.539989897827E-1));
#3403=DIRECTION('',(1.739149071732E-5,1.241777631755E-4,9.999999921387E-1));
#3404=VECTOR('',#3403,1.631753268204E-1);
#3405=CARTESIAN_POINT('',(-5.715002837865E0,6.908439737251E0,
-4.733279670854E-1));
#3406=LINE('',#3405,#3404);
#3407=CARTESIAN_POINT('',(-4.622745855545E0,7.800006031649E0,
-8.100249854414E-2));
#3408=CARTESIAN_POINT('',(-4.622745855545E0,7.847058058239E0,
-7.797751540444E-2));
#3409=CARTESIAN_POINT('',(-4.628909993132E0,7.940690926313E0,
-7.188676328569E-2));
#3410=CARTESIAN_POINT('',(-4.655642983276E0,8.077671181975E0,
-6.222498035542E-2));
#3411=CARTESIAN_POINT('',(-4.684537316306E0,8.164801408210E0,
-5.625731935474E-2));
#3412=CARTESIAN_POINT('',(-4.701507680494E0,8.207054337332E0,
-5.330755686558E-2));
#3414=CARTESIAN_POINT('',(-5.715E0,6.707799999999E0,-1.943015365320E-1));
#3415=CARTESIAN_POINT('',(-5.622593310490E0,6.707799999999E0,
-1.882489074208E-1));
#3416=CARTESIAN_POINT('',(-5.435683347476E0,6.730391537729E0,
-1.757667090674E-1));
#3417=CARTESIAN_POINT('',(-5.156476726445E0,6.846341970283E0,
-1.562989444791E-1));
#3418=CARTESIAN_POINT('',(-4.937607056340E0,7.017226562019E0,
-1.377126437630E-1));
#3419=CARTESIAN_POINT('',(-4.764555690053E0,7.235716996077E0,
-1.198235229022E-1));
#3420=CARTESIAN_POINT('',(-4.646241656971E0,7.516453392958E0,
-9.946033987334E-2));
#3421=CARTESIAN_POINT('',(-4.622745855545E0,7.706010901566E0,
-8.704546213819E-2));
#3422=CARTESIAN_POINT('',(-4.622745855545E0,7.800006031649E0,
-8.100249854414E-2));
#3424=CARTESIAN_POINT('',(-5.715000947476E0,8.892208135988E0,
-4.211013407987E-1));
#3425=CARTESIAN_POINT('',(-5.809527971786E0,8.892208135988E0,
-4.147449061900E-1));
#3426=CARTESIAN_POINT('',(-5.997512839557E0,8.867069286472E0,
-4.023875216715E-1));
#3427=CARTESIAN_POINT('',(-6.252559406256E0,8.764272660146E0,
-3.845995064206E-1));
#3428=CARTESIAN_POINT('',(-6.482681843270E0,8.594376886043E0,
-3.653537526913E-1));
#3429=CARTESIAN_POINT('',(-6.665305461151E0,8.366050190344E0,
-3.466355166054E-1));
#3430=CARTESIAN_POINT('',(-6.784364291282E0,8.081237382665E0,
-3.252921246437E-1));
#3431=CARTESIAN_POINT('',(-6.818204062173E0,7.801126465090E0,
-3.093308314853E-1));
#3432=CARTESIAN_POINT('',(-6.785993336022E0,7.532760566194E0,
-2.896164408566E-1));
#3433=CARTESIAN_POINT('',(-6.682475850326E0,7.266952689925E0,
-2.709901767666E-1));
#3434=CARTESIAN_POINT('',(-6.512859079039E0,7.035394552894E0,
-2.525644494297E-1));
#3435=CARTESIAN_POINT('',(-6.281140472551E0,6.850730414270E0,
-2.329663532346E-1));
#3436=CARTESIAN_POINT('',(-6.012980158345E0,6.735660816216E0,
-2.142046765769E-1));
#3437=CARTESIAN_POINT('',(-5.814848744451E0,6.707799999999E0,
-2.008416195127E-1));
#3438=CARTESIAN_POINT('',(-5.715E0,6.707799999999E0,-1.943015365320E-1));
#3440=CARTESIAN_POINT('',(-4.622773286501E0,7.800003127018E0,
-5.345263862575E-1));
#3441=CARTESIAN_POINT('',(-4.622773286501E0,7.888888015525E0,
-5.285204433645E-1));
#3442=CARTESIAN_POINT('',(-4.643593137939E0,8.070223685482E0,
-5.167474059689E-1));
#3443=CARTESIAN_POINT('',(-4.755112300754E0,8.347353378131E0,
-4.969204741302E-1));
#3444=CARTESIAN_POINT('',(-4.922496126562E0,8.567584019609E0,
-4.789812231402E-1));
#3445=CARTESIAN_POINT('',(-5.141112909119E0,8.745071462568E0,
-4.604394805111E-1));
#3446=CARTESIAN_POINT('',(-5.424906987935E0,8.867516574199E0,
-4.401513873429E-1));
#3447=CARTESIAN_POINT('',(-5.618634392863E0,8.892208135988E0,
-4.275814739387E-1));
#3448=CARTESIAN_POINT('',(-5.715000947476E0,8.892208135988E0,
-4.211013407987E-1));
#3450=CARTESIAN_POINT('',(-5.714997211081E0,6.707775720594E0,
-6.479150296846E-1));
#3451=CARTESIAN_POINT('',(-5.625023699944E0,6.707775720594E0,
-6.419497057621E-1));
#3452=CARTESIAN_POINT('',(-5.442461343373E0,6.729173365458E0,
-6.293923796671E-1));
#3453=CARTESIAN_POINT('',(-5.166867422918E0,6.840780947712E0,
-6.107669121272E-1));
#3454=CARTESIAN_POINT('',(-4.948546415587E0,7.006677299723E0,
-5.920177420601E-1));
#3455=CARTESIAN_POINT('',(-4.771869513221E0,7.223213112193E0,
-5.744996143786E-1));
#3456=CARTESIAN_POINT('',(-4.648434193761E0,7.506013512845E0,
-5.532042961863E-1));
#3457=CARTESIAN_POINT('',(-4.622773286501E0,7.701991583095E0,
-5.411490163304E-1));
#3458=CARTESIAN_POINT('',(-4.622773286501E0,7.800003127018E0,
-5.345263862575E-1));
#3460=CARTESIAN_POINT('',(-5.715001995099E0,8.892217807235E0,
-8.746895285232E-1));
#3461=CARTESIAN_POINT('',(-5.810624793911E0,8.892217807235E0,
-8.685053380254E-1));
#3462=CARTESIAN_POINT('',(-6.000539104680E0,8.866616371148E0,
-8.551892781583E-1));
#3463=CARTESIAN_POINT('',(-6.259166878285E0,8.760852985530E0,
-8.378067641863E-1));
#3464=CARTESIAN_POINT('',(-6.487626957258E0,8.589119165211E0,
-8.183159849076E-1));
#3465=CARTESIAN_POINT('',(-6.665274829152E0,8.364835236239E0,
-8.003548380845E-1));
#3466=CARTESIAN_POINT('',(-6.783718995529E0,8.084292749233E0,
-7.794721140772E-1));
#3467=CARTESIAN_POINT('',(-6.819215104634E0,7.796097810346E0,
-7.612963009231E-1));
#3468=CARTESIAN_POINT('',(-6.782604264991E0,7.516690395356E0,
-7.424897071728E-1));
#3469=CARTESIAN_POINT('',(-6.672439046459E0,7.249152332749E0,
-7.234717723814E-1));
#3470=CARTESIAN_POINT('',(-6.500115494763E0,7.022669427001E0,
-7.049743899690E-1));
#3471=CARTESIAN_POINT('',(-6.266584201729E0,6.842084061197E0,
-6.855090845738E-1));
#3472=CARTESIAN_POINT('',(-5.996912165545E0,6.731889845744E0,
-6.664547079892E-1));
#3473=CARTESIAN_POINT('',(-5.808369081670E0,6.707775720594E0,
-6.541056678655E-1));
#3474=CARTESIAN_POINT('',(-5.714997211081E0,6.707775720594E0,
-6.479150296846E-1));
#3476=CARTESIAN_POINT('',(-5.714980790837E0,6.707636956505E0,
-1.101727343168E0));
#3477=CARTESIAN_POINT('',(-5.622379997546E0,6.707636956505E0,
-1.095440766115E0));
#3478=CARTESIAN_POINT('',(-5.437025538922E0,6.731730119395E0,
-1.082482272505E0));
#3479=CARTESIAN_POINT('',(-5.177909289686E0,6.835135032648E0,
-1.064795196397E0));
#3480=CARTESIAN_POINT('',(-4.949481493147E0,7.004401458411E0,
-1.045968079927E0));
#3481=CARTESIAN_POINT('',(-4.771069611038E0,7.224472148258E0,
-1.027647402369E0));
#3482=CARTESIAN_POINT('',(-4.647619090420E0,7.508344074334E0,
-1.007278134169E0));
#3483=CARTESIAN_POINT('',(-4.610406734660E0,7.802407708832E0,
-9.879439626603E-1));
#3484=CARTESIAN_POINT('',(-4.647554308121E0,8.084127281861E0,
-9.692609495735E-1));
#3485=CARTESIAN_POINT('',(-4.757760131837E0,8.350778497782E0,
-9.502873812254E-1));
#3486=CARTESIAN_POINT('',(-4.927731778755E0,8.574704018363E0,
-9.319848820554E-1));
#3487=CARTESIAN_POINT('',(-5.158049035588E0,8.754577638886E0,
-9.126302436962E-1));
#3488=CARTESIAN_POINT('',(-5.426527072766E0,8.866580873859E0,
-8.938095997345E-1));
#3489=CARTESIAN_POINT('',(-5.618849470301E0,8.892217807235E0,
-8.809079778636E-1));
#3490=CARTESIAN_POINT('',(-5.715001995099E0,8.892217807235E0,
-8.746895285232E-1));
#3492=CARTESIAN_POINT('',(-6.784214338623E0,7.577105921203E0,
-1.200000184176E0));
#3493=CARTESIAN_POINT('',(-6.764398805180E0,7.482051562685E0,
-1.193525971595E0));
#3494=CARTESIAN_POINT('',(-6.699621986210E0,7.295973277414E0,
-1.180603783913E0));
#3495=CARTESIAN_POINT('',(-6.523341208163E0,7.045742995715E0,
-1.160863904981E0));
#3496=CARTESIAN_POINT('',(-6.297224725359E0,6.859844212211E0,
-1.141015511390E0));
#3497=CARTESIAN_POINT('',(-6.013323232539E0,6.734437989960E0,
-1.120632909318E0));
#3498=CARTESIAN_POINT('',(-5.814251727516E0,6.707636956505E0,
-1.108466749714E0));
#3499=CARTESIAN_POINT('',(-5.714980790837E0,6.707636956505E0,
-1.101727343168E0));
#3501=CARTESIAN_POINT('',(-5.715E0,7.799999999999E0,-1.199999999997E0));
#3502=DIRECTION('',(0.E0,0.E0,-1.E0));
#3503=DIRECTION('',(-1.E0,0.E0,0.E0));
#3504=AXIS2_PLACEMENT_3D('',#3501,#3502,#3503);
#3506=CARTESIAN_POINT('',(-5.715E0,7.799999999999E0,-1.199999999997E0));
#3507=DIRECTION('',(0.E0,0.E0,-1.E0));
#3508=DIRECTION('',(1.E0,0.E0,0.E0));
#3509=AXIS2_PLACEMENT_3D('',#3506,#3507,#3508);
#3511=CARTESIAN_POINT('',(-5.715E0,7.799999999999E0,-1.199999999997E0));
#3512=DIRECTION('',(0.E0,0.E0,-1.E0));
#3513=DIRECTION('',(0.E0,1.E0,0.E0));
#3514=AXIS2_PLACEMENT_3D('',#3511,#3512,#3513);
#3516=CARTESIAN_POINT('',(-5.715E0,7.799999999999E0,-1.199999999997E0));
#3517=DIRECTION('',(0.E0,0.E0,1.E0));
#3518=DIRECTION('',(2.372934720226E-1,-9.714380104440E-1,0.E0));
#3519=AXIS2_PLACEMENT_3D('',#3516,#3517,#3518);
#3521=CARTESIAN_POINT('',(-6.784214338623E0,7.577105921203E0,
-1.200000184176E0));
#3522=CARTESIAN_POINT('',(-6.753358372829E0,7.484150990331E0,
-1.200000184176E0));
#3523=CARTESIAN_POINT('',(-6.670716191480E0,7.315261564154E0,
-1.200000090590E0));
#3524=CARTESIAN_POINT('',(-6.485891358551E0,7.103908196909E0,
-1.199999406654E0));
#3525=CARTESIAN_POINT('',(-6.257454853755E0,6.954041802962E0,
-1.200002282778E0));
#3526=CARTESIAN_POINT('',(-6.003929836996E0,6.872392338089E0,
-1.199991462219E0));
#3527=CARTESIAN_POINT('',(-5.742922857773E0,6.863820332126E0,
-1.200031868330E0));
#3528=CARTESIAN_POINT('',(-5.581775371065E0,6.902106159014E0,
-1.199931332405E0));
#3529=CARTESIAN_POINT('',(-5.503458487770E0,6.933961304131E0,
-1.199931332405E0));
#3531=CARTESIAN_POINT('',(-5.715E0,7.799999999999E0,-1.199999999997E0));
#3532=DIRECTION('',(0.E0,0.E0,1.E0));
#3533=DIRECTION('',(-8.213177138887E-1,5.704710447101E-1,0.E0));
#3534=AXIS2_PLACEMENT_3D('',#3531,#3532,#3533);
#3536=DIRECTION('',(0.E0,0.E0,1.E0));
#3537=VECTOR('',#3536,5.999999999840E-1);
#3538=CARTESIAN_POINT('',(-7.239E0,7.799999999999E0,-1.199999999997E0));
#3539=LINE('',#3538,#3537);
#3540=DIRECTION('',(0.E0,0.E0,1.E0));
#3541=VECTOR('',#3540,5.999999999840E-1);
#3542=CARTESIAN_POINT('',(-4.191E0,7.799999999999E0,-1.199999999997E0));
#3543=LINE('',#3542,#3541);
#3544=CARTESIAN_POINT('',(-5.503458487770E0,6.933961304131E0,
-1.199931332405E0));
#3545=CARTESIAN_POINT('',(-5.415679651531E0,6.955403068400E0,
-1.192215840105E0));
#3546=CARTESIAN_POINT('',(-5.246944372652E0,7.024520617153E0,
-1.178325960910E0));
#3547=CARTESIAN_POINT('',(-5.034478903827E0,7.203494653892E0,
-1.155793794685E0));
#3548=CARTESIAN_POINT('',(-4.892846323124E0,7.423723508666E0,
-1.134909269002E0));
#3549=CARTESIAN_POINT('',(-4.821726379601E0,7.671960403726E0,
-1.114174633247E0));
#3550=CARTESIAN_POINT('',(-4.819027809020E0,7.902714957408E0,
-1.095664630692E0));
#3551=CARTESIAN_POINT('',(-4.880319902960E0,8.148605162715E0,
-1.075332970847E0));
#3552=CARTESIAN_POINT('',(-5.019945998177E0,8.379392076359E0,
-1.053756714682E0));
#3553=CARTESIAN_POINT('',(-5.219569710931E0,8.557214549187E0,
-1.032314379157E0));
#3554=CARTESIAN_POINT('',(-5.464441848436E0,8.668923865974E0,
-1.010808665394E0));
#3555=CARTESIAN_POINT('',(-5.632562897619E0,8.691554500596E0,
-9.970933486161E-1));
#3556=CARTESIAN_POINT('',(-5.715001998481E0,8.691554500596E0,
-9.905349051489E-1));
#3558=CARTESIAN_POINT('',(-5.715001998481E0,8.691554500596E0,
-9.905349051489E-1));
#3559=CARTESIAN_POINT('',(-5.800955620941E0,8.691554500596E0,
-9.836968638818E-1));
#3560=CARTESIAN_POINT('',(-5.970721280505E0,8.666106200512E0,
-9.697286481141E-1));
#3561=CARTESIAN_POINT('',(-6.194400998687E0,8.564938583882E0,
-9.501229627128E-1));
#3562=CARTESIAN_POINT('',(-6.388183563574E0,8.403130080864E0,
-9.298385462806E-1));
#3563=CARTESIAN_POINT('',(-6.533374060812E0,8.184872350990E0,
-9.088431844353E-1));
#3564=CARTESIAN_POINT('',(-6.610054669121E0,7.931578361018E0,
-8.876628930327E-1));
#3565=CARTESIAN_POINT('',(-6.608630813421E0,7.667748391385E0,
-8.665069160522E-1));
#3566=CARTESIAN_POINT('',(-6.539850222967E0,7.433622347581E0,
-8.469489993846E-1));
#3567=CARTESIAN_POINT('',(-6.407827399860E0,7.219976787562E0,
-8.268075186105E-1));
#3568=CARTESIAN_POINT('',(-6.216438715027E0,7.047858165238E0,
-8.061659646045E-1));
#3569=CARTESIAN_POINT('',(-5.979827457793E0,6.935213021750E0,
-7.851396940049E-1));
#3570=CARTESIAN_POINT('',(-5.803823087314E0,6.908440261799E0,
-7.709695339630E-1));
#3571=CARTESIAN_POINT('',(-5.714997223751E0,6.908440261799E0,
-7.637582669811E-1));
#3573=DIRECTION('',(-1.274227736882E-4,-7.124146332170E-4,9.999997381144E-1));
#3574=VECTOR('',#3573,1.629587159574E-1);
#3575=CARTESIAN_POINT('',(-5.714981233829E0,8.691670594770E0,
-1.153493578430E0));
#3576=LINE('',#3575,#3574);
#3577=DIRECTION('',(1.293510386572E-4,6.940994840979E-4,9.999997507471E-1));
#3578=VECTOR('',#3577,1.629457452794E-1);
#3579=CARTESIAN_POINT('',(-5.715018300953E0,6.908327161241E0,
-9.267039716458E-1));
#3580=LINE('',#3579,#3578);
#3581=CARTESIAN_POINT('',(-5.714997223751E0,6.908440261799E0,
-7.637582669811E-1));
#3582=CARTESIAN_POINT('',(-5.629054783674E0,6.908440261799E0,
-7.567810887627E-1));
#3583=CARTESIAN_POINT('',(-5.459273890727E0,6.933896230231E0,
-7.430032956340E-1));
#3584=CARTESIAN_POINT('',(-5.235600295082E0,7.035060764907E0,
-7.233210733577E-1));
#3585=CARTESIAN_POINT('',(-5.041816090122E0,7.196870093217E0,
-7.030571704668E-1));
#3586=CARTESIAN_POINT('',(-4.896626030638E0,7.415127603879E0,
-6.820562913310E-1));
#3587=CARTESIAN_POINT('',(-4.819945311384E0,7.668421645405E0,
-6.608775555491E-1));
#3588=CARTESIAN_POINT('',(-4.821369173108E0,7.932251628038E0,
-6.397208733765E-1));
#3589=CARTESIAN_POINT('',(-4.890149850411E0,8.166377568289E0,
-6.201642218564E-1));
#3590=CARTESIAN_POINT('',(-5.022172320101E0,8.380023529516E0,
-6.000183856845E-1));
#3591=CARTESIAN_POINT('',(-5.213562331755E0,8.552140650559E0,
-5.793929881225E-1));
#3592=CARTESIAN_POINT('',(-5.450168635121E0,8.664791397966E0,
-5.583064471443E-1));
#3593=CARTESIAN_POINT('',(-5.626185331367E0,8.691550214987E0,
-5.442862371494E-1));
#3594=CARTESIAN_POINT('',(-5.715001460075E0,8.691550214987E0,
-5.369560468027E-1));
#3596=CARTESIAN_POINT('',(-5.715001460075E0,8.691550214987E0,
-5.369560468027E-1));
#3597=CARTESIAN_POINT('',(-5.800934481305E0,8.691550214987E0,
-5.298638056541E-1));
#3598=CARTESIAN_POINT('',(-5.970731091480E0,8.666108189540E0,
-5.162786418467E-1));
#3599=CARTESIAN_POINT('',(-6.194398369728E0,8.564938050698E0,
-4.965190005619E-1));
#3600=CARTESIAN_POINT('',(-6.388184268432E0,8.403130224573E0,
-4.762758297230E-1));
#3601=CARTESIAN_POINT('',(-6.533373870337E0,8.184872309337E0,
-4.552694413879E-1));
#3602=CARTESIAN_POINT('',(-6.610054726161E0,7.931578383923E0,
-4.340920103511E-1));
#3603=CARTESIAN_POINT('',(-6.608630775738E0,7.667748341417E0,
-4.129356183975E-1));
#3604=CARTESIAN_POINT('',(-6.539850316662E0,7.433622524547E0,
-3.933765012565E-1));
#3605=CARTESIAN_POINT('',(-6.407827062763E0,7.219976129669E0,
-3.732402373491E-1));
#3606=CARTESIAN_POINT('',(-6.216439969721E0,7.047860619848E0,
-3.525790163498E-1));
#3607=CARTESIAN_POINT('',(-5.979822776116E0,6.935203861205E0,
-3.316261968565E-1));
#3608=CARTESIAN_POINT('',(-5.803833174764E0,6.908459999999E0,
-3.172732785266E-1));
#3609=CARTESIAN_POINT('',(-5.715000000002E0,6.908459999999E0,
-3.101526415478E-1));
#3611=DIRECTION('',(-2.163985249246E-5,-2.624811806592E-5,9.999999994214E-1));
#3612=VECTOR('',#3611,1.631676243562E-1);
#3613=CARTESIAN_POINT('',(-5.714997929151E0,8.691554497830E0,
-7.001236710645E-1));
#3614=LINE('',#3613,#3612);
#3615=CARTESIAN_POINT('',(-6.612028772841E0,8.423055789197E0,
-1.200033060548E0));
#3616=CARTESIAN_POINT('',(-6.671688321572E0,8.337162833490E0,
-1.193122047853E0));
#3617=CARTESIAN_POINT('',(-6.762845349764E0,8.153253428903E0,
-1.179641986119E0));
#3618=CARTESIAN_POINT('',(-6.816569740440E0,7.868332680118E0,
-1.160655388425E0));
#3619=CARTESIAN_POINT('',(-6.800301065223E0,7.598087467208E0,
-1.142896739731E0));
#3620=CARTESIAN_POINT('',(-6.710615317284E0,7.318017642676E0,
-1.123626378801E0));
#3621=CARTESIAN_POINT('',(-6.538602897919E0,7.059955912092E0,
-1.103356824121E0));
#3622=CARTESIAN_POINT('',(-6.292933080299E0,6.854973303359E0,
-1.082347516932E0));
#3623=CARTESIAN_POINT('',(-6.002393037242E0,6.731827197085E0,
-1.061951809256E0));
#3624=CARTESIAN_POINT('',(-5.808906385013E0,6.707634887099E0,
-1.048555280622E0));
#3625=CARTESIAN_POINT('',(-5.715018482973E0,6.707634887099E0,
-1.042499069492E0));
#3627=DIRECTION('',(-6.363874311955E-4,-3.493949030235E-5,9.999997968951E-1));
#3628=VECTOR('',#3627,5.922828570529E-2);
#3629=CARTESIAN_POINT('',(-5.714980790837E0,6.707636956505E0,
-1.101727343168E0));
#3630=LINE('',#3629,#3628);
#3631=CARTESIAN_POINT('',(-5.715018482973E0,6.707634887099E0,
-1.042499069492E0));
#3632=CARTESIAN_POINT('',(-5.618693432568E0,6.707634887099E0,
-1.036285650833E0));
#3633=CARTESIAN_POINT('',(-5.428128769240E0,6.733882892206E0,
-1.023888953125E0));
#3634=CARTESIAN_POINT('',(-5.171787587930E0,6.838882727396E0,
-1.005636345450E0));
#3635=CARTESIAN_POINT('',(-4.945179704889E0,7.008438002612E0,
-9.870987132292E-1));
#3636=CARTESIAN_POINT('',(-4.767422827479E0,7.230676700769E0,
-9.684325810810E-1));
#3637=CARTESIAN_POINT('',(-4.647158216100E0,7.511717237322E0,
-9.484299440979E-1));
#3638=CARTESIAN_POINT('',(-4.610677476544E0,7.801778082689E0,
-9.292796897614E-1));
#3639=CARTESIAN_POINT('',(-4.646931915077E0,8.080470740131E0,
-9.108540326719E-1));
#3640=CARTESIAN_POINT('',(-4.753906720210E0,8.343114059444E0,
-8.922720690224E-1));
#3641=CARTESIAN_POINT('',(-4.918968974478E0,8.565422761285E0,
-8.741088359018E-1));
#3642=CARTESIAN_POINT('',(-5.147159995457E0,8.748382823909E0,
-8.549507679729E-1));
#3643=CARTESIAN_POINT('',(-5.418331927193E0,8.864882400565E0,
-8.355474493515E-1));
#3644=CARTESIAN_POINT('',(-5.615716976332E0,8.892217808996E0,
-8.226774428086E-1));
#3645=CARTESIAN_POINT('',(-5.714997915321E0,8.892217808996E0,
-8.159690398457E-1));
#3647=CARTESIAN_POINT('',(-5.714997915321E0,8.892217808996E0,
-8.159690398457E-1));
#3648=CARTESIAN_POINT('',(-5.811303554530E0,8.892217808996E0,
-8.094616775867E-1));
#3649=CARTESIAN_POINT('',(-6.001872629042E0,8.866185471777E0,
-7.971209950475E-1));
#3650=CARTESIAN_POINT('',(-6.258212037436E0,8.761098954505E0,
-7.788458728759E-1));
#3651=CARTESIAN_POINT('',(-6.484820395363E0,8.591566905784E0,
-7.603142758897E-1));
#3652=CARTESIAN_POINT('',(-6.662577146146E0,8.369321983727E0,
-7.416465172990E-1));
#3653=CARTESIAN_POINT('',(-6.782841789149E0,8.088283116277E0,
-7.216443508510E-1));
#3654=CARTESIAN_POINT('',(-6.819322528839E0,7.798221818398E0,
-7.024938408170E-1));
#3655=CARTESIAN_POINT('',(-6.783068058142E0,7.519529301903E0,
-6.840687359822E-1));
#3656=CARTESIAN_POINT('',(-6.676093381530E0,7.256885871312E0,
-6.654848190113E-1));
#3657=CARTESIAN_POINT('',(-6.511030645345E0,7.034577473635E0,
-6.473288469214E-1));
#3658=CARTESIAN_POINT('',(-6.282841423515E0,6.851616305633E0,
-6.281436881910E-1));
#3659=CARTESIAN_POINT('',(-6.011662777100E0,6.735120846328E0,
-6.088414717451E-1));
#3660=CARTESIAN_POINT('',(-5.814294434337E0,6.707775195214E0,
-5.957199199353E-1));
#3661=CARTESIAN_POINT('',(-5.715002834378E0,6.707775195214E0,
-5.891712029415E-1));
#3663=DIRECTION('',(6.947793521280E-5,2.999107916395E-8,9.999999975864E-1));
#3664=VECTOR('',#3663,5.872048881921E-2);
#3665=CARTESIAN_POINT('',(-5.715001995099E0,8.892217807235E0,
-8.746895285232E-1));
#3666=LINE('',#3665,#3664);
#3667=DIRECTION('',(-9.572574699800E-5,-8.943563623686E-6,9.999999953783E-1));
#3668=VECTOR('',#3667,5.874382701456E-2);
#3669=CARTESIAN_POINT('',(-5.714997211081E0,6.707775720594E0,
-6.479150296846E-1));
#3670=LINE('',#3669,#3668);
#3671=CARTESIAN_POINT('',(-4.622773289142E0,7.799997007350E0,
-4.757750469017E-1));
#3672=CARTESIAN_POINT('',(-4.622773289142E0,7.892725542664E0,
-4.697780364241E-1));
#3673=CARTESIAN_POINT('',(-4.645620683587E0,8.079385198507E0,
-4.573542054528E-1));
#3674=CARTESIAN_POINT('',(-4.759902574324E0,8.355240165501E0,
-4.378189811742E-1));
#3675=CARTESIAN_POINT('',(-4.926696668780E0,8.571339427573E0,
-4.199136117412E-1));
#3676=CARTESIAN_POINT('',(-5.141677957170E0,8.744894968798E0,
-4.017758780626E-1));
#3677=CARTESIAN_POINT('',(-5.422112733947E0,8.866671219888E0,
-3.818134872664E-1));
#3678=CARTESIAN_POINT('',(-5.617186280312E0,8.892208305976E0,
-3.687670144823E-1));
#3679=CARTESIAN_POINT('',(-5.714999065744E0,8.892208305976E0,
-3.624140792171E-1));
#3681=CARTESIAN_POINT('',(-5.715002834378E0,6.707775195214E0,
-5.891712029415E-1));
#3682=CARTESIAN_POINT('',(-5.622282027867E0,6.707775195214E0,
-5.830558586272E-1));
#3683=CARTESIAN_POINT('',(-5.435611335181E0,6.730619808736E0,
-5.708006016026E-1));
#3684=CARTESIAN_POINT('',(-5.159760610789E0,6.844902777183E0,
-5.511970042027E-1));
#3685=CARTESIAN_POINT('',(-4.943660933570E0,7.011696732184E0,
-5.333122663348E-1));
#3686=CARTESIAN_POINT('',(-4.770102810329E0,7.226677500685E0,
-5.151603795170E-1));
#3687=CARTESIAN_POINT('',(-4.648337302452E0,7.507114496473E0,
-4.952339697123E-1));
#3688=CARTESIAN_POINT('',(-4.622773289142E0,7.702182472068E0,
-4.821009830437E-1));
#3689=CARTESIAN_POINT('',(-4.622773289142E0,7.799997007350E0,
-4.757750469017E-1));
#3691=CARTESIAN_POINT('',(-5.714999065744E0,8.892208305976E0,
-3.624140792171E-1));
#3692=CARTESIAN_POINT('',(-5.811321351726E0,8.892208305976E0,
-3.561579518127E-1));
#3693=CARTESIAN_POINT('',(-6.001864369341E0,8.866189882120E0,
-3.434253250761E-1));
#3694=CARTESIAN_POINT('',(-6.258214250595E0,8.761097772833E0,
-3.253077350082E-1));
#3695=CARTESIAN_POINT('',(-6.484819802428E0,8.591567222128E0,
-3.067339259032E-1));
#3696=CARTESIAN_POINT('',(-6.662577304727E0,8.369321900023E0,
-2.880774836841E-1));
#3697=CARTESIAN_POINT('',(-6.782841747760E0,8.088283134751E0,
-2.680722638687E-1));
#3698=CARTESIAN_POINT('',(-6.819322535811E0,7.798221828207E0,
-2.489226509325E-1));
#3699=CARTESIAN_POINT('',(-6.783068071644E0,7.519529244194E0,
-2.304970110740E-1));
#3700=CARTESIAN_POINT('',(-6.676093320553E0,7.256886092340E0,
-2.119143371003E-1));
#3701=CARTESIAN_POINT('',(-6.511030875750E0,7.034576647233E0,
-1.937539280454E-1));
#3702=CARTESIAN_POINT('',(-6.282840562873E0,6.851619390216E0,
-1.745852741778E-1));
#3703=CARTESIAN_POINT('',(-6.011665989263E0,6.735109334396E0,
-1.552214752454E-1));
#3704=CARTESIAN_POINT('',(-5.814287513051E0,6.707799999999E0,
-1.422531401576E-1));
#3705=CARTESIAN_POINT('',(-5.715E0,6.707799999999E0,-1.356427491823E-1));
#3707=DIRECTION('',(3.206371960932E-5,2.896506402192E-6,9.999999994818E-1));
#3708=VECTOR('',#3707,5.868726161199E-2);
#3709=CARTESIAN_POINT('',(-5.715000947476E0,8.892208135988E0,
-4.211013407987E-1));
#3710=LINE('',#3709,#3708);
#3711=DIRECTION('',(1.014476377856E-12,0.E0,1.E0));
#3712=VECTOR('',#3711,5.865878734967E-2);
#3713=CARTESIAN_POINT('',(-5.715E0,6.707799999999E0,-1.943015365320E-1));
#3714=LINE('',#3713,#3712);
#3715=CARTESIAN_POINT('',(-5.715E0,6.707799999999E0,-1.356427491823E-1));
#3716=CARTESIAN_POINT('',(-5.665505562703E0,6.707753777385E0,
-1.323741817492E-1));
#3717=CARTESIAN_POINT('',(-5.568059197483E0,6.714251267685E0,
-1.259295502516E-1));
#3718=CARTESIAN_POINT('',(-5.363040831990E0,6.756453623442E0,
-1.121301864431E-1));
#3719=CARTESIAN_POINT('',(-5.109419490869E0,6.870061918593E0,
-9.397601526800E-2));
#3720=CARTESIAN_POINT('',(-4.867960700952E0,7.087192162818E0,
-7.276431684869E-2));
#3721=CARTESIAN_POINT('',(-4.760114174316E0,7.262352249592E0,
-5.928133255974E-2));
#3722=CARTESIAN_POINT('',(-4.722550976429E0,7.343992017753E0,
-5.334197903585E-2));
#3724=DIRECTION('',(0.E0,0.E0,-1.E0));
#3725=VECTOR('',#3724,3.048E-1);
#3726=CARTESIAN_POINT('',(0.E0,2.074989999999E1,-6.000000000131E-1));
#3727=LINE('',#3726,#3725);
#3728=CARTESIAN_POINT('',(0.E0,1.519999999999E1,-9.048000000131E-1));
#3729=DIRECTION('',(0.E0,0.E0,-1.E0));
#3730=DIRECTION('',(0.E0,-1.E0,0.E0));
#3731=AXIS2_PLACEMENT_3D('',#3728,#3729,#3730);
#3733=CARTESIAN_POINT('',(0.E0,1.519999999999E1,-9.048000000131E-1));
#3734=DIRECTION('',(0.E0,0.E0,-1.E0));
#3735=DIRECTION('',(0.E0,1.E0,0.E0));
#3736=AXIS2_PLACEMENT_3D('',#3733,#3734,#3735);
#3738=CARTESIAN_POINT('',(0.E0,1.519999999999E1,-9.048000000131E-1));
#3739=DIRECTION('',(0.E0,0.E0,1.E0));
#3740=DIRECTION('',(0.E0,1.E0,0.E0));
#3741=AXIS2_PLACEMENT_3D('',#3738,#3739,#3740);
#3743=CARTESIAN_POINT('',(0.E0,1.519999999999E1,-9.048000000131E-1));
#3744=DIRECTION('',(0.E0,0.E0,1.E0));
#3745=DIRECTION('',(0.E0,-1.E0,0.E0));
#3746=AXIS2_PLACEMENT_3D('',#3743,#3744,#3745);
#3748=DIRECTION('',(0.E0,0.E0,-1.E0));
#3749=VECTOR('',#3748,3.048E-1);
#3750=CARTESIAN_POINT('',(0.E0,9.650099999990E0,-6.000000000131E-1));
#3751=LINE('',#3750,#3749);
#3752=CARTESIAN_POINT('',(0.E0,1.033803436374E1,-1.743000000013E0));
#3753=DIRECTION('',(1.E0,0.E0,0.E0));
#3754=DIRECTION('',(0.E0,7.193398003387E-1,6.946583704590E-1));
#3755=AXIS2_PLACEMENT_3D('',#3752,#3753,#3754);
#3757=CARTESIAN_POINT('',(0.E0,1.519999999999E1,-1.160737353894E0));
#3758=DIRECTION('',(0.E0,0.E0,1.E0));
#3759=DIRECTION('',(0.E0,1.E0,0.E0));
#3760=AXIS2_PLACEMENT_3D('',#3757,#3758,#3759);
#3762=CARTESIAN_POINT('',(0.E0,1.519999999999E1,-1.160737353894E0));
#3763=DIRECTION('',(0.E0,0.E0,1.E0));
#3764=DIRECTION('',(0.E0,-1.E0,0.E0));
#3765=AXIS2_PLACEMENT_3D('',#3762,#3763,#3764);
#3767=CARTESIAN_POINT('',(0.E0,2.006196563624E1,-1.743000000013E0));
#3768=DIRECTION('',(-1.E0,0.E0,0.E0));
#3769=DIRECTION('',(0.E0,-7.193398003387E-1,6.946583704590E-1));
#3770=AXIS2_PLACEMENT_3D('',#3767,#3768,#3769);
#3772=CARTESIAN_POINT('',(0.E0,1.519999999999E1,-1.362000000013E0));
#3773=DIRECTION('',(0.E0,0.E0,1.E0));
#3774=DIRECTION('',(0.E0,-1.E0,0.E0));
#3775=AXIS2_PLACEMENT_3D('',#3772,#3773,#3774);
#3777=DIRECTION('',(0.E0,6.950495315701E-1,-7.189618548047E-1));
#3778=VECTOR('',#3777,2.802616134089E-1);
#3779=CARTESIAN_POINT('',(0.E0,1.094098498439E1,-1.160737353894E0));
#3780=LINE('',#3779,#3778);
#3781=DIRECTION('',(-1.990753879390E-5,6.851263477914E-4,9.999997651028E-1));
#3782=VECTOR('',#3781,1.123903611910E0);
#3783=CARTESIAN_POINT('',(-3.886525000011E0,1.638786338620E1,
-2.486000000035E0));
#3784=LINE('',#3783,#3782);
#3785=DIRECTION('',(1.994493252391E-5,6.850043143462E-4,-9.999997651856E-1));
#3786=VECTOR('',#3785,1.123903611817E0);
#3787=CARTESIAN_POINT('',(-3.886547416193E0,1.401136673496E1,
-1.362096652127E0));
#3788=LINE('',#3787,#3786);
#3789=DIRECTION('',(0.E0,-1.E0,0.E0));
#3790=VECTOR('',#3789,8.556247409100E-1);
#3791=CARTESIAN_POINT('',(-3.886525000011E0,1.562781237044E1,
-6.820000000002E0));
#3792=LINE('',#3791,#3790);
#3793=DIRECTION('',(-7.071067812602E-1,0.E0,-7.071067811129E-1));
#3794=VECTOR('',#3793,2.177888885778E-1);
#3795=CARTESIAN_POINT('',(4.064E0,1.519999999999E1,-2.486000000035E0));
#3796=LINE('',#3795,#3794);
#3797=CARTESIAN_POINT('',(0.E0,1.519999999999E1,-2.486000000035E0));
#3798=DIRECTION('',(0.E0,0.E0,-1.E0));
#3799=DIRECTION('',(0.E0,1.E0,0.E0));
#3800=AXIS2_PLACEMENT_3D('',#3797,#3798,#3799);
#3802=CARTESIAN_POINT('',(0.E0,1.519999999999E1,-2.486000000035E0));
#3803=DIRECTION('',(0.E0,0.E0,-1.E0));
#3804=DIRECTION('',(-9.563299704752E-1,2.922892190466E-1,0.E0));
#3805=AXIS2_PLACEMENT_3D('',#3802,#3803,#3804);
#3807=CARTESIAN_POINT('',(-3.886525000011E0,1.562781237044E1,
-2.639999999999E0));
#3808=CARTESIAN_POINT('',(-3.886525000011E0,1.571120781327E1,
-2.630875293586E0));
#3809=CARTESIAN_POINT('',(-3.886525000011E0,1.587870308695E1,
-2.607277137929E0));
#3810=CARTESIAN_POINT('',(-3.886525000011E0,1.613246435824E1,
-2.555736347361E0));
#3811=CARTESIAN_POINT('',(-3.886525000011E0,1.630252196755E1,
-2.510944376639E0));
#3812=CARTESIAN_POINT('',(-3.886525000011E0,1.638786338620E1,
-2.486000000035E0));
#3814=CARTESIAN_POINT('',(0.E0,1.519999999999E1,-2.639999999999E0));
#3815=DIRECTION('',(0.E0,0.E0,1.E0));
#3816=DIRECTION('',(0.E0,1.E0,0.E0));
#3817=AXIS2_PLACEMENT_3D('',#3814,#3815,#3816);
#3819=CARTESIAN_POINT('',(0.E0,1.519999999999E1,-2.639999999999E0));
#3820=DIRECTION('',(0.E0,0.E0,1.E0));
#3821=DIRECTION('',(1.E0,0.E0,0.E0));
#3822=AXIS2_PLACEMENT_3D('',#3819,#3820,#3821);
#3824=CARTESIAN_POINT('',(0.E0,1.519999999999E1,-2.639999999999E0));
#3825=DIRECTION('',(0.E0,0.E0,1.E0));
#3826=DIRECTION('',(-9.939961636849E-1,-1.094149285050E-1,0.E0));
#3827=AXIS2_PLACEMENT_3D('',#3824,#3825,#3826);
#3829=CARTESIAN_POINT('',(-3.886525000011E0,1.401213661378E1,
-2.486000000035E0));
#3830=CARTESIAN_POINT('',(-3.886525000011E0,1.409750985368E1,
-2.510953677646E0));
#3831=CARTESIAN_POINT('',(-3.886525000011E0,1.426761084583E1,
-2.555755781877E0));
#3832=CARTESIAN_POINT('',(-3.886525000011E0,1.452140182616E1,
-2.607294178942E0));
#3833=CARTESIAN_POINT('',(-3.886525000011E0,1.468883756085E1,
-2.630880258196E0));
#3834=CARTESIAN_POINT('',(-3.886525000011E0,1.477218762953E1,-2.64E0));
#3836=CARTESIAN_POINT('',(0.E0,1.519999999999E1,-2.486000000035E0));
#3837=DIRECTION('',(0.E0,0.E0,-1.E0));
#3838=DIRECTION('',(0.E0,-1.E0,0.E0));
#3839=AXIS2_PLACEMENT_3D('',#3836,#3837,#3838);
#3841=CARTESIAN_POINT('',(0.E0,1.519999999999E1,-2.486000000035E0));
#3842=DIRECTION('',(0.E0,0.E0,-1.E0));
#3843=DIRECTION('',(1.E0,0.E0,0.E0));
#3844=AXIS2_PLACEMENT_3D('',#3841,#3842,#3843);
#3846=CARTESIAN_POINT('',(0.E0,1.519999999999E1,-2.639999999999E0));
#3847=DIRECTION('',(0.E0,0.E0,1.E0));
#3848=DIRECTION('',(0.E0,-1.E0,0.E0));
#3849=AXIS2_PLACEMENT_3D('',#3846,#3847,#3848);
#3851=DIRECTION('',(0.E0,3.484719158630E-14,-1.E0));
#3852=VECTOR('',#3851,4.180000000002E0);
#3853=CARTESIAN_POINT('',(-3.886525000011E0,1.477218762953E1,-2.64E0));
#3854=LINE('',#3853,#3852);
#3855=DIRECTION('',(0.E0,0.E0,-1.E0));
#3856=VECTOR('',#3855,4.180000000002E0);
#3857=CARTESIAN_POINT('',(3.910000000003E0,1.519999999999E1,-2.639999999999E0));
#3858=LINE('',#3857,#3856);
#3859=DIRECTION('',(-3.654705459051E-14,-3.344480460783E-13,1.E0));
#3860=VECTOR('',#3859,4.180000000002E0);
#3861=CARTESIAN_POINT('',(-3.886525000011E0,1.562781237044E1,
-6.820000000002E0));
#3862=LINE('',#3861,#3860);
#3863=CARTESIAN_POINT('',(0.E0,1.519999999999E1,-6.820000000002E0));
#3864=DIRECTION('',(0.E0,0.E0,-1.E0));
#3865=DIRECTION('',(0.E0,-1.E0,0.E0));
#3866=AXIS2_PLACEMENT_3D('',#3863,#3864,#3865);
#3868=CARTESIAN_POINT('',(0.E0,1.519999999999E1,-6.820000000002E0));
#3869=DIRECTION('',(0.E0,0.E0,-1.E0));
#3870=DIRECTION('',(1.E0,0.E0,0.E0));
#3871=AXIS2_PLACEMENT_3D('',#3868,#3869,#3870);
#3873=CARTESIAN_POINT('',(0.E0,1.519999999999E1,-6.820000000002E0));
#3874=DIRECTION('',(0.E0,0.E0,-1.E0));
#3875=DIRECTION('',(0.E0,1.E0,0.E0));
#3876=AXIS2_PLACEMENT_3D('',#3873,#3874,#3875);
#3878=CARTESIAN_POINT('',(0.E0,1.519999999999E1,-6.820000000002E0));
#3879=DIRECTION('',(0.E0,0.E0,-1.E0));
#3880=DIRECTION('',(-9.939961636849E-1,1.094149285050E-1,0.E0));
#3881=AXIS2_PLACEMENT_3D('',#3878,#3879,#3880);
#3883=CARTESIAN_POINT('',(0.E0,1.519999999999E1,-6.820000000002E0));
#3884=DIRECTION('',(0.E0,0.E0,1.E0));
#3885=DIRECTION('',(0.E0,-1.E0,0.E0));
#3886=AXIS2_PLACEMENT_3D('',#3883,#3884,#3885);
#3888=CARTESIAN_POINT('',(0.E0,1.519999999999E1,-6.820000000002E0));
#3889=DIRECTION('',(0.E0,0.E0,1.E0));
#3890=DIRECTION('',(-1.E0,0.E0,0.E0));
#3891=AXIS2_PLACEMENT_3D('',#3888,#3889,#3890);
#3893=CARTESIAN_POINT('',(0.E0,1.519999999999E1,-6.820000000002E0));
#3894=DIRECTION('',(0.E0,0.E0,1.E0));
#3895=DIRECTION('',(0.E0,1.E0,0.E0));
#3896=AXIS2_PLACEMENT_3D('',#3893,#3894,#3895);
#3898=DIRECTION('',(0.E0,0.E0,1.E0));
#3899=VECTOR('',#3898,2.129999999998E0);
#3900=CARTESIAN_POINT('',(0.E0,1.787999999999E1,-8.95E0));
#3901=LINE('',#3900,#3899);
#3902=DIRECTION('',(0.E0,0.E0,1.E0));
#3903=VECTOR('',#3902,2.129999999998E0);
#3904=CARTESIAN_POINT('',(0.E0,1.251999999999E1,-8.95E0));
#3905=LINE('',#3904,#3903);
#3906=DIRECTION('',(0.E0,-7.071067811866E-1,-7.071067811865E-1));
#3907=VECTOR('',#3906,2.828427124746E-1);
#3908=CARTESIAN_POINT('',(0.E0,1.787999999999E1,-8.95E0));
#3909=LINE('',#3908,#3907);
#3910=CARTESIAN_POINT('',(0.E0,1.519999999999E1,-8.95E0));
#3911=DIRECTION('',(0.E0,0.E0,-1.E0));
#3912=DIRECTION('',(-1.E0,0.E0,0.E0));
#3913=AXIS2_PLACEMENT_3D('',#3910,#3911,#3912);
#3915=CARTESIAN_POINT('',(0.E0,1.519999999999E1,-8.95E0));
#3916=DIRECTION('',(0.E0,0.E0,-1.E0));
#3917=DIRECTION('',(0.E0,-1.E0,0.E0));
#3918=AXIS2_PLACEMENT_3D('',#3915,#3916,#3917);
#3920=DIRECTION('',(0.E0,7.071067811866E-1,-7.071067811865E-1));
#3921=VECTOR('',#3920,2.828427124746E-1);
#3922=CARTESIAN_POINT('',(0.E0,1.251999999999E1,-8.95E0));
#3923=LINE('',#3922,#3921);
#3924=CARTESIAN_POINT('',(0.E0,1.519999999999E1,-8.95E0));
#3925=DIRECTION('',(0.E0,0.E0,-1.E0));
#3926=DIRECTION('',(0.E0,1.E0,0.E0));
#3927=AXIS2_PLACEMENT_3D('',#3924,#3925,#3926);
#3929=CARTESIAN_POINT('',(0.E0,1.519999999999E1,-9.15E0));
#3930=DIRECTION('',(0.E0,0.E0,-1.E0));
#3931=DIRECTION('',(0.E0,-1.E0,0.E0));
#3932=AXIS2_PLACEMENT_3D('',#3929,#3930,#3931);
#3934=CARTESIAN_POINT('',(0.E0,1.519999999999E1,-9.15E0));
#3935=DIRECTION('',(0.E0,0.E0,-1.E0));
#3936=DIRECTION('',(0.E0,1.E0,0.E0));
#3937=AXIS2_PLACEMENT_3D('',#3934,#3935,#3936);
#3939=CARTESIAN_POINT('',(0.E0,1.519999999999E1,-9.15E0));
#3940=DIRECTION('',(0.E0,1.144131740974E-14,1.E0));
#3941=DIRECTION('',(0.E0,1.E0,-1.161017542093E-14));
#3942=AXIS2_PLACEMENT_3D('',#3939,#3940,#3941);
#3944=CARTESIAN_POINT('',(0.E0,1.519999999999E1,-9.15E0));
#3945=DIRECTION('',(0.E0,0.E0,1.E0));
#3946=DIRECTION('',(0.E0,-1.E0,0.E0));
#3947=AXIS2_PLACEMENT_3D('',#3944,#3945,#3946);
#3949=DIRECTION('',(0.E0,0.E0,-1.E0));
#3950=VECTOR('',#3949,2.329999999998E0);
#3951=CARTESIAN_POINT('',(0.E0,1.443499999999E1,-6.820000000002E0));
#3952=LINE('',#3951,#3950);
#3953=DIRECTION('',(0.E0,0.E0,-1.E0));
#3954=VECTOR('',#3953,2.329999999998E0);
#3955=CARTESIAN_POINT('',(0.E0,1.596499999999E1,-6.820000000002E0));
#3956=LINE('',#3955,#3954);
#3957=CARTESIAN_POINT('',(0.E0,1.519999999999E1,-6.820000000002E0));
#3958=DIRECTION('',(0.E0,0.E0,-1.E0));
#3959=DIRECTION('',(0.E0,1.E0,0.E0));
#3960=AXIS2_PLACEMENT_3D('',#3957,#3958,#3959);
#3962=CARTESIAN_POINT('',(-1.325358612711E-14,1.519999999999E1,
-6.820000000002E0));
#3963=DIRECTION('',(0.E0,-1.144131740974E-14,-1.E0));
#3964=DIRECTION('',(1.717982199301E-14,-1.E0,1.161017542093E-14));
#3965=AXIS2_PLACEMENT_3D('',#3962,#3963,#3964);
#3967=CARTESIAN_POINT('',(1.087302228367E-13,1.519999999999E1,
-6.820000000002E0));
#3968=DIRECTION('',(1.352407685686E-14,0.E0,1.E0));
#3969=DIRECTION('',(-1.452696899222E-13,-1.E0,0.E0));
#3970=AXIS2_PLACEMENT_3D('',#3967,#3968,#3969);
#3972=CARTESIAN_POINT('',(0.E0,1.519999999999E1,-6.820000000002E0));
#3973=DIRECTION('',(0.E0,0.E0,1.E0));
#3974=DIRECTION('',(0.E0,1.E0,0.E0));
#3975=AXIS2_PLACEMENT_3D('',#3972,#3973,#3974);
#3977=CARTESIAN_POINT('',(1.087302228367E-13,1.519999999999E1,
-6.820000000002E0));
#3978=DIRECTION('',(1.352407685686E-14,0.E0,1.E0));
#3979=DIRECTION('',(1.E0,0.E0,-1.302661682227E-14));
#3980=AXIS2_PLACEMENT_3D('',#3977,#3978,#3979);
#3982=DIRECTION('',(-9.912765080791E-14,0.E0,1.E0));
#3983=VECTOR('',#3982,1.137913169359E0);
#3984=CARTESIAN_POINT('',(7.348469228350E-1,1.534999999999E1,
-1.454291503696E1));
#3985=LINE('',#3984,#3983);
#3986=DIRECTION('',(0.E0,0.E0,-1.E0));
#3987=VECTOR('',#3986,7.722915036957E0);
#3988=CARTESIAN_POINT('',(1.723446762848E-14,1.444999999999E1,
-6.820000000002E0));
#3989=LINE('',#3988,#3987);
#3990=DIRECTION('',(0.E0,0.E0,-1.E0));
#3991=VECTOR('',#3990,5.722915036957E0);
#3992=CARTESIAN_POINT('',(1.282419169996E-14,1.594999999999E1,
-6.820000000002E0));
#3993=LINE('',#3992,#3991);
#3994=DIRECTION('',(-5.073462442919E-14,0.E0,-1.E0));
#3995=VECTOR('',#3994,1.137913169360E0);
#3996=CARTESIAN_POINT('',(-7.348469228350E-1,1.534999999999E1,
-1.340500186760E1));
#3997=LINE('',#3996,#3995);
#3998=CARTESIAN_POINT('',(0.E0,1.519999999999E1,-1.454291503696E1));
#3999=DIRECTION('',(0.E0,0.E0,-1.E0));
#4000=DIRECTION('',(0.E0,-1.E0,0.E0));
#4001=AXIS2_PLACEMENT_3D('',#3998,#3999,#4000);
#4003=CARTESIAN_POINT('',(0.E0,1.519999999999E1,-1.454291503696E1));
#4004=DIRECTION('',(-1.352407685686E-14,0.E0,-1.E0));
#4005=DIRECTION('',(1.E0,0.E0,-1.421085471520E-14));
#4006=AXIS2_PLACEMENT_3D('',#4003,#4004,#4005);
#4008=CARTESIAN_POINT('',(0.E0,1.519999999999E1,-1.454291503696E1));
#4009=DIRECTION('',(-1.352407685686E-14,0.E0,-1.E0));
#4010=DIRECTION('',(9.797958971134E-1,1.999999999995E-1,-1.184237892934E-14));
#4011=AXIS2_PLACEMENT_3D('',#4008,#4009,#4010);
#4013=CARTESIAN_POINT('',(0.E0,1.519999999999E1,-1.454291503696E1));
#4014=DIRECTION('',(0.E0,1.109439584966E-14,1.E0));
#4015=DIRECTION('',(0.E0,-1.E0,1.015061051087E-14));
#4016=AXIS2_PLACEMENT_3D('',#4013,#4014,#4015);
#4018=CARTESIAN_POINT('',(0.E0,1.519999999999E1,-1.454291503696E1));
#4019=DIRECTION('',(0.E0,0.E0,1.E0));
#4020=DIRECTION('',(-9.583148475001E-1,2.857142857137E-1,0.E0));
#4021=AXIS2_PLACEMENT_3D('',#4018,#4019,#4020);
#4023=DIRECTION('',(-1.E0,-2.299673362045E-14,0.E0));
#4024=VECTOR('',#4023,2.317316278978E-1);
#4025=CARTESIAN_POINT('',(7.348469228350E-1,1.534999999999E1,
-1.454291503696E1));
#4026=LINE('',#4025,#4024);
#4027=CARTESIAN_POINT('',(5.031152949377E-1,1.534999999999E1,
-1.340500186759E1));
#4028=CARTESIAN_POINT('',(5.017108335109E-1,1.535471070682E1,
-1.332105472117E1));
#4029=CARTESIAN_POINT('',(4.930037524651E-1,1.538465323300E1,
-1.316556355099E1));
#4030=CARTESIAN_POINT('',(4.567875844674E-1,1.546578667876E1,
-1.297841631523E1));
#4031=CARTESIAN_POINT('',(3.875007409421E-1,1.556188933830E1,
-1.283692262758E1));
#4032=CARTESIAN_POINT('',(2.825066288605E-1,1.565035663885E1,
-1.274192016846E1));
#4033=CARTESIAN_POINT('',(1.467032059704E-1,1.571115964473E1,
-1.268923200405E1));
#4034=CARTESIAN_POINT('',(5.065469838904E-2,1.572499999999E1,
-1.267849886634E1));
#4035=CARTESIAN_POINT('',(0.E0,1.572499999999E1,-1.267849886634E1));
#4037=DIRECTION('',(-1.E0,2.299673362052E-14,4.876074085337E-11));
#4038=VECTOR('',#4037,2.317316278972E-1);
#4039=CARTESIAN_POINT('',(7.348469228349E-1,1.534999999999E1,
-1.340500186760E1));
#4040=LINE('',#4039,#4038);
#4041=CARTESIAN_POINT('',(-1.293784846758E-14,1.594999999999E1,
-1.254291503696E1));
#4042=CARTESIAN_POINT('',(6.840100878477E-2,1.594999999999E1,
-1.254291503696E1));
#4043=CARTESIAN_POINT('',(1.982208949672E-1,1.593192118844E1,
-1.255050827139E1));
#4044=CARTESIAN_POINT('',(3.770585306171E-1,1.585758654190E1,
-1.258680470032E1));
#4045=CARTESIAN_POINT('',(5.249257996151E-1,1.574553767376E1,
-1.265759104685E1));
#4046=CARTESIAN_POINT('',(6.324061433558E-1,1.561342326410E1,
-1.277327046934E1));
#4047=CARTESIAN_POINT('',(6.970357157065E-1,1.548584612020E1,
-1.293914236700E1));
#4048=CARTESIAN_POINT('',(7.272502287982E-1,1.538839523055E1,
-1.314800762363E1));
#4049=CARTESIAN_POINT('',(7.338284937480E-1,1.535498926319E1,
-1.331609070764E1));
#4050=CARTESIAN_POINT('',(7.348469228349E-1,1.534999999999E1,
-1.340500186760E1));
#4052=CARTESIAN_POINT('',(-7.348469228350E-1,1.534999999999E1,
-1.340500186760E1));
#4053=CARTESIAN_POINT('',(-7.338274918706E-1,1.535499417137E1,
-1.331600324148E1));
#4054=CARTESIAN_POINT('',(-7.272406491350E-1,1.538845533815E1,
-1.314772251777E1));
#4055=CARTESIAN_POINT('',(-6.969159958024E-1,1.548619845751E1,
-1.293849511216E1));
#4056=CARTESIAN_POINT('',(-6.319614049579E-1,1.561416958192E1,
-1.277245002153E1));
#4057=CARTESIAN_POINT('',(-5.239951056869E-1,1.574646734758E1,
-1.265690412282E1));
#4058=CARTESIAN_POINT('',(-3.758055672365E-1,1.585829363555E1,
-1.258642849800E1));
#4059=CARTESIAN_POINT('',(-1.971713286520E-1,1.593214741717E1,
-1.255041461329E1));
#4060=CARTESIAN_POINT('',(-6.797670143702E-2,1.594999999999E1,
-1.254291503696E1));
#4061=CARTESIAN_POINT('',(-1.293784846758E-14,1.594999999999E1,
-1.254291503696E1));
#4063=DIRECTION('',(-1.E0,-1.533115574697E-14,-5.457891445922E-12));
#4064=VECTOR('',#4063,2.317316278978E-1);
#4065=CARTESIAN_POINT('',(-5.031152949372E-1,1.534999999999E1,
-1.340500186760E1));
#4066=LINE('',#4065,#4064);
#4067=CARTESIAN_POINT('',(0.E0,1.572499999999E1,-1.267849886634E1));
#4068=CARTESIAN_POINT('',(-5.123832821616E-2,1.572499999999E1,
-1.267849886634E1));
#4069=CARTESIAN_POINT('',(-1.480935134944E-1,1.571081825292E1,
-1.268949513264E1));
#4070=CARTESIAN_POINT('',(-2.837592756315E-1,1.564952802690E1,
-1.274270553689E1));
#4071=CARTESIAN_POINT('',(-3.880718154087E-1,1.556119430659E1,
-1.283782479298E1));
#4072=CARTESIAN_POINT('',(-4.569058589778E-1,1.546552116895E1,
-1.297898849076E1));
#4073=CARTESIAN_POINT('',(-4.929928168726E-1,1.538467029220E1,
-1.316560415724E1));
#4074=CARTESIAN_POINT('',(-5.017104444516E-1,1.535471201177E1,
-1.332103146644E1));
#4075=CARTESIAN_POINT('',(-5.031152949372E-1,1.534999999999E1,
-1.340500186760E1));
#4077=DIRECTION('',(0.E0,0.E0,1.E0));
#4078=VECTOR('',#4077,1.991555016530E0);
#4079=CARTESIAN_POINT('',(0.E0,1.467499999999E1,-1.454291503696E1));
#4080=LINE('',#4079,#4078);
#4081=DIRECTION('',(-4.789543679244E-13,0.E0,-1.E0));
#4082=VECTOR('',#4081,1.137913169370E0);
#4083=CARTESIAN_POINT('',(5.031152949377E-1,1.534999999999E1,
-1.340500186759E1));
#4084=LINE('',#4083,#4082);
#4085=DIRECTION('',(0.E0,0.E0,1.E0));
#4086=VECTOR('',#4085,1.271388459122E-1);
#4087=CARTESIAN_POINT('',(0.E0,1.572499999999E1,-1.267849886634E1));
#4088=LINE('',#4087,#4086);
#4089=DIRECTION('',(0.E0,0.E0,1.E0));
#4090=VECTOR('',#4089,1.137913169361E0);
#4091=CARTESIAN_POINT('',(-5.031152949372E-1,1.534999999999E1,
-1.454291503696E1));
#4092=LINE('',#4091,#4090);
#4093=CARTESIAN_POINT('',(0.E0,1.519999999999E1,-1.255136002043E1));
#4094=DIRECTION('',(0.E0,-1.109439584966E-14,-1.E0));
#4095=DIRECTION('',(0.E0,1.E0,-1.015061051087E-14));
#4096=AXIS2_PLACEMENT_3D('',#4093,#4094,#4095);
#4098=CARTESIAN_POINT('',(0.E0,1.519999999999E1,-1.255136002043E1));
#4099=DIRECTION('',(0.E0,0.E0,-1.E0));
#4100=DIRECTION('',(0.E0,-1.E0,0.E0));
#4101=AXIS2_PLACEMENT_3D('',#4098,#4099,#4100);
#4103=CARTESIAN_POINT('',(0.E0,1.519999999999E1,-1.255136002043E1));
#4104=DIRECTION('',(3.501043127377E-14,-1.785833645391E-14,1.E0));
#4105=DIRECTION('',(-1.E0,0.E0,3.552713678801E-14));
#4106=AXIS2_PLACEMENT_3D('',#4103,#4104,#4105);
#4108=CARTESIAN_POINT('',(0.E0,1.519999999999E1,-1.255136002043E1));
#4109=DIRECTION('',(0.E0,0.E0,1.E0));
#4110=DIRECTION('',(0.E0,1.E0,0.E0));
#4111=AXIS2_PLACEMENT_3D('',#4108,#4109,#4110);
#4113=CARTESIAN_POINT('',(0.E0,1.519999999999E1,-1.255136002043E1));
#4114=DIRECTION('',(0.E0,0.E0,1.E0));
#4115=DIRECTION('',(1.E0,0.E0,0.E0));
#4116=AXIS2_PLACEMENT_3D('',#4113,#4114,#4115);
#4118=DIRECTION('',(0.E0,0.E0,1.E0));
#4119=VECTOR('',#4118,5.148639979572E0);
#4120=CARTESIAN_POINT('',(5.E-1,1.519999999999E1,-1.77E1));
#4121=LINE('',#4120,#4119);
#4122=DIRECTION('',(0.E0,0.E0,1.E0));
#4123=VECTOR('',#4122,5.148639979572E0);
#4124=CARTESIAN_POINT('',(-5.E-1,1.519999999999E1,-1.77E1));
#4125=LINE('',#4124,#4123);
#4126=CARTESIAN_POINT('',(0.E0,1.519999999999E1,-1.77E1));
#4127=DIRECTION('',(0.E0,0.E0,-1.E0));
#4128=DIRECTION('',(-1.E0,0.E0,0.E0));
#4129=AXIS2_PLACEMENT_3D('',#4126,#4127,#4128);
#4131=CARTESIAN_POINT('',(-5.E-1,1.319999999999E1,-1.77E1));
#4132=DIRECTION('',(1.E0,0.E0,0.E0));
#4133=DIRECTION('',(0.E0,0.E0,-1.E0));
#4134=AXIS2_PLACEMENT_3D('',#4131,#4132,#4133);
#4136=CARTESIAN_POINT('',(0.E0,1.319999999999E1,-1.97E1));
#4137=DIRECTION('',(0.E0,1.E0,0.E0));
#4138=DIRECTION('',(0.E0,0.E0,-1.E0));
#4139=AXIS2_PLACEMENT_3D('',#4136,#4137,#4138);
#4141=CARTESIAN_POINT('',(0.E0,1.319999999999E1,-1.97E1));
#4142=DIRECTION('',(0.E0,1.E0,0.E0));
#4143=DIRECTION('',(1.E0,0.E0,0.E0));
#4144=AXIS2_PLACEMENT_3D('',#4141,#4142,#4143);
#4146=CARTESIAN_POINT('',(0.E0,1.519999999999E1,-1.77E1));
#4147=DIRECTION('',(0.E0,0.E0,-1.E0));
#4148=DIRECTION('',(0.E0,1.E0,0.E0));
#4149=AXIS2_PLACEMENT_3D('',#4146,#4147,#4148);
#4151=CARTESIAN_POINT('',(0.E0,1.519999999999E1,-1.77E1));
#4152=DIRECTION('',(0.E0,0.E0,-1.E0));
#4153=DIRECTION('',(1.E0,9.237055564881E-14,0.E0));
#4154=AXIS2_PLACEMENT_3D('',#4151,#4152,#4153);
#4156=CARTESIAN_POINT('',(5.E-1,1.319999999999E1,-1.77E1));
#4157=DIRECTION('',(1.E0,0.E0,0.E0));
#4158=DIRECTION('',(0.E0,0.E0,-1.E0));
#4159=AXIS2_PLACEMENT_3D('',#4156,#4157,#4158);
#4161=CARTESIAN_POINT('',(0.E0,1.319999999999E1,-1.97E1));
#4162=DIRECTION('',(0.E0,1.E0,0.E0));
#4163=DIRECTION('',(0.E0,0.E0,1.E0));
#4164=AXIS2_PLACEMENT_3D('',#4161,#4162,#4163);
#4166=CARTESIAN_POINT('',(0.E0,1.319999999999E1,-1.97E1));
#4167=DIRECTION('',(0.E0,1.E0,0.E0));
#4168=DIRECTION('',(-1.E0,0.E0,-1.421085471520E-14));
#4169=AXIS2_PLACEMENT_3D('',#4166,#4167,#4168);
#4171=CARTESIAN_POINT('',(0.E0,1.519999999999E1,-1.77E1));
#4172=DIRECTION('',(0.E0,0.E0,-1.E0));
#4173=DIRECTION('',(0.E0,-1.E0,0.E0));
#4174=AXIS2_PLACEMENT_3D('',#4171,#4172,#4173);
#4176=DIRECTION('',(0.E0,1.E0,0.E0));
#4177=VECTOR('',#4176,2.469999999999E1);
#4178=CARTESIAN_POINT('',(5.E-1,-1.15E1,-1.97E1));
#4179=LINE('',#4178,#4177);
#4180=DIRECTION('',(0.E0,1.E0,0.E0));
#4181=VECTOR('',#4180,2.469999999999E1);
#4182=CARTESIAN_POINT('',(-5.E-1,-1.15E1,-1.97E1));
#4183=LINE('',#4182,#4181);
#4184=CARTESIAN_POINT('',(2.556494060898E-14,-1.15E1,-1.97E1));
#4185=DIRECTION('',(0.E0,-1.E0,0.E0));
#4186=DIRECTION('',(1.E0,0.E0,-2.842170943040E-14));
#4187=AXIS2_PLACEMENT_3D('',#4184,#4185,#4186);
#4189=CARTESIAN_POINT('',(0.E0,-1.15E1,-1.97E1));
#4190=DIRECTION('',(0.E0,-1.E0,0.E0));
#4191=DIRECTION('',(0.E0,0.E0,-1.E0));
#4192=AXIS2_PLACEMENT_3D('',#4189,#4190,#4191);
#4194=CARTESIAN_POINT('',(0.E0,-1.15E1,-1.97E1));
#4195=DIRECTION('',(0.E0,-1.E0,0.E0));
#4196=DIRECTION('',(-1.E0,0.E0,0.E0));
#4197=AXIS2_PLACEMENT_3D('',#4194,#4195,#4196);
#4199=DIRECTION('',(-1.E0,0.E0,0.E0));
#4200=VECTOR('',#4199,2.317316278978E-1);
#4201=CARTESIAN_POINT('',(-5.031152949372E-1,1.534999999999E1,
-1.454291503696E1));
#4202=LINE('',#4201,#4200);
#4203=CARTESIAN_POINT('',(-3.886547374166E0,1.638863340217E1,
-1.362096652127E0));
#4204=CARTESIAN_POINT('',(-3.886547374166E0,1.619417528859E1,
-1.307079852540E0));
#4205=CARTESIAN_POINT('',(-3.886513811433E0,1.580189887958E1,
-1.220248609207E0));
#4206=CARTESIAN_POINT('',(-3.886530598803E0,1.519989628305E1,
-1.174828640752E0));
#4207=CARTESIAN_POINT('',(-3.886513793421E0,1.459766405940E1,
-1.220311760929E0));
#4208=CARTESIAN_POINT('',(-3.886547416193E0,1.420565539885E1,
-1.307127819191E0));
#4209=CARTESIAN_POINT('',(-3.886547416193E0,1.401136673496E1,
-1.362096652127E0));
#4211=DIRECTION('',(0.E0,-6.950495315701E-1,-7.189618548047E-1));
#4212=VECTOR('',#4211,2.802616134089E-1);
#4213=CARTESIAN_POINT('',(0.E0,1.945901501559E1,-1.160737353894E0));
#4214=LINE('',#4213,#4212);
#4215=CARTESIAN_POINT('',(0.E0,1.519999999999E1,-1.362681314196E0));
#4216=DIRECTION('',(0.E0,0.E0,1.E0));
#4217=DIRECTION('',(-9.563299704752E-1,-2.922892190466E-1,0.E0));
#4218=AXIS2_PLACEMENT_3D('',#4215,#4216,#4217);
#4220=CARTESIAN_POINT('',(0.E0,1.519999999999E1,-1.362000000013E0));
#4221=DIRECTION('',(0.E0,0.E0,1.E0));
#4222=DIRECTION('',(-9.563299704752E-1,2.922892190466E-1,0.E0));
#4223=AXIS2_PLACEMENT_3D('',#4220,#4221,#4222);
#4225=CARTESIAN_POINT('',(0.E0,1.519999999999E1,-1.362681314196E0));
#4226=DIRECTION('',(0.E0,0.E0,1.E0));
#4227=DIRECTION('',(0.E0,1.E0,0.E0));
#4228=AXIS2_PLACEMENT_3D('',#4225,#4226,#4227);
#4230=CARTESIAN_POINT('',(-3.886547374166E0,1.188633402182E0,
-1.362096652127E0));
#4231=CARTESIAN_POINT('',(-3.886547374166E0,9.941752886061E-1,
-1.307079852542E0));
#4232=CARTESIAN_POINT('',(-3.886513811433E0,6.018988796054E-1,
-1.220248609210E0));
#4233=CARTESIAN_POINT('',(-3.886530598803E0,-1.037169216066E-4,
-1.174828640752E0));
#4234=CARTESIAN_POINT('',(-3.886513793421E0,-6.023359405794E-1,
-1.220311760927E0));
#4235=CARTESIAN_POINT('',(-3.886547416193E0,-9.943446011399E-1,
-1.307127819190E0));
#4236=CARTESIAN_POINT('',(-3.886547416193E0,-1.188633265028E0,
-1.362096652127E0));
#4238=DIRECTION('',(0.E0,0.E0,-1.E0));
#4239=VECTOR('',#4238,5.722915036957E0);
#4240=CARTESIAN_POINT('',(1.286929678565E-14,7.5E-1,-6.820000000002E0));
#4241=LINE('',#4240,#4239);
#4242=DIRECTION('',(-1.019570817857E-13,0.E0,-1.E0));
#4243=VECTOR('',#4242,1.137913169359E0);
#4244=CARTESIAN_POINT('',(-7.348469228349E-1,1.499999999996E-1,
-1.340500186760E1));
#4245=LINE('',#4244,#4243);
#4246=DIRECTION('',(-9.668848617189E-14,0.E0,1.E0));
#4247=VECTOR('',#4246,1.137913169359E0);
#4248=CARTESIAN_POINT('',(7.348469228350E-1,1.499999999996E-1,
-1.454291503696E1));
#4249=LINE('',#4248,#4247);
#4250=DIRECTION('',(0.E0,0.E0,-1.E0));
#4251=VECTOR('',#4250,7.722915036957E0);
#4252=CARTESIAN_POINT('',(1.820475856803E-14,-7.5E-1,-6.820000000002E0));
#4253=LINE('',#4252,#4251);
#4254=CARTESIAN_POINT('',(5.031152949377E-1,1.499999999996E-1,
-1.340500186759E1));
#4255=CARTESIAN_POINT('',(5.017108335109E-1,1.547107068329E-1,
-1.332105472117E1));
#4256=CARTESIAN_POINT('',(4.930037524651E-1,1.846532330076E-1,
-1.316556355099E1));
#4257=CARTESIAN_POINT('',(4.567875844697E-1,2.657866787669E-1,
-1.297841631524E1));
#4258=CARTESIAN_POINT('',(3.875007409438E-1,3.618893383072E-1,
-1.283692262758E1));
#4259=CARTESIAN_POINT('',(2.825066288689E-1,4.503566388497E-1,
-1.274192016847E1));
#4260=CARTESIAN_POINT('',(1.467032059773E-1,5.111596447395E-1,
-1.268923200405E1));
#4261=CARTESIAN_POINT('',(5.065469839196E-2,5.249999999996E-1,
-1.267849886634E1));
#4262=CARTESIAN_POINT('',(0.E0,5.249999999996E-1,-1.267849886634E1));
#4264=DIRECTION('',(-1.E0,1.389385989573E-14,4.896004587808E-11));
#4265=VECTOR('',#4264,2.317316278972E-1);
#4266=CARTESIAN_POINT('',(7.348469228349E-1,1.499999999996E-1,
-1.340500186760E1));
#4267=LINE('',#4266,#4265);
#4268=CARTESIAN_POINT('',(-1.285573594774E-14,7.5E-1,-1.254291503696E1));
#4269=CARTESIAN_POINT('',(6.840100877927E-2,7.5E-1,-1.254291503696E1));
#4270=CARTESIAN_POINT('',(1.982208949552E-1,7.319211884564E-1,
-1.255050827139E1));
#4271=CARTESIAN_POINT('',(3.770585306163E-1,6.575865419129E-1,
-1.258680470032E1));
#4272=CARTESIAN_POINT('',(5.249257996231E-1,5.455376737658E-1,
-1.265759104686E1));
#4273=CARTESIAN_POINT('',(6.324061433590E-1,4.134232641007E-1,
-1.277327046935E1));
#4274=CARTESIAN_POINT('',(6.970357157110E-1,2.858461201990E-1,
-1.293914236701E1));
#4275=CARTESIAN_POINT('',(7.272502287997E-1,1.883952305553E-1,
-1.314800762365E1));
#4276=CARTESIAN_POINT('',(7.338284937481E-1,1.549892632036E-1,
-1.331609070765E1));
#4277=CARTESIAN_POINT('',(7.348469228349E-1,1.499999999996E-1,
-1.340500186760E1));
#4279=CARTESIAN_POINT('',(-7.348469228349E-1,1.499999999996E-1,
-1.340500186760E1));
#4280=CARTESIAN_POINT('',(-7.338274918706E-1,1.549941713809E-1,
-1.331600324148E1));
#4281=CARTESIAN_POINT('',(-7.272406491353E-1,1.884553381554E-1,
-1.314772251777E1));
#4282=CARTESIAN_POINT('',(-6.969159958021E-1,2.861984575246E-1,
-1.293849511215E1));
#4283=CARTESIAN_POINT('',(-6.319614049531E-1,4.141695819359E-1,
-1.277245002153E1));
#4284=CARTESIAN_POINT('',(-5.239951056865E-1,5.464673475890E-1,
-1.265690412282E1));
#4285=CARTESIAN_POINT('',(-3.758055672419E-1,6.582936355595E-1,
-1.258642849800E1));
#4286=CARTESIAN_POINT('',(-1.971713286521E-1,7.321474171799E-1,
-1.255041461329E1));
#4287=CARTESIAN_POINT('',(-6.797670143706E-2,7.5E-1,-1.254291503696E1));
#4288=CARTESIAN_POINT('',(-1.285573594774E-14,7.5E-1,-1.254291503696E1));
#4290=DIRECTION('',(-1.E0,0.E0,-1.100010424846E-11));
#4291=VECTOR('',#4290,2.317316278977E-1);
#4292=CARTESIAN_POINT('',(-5.031152949372E-1,1.499999999996E-1,
-1.340500186760E1));
#4293=LINE('',#4292,#4291);
#4294=CARTESIAN_POINT('',(0.E0,5.249999999996E-1,-1.267849886634E1));
#4295=CARTESIAN_POINT('',(-5.123832820814E-2,5.249999999996E-1,
-1.267849886634E1));
#4296=CARTESIAN_POINT('',(-1.480935134754E-1,5.108182529353E-1,
-1.268949513264E1));
#4297=CARTESIAN_POINT('',(-2.837592756037E-1,4.495280269279E-1,
-1.274270553687E1));
#4298=CARTESIAN_POINT('',(-3.880718154026E-1,3.611943066077E-1,
-1.283782479297E1));
#4299=CARTESIAN_POINT('',(-4.569058589740E-1,2.655211689674E-1,
-1.297898849075E1));
#4300=CARTESIAN_POINT('',(-4.929928168731E-1,1.846702922100E-1,
-1.316560415724E1));
#4301=CARTESIAN_POINT('',(-5.017104444516E-1,1.547120117757E-1,
-1.332103146644E1));
#4302=CARTESIAN_POINT('',(-5.031152949372E-1,1.499999999996E-1,
-1.340500186760E1));
#4304=DIRECTION('',(0.E0,0.E0,1.E0));
#4305=VECTOR('',#4304,2.E0);
#4306=CARTESIAN_POINT('',(0.E0,-5.249999999996E-1,-1.454291503696E1));
#4307=LINE('',#4306,#4305);
#4308=DIRECTION('',(-4.771006028010E-13,0.E0,-1.E0));
#4309=VECTOR('',#4308,1.137913169370E0);
#4310=CARTESIAN_POINT('',(5.031152949377E-1,1.499999999996E-1,
-1.340500186759E1));
#4311=LINE('',#4310,#4309);
#4312=DIRECTION('',(0.E0,-6.141346444202E-14,1.E0));
#4313=VECTOR('',#4312,1.355838293824E-1);
#4314=CARTESIAN_POINT('',(0.E0,5.249999999996E-1,-1.267849886634E1));
#4315=LINE('',#4314,#4313);
#4316=DIRECTION('',(0.E0,0.E0,1.E0));
#4317=VECTOR('',#4316,1.137913169361E0);
#4318=CARTESIAN_POINT('',(-5.031152949372E-1,1.499999999996E-1,
-1.454291503696E1));
#4319=LINE('',#4318,#4317);
#4320=CARTESIAN_POINT('',(0.E0,0.E0,-1.254291503696E1));
#4321=DIRECTION('',(1.081613920184E-14,0.E0,-1.E0));
#4322=DIRECTION('',(0.E0,1.E0,0.E0));
#4323=AXIS2_PLACEMENT_3D('',#4320,#4321,#4322);
#4325=CARTESIAN_POINT('',(0.E0,0.E0,-1.254291503696E1));
#4326=DIRECTION('',(0.E0,0.E0,-1.E0));
#4327=DIRECTION('',(0.E0,-1.E0,0.E0));
#4328=AXIS2_PLACEMENT_3D('',#4325,#4326,#4327);
#4330=CARTESIAN_POINT('',(0.E0,0.E0,-1.254291503696E1));
#4331=DIRECTION('',(1.081613920184E-14,0.E0,-1.E0));
#4332=DIRECTION('',(1.E0,0.E0,1.015061051087E-14));
#4333=AXIS2_PLACEMENT_3D('',#4330,#4331,#4332);
#4335=CARTESIAN_POINT('',(0.E0,0.E0,-1.254291503696E1));
#4336=DIRECTION('',(1.171219412078E-14,-2.028611528530E-14,1.E0));
#4337=DIRECTION('',(-1.E0,0.E0,1.065814103640E-14));
#4338=AXIS2_PLACEMENT_3D('',#4335,#4336,#4337);
#4340=CARTESIAN_POINT('',(0.E0,0.E0,-1.254291503696E1));
#4341=DIRECTION('',(0.E0,0.E0,1.E0));
#4342=DIRECTION('',(0.E0,1.E0,0.E0));
#4343=AXIS2_PLACEMENT_3D('',#4340,#4341,#4342);
#4345=CARTESIAN_POINT('',(0.E0,0.E0,-1.254291503696E1));
#4346=DIRECTION('',(0.E0,0.E0,1.E0));
#4347=DIRECTION('',(1.E0,0.E0,0.E0));
#4348=AXIS2_PLACEMENT_3D('',#4345,#4346,#4347);
#4350=CARTESIAN_POINT('',(0.E0,0.E0,-1.254291503696E1));
#4351=DIRECTION('',(1.171219412078E-14,-2.028611528530E-14,1.E0));
#4352=DIRECTION('',(0.E0,-1.E0,-2.131628207280E-14));
#4353=AXIS2_PLACEMENT_3D('',#4350,#4351,#4352);
#4355=DIRECTION('',(0.E0,0.E0,1.E0));
#4356=VECTOR('',#4355,2.557084963042E0);
#4357=CARTESIAN_POINT('',(5.E-1,0.E0,-1.51E1));
#4358=LINE('',#4357,#4356);
#4359=DIRECTION('',(0.E0,0.E0,1.E0));
#4360=VECTOR('',#4359,2.557084963042E0);
#4361=CARTESIAN_POINT('',(-5.E-1,0.E0,-1.51E1));
#4362=LINE('',#4361,#4360);
#4363=CARTESIAN_POINT('',(0.E0,0.E0,-1.51E1));
#4364=DIRECTION('',(0.E0,0.E0,-1.E0));
#4365=DIRECTION('',(-1.E0,0.E0,0.E0));
#4366=AXIS2_PLACEMENT_3D('',#4363,#4364,#4365);
#4368=CARTESIAN_POINT('',(-5.E-1,-2.E0,-1.51E1));
#4369=DIRECTION('',(1.E0,0.E0,0.E0));
#4370=DIRECTION('',(0.E0,0.E0,-1.E0));
#4371=AXIS2_PLACEMENT_3D('',#4368,#4369,#4370);
#4373=CARTESIAN_POINT('',(0.E0,-2.E0,-1.71E1));
#4374=DIRECTION('',(0.E0,1.E0,0.E0));
#4375=DIRECTION('',(0.E0,0.E0,-1.E0));
#4376=AXIS2_PLACEMENT_3D('',#4373,#4374,#4375);
#4378=CARTESIAN_POINT('',(0.E0,-2.E0,-1.71E1));
#4379=DIRECTION('',(0.E0,1.E0,0.E0));
#4380=DIRECTION('',(1.E0,0.E0,1.421085471520E-14));
#4381=AXIS2_PLACEMENT_3D('',#4378,#4379,#4380);
#4383=CARTESIAN_POINT('',(0.E0,0.E0,-1.51E1));
#4384=DIRECTION('',(0.E0,0.E0,-1.E0));
#4385=DIRECTION('',(0.E0,1.E0,0.E0));
#4386=AXIS2_PLACEMENT_3D('',#4383,#4384,#4385);
#4388=CARTESIAN_POINT('',(0.E0,0.E0,-1.51E1));
#4389=DIRECTION('',(0.E0,0.E0,-1.E0));
#4390=DIRECTION('',(1.E0,5.121226797054E-14,0.E0));
#4391=AXIS2_PLACEMENT_3D('',#4388,#4389,#4390);
#4393=CARTESIAN_POINT('',(5.E-1,-2.E0,-1.51E1));
#4394=DIRECTION('',(1.E0,0.E0,0.E0));
#4395=DIRECTION('',(0.E0,0.E0,-1.E0));
#4396=AXIS2_PLACEMENT_3D('',#4393,#4394,#4395);
#4398=CARTESIAN_POINT('',(0.E0,-2.E0,-1.71E1));
#4399=DIRECTION('',(0.E0,1.E0,0.E0));
#4400=DIRECTION('',(-2.582250001202E-14,0.E0,1.E0));
#4401=AXIS2_PLACEMENT_3D('',#4398,#4399,#4400);
#4403=CARTESIAN_POINT('',(0.E0,-2.E0,-1.71E1));
#4404=DIRECTION('',(0.E0,1.E0,0.E0));
#4405=DIRECTION('',(-1.E0,0.E0,-2.131628207280E-14));
#4406=AXIS2_PLACEMENT_3D('',#4403,#4404,#4405);
#4408=CARTESIAN_POINT('',(0.E0,0.E0,-1.51E1));
#4409=DIRECTION('',(0.E0,0.E0,-1.E0));
#4410=DIRECTION('',(-5.641319278423E-14,-1.E0,0.E0));
#4411=AXIS2_PLACEMENT_3D('',#4408,#4409,#4410);
#4413=DIRECTION('',(0.E0,1.E0,0.E0));
#4414=VECTOR('',#4413,9.5E0);
#4415=CARTESIAN_POINT('',(5.E-1,-1.15E1,-1.71E1));
#4416=LINE('',#4415,#4414);
#4417=DIRECTION('',(0.E0,1.E0,0.E0));
#4418=VECTOR('',#4417,9.5E0);
#4419=CARTESIAN_POINT('',(-5.E-1,-1.15E1,-1.71E1));
#4420=LINE('',#4419,#4418);
#4421=CARTESIAN_POINT('',(-1.249543003790E-14,-1.15E1,-1.71E1));
#4422=DIRECTION('',(0.E0,-1.E0,0.E0));
#4423=DIRECTION('',(1.E0,0.E0,0.E0));
#4424=AXIS2_PLACEMENT_3D('',#4421,#4422,#4423);
#4426=CARTESIAN_POINT('',(0.E0,-1.15E1,-1.71E1));
#4427=DIRECTION('',(0.E0,-1.E0,0.E0));
#4428=DIRECTION('',(0.E0,0.E0,-1.E0));
#4429=AXIS2_PLACEMENT_3D('',#4426,#4427,#4428);
#4431=CARTESIAN_POINT('',(0.E0,-1.15E1,-1.71E1));
#4432=DIRECTION('',(0.E0,-1.E0,0.E0));
#4433=DIRECTION('',(-1.E0,0.E0,0.E0));
#4434=AXIS2_PLACEMENT_3D('',#4431,#4432,#4433);
#4436=CARTESIAN_POINT('',(-1.249543003790E-14,-1.15E1,-1.71E1));
#4437=DIRECTION('',(0.E0,-1.E0,0.E0));
#4438=DIRECTION('',(0.E0,0.E0,1.E0));
#4439=AXIS2_PLACEMENT_3D('',#4436,#4437,#4438);
#4441=DIRECTION('',(-1.E0,0.E0,0.E0));
#4442=VECTOR('',#4441,2.317316278978E-1);
#4443=CARTESIAN_POINT('',(-5.031152949372E-1,1.499999999996E-1,
-1.454291503696E1));
#4444=LINE('',#4443,#4442);
#4445=CARTESIAN_POINT('',(0.E0,0.E0,-1.454291503696E1));
#4446=DIRECTION('',(0.E0,0.E0,-1.E0));
#4447=DIRECTION('',(0.E0,-1.E0,0.E0));
#4448=AXIS2_PLACEMENT_3D('',#4445,#4446,#4447);
#4450=CARTESIAN_POINT('',(0.E0,0.E0,-1.454291503696E1));
#4451=DIRECTION('',(-1.352407685686E-14,0.E0,-1.E0));
#4452=DIRECTION('',(1.E0,0.E0,-1.421085471520E-14));
#4453=AXIS2_PLACEMENT_3D('',#4450,#4451,#4452);
#4455=CARTESIAN_POINT('',(0.E0,0.E0,-1.454291503696E1));
#4456=DIRECTION('',(-1.352407685686E-14,0.E0,-1.E0));
#4457=DIRECTION('',(9.797958971134E-1,1.999999999995E-1,-1.184237892934E-14));
#4458=AXIS2_PLACEMENT_3D('',#4455,#4456,#4457);
#4460=CARTESIAN_POINT('',(1.951346680622E-14,-1.651438536433E-14,
-1.454291503696E1));
#4461=DIRECTION('',(-1.081613920184E-14,0.E0,1.E0));
#4462=DIRECTION('',(1.E0,0.E0,1.015061051087E-14));
#4463=AXIS2_PLACEMENT_3D('',#4460,#4461,#4462);
#4465=CARTESIAN_POINT('',(1.951346680622E-14,-1.651438536433E-14,
-1.454291503696E1));
#4466=DIRECTION('',(-1.081613920184E-14,0.E0,1.E0));
#4467=DIRECTION('',(-3.589968188850E-14,-1.E0,0.E0));
#4468=AXIS2_PLACEMENT_3D('',#4465,#4466,#4467);
#4470=CARTESIAN_POINT('',(0.E0,0.E0,-1.454291503696E1));
#4471=DIRECTION('',(0.E0,0.E0,1.E0));
#4472=DIRECTION('',(-9.583148475001E-1,2.857142857138E-1,0.E0));
#4473=AXIS2_PLACEMENT_3D('',#4470,#4471,#4472);
#4475=DIRECTION('',(-1.E0,0.E0,0.E0));
#4476=VECTOR('',#4475,2.317316278978E-1);
#4477=CARTESIAN_POINT('',(7.348469228350E-1,1.499999999996E-1,
-1.454291503696E1));
#4478=LINE('',#4477,#4476);
#4479=CARTESIAN_POINT('',(-4.545E0,1.681975306759E1,7.103041451272E0));
#4480=CARTESIAN_POINT('',(-4.545E0,1.358024693239E1,7.103041451272E0));
#4481=VERTEX_POINT('',#4479);
#4482=VERTEX_POINT('',#4480);
#4483=CARTESIAN_POINT('',(0.E0,1.037499999999E1,7.847E0));
#4484=CARTESIAN_POINT('',(0.E0,1.037499999999E1,2.4E0));
#4485=VERTEX_POINT('',#4483);
#4486=VERTEX_POINT('',#4484);
#4487=CARTESIAN_POINT('',(-4.545E0,1.358024693239E1,7.847E0));
#4488=VERTEX_POINT('',#4487);
#4489=CARTESIAN_POINT('',(-4.545E0,1.681975306759E1,7.847E0));
#4490=VERTEX_POINT('',#4489);
#4491=CARTESIAN_POINT('',(0.E0,2.002499999999E1,7.847E0));
#4492=VERTEX_POINT('',#4491);
#4493=CARTESIAN_POINT('',(0.E0,2.002499999999E1,2.4E0));
#4494=VERTEX_POINT('',#4493);
#4495=CARTESIAN_POINT('',(-4.825E0,1.519999999999E1,2.4E0));
#4496=VERTEX_POINT('',#4495);
#4497=VERTEX_POINT('',#1013);
#4498=VERTEX_POINT('',#1021);
#4499=VERTEX_POINT('',#983);
#4500=VERTEX_POINT('',#993);
#4501=CARTESIAN_POINT('',(0.E0,1.113599999999E1,4.6726E0));
#4502=CARTESIAN_POINT('',(0.E0,1.926399999999E1,4.6726E0));
#4503=VERTEX_POINT('',#4501);
#4504=VERTEX_POINT('',#4502);
#4505=CARTESIAN_POINT('',(-4.064E0,1.519999999999E1,4.6726E0));
#4506=VERTEX_POINT('',#4505);
#4507=CARTESIAN_POINT('',(0.E0,1.367599999999E1,4.6726E0));
#4508=CARTESIAN_POINT('',(0.E0,1.672399999999E1,4.6726E0));
#4509=VERTEX_POINT('',#4507);
#4510=VERTEX_POINT('',#4508);
#4511=CARTESIAN_POINT('',(0.E0,1.037499999999E1,1.293E1));
#4512=CARTESIAN_POINT('',(0.E0,1.052499999999E1,1.308E1));
#4513=VERTEX_POINT('',#4511);
#4514=VERTEX_POINT('',#4512);
#4515=CARTESIAN_POINT('',(-4.675E0,1.519999999999E1,1.308E1));
#4516=VERTEX_POINT('',#4515);
#4517=CARTESIAN_POINT('',(0.E0,1.987499999999E1,1.308E1));
#4518=VERTEX_POINT('',#4517);
#4519=CARTESIAN_POINT('',(0.E0,2.002499999999E1,1.293E1));
#4520=VERTEX_POINT('',#4519);
#4521=CARTESIAN_POINT('',(-4.825E0,1.519999999999E1,1.293E1));
#4522=VERTEX_POINT('',#4521);
#4523=CARTESIAN_POINT('',(0.E0,1.787999999999E1,-8.95E0));
#4524=CARTESIAN_POINT('',(0.E0,1.787999999999E1,-6.820000000002E0));
#4525=VERTEX_POINT('',#4523);
#4526=VERTEX_POINT('',#4524);
#4527=CARTESIAN_POINT('',(-2.68E0,1.519999999999E1,-8.95E0));
#4528=VERTEX_POINT('',#4527);
#4529=CARTESIAN_POINT('',(0.E0,1.251999999999E1,-8.95E0));
#4530=VERTEX_POINT('',#4529);
#4531=CARTESIAN_POINT('',(0.E0,1.251999999999E1,-6.820000000002E0));
#4532=VERTEX_POINT('',#4531);
#4533=CARTESIAN_POINT('',(-2.68E0,1.519999999999E1,-6.820000000002E0));
#4534=VERTEX_POINT('',#4533);
#4535=CARTESIAN_POINT('',(0.E0,1.101050455725E1,1.250901634572E1));
#4536=VERTEX_POINT('',#4535);
#4537=CARTESIAN_POINT('',(0.E0,1.938949544273E1,1.250901634572E1));
#4538=VERTEX_POINT('',#4537);
#4539=CARTESIAN_POINT('',(0.E0,1.073853094512E1,1.308E1));
#4540=VERTEX_POINT('',#4539);
#4541=CARTESIAN_POINT('',(-4.189495442742E0,1.519999999999E1,1.250901634572E1));
#4542=VERTEX_POINT('',#4541);
#4543=CARTESIAN_POINT('',(0.E0,1.966146905486E1,1.308E1));
#4544=VERTEX_POINT('',#4543);
#4545=CARTESIAN_POINT('',(-3.886525000011E0,1.562781237044E1,
-6.820000000002E0));
#4546=CARTESIAN_POINT('',(-3.886525000011E0,1.477218762953E1,
-6.820000000002E0));
#4547=VERTEX_POINT('',#4545);
#4548=VERTEX_POINT('',#4546);
#4549=CARTESIAN_POINT('',(0.E0,1.910999999999E1,-6.820000000002E0));
#4550=CARTESIAN_POINT('',(3.910000000003E0,1.519999999999E1,-6.820000000002E0));
#4551=VERTEX_POINT('',#4549);
#4552=VERTEX_POINT('',#4550);
#4553=CARTESIAN_POINT('',(0.E0,1.128999999999E1,-6.820000000002E0));
#4554=VERTEX_POINT('',#4553);
#4555=CARTESIAN_POINT('',(8.8E0,2.410000000001E1,-8.900000000001E0));
#4556=CARTESIAN_POINT('',(8.200000000001E0,2.410000000001E1,-8.900000000001E0));
#4557=VERTEX_POINT('',#4555);
#4558=VERTEX_POINT('',#4556);
#4559=CARTESIAN_POINT('',(8.8E0,8.600000000006E0,-1.8E1));
#4560=VERTEX_POINT('',#4559);
#4561=CARTESIAN_POINT('',(8.200000000001E0,8.600000000006E0,-1.8E1));
#4562=VERTEX_POINT('',#4561);
#4563=CARTESIAN_POINT('',(-8.8E0,8.600000000006E0,-1.8E1));
#4564=CARTESIAN_POINT('',(-8.199999999999E0,8.600000000006E0,-1.8E1));
#4565=VERTEX_POINT('',#4563);
#4566=VERTEX_POINT('',#4564);
#4567=CARTESIAN_POINT('',(-8.8E0,2.410000000001E1,-8.900000000001E0));
#4568=VERTEX_POINT('',#4567);
#4569=CARTESIAN_POINT('',(-8.199999999999E0,2.410000000001E1,
-8.900000000001E0));
#4570=VERTEX_POINT('',#4569);
#4571=CARTESIAN_POINT('',(-4.545E0,1.519999999999E1,1.1215E1));
#4572=CARTESIAN_POINT('',(-4.545E0,1.681975306759E1,1.057695854873E1));
#4573=VERTEX_POINT('',#4571);
#4574=VERTEX_POINT('',#4572);
#4575=CARTESIAN_POINT('',(-4.545E0,1.358024693239E1,1.057695854873E1));
#4576=VERTEX_POINT('',#4575);
#4577=CARTESIAN_POINT('',(-4.545E0,1.681975306759E1,9.827E0));
#4578=VERTEX_POINT('',#4577);
#4579=VERTEX_POINT('',#785);
#4580=VERTEX_POINT('',#855);
#4581=VERTEX_POINT('',#863);
#4582=CARTESIAN_POINT('',(-4.545E0,1.420999999999E1,8.84E0));
#4583=CARTESIAN_POINT('',(-4.545E0,1.519999999999E1,7.85E0));
#4584=VERTEX_POINT('',#4582);
#4585=VERTEX_POINT('',#4583);
#4586=CARTESIAN_POINT('',(-4.545E0,1.618999999999E1,8.84E0));
#4587=VERTEX_POINT('',#4586);
#4588=CARTESIAN_POINT('',(4.675E0,1.519999999999E1,1.308E1));
#4589=VERTEX_POINT('',#4588);
#4590=CARTESIAN_POINT('',(8.200000000001E0,-1.025E1,-5.050000000001E0));
#4591=CARTESIAN_POINT('',(8.200000000001E0,-6.399999999994E0,
-5.050000000001E0));
#4592=VERTEX_POINT('',#4590);
#4593=VERTEX_POINT('',#4591);
#4594=CARTESIAN_POINT('',(8.8E0,-6.399999999994E0,-5.050000000001E0));
#4595=VERTEX_POINT('',#4594);
#4596=CARTESIAN_POINT('',(8.8E0,-1.025E1,-5.050000000001E0));
#4597=VERTEX_POINT('',#4596);
#4598=CARTESIAN_POINT('',(0.E0,8.889999999990E0,2.4E0));
#4599=CARTESIAN_POINT('',(6.31E0,1.519999999999E1,2.4E0));
#4600=VERTEX_POINT('',#4598);
#4601=VERTEX_POINT('',#4599);
#4602=CARTESIAN_POINT('',(-6.31E0,1.519999999999E1,2.4E0));
#4603=VERTEX_POINT('',#4602);
#4604=CARTESIAN_POINT('',(4.545E0,1.358024693239E1,7.103041451272E0));
#4605=CARTESIAN_POINT('',(4.545E0,1.519999999999E1,6.465E0));
#4606=VERTEX_POINT('',#4604);
#4607=VERTEX_POINT('',#4605);
#4608=CARTESIAN_POINT('',(4.545E0,1.681975306759E1,7.103041451271E0));
#4609=VERTEX_POINT('',#4608);
#4610=VERTEX_POINT('',#959);
#4611=CARTESIAN_POINT('',(6.31E0,1.519999999999E1,0.E0));
#4612=VERTEX_POINT('',#4611);
#4613=CARTESIAN_POINT('',(-6.31E0,1.519999999999E1,-1.033261983302E-14));
#4614=VERTEX_POINT('',#4613);
#4615=CARTESIAN_POINT('',(4.545E0,1.358024693239E1,9.827E0));
#4616=CARTESIAN_POINT('',(4.545E0,1.358024693239E1,1.057695854873E1));
#4617=VERTEX_POINT('',#4615);
#4618=VERTEX_POINT('',#4616);
#4619=VERTEX_POINT('',#907);
#4620=VERTEX_POINT('',#913);
#4621=CARTESIAN_POINT('',(4.545E0,1.681975306759E1,7.847E0));
#4622=VERTEX_POINT('',#4621);
#4623=VERTEX_POINT('',#881);
#4624=VERTEX_POINT('',#887);
#4625=CARTESIAN_POINT('',(4.545E0,1.681975306759E1,1.057695854873E1));
#4626=VERTEX_POINT('',#4625);
#4627=CARTESIAN_POINT('',(4.545E0,1.519999999999E1,1.1215E1));
#4628=VERTEX_POINT('',#4627);
#4629=CARTESIAN_POINT('',(4.545E0,1.519999999999E1,9.83E0));
#4630=CARTESIAN_POINT('',(4.545E0,1.618999999999E1,8.84E0));
#4631=VERTEX_POINT('',#4629);
#4632=VERTEX_POINT('',#4630);
#4633=CARTESIAN_POINT('',(4.545E0,1.420999999999E1,8.84E0));
#4634=VERTEX_POINT('',#4633);
#4635=CARTESIAN_POINT('',(4.545E0,1.519999999999E1,7.85E0));
#4636=VERTEX_POINT('',#4635);
#4637=VERTEX_POINT('',#943);
#4638=VERTEX_POINT('',#3807);
#4639=VERTEX_POINT('',#3812);
#4640=CARTESIAN_POINT('',(-3.886525000011E0,1.477218762953E1,-2.64E0));
#4641=VERTEX_POINT('',#4640);
#4642=VERTEX_POINT('',#3829);
#4643=CARTESIAN_POINT('',(-3.886547416193E0,1.401136673496E1,
-1.362096652127E0));
#4644=VERTEX_POINT('',#4643);
#4645=VERTEX_POINT('',#4203);
#4646=CARTESIAN_POINT('',(8.8E0,-1.025E1,-2.550000000001E0));
#4647=VERTEX_POINT('',#4646);
#4648=CARTESIAN_POINT('',(8.200000000001E0,-1.025E1,-2.550000000001E0));
#4649=VERTEX_POINT('',#4648);
#4650=CARTESIAN_POINT('',(0.E0,1.037499999999E1,9.827E0));
#4651=VERTEX_POINT('',#4650);
#4652=CARTESIAN_POINT('',(0.E0,2.002499999999E1,9.827E0));
#4653=VERTEX_POINT('',#4652);
#4654=VERTEX_POINT('',#1105);
#4655=VERTEX_POINT('',#1113);
#4656=VERTEX_POINT('',#1079);
#4657=CARTESIAN_POINT('',(0.E0,1.271999999999E1,-9.15E0));
#4658=VERTEX_POINT('',#4657);
#4659=CARTESIAN_POINT('',(0.E0,1.767999999999E1,-9.15E0));
#4660=VERTEX_POINT('',#4659);
#4661=CARTESIAN_POINT('',(0.E0,1.596499999999E1,-6.820000000002E0));
#4662=CARTESIAN_POINT('',(0.E0,1.443499999999E1,-6.820000000002E0));
#4663=VERTEX_POINT('',#4661);
#4664=VERTEX_POINT('',#4662);
#4665=CARTESIAN_POINT('',(7.500000000001E-1,1.519999999999E1,
-6.820000000002E0));
#4666=CARTESIAN_POINT('',(0.E0,1.594999999999E1,-6.820000000002E0));
#4667=VERTEX_POINT('',#4665);
#4668=VERTEX_POINT('',#4666);
#4669=CARTESIAN_POINT('',(0.E0,1.444999999999E1,-6.820000000002E0));
#4670=VERTEX_POINT('',#4669);
#4671=CARTESIAN_POINT('',(0.E0,1.672399999999E1,9.699999999999E0));
#4672=VERTEX_POINT('',#4671);
#4673=CARTESIAN_POINT('',(0.E0,1.367599999999E1,9.699999999999E0));
#4674=VERTEX_POINT('',#4673);
#4675=CARTESIAN_POINT('',(0.E0,1.627949999999E1,9.699999999999E0));
#4676=CARTESIAN_POINT('',(0.E0,1.412049999999E1,9.699999999999E0));
#4677=VERTEX_POINT('',#4675);
#4678=VERTEX_POINT('',#4676);
#4679=CARTESIAN_POINT('',(1.482892774937E-7,1.627945396813E1,4.907300820495E0));
#4680=VERTEX_POINT('',#4679);
#4681=CARTESIAN_POINT('',(1.384006829869E-10,1.412054603317E1,
4.907300867269E0));
#4682=VERTEX_POINT('',#4681);
#4683=CARTESIAN_POINT('',(0.E0,1.443499999999E1,-9.15E0));
#4684=VERTEX_POINT('',#4683);
#4685=CARTESIAN_POINT('',(0.E0,1.596499999999E1,-9.15E0));
#4686=VERTEX_POINT('',#4685);
#4687=CARTESIAN_POINT('',(-5.988469759440E-1,1.558365054333E1,
4.907300963043E0));
#4688=CARTESIAN_POINT('',(-3.836505433370E-1,1.579884697593E1,
4.907300963043E0));
#4689=VERTEX_POINT('',#4687);
#4690=VERTEX_POINT('',#4688);
#4691=CARTESIAN_POINT('',(-6.479417130747E-1,1.606328856160E1,
4.907300973367E0));
#4692=VERTEX_POINT('',#4691);
#4693=CARTESIAN_POINT('',(6.479722076498E-1,1.606328309326E1,4.907299950308E0));
#4694=CARTESIAN_POINT('',(3.835500459359E-1,1.579874643832E1,4.907300967289E0));
#4695=VERTEX_POINT('',#4693);
#4696=VERTEX_POINT('',#4694);
#4697=CARTESIAN_POINT('',(5.988469759440E-1,1.558365054333E1,4.907300963043E0));
#4698=VERTEX_POINT('',#4697);
#4699=CARTESIAN_POINT('',(8.632690700770E-1,1.584796079441E1,4.907300362237E0));
#4700=VERTEX_POINT('',#4699);
#4701=CARTESIAN_POINT('',(8.632424538344E-1,1.455198115614E1,4.907300053032E0));
#4702=CARTESIAN_POINT('',(5.987464835434E-1,1.481644995405E1,4.907299366855E0));
#4703=VERTEX_POINT('',#4701);
#4704=VERTEX_POINT('',#4702);
#4705=CARTESIAN_POINT('',(3.836505433370E-1,1.460115302405E1,4.907300963043E0));
#4706=VERTEX_POINT('',#4705);
#4707=CARTESIAN_POINT('',(6.479722098872E-1,1.433671690802E1,4.907299950315E0));
#4708=VERTEX_POINT('',#4707);
#4709=CARTESIAN_POINT('',(-6.479401604465E-1,1.433671486718E1,
4.907300973329E0));
#4710=CARTESIAN_POINT('',(-3.835500459359E-1,1.460125356165E1,
4.907300967219E0));
#4711=VERTEX_POINT('',#4709);
#4712=VERTEX_POINT('',#4710);
#4713=CARTESIAN_POINT('',(-5.988469759440E-1,1.481634945665E1,
4.907300963043E0));
#4714=VERTEX_POINT('',#4713);
#4715=CARTESIAN_POINT('',(-8.632384993149E-1,1.455198865112E1,
4.907300227700E0));
#4716=VERTEX_POINT('',#4715);
#4717=CARTESIAN_POINT('',(-8.632649484943E-1,1.584797646095E1,
4.907300223022E0));
#4718=VERTEX_POINT('',#4717);
#4719=CARTESIAN_POINT('',(3.834498072019E-1,1.472797374911E1,9.389630711673E0));
#4720=VERTEX_POINT('',#4719);
#4721=CARTESIAN_POINT('',(-3.834498072019E-1,1.472797374911E1,
9.389630711674E0));
#4722=VERTEX_POINT('',#4721);
#4723=CARTESIAN_POINT('',(0.E0,1.461579410814E1,9.392802440037E0));
#4724=VERTEX_POINT('',#4723);
#4725=CARTESIAN_POINT('',(0.E0,1.591110502879E1,4.907299626169E0));
#4726=CARTESIAN_POINT('',(0.E0,1.591119999999E1,4.450100963043E0));
#4727=VERTEX_POINT('',#4725);
#4728=VERTEX_POINT('',#4726);
#4729=CARTESIAN_POINT('',(0.E0,1.448879999999E1,4.450100963043E0));
#4730=VERTEX_POINT('',#4729);
#4731=CARTESIAN_POINT('',(0.E0,1.448889497118E1,4.907299626104E0));
#4732=VERTEX_POINT('',#4731);
#4733=CARTESIAN_POINT('',(0.E0,1.502569656100E1,4.127500963043E0));
#4734=CARTESIAN_POINT('',(0.E0,1.537430343898E1,4.127500963043E0));
#4735=VERTEX_POINT('',#4733);
#4736=VERTEX_POINT('',#4734);
#4737=CARTESIAN_POINT('',(7.292126593546E-1,1.455208639324E1,9.651E0));
#4738=VERTEX_POINT('',#4737);
#4739=CARTESIAN_POINT('',(6.475051116706E-1,1.463382680534E1,9.648691877184E0));
#4740=VERTEX_POINT('',#4739);
#4741=VERTEX_POINT('',#1458);
#4742=CARTESIAN_POINT('',(8.309323285258E-1,1.519999999999E1,9.653873436982E0));
#4743=VERTEX_POINT('',#4742);
#4744=CARTESIAN_POINT('',(6.475067300116E-1,1.576617508394E1,9.648691922900E0));
#4745=VERTEX_POINT('',#4744);
#4746=CARTESIAN_POINT('',(9.451867510901E-1,1.519999999999E1,9.657100963043E0));
#4747=VERTEX_POINT('',#4746);
#4748=CARTESIAN_POINT('',(7.292126593546E-1,1.584791360674E1,9.651E0));
#4749=VERTEX_POINT('',#4748);
#4750=CARTESIAN_POINT('',(4.720262508840E-1,1.558344980719E1,9.389630711726E0));
#4751=VERTEX_POINT('',#4750);
#4752=CARTESIAN_POINT('',(5.842058918517E-1,1.519999999999E1,9.392802440037E0));
#4753=VERTEX_POINT('',#4752);
#4754=VERTEX_POINT('',#1627);
#4755=VERTEX_POINT('',#1632);
#4756=CARTESIAN_POINT('',(-5.842058918517E-1,1.519999999999E1,
9.392802440037E0));
#4757=CARTESIAN_POINT('',(-4.720263370385E-1,1.558344954852E1,
9.389633526059E0));
#4758=VERTEX_POINT('',#4756);
#4759=VERTEX_POINT('',#4757);
#4760=VERTEX_POINT('',#1652);
#4761=CARTESIAN_POINT('',(-8.309323285258E-1,1.519999999999E1,
9.653873436982E0));
#4762=VERTEX_POINT('',#4761);
#4763=CARTESIAN_POINT('',(-7.292126593546E-1,1.584791360674E1,9.651E0));
#4764=VERTEX_POINT('',#4763);
#4765=CARTESIAN_POINT('',(-9.451867510901E-1,1.519999999999E1,
9.657100963043E0));
#4766=VERTEX_POINT('',#4765);
#4767=CARTESIAN_POINT('',(-7.292126593546E-1,1.455208639324E1,9.651E0));
#4768=VERTEX_POINT('',#4767);
#4769=CARTESIAN_POINT('',(6.479136067484E-1,1.592921265934E1,9.651E0));
#4770=VERTEX_POINT('',#4769);
#4771=CARTESIAN_POINT('',(5.661731946092E-1,1.584750511163E1,9.648691877183E0));
#4772=VERTEX_POINT('',#4771);
#4773=VERTEX_POINT('',#1296);
#4774=CARTESIAN_POINT('',(-4.374278717023E-14,1.603093232852E1,
9.653873436982E0));
#4775=VERTEX_POINT('',#4774);
#4776=CARTESIAN_POINT('',(-5.661750839474E-1,1.584750673E1,9.648691922900E0));
#4777=VERTEX_POINT('',#4776);
#4778=CARTESIAN_POINT('',(0.E0,1.614518675108E1,9.657100963043E0));
#4779=VERTEX_POINT('',#4778);
#4780=CARTESIAN_POINT('',(-6.479136067485E-1,1.592921265934E1,9.651E0));
#4781=VERTEX_POINT('',#4780);
#4782=CARTESIAN_POINT('',(-3.834498072019E-1,1.567202625087E1,
9.389630711674E0));
#4783=VERTEX_POINT('',#4782);
#4784=CARTESIAN_POINT('',(0.E0,1.578420589184E1,9.392802440037E0));
#4785=VERTEX_POINT('',#4784);
#4786=CARTESIAN_POINT('',(6.479136067484E-1,1.447078734064E1,9.651E0));
#4787=VERTEX_POINT('',#4786);
#4788=CARTESIAN_POINT('',(-6.479136067484E-1,1.447078734064E1,9.651E0));
#4789=CARTESIAN_POINT('',(0.E0,1.425481324890E1,9.657100963043E0));
#4790=VERTEX_POINT('',#4788);
#4791=VERTEX_POINT('',#4789);
#4792=VERTEX_POINT('',#1538);
#4793=VERTEX_POINT('',#1562);
#4794=CARTESIAN_POINT('',(6.017408793468E-14,1.436906767146E1,
9.653873436982E0));
#4795=VERTEX_POINT('',#4794);
#4796=CARTESIAN_POINT('',(-1.293784846758E-14,1.594999999999E1,
-1.254291503696E1));
#4797=VERTEX_POINT('',#4796);
#4798=VERTEX_POINT('',#4052);
#4799=CARTESIAN_POINT('',(-7.348469228350E-1,1.534999999999E1,
-1.454291503696E1));
#4800=VERTEX_POINT('',#4799);
#4801=CARTESIAN_POINT('',(0.E0,1.444999999999E1,-1.454291503696E1));
#4802=VERTEX_POINT('',#4801);
#4803=CARTESIAN_POINT('',(7.348469228350E-1,1.534999999999E1,
-1.454291503696E1));
#4804=CARTESIAN_POINT('',(5.031152949372E-1,1.534999999999E1,
-1.454291503696E1));
#4805=VERTEX_POINT('',#4803);
#4806=VERTEX_POINT('',#4804);
#4807=CARTESIAN_POINT('',(5.031152949377E-1,1.534999999999E1,
-1.340500186759E1));
#4808=VERTEX_POINT('',#4807);
#4809=CARTESIAN_POINT('',(7.348469228349E-1,1.534999999999E1,
-1.340500186760E1));
#4810=VERTEX_POINT('',#4809);
#4811=VERTEX_POINT('',#4035);
#4812=VERTEX_POINT('',#4075);
#4813=CARTESIAN_POINT('',(-5.031152949372E-1,1.534999999999E1,
-1.454291503696E1));
#4814=VERTEX_POINT('',#4813);
#4815=CARTESIAN_POINT('',(0.E0,1.467499999999E1,-1.454291503696E1));
#4816=VERTEX_POINT('',#4815);
#4817=CARTESIAN_POINT('',(7.5E-1,1.519999999999E1,-1.454291503696E1));
#4818=VERTEX_POINT('',#4817);
#4819=CARTESIAN_POINT('',(0.E0,1.467499999999E1,-1.255136002043E1));
#4820=VERTEX_POINT('',#4819);
#4821=CARTESIAN_POINT('',(0.E0,1.572499999999E1,-1.255136002043E1));
#4822=VERTEX_POINT('',#4821);
#4823=CARTESIAN_POINT('',(-5.E-1,1.519999999999E1,-1.255136002043E1));
#4824=CARTESIAN_POINT('',(5.E-1,1.519999999999E1,-1.255136002043E1));
#4825=VERTEX_POINT('',#4823);
#4826=VERTEX_POINT('',#4824);
#4827=CARTESIAN_POINT('',(0.E0,1.569999999999E1,-1.255136002043E1));
#4828=VERTEX_POINT('',#4827);
#4829=CARTESIAN_POINT('',(-8.8E0,2.410000000001E1,0.E0));
#4830=VERTEX_POINT('',#4829);
#4831=CARTESIAN_POINT('',(-8.8E0,-6.399999999994E0,-1.8E1));
#4832=VERTEX_POINT('',#4831);
#4833=CARTESIAN_POINT('',(-8.8E0,-6.399999999994E0,-1.525E1));
#4834=VERTEX_POINT('',#4833);
#4835=CARTESIAN_POINT('',(-8.8E0,-1.025E1,-1.525E1));
#4836=VERTEX_POINT('',#4835);
#4837=CARTESIAN_POINT('',(-8.8E0,-1.025E1,-1.275E1));
#4838=VERTEX_POINT('',#4837);
#4839=CARTESIAN_POINT('',(-8.8E0,-6.399999999994E0,-1.275E1));
#4840=VERTEX_POINT('',#4839);
#4841=CARTESIAN_POINT('',(-8.8E0,-6.399999999994E0,-5.050000000001E0));
#4842=VERTEX_POINT('',#4841);
#4843=CARTESIAN_POINT('',(-8.8E0,-1.025E1,-5.050000000001E0));
#4844=VERTEX_POINT('',#4843);
#4845=CARTESIAN_POINT('',(-8.8E0,-1.025E1,-2.550000000001E0));
#4846=VERTEX_POINT('',#4845);
#4847=CARTESIAN_POINT('',(-8.8E0,-6.399999999994E0,-2.550000000001E0));
#4848=VERTEX_POINT('',#4847);
#4849=CARTESIAN_POINT('',(-8.8E0,-6.399999999994E0,0.E0));
#4850=VERTEX_POINT('',#4849);
#4851=CARTESIAN_POINT('',(0.E0,1.113599999999E1,-2.486000000035E0));
#4852=VERTEX_POINT('',#4851);
#4853=CARTESIAN_POINT('',(4.064E0,1.519999999999E1,-2.486000000035E0));
#4854=VERTEX_POINT('',#4853);
#4855=CARTESIAN_POINT('',(0.E0,1.926399999999E1,-2.486000000035E0));
#4856=VERTEX_POINT('',#4855);
#4857=CARTESIAN_POINT('',(8.8E0,-6.399999999994E0,-1.8E1));
#4858=VERTEX_POINT('',#4857);
#4859=CARTESIAN_POINT('',(8.200000000001E0,-6.399999999994E0,-1.8E1));
#4860=VERTEX_POINT('',#4859);
#4861=CARTESIAN_POINT('',(8.8E0,-6.399999999994E0,-2.550000000001E0));
#4862=CARTESIAN_POINT('',(8.200000000001E0,-6.399999999994E0,
-2.550000000001E0));
#4863=VERTEX_POINT('',#4861);
#4864=VERTEX_POINT('',#4862);
#4865=CARTESIAN_POINT('',(-8.199999999999E0,-1.025E1,-1.525E1));
#4866=VERTEX_POINT('',#4865);
#4867=CARTESIAN_POINT('',(-8.199999999999E0,-6.399999999994E0,-1.525E1));
#4868=VERTEX_POINT('',#4867);
#4869=CARTESIAN_POINT('',(0.E0,2.074989999999E1,-6.000000000131E-1));
#4870=CARTESIAN_POINT('',(0.E0,2.074989999999E1,-9.048000000131E-1));
#4871=VERTEX_POINT('',#4869);
#4872=VERTEX_POINT('',#4870);
#4873=CARTESIAN_POINT('',(0.E0,9.650099999990E0,-6.000000000131E-1));
#4874=VERTEX_POINT('',#4873);
#4875=CARTESIAN_POINT('',(0.E0,9.650099999990E0,-9.048000000131E-1));
#4876=VERTEX_POINT('',#4875);
#4877=CARTESIAN_POINT('',(0.E0,2.006196563624E1,-9.048000000131E-1));
#4878=CARTESIAN_POINT('',(0.E0,1.033803436374E1,-9.048000000131E-1));
#4879=VERTEX_POINT('',#4877);
#4880=VERTEX_POINT('',#4878);
#4881=CARTESIAN_POINT('',(0.E0,1.945901501559E1,-1.160737353894E0));
#4882=VERTEX_POINT('',#4881);
#4883=CARTESIAN_POINT('',(0.E0,1.094098498439E1,-1.160737353894E0));
#4884=VERTEX_POINT('',#4883);
#4885=CARTESIAN_POINT('',(0.E0,1.926421931248E1,-1.362234763301E0));
#4886=VERTEX_POINT('',#4885);
#4887=CARTESIAN_POINT('',(0.E0,1.113578068750E1,-1.362234763301E0));
#4888=VERTEX_POINT('',#4887);
#4889=CARTESIAN_POINT('',(8.8E0,2.410000000001E1,0.E0));
#4890=VERTEX_POINT('',#4889);
#4891=CARTESIAN_POINT('',(8.8E0,-6.399999999994E0,0.E0));
#4892=VERTEX_POINT('',#4891);
#4893=CARTESIAN_POINT('',(0.E0,8.889999999990E0,0.E0));
#4894=VERTEX_POINT('',#4893);
#4895=CARTESIAN_POINT('',(5.715E0,8.945539999999E0,0.E0));
#4896=CARTESIAN_POINT('',(5.715E0,6.654459999999E0,0.E0));
#4897=VERTEX_POINT('',#4895);
#4898=VERTEX_POINT('',#4896);
#4899=CARTESIAN_POINT('',(-6.31E0,0.E0,-1.033261983302E-14));
#4900=CARTESIAN_POINT('',(6.31E0,0.E0,1.299715509212E-14));
#4901=VERTEX_POINT('',#4899);
#4902=VERTEX_POINT('',#4900);
#4903=CARTESIAN_POINT('',(0.E0,-6.31E0,0.E0));
#4904=VERTEX_POINT('',#4903);
#4905=CARTESIAN_POINT('',(-5.715E0,8.945539999999E0,0.E0));
#4906=CARTESIAN_POINT('',(-5.715E0,6.654459999999E0,0.E0));
#4907=VERTEX_POINT('',#4905);
#4908=VERTEX_POINT('',#4906);
#4909=CARTESIAN_POINT('',(-8.199999999999E0,-1.025E1,-1.275E1));
#4910=CARTESIAN_POINT('',(-8.199999999999E0,-6.399999999994E0,-1.275E1));
#4911=VERTEX_POINT('',#4909);
#4912=VERTEX_POINT('',#4910);
#4913=CARTESIAN_POINT('',(-8.199999999999E0,-6.399999999994E0,-1.8E1));
#4914=VERTEX_POINT('',#4913);
#4915=CARTESIAN_POINT('',(-8.199999999999E0,2.410000000001E1,
-6.000000000131E-1));
#4916=VERTEX_POINT('',#4915);
#4917=CARTESIAN_POINT('',(-8.199999999999E0,-6.399999999994E0,
-6.000000000131E-1));
#4918=VERTEX_POINT('',#4917);
#4919=CARTESIAN_POINT('',(-8.199999999999E0,-6.399999999994E0,
-2.550000000001E0));
#4920=VERTEX_POINT('',#4919);
#4921=CARTESIAN_POINT('',(-8.199999999999E0,-1.025E1,-2.550000000001E0));
#4922=VERTEX_POINT('',#4921);
#4923=CARTESIAN_POINT('',(-8.199999999999E0,-1.025E1,-5.050000000001E0));
#4924=VERTEX_POINT('',#4923);
#4925=CARTESIAN_POINT('',(-8.199999999999E0,-6.399999999994E0,
-5.050000000001E0));
#4926=VERTEX_POINT('',#4925);
#4927=CARTESIAN_POINT('',(8.200000000001E0,2.410000000001E1,
-6.000000000131E-1));
#4928=VERTEX_POINT('',#4927);
#4929=CARTESIAN_POINT('',(8.8E0,-6.399999999994E0,-1.275E1));
#4930=VERTEX_POINT('',#4929);
#4931=CARTESIAN_POINT('',(8.8E0,-1.025E1,-1.275E1));
#4932=VERTEX_POINT('',#4931);
#4933=CARTESIAN_POINT('',(8.8E0,-1.025E1,-1.525E1));
#4934=VERTEX_POINT('',#4933);
#4935=CARTESIAN_POINT('',(8.8E0,-6.399999999994E0,-1.525E1));
#4936=VERTEX_POINT('',#4935);
#4937=CARTESIAN_POINT('',(8.200000000001E0,-6.399999999994E0,
-6.000000000131E-1));
#4938=VERTEX_POINT('',#4937);
#4939=CARTESIAN_POINT('',(-5.715E0,9.323999999999E0,-6.000000000131E-1));
#4940=CARTESIAN_POINT('',(-7.239E0,7.799999999999E0,-6.000000000131E-1));
#4941=VERTEX_POINT('',#4939);
#4942=VERTEX_POINT('',#4940);
#4943=CARTESIAN_POINT('',(-4.191E0,7.799999999999E0,-6.000000000131E-1));
#4944=VERTEX_POINT('',#4943);
#4945=CARTESIAN_POINT('',(5.715E0,9.323999999999E0,-6.000000000131E-1));
#4946=CARTESIAN_POINT('',(4.191E0,7.799999999999E0,-6.000000000131E-1));
#4947=VERTEX_POINT('',#4945);
#4948=VERTEX_POINT('',#4946);
#4949=CARTESIAN_POINT('',(7.239E0,7.799999999999E0,-6.000000000131E-1));
#4950=VERTEX_POINT('',#4949);
#4951=CARTESIAN_POINT('',(0.E0,5.5499E0,-6.000000000131E-1));
#4952=CARTESIAN_POINT('',(0.E0,-5.5499E0,-6.000000000131E-1));
#4953=VERTEX_POINT('',#4951);
#4954=VERTEX_POINT('',#4952);
#4955=CARTESIAN_POINT('',(5.5499E0,0.E0,-6.000000000131E-1));
#4956=VERTEX_POINT('',#4955);
#4957=CARTESIAN_POINT('',(-7.239E0,7.799999999999E0,-1.199999999997E0));
#4958=VERTEX_POINT('',#4957);
#4959=CARTESIAN_POINT('',(-4.191E0,7.799999999999E0,-1.199999999997E0));
#4960=VERTEX_POINT('',#4959);
#4961=CARTESIAN_POINT('',(-5.715E0,9.323999999999E0,-1.199999999997E0));
#4962=VERTEX_POINT('',#4961);
#4963=VERTEX_POINT('',#3345);
#4964=VERTEX_POINT('',#3353);
#4965=CARTESIAN_POINT('',(-6.784214237032E0,7.577105954926E0,
-1.199999999997E0));
#4966=VERTEX_POINT('',#4965);
#4967=VERTEX_POINT('',#3529);
#4968=CARTESIAN_POINT('',(-5.715E0,6.707799999999E0,-1.943015365320E-1));
#4969=CARTESIAN_POINT('',(-5.715E0,6.707799999999E0,-1.356427491823E-1));
#4970=VERTEX_POINT('',#4968);
#4971=VERTEX_POINT('',#4969);
#4972=VERTEX_POINT('',#3722);
#4973=CARTESIAN_POINT('',(-4.6228E0,7.799999999999E0,-5.334E-2));
#4974=VERTEX_POINT('',#4973);
#4975=CARTESIAN_POINT('',(-4.701491078474E0,8.207063270249E0,-5.334E-2));
#4976=VERTEX_POINT('',#4975);
#4977=VERTEX_POINT('',#3407);
#4978=VERTEX_POINT('',#3556);
#4979=CARTESIAN_POINT('',(-5.714981233829E0,8.691670594770E0,
-1.153493578430E0));
#4980=VERTEX_POINT('',#4979);
#4981=VERTEX_POINT('',#3499);
#4982=VERTEX_POINT('',#3490);
#4983=VERTEX_POINT('',#3474);
#4984=VERTEX_POINT('',#3440);
#4985=VERTEX_POINT('',#3448);
#4986=VERTEX_POINT('',#3260);
#4987=VERTEX_POINT('',#3396);
#4988=VERTEX_POINT('',#3596);
#4989=VERTEX_POINT('',#3581);
#4990=CARTESIAN_POINT('',(-5.714968154519E0,8.696255103277E0,
-2.492768698277E-1));
#4991=VERTEX_POINT('',#4990);
#4992=VERTEX_POINT('',#3379);
#4993=CARTESIAN_POINT('',(-4.82346E0,7.799999999999E0,-2.54E-1));
#4994=VERTEX_POINT('',#4993);
#4995=VERTEX_POINT('',#3355);
#4996=VERTEX_POINT('',#3386);
#4997=VERTEX_POINT('',#3283);
#4998=VERTEX_POINT('',#3691);
#4999=VERTEX_POINT('',#3671);
#5000=VERTEX_POINT('',#3681);
#5001=VERTEX_POINT('',#3647);
#5002=VERTEX_POINT('',#3631);
#5003=VERTEX_POINT('',#3336);
#5004=VERTEX_POINT('',#3321);
#5005=CARTESIAN_POINT('',(4.191E0,7.799999999999E0,-1.199999999997E0));
#5006=VERTEX_POINT('',#5005);
#5007=CARTESIAN_POINT('',(7.239E0,7.799999999999E0,-1.199999999997E0));
#5008=VERTEX_POINT('',#5007);
#5009=CARTESIAN_POINT('',(5.715E0,9.323999999999E0,-1.199999999997E0));
#5010=VERTEX_POINT('',#5009);
#5011=VERTEX_POINT('',#1843);
#5012=VERTEX_POINT('',#1851);
#5013=CARTESIAN_POINT('',(4.645785762968E0,7.577105954926E0,-1.199999999997E0));
#5014=VERTEX_POINT('',#5013);
#5015=VERTEX_POINT('',#2006);
#5016=CARTESIAN_POINT('',(5.715E0,6.707799999999E0,-1.943015365320E-1));
#5017=CARTESIAN_POINT('',(5.715E0,6.707799999999E0,-1.356427491823E-1));
#5018=VERTEX_POINT('',#5016);
#5019=VERTEX_POINT('',#5017);
#5020=VERTEX_POINT('',#2207);
#5021=CARTESIAN_POINT('',(6.728508921526E0,8.207063270249E0,-5.334E-2));
#5022=VERTEX_POINT('',#5021);
#5023=VERTEX_POINT('',#2033);
#5024=CARTESIAN_POINT('',(5.715018766170E0,8.691670594770E0,-1.153493578430E0));
#5025=VERTEX_POINT('',#5024);
#5026=VERTEX_POINT('',#1976);
#5027=VERTEX_POINT('',#1967);
#5028=VERTEX_POINT('',#1951);
#5029=VERTEX_POINT('',#1935);
#5030=VERTEX_POINT('',#1758);
#5031=VERTEX_POINT('',#1894);
#5032=VERTEX_POINT('',#2073);
#5033=VERTEX_POINT('',#2058);
#5034=CARTESIAN_POINT('',(5.715031845481E0,8.696255103277E0,
-2.492768698277E-1));
#5035=VERTEX_POINT('',#5034);
#5036=VERTEX_POINT('',#1877);
#5037=CARTESIAN_POINT('',(6.60654E0,7.799999999999E0,-2.54E-1));
#5038=VERTEX_POINT('',#5037);
#5039=VERTEX_POINT('',#1853);
#5040=VERTEX_POINT('',#1884);
#5041=VERTEX_POINT('',#1781);
#5042=VERTEX_POINT('',#2164);
#5043=VERTEX_POINT('',#2148);
#5044=VERTEX_POINT('',#2124);
#5045=VERTEX_POINT('',#2108);
#5046=VERTEX_POINT('',#1834);
#5047=VERTEX_POINT('',#1819);
#5048=CARTESIAN_POINT('',(-4.545E0,-7.838174553854E-14,1.1215E1));
#5049=CARTESIAN_POINT('',(-4.545E0,1.619753067600E0,1.057695854873E1));
#5050=VERTEX_POINT('',#5048);
#5051=VERTEX_POINT('',#5049);
#5052=CARTESIAN_POINT('',(-4.545E0,-1.619753067599E0,1.057695854873E1));
#5053=VERTEX_POINT('',#5052);
#5054=CARTESIAN_POINT('',(4.545E0,1.619753067600E0,1.057695854873E1));
#5055=CARTESIAN_POINT('',(4.545E0,7.086458438363E-14,1.1215E1));
#5056=VERTEX_POINT('',#5054);
#5057=VERTEX_POINT('',#5055);
#5058=CARTESIAN_POINT('',(4.545E0,-1.619753067600E0,1.057695854873E1));
#5059=VERTEX_POINT('',#5058);
#5060=VERTEX_POINT('',#2439);
#5061=CARTESIAN_POINT('',(8.200000000001E0,-6.399999999994E0,-1.525E1));
#5062=VERTEX_POINT('',#5061);
#5063=CARTESIAN_POINT('',(8.200000000001E0,-1.025E1,-1.525E1));
#5064=VERTEX_POINT('',#5063);
#5065=CARTESIAN_POINT('',(8.200000000001E0,-1.025E1,-1.275E1));
#5066=VERTEX_POINT('',#5065);
#5067=CARTESIAN_POINT('',(8.200000000001E0,-6.399999999994E0,-1.275E1));
#5068=VERTEX_POINT('',#5067);
#5069=CARTESIAN_POINT('',(0.E0,-4.825E0,9.827E0));
#5070=CARTESIAN_POINT('',(-4.545E0,-1.619753067600E0,9.827E0));
#5071=VERTEX_POINT('',#5069);
#5072=VERTEX_POINT('',#5070);
#5073=VERTEX_POINT('',#2351);
#5074=VERTEX_POINT('',#2357);
#5075=CARTESIAN_POINT('',(0.E0,-4.825E0,7.847E0));
#5076=VERTEX_POINT('',#5075);
#5077=CARTESIAN_POINT('',(4.545E0,-1.619753067600E0,7.847E0));
#5078=VERTEX_POINT('',#5077);
#5079=VERTEX_POINT('',#2403);
#5080=VERTEX_POINT('',#2411);
#5081=CARTESIAN_POINT('',(4.545E0,-1.619753067600E0,7.103041451272E0));
#5082=CARTESIAN_POINT('',(4.545E0,0.E0,6.465E0));
#5083=VERTEX_POINT('',#5081);
#5084=VERTEX_POINT('',#5082);
#5085=CARTESIAN_POINT('',(4.545E0,1.619753067599E0,7.103041451271E0));
#5086=VERTEX_POINT('',#5085);
#5087=VERTEX_POINT('',#2455);
#5088=CARTESIAN_POINT('',(0.E0,5.5499E0,-9.048000000131E-1));
#5089=VERTEX_POINT('',#5088);
#5090=CARTESIAN_POINT('',(0.E0,-5.5499E0,-9.048000000131E-1));
#5091=VERTEX_POINT('',#5090);
#5092=CARTESIAN_POINT('',(5.5499E0,0.E0,-9.048000000131E-1));
#5093=VERTEX_POINT('',#5092);
#5094=CARTESIAN_POINT('',(0.E0,4.861965636247E0,-9.048000000131E-1));
#5095=CARTESIAN_POINT('',(0.E0,-4.861965636247E0,-9.048000000131E-1));
#5096=VERTEX_POINT('',#5094);
#5097=VERTEX_POINT('',#5095);
#5098=CARTESIAN_POINT('',(0.E0,4.259015015603E0,-1.160737353894E0));
#5099=VERTEX_POINT('',#5098);
#5100=CARTESIAN_POINT('',(0.E0,-4.259015015603E0,-1.160737353894E0));
#5101=VERTEX_POINT('',#5100);
#5102=CARTESIAN_POINT('',(0.E0,4.064E0,-1.362681314196E0));
#5103=VERTEX_POINT('',#5102);
#5104=CARTESIAN_POINT('',(0.E0,-4.064E0,-1.362681314196E0));
#5105=VERTEX_POINT('',#5104);
#5106=VERTEX_POINT('',#4230);
#5107=VERTEX_POINT('',#4236);
#5108=VERTEX_POINT('',#138);
#5109=VERTEX_POINT('',#143);
#5110=CARTESIAN_POINT('',(-3.886525000011E0,4.278123704550E-1,
-6.820000000002E0));
#5111=VERTEX_POINT('',#5110);
#5112=CARTESIAN_POINT('',(-3.886525000011E0,-4.278123704550E-1,
-6.820000000002E0));
#5113=VERTEX_POINT('',#5112);
#5114=CARTESIAN_POINT('',(-3.886525000011E0,-4.278123704551E-1,-2.64E0));
#5115=VERTEX_POINT('',#5114);
#5116=VERTEX_POINT('',#160);
#5117=CARTESIAN_POINT('',(0.E0,3.910000000003E0,-6.820000000002E0));
#5118=CARTESIAN_POINT('',(3.910000000003E0,0.E0,-6.820000000002E0));
#5119=VERTEX_POINT('',#5117);
#5120=VERTEX_POINT('',#5118);
#5121=CARTESIAN_POINT('',(0.E0,-3.910000000003E0,-6.820000000002E0));
#5122=VERTEX_POINT('',#5121);
#5123=CARTESIAN_POINT('',(0.E0,-2.68E0,-6.820000000002E0));
#5124=CARTESIAN_POINT('',(0.E0,2.68E0,-6.820000000002E0));
#5125=VERTEX_POINT('',#5123);
#5126=VERTEX_POINT('',#5124);
#5127=CARTESIAN_POINT('',(-2.68E0,0.E0,-6.820000000002E0));
#5128=VERTEX_POINT('',#5127);
#5129=CARTESIAN_POINT('',(0.E0,2.68E0,-8.95E0));
#5130=VERTEX_POINT('',#5129);
#5131=CARTESIAN_POINT('',(-2.68E0,0.E0,-8.95E0));
#5132=VERTEX_POINT('',#5131);
#5133=CARTESIAN_POINT('',(0.E0,-2.68E0,-8.95E0));
#5134=VERTEX_POINT('',#5133);
#5135=CARTESIAN_POINT('',(0.E0,-2.48E0,-9.15E0));
#5136=VERTEX_POINT('',#5135);
#5137=CARTESIAN_POINT('',(0.E0,2.48E0,-9.15E0));
#5138=VERTEX_POINT('',#5137);
#5139=CARTESIAN_POINT('',(0.E0,7.649999999994E-1,-9.15E0));
#5140=CARTESIAN_POINT('',(0.E0,-7.649999999994E-1,-9.15E0));
#5141=VERTEX_POINT('',#5139);
#5142=VERTEX_POINT('',#5140);
#5143=CARTESIAN_POINT('',(0.E0,-7.649999999994E-1,-6.820000000002E0));
#5144=VERTEX_POINT('',#5143);
#5145=CARTESIAN_POINT('',(0.E0,7.649999999994E-1,-6.820000000002E0));
#5146=VERTEX_POINT('',#5145);
#5147=CARTESIAN_POINT('',(0.E0,7.5E-1,-6.820000000002E0));
#5148=CARTESIAN_POINT('',(0.E0,-7.5E-1,-6.820000000002E0));
#5149=VERTEX_POINT('',#5147);
#5150=VERTEX_POINT('',#5148);
#5151=CARTESIAN_POINT('',(7.500000000001E-1,-6.169024856819E-14,
-6.820000000002E0));
#5152=VERTEX_POINT('',#5151);
#5153=CARTESIAN_POINT('',(0.E0,5.249999999996E-1,-1.254291503696E1));
#5154=CARTESIAN_POINT('',(5.249999999996E-1,0.E0,-1.254291503696E1));
#5155=VERTEX_POINT('',#5153);
#5156=VERTEX_POINT('',#5154);
#5157=CARTESIAN_POINT('',(0.E0,-5.249999999996E-1,-1.254291503696E1));
#5158=VERTEX_POINT('',#5157);
#5159=CARTESIAN_POINT('',(0.E0,-5.E-1,-1.254291503696E1));
#5160=CARTESIAN_POINT('',(5.E-1,0.E0,-1.254291503696E1));
#5161=VERTEX_POINT('',#5159);
#5162=VERTEX_POINT('',#5160);
#5163=CARTESIAN_POINT('',(-5.E-1,0.E0,-1.254291503696E1));
#5164=VERTEX_POINT('',#5163);
#5165=CARTESIAN_POINT('',(0.E0,5.E-1,-1.254291503696E1));
#5166=VERTEX_POINT('',#5165);
#5167=CARTESIAN_POINT('',(7.348469228350E-1,1.499999999996E-1,
-1.454291503696E1));
#5168=CARTESIAN_POINT('',(5.031152949372E-1,1.499999999996E-1,
-1.454291503696E1));
#5169=VERTEX_POINT('',#5167);
#5170=VERTEX_POINT('',#5168);
#5171=CARTESIAN_POINT('',(5.031152949377E-1,1.499999999996E-1,
-1.340500186759E1));
#5172=VERTEX_POINT('',#5171);
#5173=CARTESIAN_POINT('',(7.348469228349E-1,1.499999999996E-1,
-1.340500186760E1));
#5174=VERTEX_POINT('',#5173);
#5175=VERTEX_POINT('',#4262);
#5176=VERTEX_POINT('',#4302);
#5177=CARTESIAN_POINT('',(-7.348469228349E-1,1.499999999996E-1,
-1.340500186760E1));
#5178=VERTEX_POINT('',#5177);
#5179=VERTEX_POINT('',#4288);
#5180=CARTESIAN_POINT('',(0.E0,-7.5E-1,-1.454291503696E1));
#5181=CARTESIAN_POINT('',(-7.348469228350E-1,1.499999999996E-1,
-1.454291503696E1));
#5182=VERTEX_POINT('',#5180);
#5183=VERTEX_POINT('',#5181);
#5184=CARTESIAN_POINT('',(-5.031152949372E-1,1.499999999996E-1,
-1.454291503696E1));
#5185=VERTEX_POINT('',#5184);
#5186=CARTESIAN_POINT('',(0.E0,-5.249999999996E-1,-1.454291503696E1));
#5187=VERTEX_POINT('',#5186);
#5188=CARTESIAN_POINT('',(5.249999999997E-1,-1.632027846199E-14,
-1.454291503696E1));
#5189=VERTEX_POINT('',#5188);
#5190=CARTESIAN_POINT('',(7.5E-1,0.E0,-1.454291503696E1));
#5191=VERTEX_POINT('',#5190);
#5192=CARTESIAN_POINT('',(0.E0,-4.064E0,-2.486000000035E0));
#5193=VERTEX_POINT('',#5192);
#5194=CARTESIAN_POINT('',(4.064E0,0.E0,-2.486000000035E0));
#5195=VERTEX_POINT('',#5194);
#5196=CARTESIAN_POINT('',(0.E0,4.064E0,-2.486000000035E0));
#5197=VERTEX_POINT('',#5196);
#5198=CARTESIAN_POINT('',(6.31E0,0.E0,2.4E0));
#5199=VERTEX_POINT('',#5198);
#5200=CARTESIAN_POINT('',(-6.31E0,0.E0,2.4E0));
#5201=VERTEX_POINT('',#5200);
#5202=CARTESIAN_POINT('',(0.E0,-6.31E0,2.4E0));
#5203=VERTEX_POINT('',#5202);
#5204=CARTESIAN_POINT('',(0.E0,4.825E0,2.4E0));
#5205=CARTESIAN_POINT('',(0.E0,-4.825E0,2.4E0));
#5206=VERTEX_POINT('',#5204);
#5207=VERTEX_POINT('',#5205);
#5208=CARTESIAN_POINT('',(-4.825E0,0.E0,2.4E0));
#5209=VERTEX_POINT('',#5208);
#5210=CARTESIAN_POINT('',(-4.545E0,-1.619753067600E0,7.103041451271E0));
#5211=VERTEX_POINT('',#5210);
#5212=VERTEX_POINT('',#2566);
#5213=VERTEX_POINT('',#2574);
#5214=CARTESIAN_POINT('',(-4.545E0,1.619753067600E0,7.847E0));
#5215=VERTEX_POINT('',#5214);
#5216=CARTESIAN_POINT('',(0.E0,4.825E0,7.847E0));
#5217=VERTEX_POINT('',#5216);
#5218=CARTESIAN_POINT('',(-4.545E0,1.619753067600E0,9.827E0));
#5219=VERTEX_POINT('',#5218);
#5220=VERTEX_POINT('',#2281);
#5221=CARTESIAN_POINT('',(-4.545E0,0.E0,6.465E0));
#5222=VERTEX_POINT('',#5221);
#5223=CARTESIAN_POINT('',(-4.545E0,-9.9E-1,8.84E0));
#5224=CARTESIAN_POINT('',(-4.545E0,0.E0,7.85E0));
#5225=VERTEX_POINT('',#5223);
#5226=VERTEX_POINT('',#5224);
#5227=CARTESIAN_POINT('',(-4.545E0,9.9E-1,8.84E0));
#5228=VERTEX_POINT('',#5227);
#5229=CARTESIAN_POINT('',(-4.545E0,0.E0,9.83E0));
#5230=VERTEX_POINT('',#5229);
#5231=VERTEX_POINT('',#2612);
#5232=VERTEX_POINT('',#2620);
#5233=VERTEX_POINT('',#2586);
#5234=CARTESIAN_POINT('',(0.E0,-4.825E0,1.293E1));
#5235=VERTEX_POINT('',#5234);
#5236=CARTESIAN_POINT('',(0.E0,4.825E0,1.293E1));
#5237=VERTEX_POINT('',#5236);
#5238=CARTESIAN_POINT('',(0.E0,4.825E0,9.827E0));
#5239=VERTEX_POINT('',#5238);
#5240=CARTESIAN_POINT('',(0.E0,-4.675E0,1.308E1));
#5241=VERTEX_POINT('',#5240);
#5242=CARTESIAN_POINT('',(0.E0,4.675E0,1.308E1));
#5243=VERTEX_POINT('',#5242);
#5244=CARTESIAN_POINT('',(4.675E0,0.E0,1.308E1));
#5245=VERTEX_POINT('',#5244);
#5246=CARTESIAN_POINT('',(0.E0,-4.461469054868E0,1.308E1));
#5247=CARTESIAN_POINT('',(0.E0,4.461469054868E0,1.308E1));
#5248=VERTEX_POINT('',#5246);
#5249=VERTEX_POINT('',#5247);
#5250=CARTESIAN_POINT('',(0.E0,-4.189495442742E0,1.250901634572E1));
#5251=VERTEX_POINT('',#5250);
#5252=CARTESIAN_POINT('',(-4.189495442742E0,0.E0,1.250901634572E1));
#5253=CARTESIAN_POINT('',(0.E0,4.189495442742E0,1.250901634572E1));
#5254=VERTEX_POINT('',#5252);
#5255=VERTEX_POINT('',#5253);
#5256=CARTESIAN_POINT('',(0.E0,-4.064E0,4.6726E0));
#5257=CARTESIAN_POINT('',(0.E0,4.064E0,4.6726E0));
#5258=VERTEX_POINT('',#5256);
#5259=VERTEX_POINT('',#5257);
#5260=CARTESIAN_POINT('',(-4.064E0,0.E0,4.6726E0));
#5261=VERTEX_POINT('',#5260);
#5262=CARTESIAN_POINT('',(0.E0,-1.524000000001E0,4.6726E0));
#5263=CARTESIAN_POINT('',(0.E0,1.524000000001E0,4.6726E0));
#5264=VERTEX_POINT('',#5262);
#5265=VERTEX_POINT('',#5263);
#5266=CARTESIAN_POINT('',(0.E0,1.524000000001E0,9.699999999999E0));
#5267=VERTEX_POINT('',#5266);
#5268=CARTESIAN_POINT('',(0.E0,-1.524000000001E0,9.699999999999E0));
#5269=VERTEX_POINT('',#5268);
#5270=CARTESIAN_POINT('',(0.E0,1.079500000001E0,9.699999999999E0));
#5271=CARTESIAN_POINT('',(0.E0,-1.079500000001E0,9.699999999999E0));
#5272=VERTEX_POINT('',#5270);
#5273=VERTEX_POINT('',#5271);
#5274=CARTESIAN_POINT('',(1.482892777057E-7,1.079453968137E0,4.907300820495E0));
#5275=VERTEX_POINT('',#5274);
#5276=CARTESIAN_POINT('',(1.384015260540E-10,-1.079453966816E0,
4.907300867269E0));
#5277=VERTEX_POINT('',#5276);
#5278=CARTESIAN_POINT('',(-5.988469759440E-1,3.836505433370E-1,
4.907300963043E0));
#5279=CARTESIAN_POINT('',(-3.836505433370E-1,5.988469759440E-1,
4.907300963043E0));
#5280=VERTEX_POINT('',#5278);
#5281=VERTEX_POINT('',#5279);
#5282=CARTESIAN_POINT('',(-6.479417130747E-1,8.632885616124E-1,
4.907300973367E0));
#5283=VERTEX_POINT('',#5282);
#5284=CARTESIAN_POINT('',(6.479722076498E-1,8.632830932704E-1,
4.907299950308E0));
#5285=CARTESIAN_POINT('',(3.835500459359E-1,5.987464383334E-1,
4.907300967289E0));
#5286=VERTEX_POINT('',#5284);
#5287=VERTEX_POINT('',#5285);
#5288=CARTESIAN_POINT('',(5.988469759440E-1,3.836505433370E-1,
4.907300963043E0));
#5289=VERTEX_POINT('',#5288);
#5290=CARTESIAN_POINT('',(8.632690700770E-1,6.479607944193E-1,
4.907300362237E0));
#5291=VERTEX_POINT('',#5290);
#5292=CARTESIAN_POINT('',(8.632424538344E-1,-6.480188438465E-1,
4.907300053032E0));
#5293=CARTESIAN_POINT('',(5.987464835434E-1,-3.835500459359E-1,
4.907299366855E0));
#5294=VERTEX_POINT('',#5292);
#5295=VERTEX_POINT('',#5293);
#5296=CARTESIAN_POINT('',(3.836505433370E-1,-5.988469759440E-1,
4.907300963043E0));
#5297=VERTEX_POINT('',#5296);
#5298=CARTESIAN_POINT('',(6.479722098872E-1,-8.632830919729E-1,
4.907299950315E0));
#5299=VERTEX_POINT('',#5298);
#5300=CARTESIAN_POINT('',(-6.479401604465E-1,-8.632851328091E-1,
4.907300973329E0));
#5301=CARTESIAN_POINT('',(-3.835500459359E-1,-5.987464383353E-1,
4.907300967219E0));
#5302=VERTEX_POINT('',#5300);
#5303=VERTEX_POINT('',#5301);
#5304=CARTESIAN_POINT('',(-5.988469759440E-1,-3.836505433370E-1,
4.907300963043E0));
#5305=VERTEX_POINT('',#5304);
#5306=CARTESIAN_POINT('',(-8.632384993149E-1,-6.480113488707E-1,
4.907300227700E0));
#5307=VERTEX_POINT('',#5306);
#5308=CARTESIAN_POINT('',(-8.632649484942E-1,6.479764609637E-1,
4.907300223022E0));
#5309=VERTEX_POINT('',#5308);
#5310=CARTESIAN_POINT('',(3.834498072019E-1,-4.720262508823E-1,
9.389630711674E0));
#5311=VERTEX_POINT('',#5310);
#5312=CARTESIAN_POINT('',(-3.834498072002E-1,-4.720262508829E-1,
9.389630711692E0));
#5313=VERTEX_POINT('',#5312);
#5314=CARTESIAN_POINT('',(0.E0,-5.842058918517E-1,9.392802440037E0));
#5315=VERTEX_POINT('',#5314);
#5316=CARTESIAN_POINT('',(0.E0,7.111050288047E-1,4.907299626169E0));
#5317=CARTESIAN_POINT('',(0.E0,7.112E-1,4.450100963043E0));
#5318=VERTEX_POINT('',#5316);
#5319=VERTEX_POINT('',#5317);
#5320=CARTESIAN_POINT('',(0.E0,-7.112E-1,4.450100963043E0));
#5321=VERTEX_POINT('',#5320);
#5322=CARTESIAN_POINT('',(0.E0,-7.111050288065E-1,4.907299626104E0));
#5323=VERTEX_POINT('',#5322);
#5324=CARTESIAN_POINT('',(0.E0,-1.743034389933E-1,4.127500963043E0));
#5325=CARTESIAN_POINT('',(0.E0,1.743034389933E-1,4.127500963043E0));
#5326=VERTEX_POINT('',#5324);
#5327=VERTEX_POINT('',#5325);
#5328=CARTESIAN_POINT('',(7.292126593546E-1,-6.479136067484E-1,9.651E0));
#5329=VERTEX_POINT('',#5328);
#5330=CARTESIAN_POINT('',(6.475051116706E-1,-5.661731946482E-1,
9.648691877184E0));
#5331=VERTEX_POINT('',#5330);
#5332=VERTEX_POINT('',#2955);
#5333=CARTESIAN_POINT('',(8.309323285257E-1,6.405986852087E-14,
9.653873436982E0));
#5334=VERTEX_POINT('',#5333);
#5335=CARTESIAN_POINT('',(6.475067300116E-1,5.661750839474E-1,
9.648691922900E0));
#5336=VERTEX_POINT('',#5335);
#5337=CARTESIAN_POINT('',(9.451867510901E-1,-1.100323135983E-14,
9.657100963043E0));
#5338=VERTEX_POINT('',#5337);
#5339=CARTESIAN_POINT('',(7.292126593546E-1,6.479136067484E-1,9.651E0));
#5340=VERTEX_POINT('',#5339);
#5341=CARTESIAN_POINT('',(4.720262508853E-1,3.834498071932E-1,
9.389630711768E0));
#5342=VERTEX_POINT('',#5341);
#5343=CARTESIAN_POINT('',(5.842058918517E-1,0.E0,9.392802440037E0));
#5344=VERTEX_POINT('',#5343);
#5345=VERTEX_POINT('',#3124);
#5346=VERTEX_POINT('',#3129);
#5347=CARTESIAN_POINT('',(-5.842058918516E-1,0.E0,9.392802440037E0));
#5348=CARTESIAN_POINT('',(-4.720263370384E-1,3.834495485348E-1,
9.389633526059E0));
#5349=VERTEX_POINT('',#5347);
#5350=VERTEX_POINT('',#5348);
#5351=VERTEX_POINT('',#3149);
#5352=CARTESIAN_POINT('',(-8.309323285257E-1,-1.746380817735E-13,
9.653873436982E0));
#5353=VERTEX_POINT('',#5352);
#5354=CARTESIAN_POINT('',(-7.292126593546E-1,6.479136067484E-1,9.651E0));
#5355=VERTEX_POINT('',#5354);
#5356=CARTESIAN_POINT('',(-9.451867510901E-1,0.E0,9.657100963043E0));
#5357=VERTEX_POINT('',#5356);
#5358=CARTESIAN_POINT('',(-7.292126593546E-1,-6.479136067484E-1,9.651E0));
#5359=VERTEX_POINT('',#5358);
#5360=CARTESIAN_POINT('',(6.479136067484E-1,7.292126593546E-1,9.651E0));
#5361=VERTEX_POINT('',#5360);
#5362=CARTESIAN_POINT('',(5.661731946117E-1,6.475051116394E-1,
9.648691877183E0));
#5363=VERTEX_POINT('',#5362);
#5364=VERTEX_POINT('',#2793);
#5365=CARTESIAN_POINT('',(2.244870955792E-13,8.309323285258E-1,
9.653873436982E0));
#5366=VERTEX_POINT('',#5365);
#5367=CARTESIAN_POINT('',(-5.661750839474E-1,6.475067300116E-1,
9.648691922900E0));
#5368=VERTEX_POINT('',#5367);
#5369=CARTESIAN_POINT('',(1.047877506431E-14,9.451867510901E-1,
9.657100963043E0));
#5370=VERTEX_POINT('',#5369);
#5371=CARTESIAN_POINT('',(-6.479136067484E-1,7.292126593546E-1,9.651E0));
#5372=VERTEX_POINT('',#5371);
#5373=CARTESIAN_POINT('',(-3.834498072019E-1,4.720262508823E-1,
9.389630711673E0));
#5374=VERTEX_POINT('',#5373);
#5375=CARTESIAN_POINT('',(0.E0,5.842058918517E-1,9.392802440037E0));
#5376=VERTEX_POINT('',#5375);
#5377=CARTESIAN_POINT('',(6.479136067484E-1,-7.292126593546E-1,9.651E0));
#5378=VERTEX_POINT('',#5377);
#5379=CARTESIAN_POINT('',(-6.479136067484E-1,-7.292126593546E-1,9.651E0));
#5380=CARTESIAN_POINT('',(0.E0,-9.451867510901E-1,9.657100963043E0));
#5381=VERTEX_POINT('',#5379);
#5382=VERTEX_POINT('',#5380);
#5383=VERTEX_POINT('',#3035);
#5384=VERTEX_POINT('',#3059);
#5385=CARTESIAN_POINT('',(-8.482103908136E-14,-8.309323285257E-1,
9.653873436982E0));
#5386=VERTEX_POINT('',#5385);
#5387=CARTESIAN_POINT('',(4.545E0,1.619753067600E0,9.827E0));
#5388=VERTEX_POINT('',#5387);
#5389=VERTEX_POINT('',#2377);
#5390=VERTEX_POINT('',#2385);
#5391=CARTESIAN_POINT('',(4.545E0,0.E0,9.83E0));
#5392=CARTESIAN_POINT('',(4.545E0,9.9E-1,8.84E0));
#5393=VERTEX_POINT('',#5391);
#5394=VERTEX_POINT('',#5392);
#5395=CARTESIAN_POINT('',(4.545E0,-9.9E-1,8.84E0));
#5396=VERTEX_POINT('',#5395);
#5397=CARTESIAN_POINT('',(4.545E0,0.E0,7.85E0));
#5398=VERTEX_POINT('',#5397);
#5399=CARTESIAN_POINT('',(5.422161860365E0,-9.9E-1,8.84E0));
#5400=VERTEX_POINT('',#5399);
#5401=VERTEX_POINT('',#2479);
#5402=VERTEX_POINT('',#2495);
#5403=CARTESIAN_POINT('',(-5.E-1,1.519999999999E1,-1.77E1));
#5404=VERTEX_POINT('',#5403);
#5405=CARTESIAN_POINT('',(5.E-1,1.519999999999E1,-1.77E1));
#5406=CARTESIAN_POINT('',(0.E0,1.469999999999E1,-1.77E1));
#5407=VERTEX_POINT('',#5405);
#5408=VERTEX_POINT('',#5406);
#5409=CARTESIAN_POINT('',(-5.E-1,1.319999999999E1,-1.97E1));
#5410=VERTEX_POINT('',#5409);
#5411=CARTESIAN_POINT('',(0.E0,1.319999999999E1,-1.92E1));
#5412=CARTESIAN_POINT('',(5.E-1,1.319999999999E1,-1.97E1));
#5413=VERTEX_POINT('',#5411);
#5414=VERTEX_POINT('',#5412);
#5415=CARTESIAN_POINT('',(-5.E-1,-1.15E1,-1.97E1));
#5416=VERTEX_POINT('',#5415);
#5417=CARTESIAN_POINT('',(5.E-1,-1.15E1,-1.97E1));
#5418=VERTEX_POINT('',#5417);
#5419=CARTESIAN_POINT('',(0.E0,-1.15E1,-2.02E1));
#5420=VERTEX_POINT('',#5419);
#5421=CARTESIAN_POINT('',(-5.E-1,0.E0,-1.51E1));
#5422=VERTEX_POINT('',#5421);
#5423=CARTESIAN_POINT('',(5.E-1,2.560613398527E-14,-1.51E1));
#5424=CARTESIAN_POINT('',(-2.769168526236E-14,-5.E-1,-1.51E1));
#5425=VERTEX_POINT('',#5423);
#5426=VERTEX_POINT('',#5424);
#5427=CARTESIAN_POINT('',(0.E0,5.E-1,-1.51E1));
#5428=VERTEX_POINT('',#5427);
#5429=CARTESIAN_POINT('',(5.E-1,-2.E0,-1.71E1));
#5430=VERTEX_POINT('',#5429);
#5431=CARTESIAN_POINT('',(0.E0,-2.E0,-1.76E1));
#5432=CARTESIAN_POINT('',(-5.E-1,-2.E0,-1.71E1));
#5433=VERTEX_POINT('',#5431);
#5434=VERTEX_POINT('',#5432);
#5435=CARTESIAN_POINT('',(-5.E-1,-1.15E1,-1.71E1));
#5436=VERTEX_POINT('',#5435);
#5437=CARTESIAN_POINT('',(5.E-1,-1.15E1,-1.71E1));
#5438=CARTESIAN_POINT('',(-1.257583617038E-14,-1.15E1,-1.66E1));
#5439=VERTEX_POINT('',#5437);
#5440=VERTEX_POINT('',#5438);
#5441=CARTESIAN_POINT('',(-1.249543003790E-14,-2.E0,-1.66E1));
#5442=VERTEX_POINT('',#5441);
#5443=CARTESIAN_POINT('',(0.E0,-1.15E1,-1.76E1));
#5444=VERTEX_POINT('',#5443);
#5445=CARTESIAN_POINT('',(4.825E0,1.519999999999E1,1.293E1));
#5446=VERTEX_POINT('',#5445);
#5447=CARTESIAN_POINT('',(4.825E0,0.E0,1.293E1));
#5448=VERTEX_POINT('',#5447);
#5449=CARTESIAN_POINT('',(0.E0,1.319999999999E1,-2.02E1));
#5450=VERTEX_POINT('',#5449);
#5451=CARTESIAN_POINT('',(0.E0,1.569999999999E1,-1.77E1));
#5452=VERTEX_POINT('',#5451);
#5453=CARTESIAN_POINT('',(3.910000000003E0,1.519999999999E1,-2.639999999999E0));
#5454=VERTEX_POINT('',#5453);
#5455=CARTESIAN_POINT('',(0.E0,1.128999999999E1,-2.639999999999E0));
#5456=VERTEX_POINT('',#5455);
#5457=CARTESIAN_POINT('',(0.E0,1.910999999999E1,-2.639999999999E0));
#5458=VERTEX_POINT('',#5457);
#5459=CARTESIAN_POINT('',(3.910000000003E0,0.E0,-2.639999999999E0));
#5460=VERTEX_POINT('',#5459);
#5461=CARTESIAN_POINT('',(0.E0,-3.910000000003E0,-2.639999999999E0));
#5462=VERTEX_POINT('',#5461);
#5463=CARTESIAN_POINT('',(0.E0,3.910000000003E0,-2.639999999999E0));
#5464=VERTEX_POINT('',#5463);
#5465=VERTEX_POINT('',#1403);
#5466=VERTEX_POINT('',#1621);
#5467=VERTEX_POINT('',#2900);
#5468=VERTEX_POINT('',#3118);
#5469=CARTESIAN_POINT('',(4.064E0,0.E0,-1.362681314196E0));
#5470=VERTEX_POINT('',#5469);
#5471=CARTESIAN_POINT('',(8.032531499994E-1,8.032531499994E-1,
-6.820000000002E0));
#5472=DIRECTION('',(0.E0,0.E0,-1.E0));
#5473=DIRECTION('',(0.E0,-1.E0,0.E0));
#5474=AXIS2_PLACEMENT_3D('',#5471,#5472,#5473);
#5475=PLANE('',#5474);
#5477=ORIENTED_EDGE('',*,*,#5476,.F.);
#5479=ORIENTED_EDGE('',*,*,#5478,.F.);
#5480=EDGE_LOOP('',(#5477,#5479));
#5481=FACE_OUTER_BOUND('',#5480,.F.);
#5483=ORIENTED_EDGE('',*,*,#5482,.F.);
#5485=ORIENTED_EDGE('',*,*,#5484,.F.);
#5487=ORIENTED_EDGE('',*,*,#5486,.F.);
#5488=EDGE_LOOP('',(#5483,#5485,#5487));
#5489=FACE_BOUND('',#5488,.F.);
#5490=ADVANCED_FACE('',(#5481,#5489),#5475,.T.);
#5491=CARTESIAN_POINT('',(0.E0,0.E0,-9.208254117647E0));
#5492=DIRECTION('',(0.E0,0.E0,1.E0));
#5493=DIRECTION('',(0.E0,1.E0,0.E0));
#5494=AXIS2_PLACEMENT_3D('',#5491,#5492,#5493);
#5495=CYLINDRICAL_SURFACE('',#5494,7.649999999994E-1);
#5497=ORIENTED_EDGE('',*,*,#5496,.T.);
#5499=ORIENTED_EDGE('',*,*,#5498,.T.);
#5501=ORIENTED_EDGE('',*,*,#5500,.F.);
#5502=ORIENTED_EDGE('',*,*,#5476,.T.);
#5503=EDGE_LOOP('',(#5497,#5499,#5501,#5502));
#5504=FACE_OUTER_BOUND('',#5503,.F.);
#5505=ADVANCED_FACE('',(#5504),#5495,.F.);
#5506=CARTESIAN_POINT('',(0.E0,0.E0,-9.208254117647E0));
#5507=DIRECTION('',(0.E0,1.144131740974E-14,1.E0));
#5508=DIRECTION('',(0.E0,1.E0,-1.144131740974E-14));
#5509=AXIS2_PLACEMENT_3D('',#5506,#5507,#5508);
#5510=CYLINDRICAL_SURFACE('',#5509,7.649999999994E-1);
#5511=ORIENTED_EDGE('',*,*,#5496,.F.);
#5512=ORIENTED_EDGE('',*,*,#5478,.T.);
#5513=ORIENTED_EDGE('',*,*,#5500,.T.);
#5515=ORIENTED_EDGE('',*,*,#5514,.T.);
#5516=EDGE_LOOP('',(#5511,#5512,#5513,#5515));
#5517=FACE_OUTER_BOUND('',#5516,.F.);
#5518=ADVANCED_FACE('',(#5517),#5510,.F.);
#5519=CARTESIAN_POINT('',(-2.60400315E0,2.60400315E0,-9.15E0));
#5520=DIRECTION('',(0.E0,0.E0,-1.E0));
#5521=DIRECTION('',(1.E0,0.E0,0.E0));
#5522=AXIS2_PLACEMENT_3D('',#5519,#5520,#5521);
#5523=PLANE('',#5522);
#5525=ORIENTED_EDGE('',*,*,#5524,.F.);
#5527=ORIENTED_EDGE('',*,*,#5526,.F.);
#5528=EDGE_LOOP('',(#5525,#5527));
#5529=FACE_OUTER_BOUND('',#5528,.F.);
#5530=ORIENTED_EDGE('',*,*,#5514,.F.);
#5531=ORIENTED_EDGE('',*,*,#5498,.F.);
#5532=EDGE_LOOP('',(#5530,#5531));
#5533=FACE_BOUND('',#5532,.F.);
#5534=ADVANCED_FACE('',(#5529,#5533),#5523,.T.);
#5535=CARTESIAN_POINT('',(0.E0,0.E0,-9.05E0));
#5536=DIRECTION('',(0.E0,0.E0,1.E0));
#5537=DIRECTION('',(0.E0,1.E0,0.E0));
#5538=AXIS2_PLACEMENT_3D('',#5535,#5536,#5537);
#5539=CONICAL_SURFACE('',#5538,2.58E0,4.5E1);
#5541=ORIENTED_EDGE('',*,*,#5540,.T.);
#5542=ORIENTED_EDGE('',*,*,#5524,.T.);
#5544=ORIENTED_EDGE('',*,*,#5543,.F.);
#5546=ORIENTED_EDGE('',*,*,#5545,.F.);
#5548=ORIENTED_EDGE('',*,*,#5547,.F.);
#5549=EDGE_LOOP('',(#5541,#5542,#5544,#5546,#5548));
#5550=FACE_OUTER_BOUND('',#5549,.F.);
#5551=ADVANCED_FACE('',(#5550),#5539,.T.);
#5552=CARTESIAN_POINT('',(0.E0,0.E0,-9.05E0));
#5553=DIRECTION('',(0.E0,0.E0,1.E0));
#5554=DIRECTION('',(0.E0,1.E0,0.E0));
#5555=AXIS2_PLACEMENT_3D('',#5552,#5553,#5554);
#5556=CONICAL_SURFACE('',#5555,2.58E0,4.5E1);
#5557=ORIENTED_EDGE('',*,*,#5540,.F.);
#5559=ORIENTED_EDGE('',*,*,#5558,.F.);
#5560=ORIENTED_EDGE('',*,*,#5543,.T.);
#5561=ORIENTED_EDGE('',*,*,#5526,.T.);
#5562=EDGE_LOOP('',(#5557,#5559,#5560,#5561));
#5563=FACE_OUTER_BOUND('',#5562,.F.);
#5564=ADVANCED_FACE('',(#5563),#5556,.T.);
#5565=CARTESIAN_POINT('',(0.E0,0.E0,-6.766746850002E0));
#5566=DIRECTION('',(0.E0,0.E0,-1.E0));
#5567=DIRECTION('',(0.E0,-1.E0,0.E0));
#5568=AXIS2_PLACEMENT_3D('',#5565,#5566,#5567);
#5569=CYLINDRICAL_SURFACE('',#5568,2.68E0);
#5571=ORIENTED_EDGE('',*,*,#5570,.F.);
#5572=ORIENTED_EDGE('',*,*,#5558,.T.);
#5574=ORIENTED_EDGE('',*,*,#5573,.T.);
#5576=ORIENTED_EDGE('',*,*,#5575,.T.);
#5577=EDGE_LOOP('',(#5571,#5572,#5574,#5576));
#5578=FACE_OUTER_BOUND('',#5577,.F.);
#5579=ADVANCED_FACE('',(#5578),#5569,.T.);
#5580=CARTESIAN_POINT('',(0.E0,0.E0,-6.766746850002E0));
#5581=DIRECTION('',(0.E0,0.E0,-1.E0));
#5582=DIRECTION('',(-1.E0,0.E0,0.E0));
#5583=AXIS2_PLACEMENT_3D('',#5580,#5581,#5582);
#5584=CYLINDRICAL_SURFACE('',#5583,2.68E0);
#5585=ORIENTED_EDGE('',*,*,#5570,.T.);
#5587=ORIENTED_EDGE('',*,*,#5586,.T.);
#5589=ORIENTED_EDGE('',*,*,#5588,.T.);
#5590=ORIENTED_EDGE('',*,*,#5573,.F.);
#5591=ORIENTED_EDGE('',*,*,#5547,.T.);
#5592=ORIENTED_EDGE('',*,*,#5545,.T.);
#5593=EDGE_LOOP('',(#5585,#5587,#5589,#5590,#5591,#5592));
#5594=FACE_OUTER_BOUND('',#5593,.F.);
#5595=ADVANCED_FACE('',(#5594),#5584,.T.);
#5596=CARTESIAN_POINT('',(8.483771068364E0,7.949926163145E0,-6.820000000002E0));
#5597=DIRECTION('',(0.E0,0.E0,-1.E0));
#5598=DIRECTION('',(0.E0,-1.E0,0.E0));
#5599=AXIS2_PLACEMENT_3D('',#5596,#5597,#5598);
#5600=PLANE('',#5599);
#5602=ORIENTED_EDGE('',*,*,#5601,.T.);
#5604=ORIENTED_EDGE('',*,*,#5603,.F.);
#5606=ORIENTED_EDGE('',*,*,#5605,.F.);
#5608=ORIENTED_EDGE('',*,*,#5607,.F.);
#5610=ORIENTED_EDGE('',*,*,#5609,.F.);
#5611=EDGE_LOOP('',(#5602,#5604,#5606,#5608,#5610));
#5612=FACE_OUTER_BOUND('',#5611,.F.);
#5613=ORIENTED_EDGE('',*,*,#5575,.F.);
#5614=ORIENTED_EDGE('',*,*,#5588,.F.);
#5615=ORIENTED_EDGE('',*,*,#5586,.F.);
#5616=EDGE_LOOP('',(#5613,#5614,#5615));
#5617=FACE_BOUND('',#5616,.F.);
#5618=ADVANCED_FACE('',(#5612,#5617),#5600,.T.);
#5619=CARTESIAN_POINT('',(-3.886525000011E0,-1.256033584171E0,
-6.960816628291E0));
#5620=DIRECTION('',(-1.E0,0.E0,0.E0));
#5621=DIRECTION('',(0.E0,0.E0,1.E0));
#5622=AXIS2_PLACEMENT_3D('',#5619,#5620,#5621);
#5623=PLANE('',#5622);
#5625=ORIENTED_EDGE('',*,*,#5624,.T.);
#5627=ORIENTED_EDGE('',*,*,#5626,.T.);
#5629=ORIENTED_EDGE('',*,*,#5628,.T.);
#5631=ORIENTED_EDGE('',*,*,#5630,.T.);
#5633=ORIENTED_EDGE('',*,*,#5632,.T.);
#5635=ORIENTED_EDGE('',*,*,#5634,.T.);
#5636=ORIENTED_EDGE('',*,*,#5601,.F.);
#5638=ORIENTED_EDGE('',*,*,#5637,.T.);
#5639=EDGE_LOOP('',(#5625,#5627,#5629,#5631,#5633,#5635,#5636,#5638));
#5640=FACE_OUTER_BOUND('',#5639,.F.);
#5641=ADVANCED_FACE('',(#5640),#5623,.T.);
#5642=CARTESIAN_POINT('',(0.E0,0.E0,-2.563000000017E0));
#5643=DIRECTION('',(0.E0,0.E0,1.E0));
#5644=DIRECTION('',(0.E0,1.E0,0.E0));
#5645=AXIS2_PLACEMENT_3D('',#5642,#5643,#5644);
#5646=CONICAL_SURFACE('',#5645,3.987000000002E0,4.500000000597E1);
#5648=ORIENTED_EDGE('',*,*,#5647,.F.);
#5650=ORIENTED_EDGE('',*,*,#5649,.F.);
#5652=ORIENTED_EDGE('',*,*,#5651,.F.);
#5653=ORIENTED_EDGE('',*,*,#5624,.F.);
#5655=ORIENTED_EDGE('',*,*,#5654,.F.);
#5657=ORIENTED_EDGE('',*,*,#5656,.F.);
#5658=EDGE_LOOP('',(#5648,#5650,#5652,#5653,#5655,#5657));
#5659=FACE_OUTER_BOUND('',#5658,.F.);
#5660=ADVANCED_FACE('',(#5659),#5646,.T.);
#5661=CARTESIAN_POINT('',(0.E0,0.E0,-2.563000000017E0));
#5662=DIRECTION('',(0.E0,0.E0,1.E0));
#5663=DIRECTION('',(0.E0,1.E0,0.E0));
#5664=AXIS2_PLACEMENT_3D('',#5661,#5662,#5663);
#5665=CONICAL_SURFACE('',#5664,3.987000000002E0,4.500000000597E1);
#5667=ORIENTED_EDGE('',*,*,#5666,.F.);
#5668=ORIENTED_EDGE('',*,*,#5632,.F.);
#5670=ORIENTED_EDGE('',*,*,#5669,.F.);
#5672=ORIENTED_EDGE('',*,*,#5671,.F.);
#5673=ORIENTED_EDGE('',*,*,#5647,.T.);
#5675=ORIENTED_EDGE('',*,*,#5674,.F.);
#5676=EDGE_LOOP('',(#5667,#5668,#5670,#5672,#5673,#5675));
#5677=FACE_OUTER_BOUND('',#5676,.F.);
#5678=ADVANCED_FACE('',(#5677),#5665,.T.);
#5679=CARTESIAN_POINT('',(0.E0,0.E0,-6.924503150002E0));
#5680=DIRECTION('',(0.E0,0.E0,1.E0));
#5681=DIRECTION('',(0.E0,1.E0,0.E0));
#5682=AXIS2_PLACEMENT_3D('',#5679,#5680,#5681);
#5683=CYLINDRICAL_SURFACE('',#5682,3.910000000003E0);
#5685=ORIENTED_EDGE('',*,*,#5684,.T.);
#5686=ORIENTED_EDGE('',*,*,#5605,.T.);
#5687=ORIENTED_EDGE('',*,*,#5603,.T.);
#5688=ORIENTED_EDGE('',*,*,#5634,.F.);
#5689=ORIENTED_EDGE('',*,*,#5666,.T.);
#5690=ORIENTED_EDGE('',*,*,#5674,.T.);
#5691=EDGE_LOOP('',(#5685,#5686,#5687,#5688,#5689,#5690));
#5692=FACE_OUTER_BOUND('',#5691,.F.);
#5693=ADVANCED_FACE('',(#5692),#5683,.T.);
#5694=CARTESIAN_POINT('',(0.E0,0.E0,-6.924503150002E0));
#5695=DIRECTION('',(0.E0,0.E0,1.E0));
#5696=DIRECTION('',(0.E0,1.E0,0.E0));
#5697=AXIS2_PLACEMENT_3D('',#5694,#5695,#5696);
#5698=CYLINDRICAL_SURFACE('',#5697,3.910000000003E0);
#5699=ORIENTED_EDGE('',*,*,#5607,.T.);
#5700=ORIENTED_EDGE('',*,*,#5684,.F.);
#5701=ORIENTED_EDGE('',*,*,#5656,.T.);
#5702=ORIENTED_EDGE('',*,*,#5654,.T.);
#5703=ORIENTED_EDGE('',*,*,#5637,.F.);
#5704=ORIENTED_EDGE('',*,*,#5609,.T.);
#5705=EDGE_LOOP('',(#5699,#5700,#5701,#5702,#5703,#5704));
#5706=FACE_OUTER_BOUND('',#5705,.F.);
#5707=ADVANCED_FACE('',(#5706),#5698,.T.);
#5708=CARTESIAN_POINT('',(0.E0,0.E0,-2.514119034106E0));
#5709=DIRECTION('',(0.E0,0.E0,1.E0));
#5710=DIRECTION('',(1.E0,0.E0,0.E0));
#5711=AXIS2_PLACEMENT_3D('',#5708,#5709,#5710);
#5712=CYLINDRICAL_SURFACE('',#5711,4.064E0);
#5713=ORIENTED_EDGE('',*,*,#5626,.F.);
#5714=ORIENTED_EDGE('',*,*,#5651,.T.);
#5715=ORIENTED_EDGE('',*,*,#5649,.T.);
#5716=ORIENTED_EDGE('',*,*,#5671,.T.);
#5717=ORIENTED_EDGE('',*,*,#5669,.T.);
#5718=ORIENTED_EDGE('',*,*,#5630,.F.);
#5720=ORIENTED_EDGE('',*,*,#5719,.T.);
#5722=ORIENTED_EDGE('',*,*,#5721,.T.);
#5724=ORIENTED_EDGE('',*,*,#5723,.T.);
#5726=ORIENTED_EDGE('',*,*,#5725,.T.);
#5727=EDGE_LOOP('',(#5713,#5714,#5715,#5716,#5717,#5718,#5720,#5722,#5724,
#5726));
#5728=FACE_OUTER_BOUND('',#5727,.F.);
#5729=ADVANCED_FACE('',(#5728),#5712,.T.);
#5730=CARTESIAN_POINT('',(0.E0,0.E0,-1.261725736053E0));
#5731=DIRECTION('',(0.E0,0.E0,1.E0));
#5732=DIRECTION('',(0.E0,1.E0,0.E0));
#5733=AXIS2_PLACEMENT_3D('',#5730,#5731,#5732);
#5734=CONICAL_SURFACE('',#5733,4.161491668566E0,4.4E1);
#5736=ORIENTED_EDGE('',*,*,#5735,.F.);
#5738=ORIENTED_EDGE('',*,*,#5737,.T.);
#5740=ORIENTED_EDGE('',*,*,#5739,.T.);
#5741=ORIENTED_EDGE('',*,*,#5719,.F.);
#5743=ORIENTED_EDGE('',*,*,#5742,.F.);
#5744=ORIENTED_EDGE('',*,*,#5725,.F.);
#5745=EDGE_LOOP('',(#5736,#5738,#5740,#5741,#5743,#5744));
#5746=FACE_OUTER_BOUND('',#5745,.F.);
#5747=ADVANCED_FACE('',(#5746),#5734,.T.);
#5748=CARTESIAN_POINT('',(0.E0,0.E0,-1.261709334045E0));
#5749=DIRECTION('',(0.E0,0.E0,1.E0));
#5750=DIRECTION('',(0.E0,1.E0,0.E0));
#5751=AXIS2_PLACEMENT_3D('',#5748,#5749,#5750);
#5752=CONICAL_SURFACE('',#5751,4.161507507801E0,4.4E1);
#5753=ORIENTED_EDGE('',*,*,#5721,.F.);
#5754=ORIENTED_EDGE('',*,*,#5739,.F.);
#5756=ORIENTED_EDGE('',*,*,#5755,.T.);
#5757=ORIENTED_EDGE('',*,*,#5735,.T.);
#5758=ORIENTED_EDGE('',*,*,#5723,.F.);
#5759=EDGE_LOOP('',(#5753,#5754,#5756,#5757,#5758));
#5760=FACE_OUTER_BOUND('',#5759,.F.);
#5761=ADVANCED_FACE('',(#5760),#5752,.T.);
#5762=CARTESIAN_POINT('',(0.E0,0.E0,-1.743000000013E0));
#5763=DIRECTION('',(0.E0,0.E0,-1.E0));
#5764=DIRECTION('',(0.E0,-1.E0,0.E0));
#5765=AXIS2_PLACEMENT_3D('',#5762,#5763,#5764);
#5766=TOROIDAL_SURFACE('',#5765,4.861965636247E0,8.382E-1);
#5767=ORIENTED_EDGE('',*,*,#5755,.F.);
#5769=ORIENTED_EDGE('',*,*,#5768,.T.);
#5771=ORIENTED_EDGE('',*,*,#5770,.T.);
#5773=ORIENTED_EDGE('',*,*,#5772,.F.);
#5774=EDGE_LOOP('',(#5767,#5769,#5771,#5773));
#5775=FACE_OUTER_BOUND('',#5774,.F.);
#5776=ADVANCED_FACE('',(#5775),#5766,.F.);
#5777=CARTESIAN_POINT('',(0.E0,0.E0,-1.743000000013E0));
#5778=DIRECTION('',(0.E0,0.E0,-1.E0));
#5779=DIRECTION('',(0.E0,-1.E0,0.E0));
#5780=AXIS2_PLACEMENT_3D('',#5777,#5778,#5779);
#5781=TOROIDAL_SURFACE('',#5780,4.861965636247E0,8.382E-1);
#5782=ORIENTED_EDGE('',*,*,#5772,.T.);
#5784=ORIENTED_EDGE('',*,*,#5783,.T.);
#5785=ORIENTED_EDGE('',*,*,#5768,.F.);
#5786=ORIENTED_EDGE('',*,*,#5737,.F.);
#5787=EDGE_LOOP('',(#5782,#5784,#5785,#5786));
#5788=FACE_OUTER_BOUND('',#5787,.F.);
#5789=ADVANCED_FACE('',(#5788),#5781,.F.);
#5790=CARTESIAN_POINT('',(5.82739815E0,5.82739815E0,-9.048000000131E-1));
#5791=DIRECTION('',(0.E0,0.E0,-1.E0));
#5792=DIRECTION('',(0.E0,-1.E0,0.E0));
#5793=AXIS2_PLACEMENT_3D('',#5790,#5791,#5792);
#5794=PLANE('',#5793);
#5796=ORIENTED_EDGE('',*,*,#5795,.F.);
#5798=ORIENTED_EDGE('',*,*,#5797,.F.);
#5800=ORIENTED_EDGE('',*,*,#5799,.F.);
#5801=EDGE_LOOP('',(#5796,#5798,#5800));
#5802=FACE_OUTER_BOUND('',#5801,.F.);
#5803=ORIENTED_EDGE('',*,*,#5783,.F.);
#5804=ORIENTED_EDGE('',*,*,#5770,.F.);
#5805=EDGE_LOOP('',(#5803,#5804));
#5806=FACE_BOUND('',#5805,.F.);
#5807=ADVANCED_FACE('',(#5802,#5806),#5794,.T.);
#5808=CARTESIAN_POINT('',(0.E0,0.E0,-9.124231500131E-1));
#5809=DIRECTION('',(0.E0,0.E0,1.E0));
#5810=DIRECTION('',(0.E0,1.E0,0.E0));
#5811=AXIS2_PLACEMENT_3D('',#5808,#5809,#5810);
#5812=CYLINDRICAL_SURFACE('',#5811,5.5499E0);
#5813=ORIENTED_EDGE('',*,*,#5795,.T.);
#5815=ORIENTED_EDGE('',*,*,#5814,.F.);
#5817=ORIENTED_EDGE('',*,*,#5816,.T.);
#5819=ORIENTED_EDGE('',*,*,#5818,.T.);
#5820=EDGE_LOOP('',(#5813,#5815,#5817,#5819));
#5821=FACE_OUTER_BOUND('',#5820,.F.);
#5822=ADVANCED_FACE('',(#5821),#5812,.T.);
#5823=CARTESIAN_POINT('',(0.E0,0.E0,-9.124231500131E-1));
#5824=DIRECTION('',(0.E0,0.E0,1.E0));
#5825=DIRECTION('',(1.E0,0.E0,0.E0));
#5826=AXIS2_PLACEMENT_3D('',#5823,#5824,#5825);
#5827=CYLINDRICAL_SURFACE('',#5826,5.5499E0);
#5828=ORIENTED_EDGE('',*,*,#5814,.T.);
#5829=ORIENTED_EDGE('',*,*,#5799,.T.);
#5830=ORIENTED_EDGE('',*,*,#5797,.T.);
#5831=ORIENTED_EDGE('',*,*,#5818,.F.);
#5833=ORIENTED_EDGE('',*,*,#5832,.T.);
#5835=ORIENTED_EDGE('',*,*,#5834,.T.);
#5836=EDGE_LOOP('',(#5828,#5829,#5830,#5831,#5833,#5835));
#5837=FACE_OUTER_BOUND('',#5836,.F.);
#5838=ADVANCED_FACE('',(#5837),#5827,.T.);
#5839=CARTESIAN_POINT('',(8.610003150001E0,2.486250315001E1,
-6.000000000131E-1));
#5840=DIRECTION('',(0.E0,0.E0,-1.E0));
#5841=DIRECTION('',(0.E0,-1.E0,0.E0));
#5842=AXIS2_PLACEMENT_3D('',#5839,#5840,#5841);
#5843=PLANE('',#5842);
#5845=ORIENTED_EDGE('',*,*,#5844,.F.);
#5847=ORIENTED_EDGE('',*,*,#5846,.F.);
#5849=ORIENTED_EDGE('',*,*,#5848,.F.);
#5851=ORIENTED_EDGE('',*,*,#5850,.T.);
#5852=EDGE_LOOP('',(#5845,#5847,#5849,#5851));
#5853=FACE_OUTER_BOUND('',#5852,.F.);
#5855=ORIENTED_EDGE('',*,*,#5854,.F.);
#5857=ORIENTED_EDGE('',*,*,#5856,.F.);
#5859=ORIENTED_EDGE('',*,*,#5858,.F.);
#5860=EDGE_LOOP('',(#5855,#5857,#5859));
#5861=FACE_BOUND('',#5860,.F.);
#5863=ORIENTED_EDGE('',*,*,#5862,.F.);
#5865=ORIENTED_EDGE('',*,*,#5864,.F.);
#5867=ORIENTED_EDGE('',*,*,#5866,.F.);
#5868=EDGE_LOOP('',(#5863,#5865,#5867));
#5869=FACE_BOUND('',#5868,.F.);
#5871=ORIENTED_EDGE('',*,*,#5870,.F.);
#5873=ORIENTED_EDGE('',*,*,#5872,.F.);
#5874=EDGE_LOOP('',(#5871,#5873));
#5875=FACE_BOUND('',#5874,.F.);
#5876=ORIENTED_EDGE('',*,*,#5816,.F.);
#5877=ORIENTED_EDGE('',*,*,#5834,.F.);
#5878=ORIENTED_EDGE('',*,*,#5832,.F.);
#5879=EDGE_LOOP('',(#5876,#5877,#5878));
#5880=FACE_BOUND('',#5879,.F.);
#5881=ADVANCED_FACE('',(#5853,#5861,#5869,#5875,#5880),#5843,.T.);
#5882=CARTESIAN_POINT('',(8.200000000001E0,2.499000315001E1,-1.843500315E1));
#5883=DIRECTION('',(-1.E0,0.E0,0.E0));
#5884=DIRECTION('',(0.E0,-1.E0,0.E0));
#5885=AXIS2_PLACEMENT_3D('',#5882,#5883,#5884);
#5886=PLANE('',#5885);
#5888=ORIENTED_EDGE('',*,*,#5887,.T.);
#5890=ORIENTED_EDGE('',*,*,#5889,.T.);
#5892=ORIENTED_EDGE('',*,*,#5891,.F.);
#5894=ORIENTED_EDGE('',*,*,#5893,.F.);
#5896=ORIENTED_EDGE('',*,*,#5895,.F.);
#5897=ORIENTED_EDGE('',*,*,#5844,.T.);
#5899=ORIENTED_EDGE('',*,*,#5898,.T.);
#5901=ORIENTED_EDGE('',*,*,#5900,.T.);
#5903=ORIENTED_EDGE('',*,*,#5902,.F.);
#5905=ORIENTED_EDGE('',*,*,#5904,.T.);
#5907=ORIENTED_EDGE('',*,*,#5906,.T.);
#5909=ORIENTED_EDGE('',*,*,#5908,.T.);
#5911=ORIENTED_EDGE('',*,*,#5910,.F.);
#5912=EDGE_LOOP('',(#5888,#5890,#5892,#5894,#5896,#5897,#5899,#5901,#5903,#5905,
#5907,#5909,#5911));
#5913=FACE_OUTER_BOUND('',#5912,.F.);
#5914=ADVANCED_FACE('',(#5913),#5886,.T.);
#5915=CARTESIAN_POINT('',(8.81500315E0,-6.303746849994E0,-1.525E1));
#5916=DIRECTION('',(0.E0,0.E0,-1.E0));
#5917=DIRECTION('',(0.E0,-1.E0,0.E0));
#5918=AXIS2_PLACEMENT_3D('',#5915,#5916,#5917);
#5919=PLANE('',#5918);
#5920=ORIENTED_EDGE('',*,*,#5887,.F.);
#5922=ORIENTED_EDGE('',*,*,#5921,.T.);
#5924=ORIENTED_EDGE('',*,*,#5923,.T.);
#5926=ORIENTED_EDGE('',*,*,#5925,.F.);
#5927=EDGE_LOOP('',(#5920,#5922,#5924,#5926));
#5928=FACE_OUTER_BOUND('',#5927,.F.);
#5929=ADVANCED_FACE('',(#5928),#5919,.T.);
#5930=CARTESIAN_POINT('',(8.184996850001E0,-1.025E1,-1.4E1));
#5931=DIRECTION('',(1.E0,0.E0,0.E0));
#5932=DIRECTION('',(0.E0,0.E0,-1.E0));
#5933=AXIS2_PLACEMENT_3D('',#5930,#5931,#5932);
#5934=CYLINDRICAL_SURFACE('',#5933,1.25E0);
#5935=ORIENTED_EDGE('',*,*,#5921,.F.);
#5936=ORIENTED_EDGE('',*,*,#5910,.T.);
#5938=ORIENTED_EDGE('',*,*,#5937,.F.);
#5940=ORIENTED_EDGE('',*,*,#5939,.T.);
#5941=EDGE_LOOP('',(#5935,#5936,#5938,#5940));
#5942=FACE_OUTER_BOUND('',#5941,.F.);
#5943=ADVANCED_FACE('',(#5942),#5934,.T.);
#5944=CARTESIAN_POINT('',(8.81500315E0,-1.034625315E1,-1.275E1));
#5945=DIRECTION('',(0.E0,0.E0,1.E0));
#5946=DIRECTION('',(0.E0,1.E0,0.E0));
#5947=AXIS2_PLACEMENT_3D('',#5944,#5945,#5946);
#5948=PLANE('',#5947);
#5950=ORIENTED_EDGE('',*,*,#5949,.F.);
#5952=ORIENTED_EDGE('',*,*,#5951,.T.);
#5953=ORIENTED_EDGE('',*,*,#5937,.T.);
#5954=ORIENTED_EDGE('',*,*,#5908,.F.);
#5955=EDGE_LOOP('',(#5950,#5952,#5953,#5954));
#5956=FACE_OUTER_BOUND('',#5955,.F.);
#5957=ADVANCED_FACE('',(#5956),#5948,.T.);
#5958=CARTESIAN_POINT('',(8.81500315E0,-6.399999999994E0,-1.294250315E1));
#5959=DIRECTION('',(0.E0,-1.E0,0.E0));
#5960=DIRECTION('',(0.E0,0.E0,1.E0));
#5961=AXIS2_PLACEMENT_3D('',#5958,#5959,#5960);
#5962=PLANE('',#5961);
#5964=ORIENTED_EDGE('',*,*,#5963,.F.);
#5966=ORIENTED_EDGE('',*,*,#5965,.T.);
#5967=ORIENTED_EDGE('',*,*,#5949,.T.);
#5968=ORIENTED_EDGE('',*,*,#5906,.F.);
#5969=EDGE_LOOP('',(#5964,#5966,#5967,#5968));
#5970=FACE_OUTER_BOUND('',#5969,.F.);
#5971=ADVANCED_FACE('',(#5970),#5962,.T.);
#5972=CARTESIAN_POINT('',(8.81500315E0,-6.303746849994E0,-5.050000000001E0));
#5973=DIRECTION('',(0.E0,0.E0,-1.E0));
#5974=DIRECTION('',(0.E0,-1.E0,0.E0));
#5975=AXIS2_PLACEMENT_3D('',#5972,#5973,#5974);
#5976=PLANE('',#5975);
#5977=ORIENTED_EDGE('',*,*,#5904,.F.);
#5979=ORIENTED_EDGE('',*,*,#5978,.T.);
#5981=ORIENTED_EDGE('',*,*,#5980,.T.);
#5982=ORIENTED_EDGE('',*,*,#5963,.T.);
#5983=EDGE_LOOP('',(#5977,#5979,#5981,#5982));
#5984=FACE_OUTER_BOUND('',#5983,.F.);
#5985=ADVANCED_FACE('',(#5984),#5976,.T.);
#5986=CARTESIAN_POINT('',(8.184996850001E0,-1.025E1,-3.800000000001E0));
#5987=DIRECTION('',(1.E0,0.E0,0.E0));
#5988=DIRECTION('',(0.E0,0.E0,-1.E0));
#5989=AXIS2_PLACEMENT_3D('',#5986,#5987,#5988);
#5990=CYLINDRICAL_SURFACE('',#5989,1.25E0);
#5991=ORIENTED_EDGE('',*,*,#5978,.F.);
#5992=ORIENTED_EDGE('',*,*,#5902,.T.);
#5994=ORIENTED_EDGE('',*,*,#5993,.F.);
#5996=ORIENTED_EDGE('',*,*,#5995,.T.);
#5997=EDGE_LOOP('',(#5991,#5992,#5994,#5996));
#5998=FACE_OUTER_BOUND('',#5997,.F.);
#5999=ADVANCED_FACE('',(#5998),#5990,.T.);
#6000=CARTESIAN_POINT('',(8.81500315E0,-1.034625315E1,-2.550000000001E0));
#6001=DIRECTION('',(0.E0,0.E0,1.E0));
#6002=DIRECTION('',(0.E0,1.E0,0.E0));
#6003=AXIS2_PLACEMENT_3D('',#6000,#6001,#6002);
#6004=PLANE('',#6003);
#6006=ORIENTED_EDGE('',*,*,#6005,.F.);
#6008=ORIENTED_EDGE('',*,*,#6007,.T.);
#6009=ORIENTED_EDGE('',*,*,#5993,.T.);
#6010=ORIENTED_EDGE('',*,*,#5900,.F.);
#6011=EDGE_LOOP('',(#6006,#6008,#6009,#6010));
#6012=FACE_OUTER_BOUND('',#6011,.F.);
#6013=ADVANCED_FACE('',(#6012),#6004,.T.);
#6014=CARTESIAN_POINT('',(9.24000315E0,-6.399999999994E0,-2.613753150001E0));
#6015=DIRECTION('',(0.E0,-1.E0,0.E0));
#6016=DIRECTION('',(0.E0,0.E0,1.E0));
#6017=AXIS2_PLACEMENT_3D('',#6014,#6015,#6016);
#6018=PLANE('',#6017);
#6020=ORIENTED_EDGE('',*,*,#6019,.T.);
#6022=ORIENTED_EDGE('',*,*,#6021,.T.);
#6023=ORIENTED_EDGE('',*,*,#6005,.T.);
#6024=ORIENTED_EDGE('',*,*,#5898,.F.);
#6025=ORIENTED_EDGE('',*,*,#5850,.F.);
#6027=ORIENTED_EDGE('',*,*,#6026,.F.);
#6029=ORIENTED_EDGE('',*,*,#6028,.T.);
#6031=ORIENTED_EDGE('',*,*,#6030,.F.);
#6032=EDGE_LOOP('',(#6020,#6022,#6023,#6024,#6025,#6027,#6029,#6031));
#6033=FACE_OUTER_BOUND('',#6032,.F.);
#6034=ADVANCED_FACE('',(#6033),#6018,.T.);
#6035=CARTESIAN_POINT('',(9.24000315E0,-7.162503149994E0,0.E0));
#6036=DIRECTION('',(0.E0,0.E0,1.E0));
#6037=DIRECTION('',(0.E0,1.E0,0.E0));
#6038=AXIS2_PLACEMENT_3D('',#6035,#6036,#6037);
#6039=PLANE('',#6038);
#6041=ORIENTED_EDGE('',*,*,#6040,.T.);
#6043=ORIENTED_EDGE('',*,*,#6042,.T.);
#6044=ORIENTED_EDGE('',*,*,#6019,.F.);
#6046=ORIENTED_EDGE('',*,*,#6045,.F.);
#6047=EDGE_LOOP('',(#6041,#6043,#6044,#6046));
#6048=FACE_OUTER_BOUND('',#6047,.F.);
#6050=ORIENTED_EDGE('',*,*,#6049,.F.);
#6052=ORIENTED_EDGE('',*,*,#6051,.F.);
#6054=ORIENTED_EDGE('',*,*,#6053,.F.);
#6055=EDGE_LOOP('',(#6050,#6052,#6054));
#6056=FACE_BOUND('',#6055,.F.);
#6058=ORIENTED_EDGE('',*,*,#6057,.F.);
#6060=ORIENTED_EDGE('',*,*,#6059,.F.);
#6061=EDGE_LOOP('',(#6058,#6060));
#6062=FACE_BOUND('',#6061,.F.);
#6064=ORIENTED_EDGE('',*,*,#6063,.F.);
#6066=ORIENTED_EDGE('',*,*,#6065,.F.);
#6068=ORIENTED_EDGE('',*,*,#6067,.F.);
#6069=EDGE_LOOP('',(#6064,#6066,#6068));
#6070=FACE_BOUND('',#6069,.F.);
#6072=ORIENTED_EDGE('',*,*,#6071,.F.);
#6074=ORIENTED_EDGE('',*,*,#6073,.F.);
#6075=EDGE_LOOP('',(#6072,#6074));
#6076=FACE_BOUND('',#6075,.F.);
#6077=ADVANCED_FACE('',(#6048,#6056,#6062,#6070,#6076),#6039,.T.);
#6078=CARTESIAN_POINT('',(9.24000315E0,2.410000000001E1,2.2250315E-1));
#6079=DIRECTION('',(0.E0,1.E0,0.E0));
#6080=DIRECTION('',(0.E0,0.E0,-1.E0));
#6081=AXIS2_PLACEMENT_3D('',#6078,#6079,#6080);
#6082=PLANE('',#6081);
#6084=ORIENTED_EDGE('',*,*,#6083,.F.);
#6086=ORIENTED_EDGE('',*,*,#6085,.F.);
#6087=ORIENTED_EDGE('',*,*,#6040,.F.);
#6089=ORIENTED_EDGE('',*,*,#6088,.T.);
#6091=ORIENTED_EDGE('',*,*,#6090,.F.);
#6093=ORIENTED_EDGE('',*,*,#6092,.T.);
#6094=ORIENTED_EDGE('',*,*,#5846,.T.);
#6095=ORIENTED_EDGE('',*,*,#5895,.T.);
#6096=EDGE_LOOP('',(#6084,#6086,#6087,#6089,#6091,#6093,#6094,#6095));
#6097=FACE_OUTER_BOUND('',#6096,.F.);
#6098=ADVANCED_FACE('',(#6097),#6082,.T.);
#6099=CARTESIAN_POINT('',(8.81500315E0,8.212497283562E0,-1.822750159482E1));
#6100=DIRECTION('',(0.E0,5.062905228039E-1,-8.623629784024E-1));
#6101=DIRECTION('',(-1.E0,0.E0,0.E0));
#6102=AXIS2_PLACEMENT_3D('',#6099,#6100,#6101);
#6103=PLANE('',#6102);
#6104=ORIENTED_EDGE('',*,*,#6083,.T.);
#6105=ORIENTED_EDGE('',*,*,#5893,.T.);
#6107=ORIENTED_EDGE('',*,*,#6106,.T.);
#6109=ORIENTED_EDGE('',*,*,#6108,.T.);
#6110=EDGE_LOOP('',(#6104,#6105,#6107,#6109));
#6111=FACE_OUTER_BOUND('',#6110,.F.);
#6112=ADVANCED_FACE('',(#6111),#6103,.T.);
#6113=CARTESIAN_POINT('',(8.81500315E0,8.975003150006E0,-1.8E1));
#6114=DIRECTION('',(0.E0,0.E0,-1.E0));
#6115=DIRECTION('',(0.E0,-1.E0,0.E0));
#6116=AXIS2_PLACEMENT_3D('',#6113,#6114,#6115);
#6117=PLANE('',#6116);
#6118=ORIENTED_EDGE('',*,*,#6106,.F.);
#6119=ORIENTED_EDGE('',*,*,#5891,.T.);
#6121=ORIENTED_EDGE('',*,*,#6120,.F.);
#6123=ORIENTED_EDGE('',*,*,#6122,.F.);
#6124=EDGE_LOOP('',(#6118,#6119,#6121,#6123));
#6125=FACE_OUTER_BOUND('',#6124,.F.);
#6126=ADVANCED_FACE('',(#6125),#6117,.T.);
#6127=CARTESIAN_POINT('',(8.81500315E0,-6.399999999994E0,-1.806875315E1));
#6128=DIRECTION('',(0.E0,-1.E0,0.E0));
#6129=DIRECTION('',(0.E0,0.E0,1.E0));
#6130=AXIS2_PLACEMENT_3D('',#6127,#6128,#6129);
#6131=PLANE('',#6130);
#6132=ORIENTED_EDGE('',*,*,#5889,.F.);
#6133=ORIENTED_EDGE('',*,*,#5925,.T.);
#6135=ORIENTED_EDGE('',*,*,#6134,.T.);
#6136=ORIENTED_EDGE('',*,*,#6120,.T.);
#6137=EDGE_LOOP('',(#6132,#6133,#6135,#6136));
#6138=FACE_OUTER_BOUND('',#6137,.F.);
#6139=ADVANCED_FACE('',(#6138),#6131,.T.);
#6140=CARTESIAN_POINT('',(8.8E0,-1.239000315E1,4.5000315E-1));
#6141=DIRECTION('',(1.E0,0.E0,0.E0));
#6142=DIRECTION('',(0.E0,0.E0,-1.E0));
#6143=AXIS2_PLACEMENT_3D('',#6140,#6141,#6142);
#6144=PLANE('',#6143);
#6145=ORIENTED_EDGE('',*,*,#6085,.T.);
#6146=ORIENTED_EDGE('',*,*,#6108,.F.);
#6147=ORIENTED_EDGE('',*,*,#6122,.T.);
#6148=ORIENTED_EDGE('',*,*,#6134,.F.);
#6149=ORIENTED_EDGE('',*,*,#5923,.F.);
#6150=ORIENTED_EDGE('',*,*,#5939,.F.);
#6151=ORIENTED_EDGE('',*,*,#5951,.F.);
#6152=ORIENTED_EDGE('',*,*,#5965,.F.);
#6153=ORIENTED_EDGE('',*,*,#5980,.F.);
#6154=ORIENTED_EDGE('',*,*,#5995,.F.);
#6155=ORIENTED_EDGE('',*,*,#6007,.F.);
#6156=ORIENTED_EDGE('',*,*,#6021,.F.);
#6157=ORIENTED_EDGE('',*,*,#6042,.F.);
#6158=EDGE_LOOP('',(#6145,#6146,#6147,#6148,#6149,#6150,#6151,#6152,#6153,#6154,
#6155,#6156,#6157));
#6159=FACE_OUTER_BOUND('',#6158,.F.);
#6160=ADVANCED_FACE('',(#6159),#6144,.T.);
#6161=CARTESIAN_POINT('',(-8.8E0,-1.239000315E1,4.5000315E-1));
#6162=DIRECTION('',(-1.E0,0.E0,0.E0));
#6163=DIRECTION('',(0.E0,1.E0,0.E0));
#6164=AXIS2_PLACEMENT_3D('',#6161,#6162,#6163);
#6165=PLANE('',#6164);
#6166=ORIENTED_EDGE('',*,*,#6088,.F.);
#6167=ORIENTED_EDGE('',*,*,#6045,.T.);
#6168=ORIENTED_EDGE('',*,*,#6030,.T.);
#6170=ORIENTED_EDGE('',*,*,#6169,.T.);
#6172=ORIENTED_EDGE('',*,*,#6171,.F.);
#6174=ORIENTED_EDGE('',*,*,#6173,.T.);
#6176=ORIENTED_EDGE('',*,*,#6175,.T.);
#6178=ORIENTED_EDGE('',*,*,#6177,.T.);
#6180=ORIENTED_EDGE('',*,*,#6179,.F.);
#6182=ORIENTED_EDGE('',*,*,#6181,.T.);
#6184=ORIENTED_EDGE('',*,*,#6183,.T.);
#6186=ORIENTED_EDGE('',*,*,#6185,.F.);
#6188=ORIENTED_EDGE('',*,*,#6187,.F.);
#6189=EDGE_LOOP('',(#6166,#6167,#6168,#6170,#6172,#6174,#6176,#6178,#6180,#6182,
#6184,#6186,#6188));
#6190=FACE_OUTER_BOUND('',#6189,.F.);
#6191=ADVANCED_FACE('',(#6190),#6165,.T.);
#6192=CARTESIAN_POINT('',(-8.184996849999E0,-1.034625315E1,-2.550000000001E0));
#6193=DIRECTION('',(0.E0,0.E0,1.E0));
#6194=DIRECTION('',(0.E0,1.E0,0.E0));
#6195=AXIS2_PLACEMENT_3D('',#6192,#6193,#6194);
#6196=PLANE('',#6195);
#6198=ORIENTED_EDGE('',*,*,#6197,.F.);
#6200=ORIENTED_EDGE('',*,*,#6199,.T.);
#6201=ORIENTED_EDGE('',*,*,#6169,.F.);
#6202=ORIENTED_EDGE('',*,*,#6028,.F.);
#6203=EDGE_LOOP('',(#6198,#6200,#6201,#6202));
#6204=FACE_OUTER_BOUND('',#6203,.F.);
#6205=ADVANCED_FACE('',(#6204),#6196,.T.);
#6206=CARTESIAN_POINT('',(-8.199999999999E0,2.499000315001E1,
-1.649968500134E-1));
#6207=DIRECTION('',(1.E0,0.E0,0.E0));
#6208=DIRECTION('',(0.E0,-1.E0,0.E0));
#6209=AXIS2_PLACEMENT_3D('',#6206,#6207,#6208);
#6210=PLANE('',#6209);
#6212=ORIENTED_EDGE('',*,*,#6211,.T.);
#6214=ORIENTED_EDGE('',*,*,#6213,.T.);
#6216=ORIENTED_EDGE('',*,*,#6215,.T.);
#6218=ORIENTED_EDGE('',*,*,#6217,.F.);
#6219=ORIENTED_EDGE('',*,*,#6197,.T.);
#6220=ORIENTED_EDGE('',*,*,#6026,.T.);
#6221=ORIENTED_EDGE('',*,*,#5848,.T.);
#6222=ORIENTED_EDGE('',*,*,#6092,.F.);
#6224=ORIENTED_EDGE('',*,*,#6223,.F.);
#6226=ORIENTED_EDGE('',*,*,#6225,.F.);
#6228=ORIENTED_EDGE('',*,*,#6227,.T.);
#6230=ORIENTED_EDGE('',*,*,#6229,.T.);
#6232=ORIENTED_EDGE('',*,*,#6231,.F.);
#6233=EDGE_LOOP('',(#6212,#6214,#6216,#6218,#6219,#6220,#6221,#6222,#6224,#6226,
#6228,#6230,#6232));
#6234=FACE_OUTER_BOUND('',#6233,.F.);
#6235=ADVANCED_FACE('',(#6234),#6210,.T.);
#6236=CARTESIAN_POINT('',(-8.184996849999E0,-1.034625315E1,-1.275E1));
#6237=DIRECTION('',(0.E0,0.E0,1.E0));
#6238=DIRECTION('',(0.E0,1.E0,0.E0));
#6239=AXIS2_PLACEMENT_3D('',#6236,#6237,#6238);
#6240=PLANE('',#6239);
#6241=ORIENTED_EDGE('',*,*,#6211,.F.);
#6243=ORIENTED_EDGE('',*,*,#6242,.T.);
#6244=ORIENTED_EDGE('',*,*,#6177,.F.);
#6246=ORIENTED_EDGE('',*,*,#6245,.F.);
#6247=EDGE_LOOP('',(#6241,#6243,#6244,#6246));
#6248=FACE_OUTER_BOUND('',#6247,.F.);
#6249=ADVANCED_FACE('',(#6248),#6240,.T.);
#6250=CARTESIAN_POINT('',(-8.81500315E0,-1.025E1,-1.4E1));
#6251=DIRECTION('',(1.E0,0.E0,0.E0));
#6252=DIRECTION('',(0.E0,0.E0,-1.E0));
#6253=AXIS2_PLACEMENT_3D('',#6250,#6251,#6252);
#6254=CYLINDRICAL_SURFACE('',#6253,1.25E0);
#6256=ORIENTED_EDGE('',*,*,#6255,.F.);
#6257=ORIENTED_EDGE('',*,*,#6179,.T.);
#6258=ORIENTED_EDGE('',*,*,#6242,.F.);
#6259=ORIENTED_EDGE('',*,*,#6231,.T.);
#6260=EDGE_LOOP('',(#6256,#6257,#6258,#6259));
#6261=FACE_OUTER_BOUND('',#6260,.F.);
#6262=ADVANCED_FACE('',(#6261),#6254,.T.);
#6263=CARTESIAN_POINT('',(-8.184996849999E0,-6.303746849994E0,-1.525E1));
#6264=DIRECTION('',(0.E0,0.E0,-1.E0));
#6265=DIRECTION('',(0.E0,-1.E0,0.E0));
#6266=AXIS2_PLACEMENT_3D('',#6263,#6264,#6265);
#6267=PLANE('',#6266);
#6268=ORIENTED_EDGE('',*,*,#6255,.T.);
#6269=ORIENTED_EDGE('',*,*,#6229,.F.);
#6271=ORIENTED_EDGE('',*,*,#6270,.F.);
#6272=ORIENTED_EDGE('',*,*,#6181,.F.);
#6273=EDGE_LOOP('',(#6268,#6269,#6271,#6272));
#6274=FACE_OUTER_BOUND('',#6273,.F.);
#6275=ADVANCED_FACE('',(#6274),#6267,.T.);
#6276=CARTESIAN_POINT('',(-8.184996849999E0,-6.399999999994E0,-1.806875315E1));
#6277=DIRECTION('',(0.E0,-1.E0,0.E0));
#6278=DIRECTION('',(0.E0,0.E0,1.E0));
#6279=AXIS2_PLACEMENT_3D('',#6276,#6277,#6278);
#6280=PLANE('',#6279);
#6282=ORIENTED_EDGE('',*,*,#6281,.T.);
#6283=ORIENTED_EDGE('',*,*,#6183,.F.);
#6284=ORIENTED_EDGE('',*,*,#6270,.T.);
#6285=ORIENTED_EDGE('',*,*,#6227,.F.);
#6286=EDGE_LOOP('',(#6282,#6283,#6284,#6285));
#6287=FACE_OUTER_BOUND('',#6286,.F.);
#6288=ADVANCED_FACE('',(#6287),#6280,.T.);
#6289=CARTESIAN_POINT('',(-8.184996849999E0,8.975003150006E0,-1.8E1));
#6290=DIRECTION('',(0.E0,0.E0,-1.E0));
#6291=DIRECTION('',(0.E0,-1.E0,0.E0));
#6292=AXIS2_PLACEMENT_3D('',#6289,#6290,#6291);
#6293=PLANE('',#6292);
#6294=ORIENTED_EDGE('',*,*,#6281,.F.);
#6295=ORIENTED_EDGE('',*,*,#6225,.T.);
#6297=ORIENTED_EDGE('',*,*,#6296,.F.);
#6298=ORIENTED_EDGE('',*,*,#6185,.T.);
#6299=EDGE_LOOP('',(#6294,#6295,#6297,#6298));
#6300=FACE_OUTER_BOUND('',#6299,.F.);
#6301=ADVANCED_FACE('',(#6300),#6293,.T.);
#6302=CARTESIAN_POINT('',(-8.184996849999E0,8.212497283562E0,
-1.822750159482E1));
#6303=DIRECTION('',(0.E0,5.062905228039E-1,-8.623629784024E-1));
#6304=DIRECTION('',(-1.E0,0.E0,0.E0));
#6305=AXIS2_PLACEMENT_3D('',#6302,#6303,#6304);
#6306=PLANE('',#6305);
#6307=ORIENTED_EDGE('',*,*,#6296,.T.);
#6308=ORIENTED_EDGE('',*,*,#6223,.T.);
#6309=ORIENTED_EDGE('',*,*,#6090,.T.);
#6310=ORIENTED_EDGE('',*,*,#6187,.T.);
#6311=EDGE_LOOP('',(#6307,#6308,#6309,#6310));
#6312=FACE_OUTER_BOUND('',#6311,.F.);
#6313=ADVANCED_FACE('',(#6312),#6306,.T.);
#6314=CARTESIAN_POINT('',(-8.184996849999E0,-6.399999999994E0,-1.294250315E1));
#6315=DIRECTION('',(0.E0,-1.E0,0.E0));
#6316=DIRECTION('',(0.E0,0.E0,1.E0));
#6317=AXIS2_PLACEMENT_3D('',#6314,#6315,#6316);
#6318=PLANE('',#6317);
#6319=ORIENTED_EDGE('',*,*,#6213,.F.);
#6320=ORIENTED_EDGE('',*,*,#6245,.T.);
#6321=ORIENTED_EDGE('',*,*,#6175,.F.);
#6323=ORIENTED_EDGE('',*,*,#6322,.F.);
#6324=EDGE_LOOP('',(#6319,#6320,#6321,#6323));
#6325=FACE_OUTER_BOUND('',#6324,.F.);
#6326=ADVANCED_FACE('',(#6325),#6318,.T.);
#6327=CARTESIAN_POINT('',(-8.184996849999E0,-6.303746849994E0,
-5.050000000001E0));
#6328=DIRECTION('',(0.E0,0.E0,-1.E0));
#6329=DIRECTION('',(0.E0,-1.E0,0.E0));
#6330=AXIS2_PLACEMENT_3D('',#6327,#6328,#6329);
#6331=PLANE('',#6330);
#6333=ORIENTED_EDGE('',*,*,#6332,.T.);
#6334=ORIENTED_EDGE('',*,*,#6215,.F.);
#6335=ORIENTED_EDGE('',*,*,#6322,.T.);
#6336=ORIENTED_EDGE('',*,*,#6173,.F.);
#6337=EDGE_LOOP('',(#6333,#6334,#6335,#6336));
#6338=FACE_OUTER_BOUND('',#6337,.F.);
#6339=ADVANCED_FACE('',(#6338),#6331,.T.);
#6340=CARTESIAN_POINT('',(-8.81500315E0,-1.025E1,-3.800000000001E0));
#6341=DIRECTION('',(1.E0,0.E0,0.E0));
#6342=DIRECTION('',(0.E0,0.E0,-1.E0));
#6343=AXIS2_PLACEMENT_3D('',#6340,#6341,#6342);
#6344=CYLINDRICAL_SURFACE('',#6343,1.25E0);
#6345=ORIENTED_EDGE('',*,*,#6332,.F.);
#6346=ORIENTED_EDGE('',*,*,#6171,.T.);
#6347=ORIENTED_EDGE('',*,*,#6199,.F.);
#6348=ORIENTED_EDGE('',*,*,#6217,.T.);
#6349=EDGE_LOOP('',(#6345,#6346,#6347,#6348));
#6350=FACE_OUTER_BOUND('',#6349,.F.);
#6351=ADVANCED_FACE('',(#6350),#6344,.T.);
#6352=CARTESIAN_POINT('',(0.E0,1.519999999999E1,2.46000315E0));
#6353=DIRECTION('',(0.E0,0.E0,-1.E0));
#6354=DIRECTION('',(-1.E0,0.E0,0.E0));
#6355=AXIS2_PLACEMENT_3D('',#6352,#6353,#6354);
#6356=CYLINDRICAL_SURFACE('',#6355,6.31E0);
#6358=ORIENTED_EDGE('',*,*,#6357,.T.);
#6360=ORIENTED_EDGE('',*,*,#6359,.T.);
#6362=ORIENTED_EDGE('',*,*,#6361,.F.);
#6363=ORIENTED_EDGE('',*,*,#6049,.T.);
#6364=EDGE_LOOP('',(#6358,#6360,#6362,#6363));
#6365=FACE_OUTER_BOUND('',#6364,.F.);
#6366=ADVANCED_FACE('',(#6365),#6356,.T.);
#6367=CARTESIAN_POINT('',(0.E0,1.519999999999E1,2.46000315E0));
#6368=DIRECTION('',(0.E0,0.E0,-1.E0));
#6369=DIRECTION('',(0.E0,-1.E0,0.E0));
#6370=AXIS2_PLACEMENT_3D('',#6367,#6368,#6369);
#6371=CYLINDRICAL_SURFACE('',#6370,6.31E0);
#6372=ORIENTED_EDGE('',*,*,#6357,.F.);
#6373=ORIENTED_EDGE('',*,*,#6053,.T.);
#6374=ORIENTED_EDGE('',*,*,#6051,.T.);
#6375=ORIENTED_EDGE('',*,*,#6361,.T.);
#6377=ORIENTED_EDGE('',*,*,#6376,.T.);
#6379=ORIENTED_EDGE('',*,*,#6378,.T.);
#6380=EDGE_LOOP('',(#6372,#6373,#6374,#6375,#6377,#6379));
#6381=FACE_OUTER_BOUND('',#6380,.F.);
#6382=ADVANCED_FACE('',(#6381),#6371,.T.);
#6383=CARTESIAN_POINT('',(-6.62550315E0,2.182550314999E1,2.4E0));
#6384=DIRECTION('',(0.E0,0.E0,1.E0));
#6385=DIRECTION('',(0.E0,-1.E0,0.E0));
#6386=AXIS2_PLACEMENT_3D('',#6383,#6384,#6385);
#6387=PLANE('',#6386);
#6388=ORIENTED_EDGE('',*,*,#6376,.F.);
#6389=ORIENTED_EDGE('',*,*,#6359,.F.);
#6390=ORIENTED_EDGE('',*,*,#6378,.F.);
#6391=EDGE_LOOP('',(#6388,#6389,#6390));
#6392=FACE_OUTER_BOUND('',#6391,.F.);
#6394=ORIENTED_EDGE('',*,*,#6393,.F.);
#6396=ORIENTED_EDGE('',*,*,#6395,.F.);
#6398=ORIENTED_EDGE('',*,*,#6397,.F.);
#6399=EDGE_LOOP('',(#6394,#6396,#6398));
#6400=FACE_BOUND('',#6399,.F.);
#6401=ADVANCED_FACE('',(#6392,#6400),#6387,.T.);
#6402=CARTESIAN_POINT('',(0.E0,1.519999999999E1,2.26382185E0));
#6403=DIRECTION('',(0.E0,0.E0,1.E0));
#6404=DIRECTION('',(0.E0,1.E0,0.E0));
#6405=AXIS2_PLACEMENT_3D('',#6402,#6403,#6404);
#6406=CYLINDRICAL_SURFACE('',#6405,4.825E0);
#6408=ORIENTED_EDGE('',*,*,#6407,.F.);
#6410=ORIENTED_EDGE('',*,*,#6409,.T.);
#6412=ORIENTED_EDGE('',*,*,#6411,.F.);
#6414=ORIENTED_EDGE('',*,*,#6413,.T.);
#6416=ORIENTED_EDGE('',*,*,#6415,.T.);
#6418=ORIENTED_EDGE('',*,*,#6417,.F.);
#6420=ORIENTED_EDGE('',*,*,#6419,.T.);
#6422=ORIENTED_EDGE('',*,*,#6421,.T.);
#6423=ORIENTED_EDGE('',*,*,#6393,.T.);
#6424=EDGE_LOOP('',(#6408,#6410,#6412,#6414,#6416,#6418,#6420,#6422,#6423));
#6425=FACE_OUTER_BOUND('',#6424,.F.);
#6426=ADVANCED_FACE('',(#6425),#6406,.T.);
#6427=CARTESIAN_POINT('',(0.E0,1.519999999999E1,2.26382185E0));
#6428=DIRECTION('',(0.E0,0.E0,1.E0));
#6429=DIRECTION('',(1.E0,0.E0,0.E0));
#6430=AXIS2_PLACEMENT_3D('',#6427,#6428,#6429);
#6431=CYLINDRICAL_SURFACE('',#6430,4.825E0);
#6432=ORIENTED_EDGE('',*,*,#6407,.T.);
#6433=ORIENTED_EDGE('',*,*,#6397,.T.);
#6434=ORIENTED_EDGE('',*,*,#6395,.T.);
#6435=ORIENTED_EDGE('',*,*,#6421,.F.);
#6437=ORIENTED_EDGE('',*,*,#6436,.T.);
#6439=ORIENTED_EDGE('',*,*,#6438,.F.);
#6441=ORIENTED_EDGE('',*,*,#6440,.T.);
#6443=ORIENTED_EDGE('',*,*,#6442,.F.);
#6445=ORIENTED_EDGE('',*,*,#6444,.T.);
#6446=EDGE_LOOP('',(#6432,#6433,#6434,#6435,#6437,#6439,#6441,#6443,#6445));
#6447=FACE_OUTER_BOUND('',#6446,.F.);
#6448=ADVANCED_FACE('',(#6447),#6431,.T.);
#6449=CARTESIAN_POINT('',(0.E0,1.519999999999E1,8.837E0));
#6450=DIRECTION('',(0.E0,0.E0,1.E0));
#6451=DIRECTION('',(1.E0,0.E0,0.E0));
#6452=AXIS2_PLACEMENT_3D('',#6449,#6450,#6451);
#6453=TOROIDAL_SURFACE('',#6452,8.762196762506E0,4.059755946691E0);
#6455=ORIENTED_EDGE('',*,*,#6454,.F.);
#6457=ORIENTED_EDGE('',*,*,#6456,.F.);
#6459=ORIENTED_EDGE('',*,*,#6458,.F.);
#6461=ORIENTED_EDGE('',*,*,#6460,.F.);
#6462=ORIENTED_EDGE('',*,*,#6436,.F.);
#6463=ORIENTED_EDGE('',*,*,#6419,.F.);
#6465=ORIENTED_EDGE('',*,*,#6464,.T.);
#6467=ORIENTED_EDGE('',*,*,#6466,.T.);
#6468=EDGE_LOOP('',(#6455,#6457,#6459,#6461,#6462,#6463,#6465,#6467));
#6469=FACE_OUTER_BOUND('',#6468,.F.);
#6470=ADVANCED_FACE('',(#6469),#6453,.F.);
#6471=CARTESIAN_POINT('',(0.E0,1.519999999999E1,9.74942185E0));
#6472=DIRECTION('',(0.E0,0.E0,1.E0));
#6473=DIRECTION('',(0.E0,1.E0,0.E0));
#6474=AXIS2_PLACEMENT_3D('',#6471,#6472,#6473);
#6475=CYLINDRICAL_SURFACE('',#6474,4.825E0);
#6477=ORIENTED_EDGE('',*,*,#6476,.F.);
#6479=ORIENTED_EDGE('',*,*,#6478,.T.);
#6481=ORIENTED_EDGE('',*,*,#6480,.T.);
#6483=ORIENTED_EDGE('',*,*,#6482,.T.);
#6484=ORIENTED_EDGE('',*,*,#6454,.T.);
#6486=ORIENTED_EDGE('',*,*,#6485,.F.);
#6488=ORIENTED_EDGE('',*,*,#6487,.T.);
#6490=ORIENTED_EDGE('',*,*,#6489,.T.);
#6492=ORIENTED_EDGE('',*,*,#6491,.F.);
#6494=ORIENTED_EDGE('',*,*,#6493,.T.);
#6495=EDGE_LOOP('',(#6477,#6479,#6481,#6483,#6484,#6486,#6488,#6490,#6492,
#6494));
#6496=FACE_OUTER_BOUND('',#6495,.F.);
#6497=ADVANCED_FACE('',(#6496),#6475,.T.);
#6498=CARTESIAN_POINT('',(0.E0,1.519999999999E1,9.74942185E0));
#6499=DIRECTION('',(0.E0,0.E0,1.E0));
#6500=DIRECTION('',(0.E0,1.E0,0.E0));
#6501=AXIS2_PLACEMENT_3D('',#6498,#6499,#6500);
#6502=CYLINDRICAL_SURFACE('',#6501,4.825E0);
#6503=ORIENTED_EDGE('',*,*,#6476,.T.);
#6505=ORIENTED_EDGE('',*,*,#6504,.T.);
#6507=ORIENTED_EDGE('',*,*,#6506,.F.);
#6509=ORIENTED_EDGE('',*,*,#6508,.T.);
#6511=ORIENTED_EDGE('',*,*,#6510,.F.);
#6512=ORIENTED_EDGE('',*,*,#6456,.T.);
#6513=ORIENTED_EDGE('',*,*,#6482,.F.);
#6515=ORIENTED_EDGE('',*,*,#6514,.T.);
#6517=ORIENTED_EDGE('',*,*,#6516,.T.);
#6518=EDGE_LOOP('',(#6503,#6505,#6507,#6509,#6511,#6512,#6513,#6515,#6517));
#6519=FACE_OUTER_BOUND('',#6518,.F.);
#6520=ADVANCED_FACE('',(#6519),#6502,.T.);
#6521=CARTESIAN_POINT('',(0.E0,1.519999999999E1,8.837E0));
#6522=DIRECTION('',(0.E0,0.E0,1.E0));
#6523=DIRECTION('',(0.E0,1.E0,0.E0));
#6524=AXIS2_PLACEMENT_3D('',#6521,#6522,#6523);
#6525=TOROIDAL_SURFACE('',#6524,8.762196762506E0,4.059755946691E0);
#6526=ORIENTED_EDGE('',*,*,#6504,.F.);
#6527=ORIENTED_EDGE('',*,*,#6493,.F.);
#6529=ORIENTED_EDGE('',*,*,#6528,.T.);
#6531=ORIENTED_EDGE('',*,*,#6530,.T.);
#6532=ORIENTED_EDGE('',*,*,#6409,.F.);
#6533=ORIENTED_EDGE('',*,*,#6444,.F.);
#6535=ORIENTED_EDGE('',*,*,#6534,.F.);
#6537=ORIENTED_EDGE('',*,*,#6536,.F.);
#6538=EDGE_LOOP('',(#6526,#6527,#6529,#6531,#6532,#6533,#6535,#6537));
#6539=FACE_OUTER_BOUND('',#6538,.F.);
#6540=ADVANCED_FACE('',(#6539),#6525,.F.);
#6541=CARTESIAN_POINT('',(4.545E0,1.714370368111E1,1.273689783037E1));
#6542=DIRECTION('',(1.E0,0.E0,0.E0));
#6543=DIRECTION('',(0.E0,-1.E0,0.E0));
#6544=AXIS2_PLACEMENT_3D('',#6541,#6542,#6543);
#6545=PLANE('',#6544);
#6546=ORIENTED_EDGE('',*,*,#6491,.T.);
#6548=ORIENTED_EDGE('',*,*,#6547,.F.);
#6550=ORIENTED_EDGE('',*,*,#6549,.F.);
#6551=ORIENTED_EDGE('',*,*,#6485,.T.);
#6552=ORIENTED_EDGE('',*,*,#6466,.F.);
#6553=ORIENTED_EDGE('',*,*,#6464,.F.);
#6554=ORIENTED_EDGE('',*,*,#6417,.T.);
#6556=ORIENTED_EDGE('',*,*,#6555,.F.);
#6558=ORIENTED_EDGE('',*,*,#6557,.F.);
#6559=ORIENTED_EDGE('',*,*,#6411,.T.);
#6560=ORIENTED_EDGE('',*,*,#6530,.F.);
#6561=ORIENTED_EDGE('',*,*,#6528,.F.);
#6562=EDGE_LOOP('',(#6546,#6548,#6550,#6551,#6552,#6553,#6554,#6556,#6558,#6559,
#6560,#6561));
#6563=FACE_OUTER_BOUND('',#6562,.F.);
#6565=ORIENTED_EDGE('',*,*,#6564,.F.);
#6567=ORIENTED_EDGE('',*,*,#6566,.F.);
#6569=ORIENTED_EDGE('',*,*,#6568,.F.);
#6571=ORIENTED_EDGE('',*,*,#6570,.F.);
#6572=EDGE_LOOP('',(#6565,#6567,#6569,#6571));
#6573=FACE_BOUND('',#6572,.F.);
#6574=ADVANCED_FACE('',(#6563,#6573),#6545,.T.);
#6575=CARTESIAN_POINT('',(4.529934134111E0,1.519999999999E1,8.84E0));
#6576=DIRECTION('',(1.E0,-1.228014903370E-14,-1.587924913716E-14));
#6577=DIRECTION('',(-1.587924913716E-14,0.E0,-1.E0));
#6578=AXIS2_PLACEMENT_3D('',#6575,#6576,#6577);
#6579=CYLINDRICAL_SURFACE('',#6578,2.375E0);
#6580=ORIENTED_EDGE('',*,*,#6547,.T.);
#6581=ORIENTED_EDGE('',*,*,#6489,.F.);
#6582=ORIENTED_EDGE('',*,*,#6487,.F.);
#6583=ORIENTED_EDGE('',*,*,#6549,.T.);
#6584=EDGE_LOOP('',(#6580,#6581,#6582,#6583));
#6585=FACE_OUTER_BOUND('',#6584,.F.);
#6586=ADVANCED_FACE('',(#6585),#6579,.F.);
#6587=CARTESIAN_POINT('',(4.529934134112E0,1.519999999999E1,8.84E0));
#6588=DIRECTION('',(1.E0,0.E0,0.E0));
#6589=DIRECTION('',(0.E0,0.E0,-1.E0));
#6590=AXIS2_PLACEMENT_3D('',#6587,#6588,#6589);
#6591=CYLINDRICAL_SURFACE('',#6590,2.375E0);
#6592=ORIENTED_EDGE('',*,*,#6555,.T.);
#6593=ORIENTED_EDGE('',*,*,#6415,.F.);
#6594=ORIENTED_EDGE('',*,*,#6413,.F.);
#6595=ORIENTED_EDGE('',*,*,#6557,.T.);
#6596=EDGE_LOOP('',(#6592,#6593,#6594,#6595));
#6597=FACE_OUTER_BOUND('',#6596,.F.);
#6598=ADVANCED_FACE('',(#6597),#6591,.F.);
#6599=CARTESIAN_POINT('',(4.520686067565E0,1.519999999999E1,8.84E0));
#6600=DIRECTION('',(1.E0,0.E0,0.E0));
#6601=DIRECTION('',(0.E0,0.E0,-1.E0));
#6602=AXIS2_PLACEMENT_3D('',#6599,#6600,#6601);
#6603=CYLINDRICAL_SURFACE('',#6602,9.9E-1);
#6605=ORIENTED_EDGE('',*,*,#6604,.T.);
#6606=ORIENTED_EDGE('',*,*,#6564,.T.);
#6607=ORIENTED_EDGE('',*,*,#6570,.T.);
#6609=ORIENTED_EDGE('',*,*,#6608,.F.);
#6611=ORIENTED_EDGE('',*,*,#6610,.T.);
#6613=ORIENTED_EDGE('',*,*,#6612,.T.);
#6614=EDGE_LOOP('',(#6605,#6606,#6607,#6609,#6611,#6613));
#6615=FACE_OUTER_BOUND('',#6614,.F.);
#6616=ADVANCED_FACE('',(#6615),#6603,.T.);
#6617=CARTESIAN_POINT('',(4.520685952198E0,1.519999999999E1,8.84E0));
#6618=DIRECTION('',(1.E0,0.E0,0.E0));
#6619=DIRECTION('',(0.E0,0.E0,-1.E0));
#6620=AXIS2_PLACEMENT_3D('',#6617,#6618,#6619);
#6621=CYLINDRICAL_SURFACE('',#6620,9.9E-1);
#6622=ORIENTED_EDGE('',*,*,#6604,.F.);
#6624=ORIENTED_EDGE('',*,*,#6623,.T.);
#6626=ORIENTED_EDGE('',*,*,#6625,.T.);
#6627=ORIENTED_EDGE('',*,*,#6608,.T.);
#6628=ORIENTED_EDGE('',*,*,#6568,.T.);
#6629=ORIENTED_EDGE('',*,*,#6566,.T.);
#6630=EDGE_LOOP('',(#6622,#6624,#6626,#6627,#6628,#6629));
#6631=FACE_OUTER_BOUND('',#6630,.F.);
#6632=ADVANCED_FACE('',(#6631),#6621,.T.);
#6633=CARTESIAN_POINT('',(-1.994931997373E-14,1.519999999999E1,
9.880816067159E0));
#6634=DIRECTION('',(0.E0,0.E0,-1.E0));
#6635=DIRECTION('',(-1.E0,0.E0,0.E0));
#6636=AXIS2_PLACEMENT_3D('',#6633,#6634,#6635);
#6637=CYLINDRICAL_SURFACE('',#6636,5.5118E0);
#6638=ORIENTED_EDGE('',*,*,#6610,.F.);
#6639=ORIENTED_EDGE('',*,*,#6625,.F.);
#6640=ORIENTED_EDGE('',*,*,#6623,.F.);
#6641=ORIENTED_EDGE('',*,*,#6612,.F.);
#6642=EDGE_LOOP('',(#6638,#6639,#6640,#6641));
#6643=FACE_OUTER_BOUND('',#6642,.F.);
#6644=ADVANCED_FACE('',(#6643),#6637,.T.);
#6645=CARTESIAN_POINT('',(-4.545E0,1.714370368111E1,4.943102169621E0));
#6646=DIRECTION('',(-1.E0,0.E0,0.E0));
#6647=DIRECTION('',(0.E0,-1.E0,0.E0));
#6648=AXIS2_PLACEMENT_3D('',#6645,#6646,#6647);
#6649=PLANE('',#6648);
#6651=ORIENTED_EDGE('',*,*,#6650,.F.);
#6652=ORIENTED_EDGE('',*,*,#6506,.T.);
#6653=ORIENTED_EDGE('',*,*,#6536,.T.);
#6654=ORIENTED_EDGE('',*,*,#6534,.T.);
#6655=ORIENTED_EDGE('',*,*,#6442,.T.);
#6657=ORIENTED_EDGE('',*,*,#6656,.F.);
#6658=ORIENTED_EDGE('',*,*,#6438,.T.);
#6659=ORIENTED_EDGE('',*,*,#6460,.T.);
#6660=ORIENTED_EDGE('',*,*,#6458,.T.);
#6661=ORIENTED_EDGE('',*,*,#6510,.T.);
#6663=ORIENTED_EDGE('',*,*,#6662,.F.);
#6664=EDGE_LOOP('',(#6651,#6652,#6653,#6654,#6655,#6657,#6658,#6659,#6660,#6661,
#6663));
#6665=FACE_OUTER_BOUND('',#6664,.F.);
#6667=ORIENTED_EDGE('',*,*,#6666,.F.);
#6669=ORIENTED_EDGE('',*,*,#6668,.F.);
#6671=ORIENTED_EDGE('',*,*,#6670,.F.);
#6672=EDGE_LOOP('',(#6667,#6669,#6671));
#6673=FACE_BOUND('',#6672,.F.);
#6674=ADVANCED_FACE('',(#6665,#6673),#6649,.T.);
#6675=CARTESIAN_POINT('',(-4.836630590383E0,1.519999999999E1,8.84E0));
#6676=DIRECTION('',(1.E0,0.E0,0.E0));
#6677=DIRECTION('',(0.E0,0.E0,-1.E0));
#6678=AXIS2_PLACEMENT_3D('',#6675,#6676,#6677);
#6679=CYLINDRICAL_SURFACE('',#6678,2.375E0);
#6680=ORIENTED_EDGE('',*,*,#6662,.T.);
#6681=ORIENTED_EDGE('',*,*,#6508,.F.);
#6682=ORIENTED_EDGE('',*,*,#6650,.T.);
#6683=EDGE_LOOP('',(#6680,#6681,#6682));
#6684=FACE_OUTER_BOUND('',#6683,.F.);
#6685=ADVANCED_FACE('',(#6684),#6679,.F.);
#6686=CARTESIAN_POINT('',(-4.836630590383E0,1.519999999999E1,8.84E0));
#6687=DIRECTION('',(1.E0,0.E0,0.E0));
#6688=DIRECTION('',(0.E0,1.E0,0.E0));
#6689=AXIS2_PLACEMENT_3D('',#6686,#6687,#6688);
#6690=CYLINDRICAL_SURFACE('',#6689,2.375E0);
#6691=ORIENTED_EDGE('',*,*,#6656,.T.);
#6692=ORIENTED_EDGE('',*,*,#6440,.F.);
#6693=EDGE_LOOP('',(#6691,#6692));
#6694=FACE_OUTER_BOUND('',#6693,.F.);
#6695=ADVANCED_FACE('',(#6694),#6690,.F.);
#6696=CARTESIAN_POINT('',(-5.541743957095E0,1.519999999999E1,8.84E0));
#6697=DIRECTION('',(1.E0,0.E0,0.E0));
#6698=DIRECTION('',(0.E0,0.E0,-1.E0));
#6699=AXIS2_PLACEMENT_3D('',#6696,#6697,#6698);
#6700=CYLINDRICAL_SURFACE('',#6699,9.9E-1);
#6702=ORIENTED_EDGE('',*,*,#6701,.T.);
#6704=ORIENTED_EDGE('',*,*,#6703,.F.);
#6705=ORIENTED_EDGE('',*,*,#6666,.T.);
#6706=ORIENTED_EDGE('',*,*,#6670,.T.);
#6708=ORIENTED_EDGE('',*,*,#6707,.T.);
#6710=ORIENTED_EDGE('',*,*,#6709,.T.);
#6711=EDGE_LOOP('',(#6702,#6704,#6705,#6706,#6708,#6710));
#6712=FACE_OUTER_BOUND('',#6711,.F.);
#6713=ADVANCED_FACE('',(#6712),#6700,.T.);
#6714=CARTESIAN_POINT('',(-2.255140518770E-14,1.519999999999E1,
9.880814690430E0));
#6715=DIRECTION('',(0.E0,0.E0,-1.E0));
#6716=DIRECTION('',(-1.E0,0.E0,0.E0));
#6717=AXIS2_PLACEMENT_3D('',#6714,#6715,#6716);
#6718=CYLINDRICAL_SURFACE('',#6717,5.5118E0);
#6719=ORIENTED_EDGE('',*,*,#6709,.F.);
#6721=ORIENTED_EDGE('',*,*,#6720,.T.);
#6722=ORIENTED_EDGE('',*,*,#6701,.F.);
#6723=EDGE_LOOP('',(#6719,#6721,#6722));
#6724=FACE_OUTER_BOUND('',#6723,.F.);
#6725=ADVANCED_FACE('',(#6724),#6718,.T.);
#6726=CARTESIAN_POINT('',(-5.541748687160E0,1.519999999999E1,8.84E0));
#6727=DIRECTION('',(1.E0,0.E0,0.E0));
#6728=DIRECTION('',(0.E0,1.E0,0.E0));
#6729=AXIS2_PLACEMENT_3D('',#6726,#6727,#6728);
#6730=CYLINDRICAL_SURFACE('',#6729,9.9E-1);
#6731=ORIENTED_EDGE('',*,*,#6703,.T.);
#6732=ORIENTED_EDGE('',*,*,#6720,.F.);
#6733=ORIENTED_EDGE('',*,*,#6707,.F.);
#6734=ORIENTED_EDGE('',*,*,#6668,.T.);
#6735=EDGE_LOOP('',(#6731,#6732,#6733,#6734));
#6736=FACE_OUTER_BOUND('',#6735,.F.);
#6737=ADVANCED_FACE('',(#6736),#6730,.T.);
#6738=CARTESIAN_POINT('',(0.E0,1.519999999999E1,1.3005E1));
#6739=DIRECTION('',(0.E0,0.E0,-1.E0));
#6740=DIRECTION('',(-1.E0,0.E0,0.E0));
#6741=AXIS2_PLACEMENT_3D('',#6738,#6739,#6740);
#6742=CONICAL_SURFACE('',#6741,4.75E0,4.5E1);
#6744=ORIENTED_EDGE('',*,*,#6743,.F.);
#6745=ORIENTED_EDGE('',*,*,#6516,.F.);
#6746=ORIENTED_EDGE('',*,*,#6514,.F.);
#6748=ORIENTED_EDGE('',*,*,#6747,.T.);
#6750=ORIENTED_EDGE('',*,*,#6749,.T.);
#6752=ORIENTED_EDGE('',*,*,#6751,.T.);
#6753=EDGE_LOOP('',(#6744,#6745,#6746,#6748,#6750,#6752));
#6754=FACE_OUTER_BOUND('',#6753,.F.);
#6755=ADVANCED_FACE('',(#6754),#6742,.T.);
#6756=CARTESIAN_POINT('',(0.E0,1.519999999999E1,1.3005E1));
#6757=DIRECTION('',(0.E0,0.E0,-1.E0));
#6758=DIRECTION('',(-1.E0,0.E0,0.E0));
#6759=AXIS2_PLACEMENT_3D('',#6756,#6757,#6758);
#6760=CONICAL_SURFACE('',#6759,4.75E0,4.5E1);
#6761=ORIENTED_EDGE('',*,*,#6743,.T.);
#6763=ORIENTED_EDGE('',*,*,#6762,.T.);
#6765=ORIENTED_EDGE('',*,*,#6764,.T.);
#6766=ORIENTED_EDGE('',*,*,#6747,.F.);
#6767=ORIENTED_EDGE('',*,*,#6480,.F.);
#6768=ORIENTED_EDGE('',*,*,#6478,.F.);
#6769=EDGE_LOOP('',(#6761,#6763,#6765,#6766,#6767,#6768));
#6770=FACE_OUTER_BOUND('',#6769,.F.);
#6771=ADVANCED_FACE('',(#6770),#6760,.T.);
#6772=CARTESIAN_POINT('',(-4.90875315E0,2.010875314999E1,1.308E1));
#6773=DIRECTION('',(0.E0,0.E0,1.E0));
#6774=DIRECTION('',(0.E0,-1.E0,0.E0));
#6775=AXIS2_PLACEMENT_3D('',#6772,#6773,#6774);
#6776=PLANE('',#6775);
#6777=ORIENTED_EDGE('',*,*,#6762,.F.);
#6778=ORIENTED_EDGE('',*,*,#6751,.F.);
#6779=ORIENTED_EDGE('',*,*,#6749,.F.);
#6780=ORIENTED_EDGE('',*,*,#6764,.F.);
#6781=EDGE_LOOP('',(#6777,#6778,#6779,#6780));
#6782=FACE_OUTER_BOUND('',#6781,.F.);
#6784=ORIENTED_EDGE('',*,*,#6783,.F.);
#6786=ORIENTED_EDGE('',*,*,#6785,.F.);
#6787=EDGE_LOOP('',(#6784,#6786));
#6788=FACE_BOUND('',#6787,.F.);
#6789=ADVANCED_FACE('',(#6782,#6788),#6776,.T.);
#6790=CARTESIAN_POINT('',(0.E0,1.519999999999E1,1.279450817286E1));
#6791=DIRECTION('',(0.E0,0.E0,1.E0));
#6792=DIRECTION('',(0.E0,1.E0,0.E0));
#6793=AXIS2_PLACEMENT_3D('',#6790,#6791,#6792);
#6794=CONICAL_SURFACE('',#6793,4.325482248805E0,2.54696132E1);
#6796=ORIENTED_EDGE('',*,*,#6795,.F.);
#6797=ORIENTED_EDGE('',*,*,#6783,.T.);
#6799=ORIENTED_EDGE('',*,*,#6798,.T.);
#6801=ORIENTED_EDGE('',*,*,#6800,.F.);
#6803=ORIENTED_EDGE('',*,*,#6802,.F.);
#6804=EDGE_LOOP('',(#6796,#6797,#6799,#6801,#6803));
#6805=FACE_OUTER_BOUND('',#6804,.F.);
#6806=ADVANCED_FACE('',(#6805),#6794,.F.);
#6807=CARTESIAN_POINT('',(0.E0,1.519999999999E1,1.279450817286E1));
#6808=DIRECTION('',(0.E0,0.E0,1.E0));
#6809=DIRECTION('',(0.E0,1.E0,0.E0));
#6810=AXIS2_PLACEMENT_3D('',#6807,#6808,#6809);
#6811=CONICAL_SURFACE('',#6810,4.325482248805E0,2.54696132E1);
#6812=ORIENTED_EDGE('',*,*,#6795,.T.);
#6814=ORIENTED_EDGE('',*,*,#6813,.F.);
#6815=ORIENTED_EDGE('',*,*,#6798,.F.);
#6816=ORIENTED_EDGE('',*,*,#6785,.T.);
#6817=EDGE_LOOP('',(#6812,#6814,#6815,#6816));
#6818=FACE_OUTER_BOUND('',#6817,.F.);
#6819=ADVANCED_FACE('',(#6818),#6811,.F.);
#6820=CARTESIAN_POINT('',(0.E0,1.519999999999E1,8.590808172859E0));
#6821=DIRECTION('',(0.E0,0.E0,1.E0));
#6822=DIRECTION('',(0.E0,1.E0,0.E0));
#6823=AXIS2_PLACEMENT_3D('',#6820,#6821,#6822);
#6824=CONICAL_SURFACE('',#6823,4.126747721371E0,9.174786424020E-1);
#6826=ORIENTED_EDGE('',*,*,#6825,.T.);
#6828=ORIENTED_EDGE('',*,*,#6827,.F.);
#6829=ORIENTED_EDGE('',*,*,#6813,.T.);
#6831=ORIENTED_EDGE('',*,*,#6830,.T.);
#6832=EDGE_LOOP('',(#6826,#6828,#6829,#6831));
#6833=FACE_OUTER_BOUND('',#6832,.F.);
#6834=ADVANCED_FACE('',(#6833),#6824,.F.);
#6835=CARTESIAN_POINT('',(4.26720315E0,1.093279684999E1,4.6726E0));
#6836=DIRECTION('',(0.E0,0.E0,1.E0));
#6837=DIRECTION('',(0.E0,1.E0,0.E0));
#6838=AXIS2_PLACEMENT_3D('',#6835,#6836,#6837);
#6839=PLANE('',#6838);
#6840=ORIENTED_EDGE('',*,*,#6825,.F.);
#6842=ORIENTED_EDGE('',*,*,#6841,.F.);
#6844=ORIENTED_EDGE('',*,*,#6843,.F.);
#6845=EDGE_LOOP('',(#6840,#6842,#6844));
#6846=FACE_OUTER_BOUND('',#6845,.F.);
#6848=ORIENTED_EDGE('',*,*,#6847,.F.);
#6850=ORIENTED_EDGE('',*,*,#6849,.F.);
#6851=EDGE_LOOP('',(#6848,#6850));
#6852=FACE_BOUND('',#6851,.F.);
#6853=ADVANCED_FACE('',(#6846,#6852),#6839,.T.);
#6854=CARTESIAN_POINT('',(0.E0,1.519999999999E1,8.590808172858E0));
#6855=DIRECTION('',(0.E0,0.E0,1.E0));
#6856=DIRECTION('',(1.E0,0.E0,0.E0));
#6857=AXIS2_PLACEMENT_3D('',#6854,#6855,#6856);
#6858=CONICAL_SURFACE('',#6857,4.126747721371E0,9.174786424020E-1);
#6859=ORIENTED_EDGE('',*,*,#6827,.T.);
#6860=ORIENTED_EDGE('',*,*,#6843,.T.);
#6861=ORIENTED_EDGE('',*,*,#6841,.T.);
#6862=ORIENTED_EDGE('',*,*,#6830,.F.);
#6863=ORIENTED_EDGE('',*,*,#6802,.T.);
#6864=ORIENTED_EDGE('',*,*,#6800,.T.);
#6865=EDGE_LOOP('',(#6859,#6860,#6861,#6862,#6863,#6864));
#6866=FACE_OUTER_BOUND('',#6865,.F.);
#6867=ADVANCED_FACE('',(#6866),#6858,.F.);
#6868=CARTESIAN_POINT('',(0.E0,1.519999999999E1,9.825688149999E0));
#6869=DIRECTION('',(0.E0,0.E0,-1.E0));
#6870=DIRECTION('',(0.E0,-1.E0,0.E0));
#6871=AXIS2_PLACEMENT_3D('',#6868,#6869,#6870);
#6872=CYLINDRICAL_SURFACE('',#6871,1.524000000001E0);
#6874=ORIENTED_EDGE('',*,*,#6873,.T.);
#6876=ORIENTED_EDGE('',*,*,#6875,.T.);
#6878=ORIENTED_EDGE('',*,*,#6877,.F.);
#6879=ORIENTED_EDGE('',*,*,#6847,.T.);
#6880=EDGE_LOOP('',(#6874,#6876,#6878,#6879));
#6881=FACE_OUTER_BOUND('',#6880,.F.);
#6882=ADVANCED_FACE('',(#6881),#6872,.T.);
#6883=CARTESIAN_POINT('',(0.E0,1.519999999999E1,9.825688149999E0));
#6884=DIRECTION('',(0.E0,0.E0,-1.E0));
#6885=DIRECTION('',(0.E0,-1.E0,0.E0));
#6886=AXIS2_PLACEMENT_3D('',#6883,#6884,#6885);
#6887=CYLINDRICAL_SURFACE('',#6886,1.524000000001E0);
#6889=ORIENTED_EDGE('',*,*,#6888,.T.);
#6890=ORIENTED_EDGE('',*,*,#6873,.F.);
#6891=ORIENTED_EDGE('',*,*,#6849,.T.);
#6892=ORIENTED_EDGE('',*,*,#6877,.T.);
#6893=EDGE_LOOP('',(#6889,#6890,#6891,#6892));
#6894=FACE_OUTER_BOUND('',#6893,.F.);
#6895=ADVANCED_FACE('',(#6894),#6887,.T.);
#6896=CARTESIAN_POINT('',(-1.600203150001E0,1.680020314999E1,9.699999999999E0));
#6897=DIRECTION('',(0.E0,0.E0,1.E0));
#6898=DIRECTION('',(0.E0,-1.E0,0.E0));
#6899=AXIS2_PLACEMENT_3D('',#6896,#6897,#6898);
#6900=PLANE('',#6899);
#6901=ORIENTED_EDGE('',*,*,#6888,.F.);
#6902=ORIENTED_EDGE('',*,*,#6875,.F.);
#6903=EDGE_LOOP('',(#6901,#6902));
#6904=FACE_OUTER_BOUND('',#6903,.F.);
#6906=ORIENTED_EDGE('',*,*,#6905,.F.);
#6908=ORIENTED_EDGE('',*,*,#6907,.F.);
#6909=EDGE_LOOP('',(#6906,#6908));
#6910=FACE_BOUND('',#6909,.F.);
#6911=ADVANCED_FACE('',(#6904,#6910),#6900,.T.);
#6912=CARTESIAN_POINT('',(0.E0,1.519999999999E1,9.819820625923E0));
#6913=DIRECTION('',(0.E0,0.E0,-1.E0));
#6914=DIRECTION('',(0.E0,-1.E0,0.E0));
#6915=AXIS2_PLACEMENT_3D('',#6912,#6913,#6914);
#6916=CYLINDRICAL_SURFACE('',#6915,1.079500000001E0);
#6918=ORIENTED_EDGE('',*,*,#6917,.T.);
#6919=ORIENTED_EDGE('',*,*,#6905,.T.);
#6921=ORIENTED_EDGE('',*,*,#6920,.F.);
#6923=ORIENTED_EDGE('',*,*,#6922,.T.);
#6925=ORIENTED_EDGE('',*,*,#6924,.T.);
#6927=ORIENTED_EDGE('',*,*,#6926,.T.);
#6929=ORIENTED_EDGE('',*,*,#6928,.T.);
#6931=ORIENTED_EDGE('',*,*,#6930,.T.);
#6932=EDGE_LOOP('',(#6918,#6919,#6921,#6923,#6925,#6927,#6929,#6931));
#6933=FACE_OUTER_BOUND('',#6932,.F.);
#6934=ADVANCED_FACE('',(#6933),#6916,.F.);
#6935=CARTESIAN_POINT('',(0.E0,1.519999999999E1,9.819820625923E0));
#6936=DIRECTION('',(0.E0,0.E0,-1.E0));
#6937=DIRECTION('',(0.E0,-1.E0,0.E0));
#6938=AXIS2_PLACEMENT_3D('',#6935,#6936,#6937);
#6939=CYLINDRICAL_SURFACE('',#6938,1.079500000001E0);
#6940=ORIENTED_EDGE('',*,*,#6917,.F.);
#6942=ORIENTED_EDGE('',*,*,#6941,.F.);
#6944=ORIENTED_EDGE('',*,*,#6943,.T.);
#6946=ORIENTED_EDGE('',*,*,#6945,.T.);
#6948=ORIENTED_EDGE('',*,*,#6947,.T.);
#6950=ORIENTED_EDGE('',*,*,#6949,.T.);
#6951=ORIENTED_EDGE('',*,*,#6920,.T.);
#6952=ORIENTED_EDGE('',*,*,#6907,.T.);
#6953=EDGE_LOOP('',(#6940,#6942,#6944,#6946,#6948,#6950,#6951,#6952));
#6954=FACE_OUTER_BOUND('',#6953,.F.);
#6955=ADVANCED_FACE('',(#6954),#6939,.F.);
#6956=CARTESIAN_POINT('',(0.E0,1.520364681336E1,4.758070623722E0));
#6957=DIRECTION('',(0.E0,-2.823732336891E-2,9.996012472826E-1));
#6958=DIRECTION('',(0.E0,9.996012472826E-1,2.823732336891E-2));
#6959=AXIS2_PLACEMENT_3D('',#6956,#6957,#6958);
#6960=CYLINDRICAL_SURFACE('',#6959,1.0795E0);
#6961=ORIENTED_EDGE('',*,*,#6941,.T.);
#6962=ORIENTED_EDGE('',*,*,#6930,.F.);
#6964=ORIENTED_EDGE('',*,*,#6963,.F.);
#6966=ORIENTED_EDGE('',*,*,#6965,.T.);
#6968=ORIENTED_EDGE('',*,*,#6967,.T.);
#6970=ORIENTED_EDGE('',*,*,#6969,.F.);
#6971=EDGE_LOOP('',(#6961,#6962,#6964,#6966,#6968,#6970));
#6972=FACE_OUTER_BOUND('',#6971,.F.);
#6973=ADVANCED_FACE('',(#6972),#6960,.T.);
#6974=CARTESIAN_POINT('',(3.767564451230E-1,1.565481150087E1,9.762008348891E0));
#6975=DIRECTION('',(7.071067811865E-1,-7.068248204361E-1,-1.996680283671E-2));
#6976=DIRECTION('',(0.E0,2.823732336891E-2,-9.996012472826E-1));
#6977=AXIS2_PLACEMENT_3D('',#6974,#6975,#6976);
#6978=PLANE('',#6977);
#6980=ORIENTED_EDGE('',*,*,#6979,.T.);
#6982=ORIENTED_EDGE('',*,*,#6981,.T.);
#6984=ORIENTED_EDGE('',*,*,#6983,.F.);
#6986=ORIENTED_EDGE('',*,*,#6985,.F.);
#6987=ORIENTED_EDGE('',*,*,#6963,.T.);
#6988=EDGE_LOOP('',(#6980,#6982,#6984,#6986,#6987));
#6989=FACE_OUTER_BOUND('',#6988,.F.);
#6990=ADVANCED_FACE('',(#6989),#6978,.T.);
#6991=CARTESIAN_POINT('',(-1.370703460457E0,1.649539999999E1,4.907300963043E0));
#6992=DIRECTION('',(0.E0,0.E0,1.E0));
#6993=DIRECTION('',(0.E0,-1.E0,0.E0));
#6994=AXIS2_PLACEMENT_3D('',#6991,#6992,#6993);
#6995=PLANE('',#6994);
#6996=ORIENTED_EDGE('',*,*,#6928,.F.);
#6998=ORIENTED_EDGE('',*,*,#6997,.F.);
#7000=ORIENTED_EDGE('',*,*,#6999,.F.);
#7001=ORIENTED_EDGE('',*,*,#6979,.F.);
#7002=EDGE_LOOP('',(#6996,#6998,#7000,#7001));
#7003=FACE_OUTER_BOUND('',#7002,.F.);
#7004=ADVANCED_FACE('',(#7003),#6995,.T.);
#7005=CARTESIAN_POINT('',(-1.370703460457E0,1.649539999999E1,4.907300963043E0));
#7006=DIRECTION('',(0.E0,0.E0,1.E0));
#7007=DIRECTION('',(0.E0,-1.E0,0.E0));
#7008=AXIS2_PLACEMENT_3D('',#7005,#7006,#7007);
#7009=PLANE('',#7008);
#7011=ORIENTED_EDGE('',*,*,#7010,.F.);
#7013=ORIENTED_EDGE('',*,*,#7012,.F.);
#7015=ORIENTED_EDGE('',*,*,#7014,.F.);
#7016=ORIENTED_EDGE('',*,*,#6943,.F.);
#7017=EDGE_LOOP('',(#7011,#7013,#7015,#7016));
#7018=FACE_OUTER_BOUND('',#7017,.F.);
#7019=ADVANCED_FACE('',(#7018),#7009,.T.);
#7020=CARTESIAN_POINT('',(-1.370703460457E0,1.649539999999E1,4.907300963043E0));
#7021=DIRECTION('',(0.E0,0.E0,1.E0));
#7022=DIRECTION('',(0.E0,-1.E0,0.E0));
#7023=AXIS2_PLACEMENT_3D('',#7020,#7021,#7022);
#7024=PLANE('',#7023);
#7025=ORIENTED_EDGE('',*,*,#6947,.F.);
#7027=ORIENTED_EDGE('',*,*,#7026,.F.);
#7029=ORIENTED_EDGE('',*,*,#7028,.F.);
#7031=ORIENTED_EDGE('',*,*,#7030,.F.);
#7032=EDGE_LOOP('',(#7025,#7027,#7029,#7031));
#7033=FACE_OUTER_BOUND('',#7032,.F.);
#7034=ADVANCED_FACE('',(#7033),#7024,.T.);
#7035=CARTESIAN_POINT('',(-1.370703460457E0,1.649539999999E1,4.907300963043E0));
#7036=DIRECTION('',(0.E0,0.E0,1.E0));
#7037=DIRECTION('',(0.E0,-1.E0,0.E0));
#7038=AXIS2_PLACEMENT_3D('',#7035,#7036,#7037);
#7039=PLANE('',#7038);
#7041=ORIENTED_EDGE('',*,*,#7040,.F.);
#7043=ORIENTED_EDGE('',*,*,#7042,.F.);
#7045=ORIENTED_EDGE('',*,*,#7044,.F.);
#7046=ORIENTED_EDGE('',*,*,#6924,.F.);
#7047=EDGE_LOOP('',(#7041,#7043,#7045,#7046));
#7048=FACE_OUTER_BOUND('',#7047,.F.);
#7049=ADVANCED_FACE('',(#7048),#7039,.T.);
#7050=CARTESIAN_POINT('',(7.324736621622E-1,1.585452936911E1,9.769851912769E0));
#7051=DIRECTION('',(-7.068248204361E-1,7.071067811865E-1,-1.996680283671E-2));
#7052=DIRECTION('',(2.823732336891E-2,0.E0,-9.996012472826E-1));
#7053=AXIS2_PLACEMENT_3D('',#7050,#7051,#7052);
#7054=PLANE('',#7053);
#7056=ORIENTED_EDGE('',*,*,#7055,.T.);
#7057=ORIENTED_EDGE('',*,*,#6997,.T.);
#7059=ORIENTED_EDGE('',*,*,#7058,.T.);
#7061=ORIENTED_EDGE('',*,*,#7060,.F.);
#7063=ORIENTED_EDGE('',*,*,#7062,.F.);
#7064=EDGE_LOOP('',(#7056,#7057,#7059,#7061,#7063));
#7065=FACE_OUTER_BOUND('',#7064,.F.);
#7066=ADVANCED_FACE('',(#7065),#7054,.T.);
#7067=CARTESIAN_POINT('',(3.166418150907E-3,1.519999999999E1,4.775076614371E0));
#7068=DIRECTION('',(-2.823732336892E-2,0.E0,9.996012472826E-1));
#7069=DIRECTION('',(9.996012472826E-1,0.E0,2.823732336892E-2));
#7070=AXIS2_PLACEMENT_3D('',#7067,#7068,#7069);
#7071=CYLINDRICAL_SURFACE('',#7070,7.112E-1);
#7072=ORIENTED_EDGE('',*,*,#7055,.F.);
#7074=ORIENTED_EDGE('',*,*,#7073,.T.);
#7076=ORIENTED_EDGE('',*,*,#7075,.T.);
#7078=ORIENTED_EDGE('',*,*,#7077,.F.);
#7080=ORIENTED_EDGE('',*,*,#7079,.F.);
#7082=ORIENTED_EDGE('',*,*,#7081,.F.);
#7083=EDGE_LOOP('',(#7072,#7074,#7076,#7078,#7080,#7082));
#7084=FACE_OUTER_BOUND('',#7083,.F.);
#7085=ADVANCED_FACE('',(#7084),#7071,.F.);
#7086=CARTESIAN_POINT('',(-1.302966552835E-1,1.519999999999E1,
9.499669414061E0));
#7087=DIRECTION('',(-2.823732336904E-2,-7.318893378925E-14,9.996012472826E-1));
#7088=DIRECTION('',(9.996012472826E-1,0.E0,2.823732336904E-2));
#7089=AXIS2_PLACEMENT_3D('',#7086,#7087,#7088);
#7090=CONICAL_SURFACE('',#7089,8.381999999999E-1,4.500000000001E1);
#7091=ORIENTED_EDGE('',*,*,#7062,.T.);
#7093=ORIENTED_EDGE('',*,*,#7092,.T.);
#7095=ORIENTED_EDGE('',*,*,#7094,.T.);
#7097=ORIENTED_EDGE('',*,*,#7096,.T.);
#7098=ORIENTED_EDGE('',*,*,#7075,.F.);
#7099=ORIENTED_EDGE('',*,*,#7073,.F.);
#7100=EDGE_LOOP('',(#7091,#7093,#7095,#7097,#7098,#7099));
#7101=FACE_OUTER_BOUND('',#7100,.F.);
#7102=ADVANCED_FACE('',(#7101),#7090,.F.);
#7103=CARTESIAN_POINT('',(7.292126593546E-1,1.451968625813E1,9.651E0));
#7104=DIRECTION('',(-2.823732336891E-2,0.E0,9.996012472826E-1));
#7105=DIRECTION('',(7.068248204361E-1,7.071067811865E-1,1.996680283671E-2));
#7106=AXIS2_PLACEMENT_3D('',#7103,#7104,#7105);
#7107=PLANE('',#7106);
#7108=ORIENTED_EDGE('',*,*,#7092,.F.);
#7109=ORIENTED_EDGE('',*,*,#7060,.T.);
#7111=ORIENTED_EDGE('',*,*,#7110,.F.);
#7113=ORIENTED_EDGE('',*,*,#7112,.F.);
#7115=ORIENTED_EDGE('',*,*,#7114,.T.);
#7116=ORIENTED_EDGE('',*,*,#7094,.F.);
#7117=EDGE_LOOP('',(#7108,#7109,#7111,#7113,#7115,#7116));
#7118=FACE_OUTER_BOUND('',#7117,.F.);
#7119=ADVANCED_FACE('',(#7118),#7107,.T.);
#7120=CARTESIAN_POINT('',(3.646813366944E-3,1.519999999999E1,4.758070623722E0));
#7121=DIRECTION('',(-2.823732336891E-2,0.E0,9.996012472826E-1));
#7122=DIRECTION('',(9.996012472826E-1,0.E0,2.823732336891E-2));
#7123=AXIS2_PLACEMENT_3D('',#7120,#7121,#7122);
#7124=CYLINDRICAL_SURFACE('',#7123,1.0795E0);
#7125=ORIENTED_EDGE('',*,*,#6926,.F.);
#7127=ORIENTED_EDGE('',*,*,#7126,.F.);
#7128=ORIENTED_EDGE('',*,*,#7112,.T.);
#7129=ORIENTED_EDGE('',*,*,#7110,.T.);
#7130=ORIENTED_EDGE('',*,*,#7058,.F.);
#7131=EDGE_LOOP('',(#7125,#7127,#7128,#7129,#7130));
#7132=FACE_OUTER_BOUND('',#7131,.F.);
#7133=ADVANCED_FACE('',(#7132),#7124,.T.);
#7134=CARTESIAN_POINT('',(4.548115008773E-1,1.482324355487E1,9.762008348891E0));
#7135=DIRECTION('',(-7.068248204361E-1,-7.071067811865E-1,-1.996680283671E-2));
#7136=DIRECTION('',(2.823732336891E-2,0.E0,-9.996012472826E-1));
#7137=AXIS2_PLACEMENT_3D('',#7134,#7135,#7136);
#7138=PLANE('',#7137);
#7139=ORIENTED_EDGE('',*,*,#7044,.T.);
#7140=ORIENTED_EDGE('',*,*,#7077,.T.);
#7141=ORIENTED_EDGE('',*,*,#7096,.F.);
#7142=ORIENTED_EDGE('',*,*,#7114,.F.);
#7143=ORIENTED_EDGE('',*,*,#7126,.T.);
#7144=EDGE_LOOP('',(#7139,#7140,#7141,#7142,#7143));
#7145=FACE_OUTER_BOUND('',#7144,.F.);
#7146=ADVANCED_FACE('',(#7145),#7138,.T.);
#7147=CARTESIAN_POINT('',(0.E0,1.519999999999E1,4.438666533909E0));
#7148=DIRECTION('',(0.E0,0.E0,1.E0));
#7149=DIRECTION('',(0.E0,1.E0,0.E0));
#7150=AXIS2_PLACEMENT_3D('',#7147,#7148,#7149);
#7151=CYLINDRICAL_SURFACE('',#7150,7.112E-1);
#7153=ORIENTED_EDGE('',*,*,#7152,.F.);
#7155=ORIENTED_EDGE('',*,*,#7154,.F.);
#7156=ORIENTED_EDGE('',*,*,#6999,.T.);
#7157=ORIENTED_EDGE('',*,*,#7081,.T.);
#7158=ORIENTED_EDGE('',*,*,#7079,.T.);
#7159=ORIENTED_EDGE('',*,*,#7042,.T.);
#7161=ORIENTED_EDGE('',*,*,#7160,.T.);
#7163=ORIENTED_EDGE('',*,*,#7162,.T.);
#7165=ORIENTED_EDGE('',*,*,#7164,.T.);
#7166=EDGE_LOOP('',(#7153,#7155,#7156,#7157,#7158,#7159,#7161,#7163,#7165));
#7167=FACE_OUTER_BOUND('',#7166,.F.);
#7168=ADVANCED_FACE('',(#7167),#7151,.F.);
#7169=CARTESIAN_POINT('',(0.E0,1.519999999999E1,4.438666533909E0));
#7170=DIRECTION('',(0.E0,0.E0,1.E0));
#7171=DIRECTION('',(0.E0,1.E0,0.E0));
#7172=AXIS2_PLACEMENT_3D('',#7169,#7170,#7171);
#7173=CYLINDRICAL_SURFACE('',#7172,7.112E-1);
#7174=ORIENTED_EDGE('',*,*,#7152,.T.);
#7176=ORIENTED_EDGE('',*,*,#7175,.T.);
#7177=ORIENTED_EDGE('',*,*,#7162,.F.);
#7179=ORIENTED_EDGE('',*,*,#7178,.F.);
#7180=ORIENTED_EDGE('',*,*,#7028,.T.);
#7182=ORIENTED_EDGE('',*,*,#7181,.T.);
#7184=ORIENTED_EDGE('',*,*,#7183,.T.);
#7185=ORIENTED_EDGE('',*,*,#7012,.T.);
#7187=ORIENTED_EDGE('',*,*,#7186,.T.);
#7188=EDGE_LOOP('',(#7174,#7176,#7177,#7179,#7180,#7182,#7184,#7185,#7187));
#7189=FACE_OUTER_BOUND('',#7188,.F.);
#7190=ADVANCED_FACE('',(#7189),#7173,.F.);
#7191=CARTESIAN_POINT('',(0.E0,1.519999999999E1,4.288800963043E0));
#7192=DIRECTION('',(0.E0,0.E0,1.E0));
#7193=DIRECTION('',(0.E0,1.E0,0.E0));
#7194=AXIS2_PLACEMENT_3D('',#7191,#7192,#7193);
#7195=CONICAL_SURFACE('',#7194,4.427517194967E-1,5.9E1);
#7197=ORIENTED_EDGE('',*,*,#7196,.T.);
#7199=ORIENTED_EDGE('',*,*,#7198,.T.);
#7201=ORIENTED_EDGE('',*,*,#7200,.F.);
#7202=ORIENTED_EDGE('',*,*,#7175,.F.);
#7203=EDGE_LOOP('',(#7197,#7199,#7201,#7202));
#7204=FACE_OUTER_BOUND('',#7203,.F.);
#7205=ADVANCED_FACE('',(#7204),#7195,.F.);
#7206=CARTESIAN_POINT('',(0.E0,1.519999999999E1,4.288800963043E0));
#7207=DIRECTION('',(0.E0,0.E0,1.E0));
#7208=DIRECTION('',(0.E0,1.E0,0.E0));
#7209=AXIS2_PLACEMENT_3D('',#7206,#7207,#7208);
#7210=CONICAL_SURFACE('',#7209,4.427517194967E-1,5.9E1);
#7212=ORIENTED_EDGE('',*,*,#7211,.T.);
#7213=ORIENTED_EDGE('',*,*,#7196,.F.);
#7214=ORIENTED_EDGE('',*,*,#7164,.F.);
#7215=ORIENTED_EDGE('',*,*,#7200,.T.);
#7216=EDGE_LOOP('',(#7212,#7213,#7214,#7215));
#7217=FACE_OUTER_BOUND('',#7216,.F.);
#7218=ADVANCED_FACE('',(#7217),#7210,.F.);
#7219=CARTESIAN_POINT('',(1.830217609430E-1,1.501697823905E1,4.127500963043E0));
#7220=DIRECTION('',(0.E0,0.E0,1.E0));
#7221=DIRECTION('',(0.E0,1.E0,0.E0));
#7222=AXIS2_PLACEMENT_3D('',#7219,#7220,#7221);
#7223=PLANE('',#7222);
#7224=ORIENTED_EDGE('',*,*,#7211,.F.);
#7225=ORIENTED_EDGE('',*,*,#7198,.F.);
#7226=EDGE_LOOP('',(#7224,#7225));
#7227=FACE_OUTER_BOUND('',#7226,.F.);
#7228=ADVANCED_FACE('',(#7227),#7223,.T.);
#7229=CARTESIAN_POINT('',(0.E0,1.519683358184E1,4.775076614371E0));
#7230=DIRECTION('',(0.E0,2.823732336892E-2,9.996012472826E-1));
#7231=DIRECTION('',(0.E0,9.996012472826E-1,-2.823732336892E-2));
#7232=AXIS2_PLACEMENT_3D('',#7229,#7230,#7231);
#7233=CYLINDRICAL_SURFACE('',#7232,7.112E-1);
#7235=ORIENTED_EDGE('',*,*,#7234,.F.);
#7237=ORIENTED_EDGE('',*,*,#7236,.T.);
#7239=ORIENTED_EDGE('',*,*,#7238,.T.);
#7241=ORIENTED_EDGE('',*,*,#7240,.F.);
#7242=ORIENTED_EDGE('',*,*,#7178,.T.);
#7243=ORIENTED_EDGE('',*,*,#7160,.F.);
#7244=EDGE_LOOP('',(#7235,#7237,#7239,#7241,#7242,#7243));
#7245=FACE_OUTER_BOUND('',#7244,.F.);
#7246=ADVANCED_FACE('',(#7245),#7233,.F.);
#7247=CARTESIAN_POINT('',(6.545293691162E-1,1.446752633783E1,9.769851912769E0));
#7248=DIRECTION('',(7.071067811865E-1,7.068248204361E-1,-1.996680283671E-2));
#7249=DIRECTION('',(0.E0,-2.823732336891E-2,-9.996012472826E-1));
#7250=AXIS2_PLACEMENT_3D('',#7247,#7248,#7249);
#7251=PLANE('',#7250);
#7252=ORIENTED_EDGE('',*,*,#7234,.T.);
#7253=ORIENTED_EDGE('',*,*,#7040,.T.);
#7255=ORIENTED_EDGE('',*,*,#7254,.T.);
#7257=ORIENTED_EDGE('',*,*,#7256,.F.);
#7259=ORIENTED_EDGE('',*,*,#7258,.F.);
#7260=EDGE_LOOP('',(#7252,#7253,#7255,#7257,#7259));
#7261=FACE_OUTER_BOUND('',#7260,.F.);
#7262=ADVANCED_FACE('',(#7261),#7251,.T.);
#7263=CARTESIAN_POINT('',(0.E0,1.519635318662E1,4.758070623722E0));
#7264=DIRECTION('',(0.E0,2.823732336891E-2,9.996012472826E-1));
#7265=DIRECTION('',(0.E0,9.996012472826E-1,-2.823732336891E-2));
#7266=AXIS2_PLACEMENT_3D('',#7263,#7264,#7265);
#7267=CYLINDRICAL_SURFACE('',#7266,1.0795E0);
#7268=ORIENTED_EDGE('',*,*,#6949,.F.);
#7270=ORIENTED_EDGE('',*,*,#7269,.F.);
#7272=ORIENTED_EDGE('',*,*,#7271,.T.);
#7274=ORIENTED_EDGE('',*,*,#7273,.T.);
#7275=ORIENTED_EDGE('',*,*,#7254,.F.);
#7276=ORIENTED_EDGE('',*,*,#6922,.F.);
#7277=EDGE_LOOP('',(#7268,#7270,#7272,#7274,#7275,#7276));
#7278=FACE_OUTER_BOUND('',#7277,.F.);
#7279=ADVANCED_FACE('',(#7278),#7267,.T.);
#7280=CARTESIAN_POINT('',(-3.767564451230E-1,1.474518849911E1,
9.762008348891E0));
#7281=DIRECTION('',(-7.071067811865E-1,7.068248204361E-1,-1.996680283671E-2));
#7282=DIRECTION('',(0.E0,-2.823732336891E-2,-9.996012472826E-1));
#7283=AXIS2_PLACEMENT_3D('',#7280,#7281,#7282);
#7284=PLANE('',#7283);
#7285=ORIENTED_EDGE('',*,*,#7030,.T.);
#7286=ORIENTED_EDGE('',*,*,#7240,.T.);
#7288=ORIENTED_EDGE('',*,*,#7287,.F.);
#7290=ORIENTED_EDGE('',*,*,#7289,.F.);
#7291=ORIENTED_EDGE('',*,*,#7269,.T.);
#7292=EDGE_LOOP('',(#7285,#7286,#7288,#7290,#7291));
#7293=FACE_OUTER_BOUND('',#7292,.F.);
#7294=ADVANCED_FACE('',(#7293),#7284,.T.);
#7295=CARTESIAN_POINT('',(4.613214740919E-14,1.533029665527E1,
9.499669414062E0));
#7296=DIRECTION('',(1.145957676230E-13,2.823732336877E-2,9.996012472826E-1));
#7297=DIRECTION('',(0.E0,9.996012472826E-1,-2.823732336877E-2));
#7298=AXIS2_PLACEMENT_3D('',#7295,#7296,#7297);
#7299=CONICAL_SURFACE('',#7298,8.381999999999E-1,4.499999999999E1);
#7300=ORIENTED_EDGE('',*,*,#7258,.T.);
#7302=ORIENTED_EDGE('',*,*,#7301,.T.);
#7304=ORIENTED_EDGE('',*,*,#7303,.T.);
#7305=ORIENTED_EDGE('',*,*,#7287,.T.);
#7306=ORIENTED_EDGE('',*,*,#7238,.F.);
#7307=ORIENTED_EDGE('',*,*,#7236,.F.);
#7308=EDGE_LOOP('',(#7300,#7302,#7304,#7305,#7306,#7307));
#7309=FACE_OUTER_BOUND('',#7308,.F.);
#7310=ADVANCED_FACE('',(#7309),#7299,.F.);
#7311=CARTESIAN_POINT('',(-6.803137418586E-1,1.447078734064E1,9.651E0));
#7312=DIRECTION('',(0.E0,2.823732336891E-2,9.996012472826E-1));
#7313=DIRECTION('',(7.071067811865E-1,-7.068248204361E-1,1.996680283671E-2));
#7314=AXIS2_PLACEMENT_3D('',#7311,#7312,#7313);
#7315=PLANE('',#7314);
#7316=ORIENTED_EDGE('',*,*,#7301,.F.);
#7317=ORIENTED_EDGE('',*,*,#7256,.T.);
#7318=ORIENTED_EDGE('',*,*,#7273,.F.);
#7319=ORIENTED_EDGE('',*,*,#7271,.F.);
#7320=ORIENTED_EDGE('',*,*,#7289,.T.);
#7321=ORIENTED_EDGE('',*,*,#7303,.F.);
#7322=EDGE_LOOP('',(#7316,#7317,#7318,#7319,#7320,#7321));
#7323=FACE_OUTER_BOUND('',#7322,.F.);
#7324=ADVANCED_FACE('',(#7323),#7315,.T.);
#7325=CARTESIAN_POINT('',(-3.166418150907E-3,1.519999999999E1,
4.775076614371E0));
#7326=DIRECTION('',(2.823732336892E-2,0.E0,9.996012472826E-1));
#7327=DIRECTION('',(9.996012472826E-1,0.E0,-2.823732336892E-2));
#7328=AXIS2_PLACEMENT_3D('',#7325,#7326,#7327);
#7329=CYLINDRICAL_SURFACE('',#7328,7.112E-1);
#7331=ORIENTED_EDGE('',*,*,#7330,.F.);
#7333=ORIENTED_EDGE('',*,*,#7332,.T.);
#7335=ORIENTED_EDGE('',*,*,#7334,.T.);
#7337=ORIENTED_EDGE('',*,*,#7336,.F.);
#7338=ORIENTED_EDGE('',*,*,#7183,.F.);
#7339=ORIENTED_EDGE('',*,*,#7181,.F.);
#7340=EDGE_LOOP('',(#7331,#7333,#7335,#7337,#7338,#7339));
#7341=FACE_OUTER_BOUND('',#7340,.F.);
#7342=ADVANCED_FACE('',(#7341),#7329,.F.);
#7343=CARTESIAN_POINT('',(-7.324736621622E-1,1.454547063087E1,
9.769851912769E0));
#7344=DIRECTION('',(7.068248204361E-1,-7.071067811865E-1,-1.996680283671E-2));
#7345=DIRECTION('',(-2.823732336891E-2,0.E0,-9.996012472826E-1));
#7346=AXIS2_PLACEMENT_3D('',#7343,#7344,#7345);
#7347=PLANE('',#7346);
#7348=ORIENTED_EDGE('',*,*,#7330,.T.);
#7349=ORIENTED_EDGE('',*,*,#7026,.T.);
#7351=ORIENTED_EDGE('',*,*,#7350,.T.);
#7353=ORIENTED_EDGE('',*,*,#7352,.F.);
#7355=ORIENTED_EDGE('',*,*,#7354,.F.);
#7356=EDGE_LOOP('',(#7348,#7349,#7351,#7353,#7355));
#7357=FACE_OUTER_BOUND('',#7356,.F.);
#7358=ADVANCED_FACE('',(#7357),#7347,.T.);
#7359=CARTESIAN_POINT('',(-3.646813366944E-3,1.519999999999E1,
4.758070623722E0));
#7360=DIRECTION('',(2.823732336891E-2,0.E0,9.996012472826E-1));
#7361=DIRECTION('',(9.996012472826E-1,0.E0,-2.823732336891E-2));
#7362=AXIS2_PLACEMENT_3D('',#7359,#7360,#7361);
#7363=CYLINDRICAL_SURFACE('',#7362,1.0795E0);
#7364=ORIENTED_EDGE('',*,*,#6945,.F.);
#7366=ORIENTED_EDGE('',*,*,#7365,.F.);
#7368=ORIENTED_EDGE('',*,*,#7367,.T.);
#7370=ORIENTED_EDGE('',*,*,#7369,.T.);
#7371=ORIENTED_EDGE('',*,*,#7350,.F.);
#7372=EDGE_LOOP('',(#7364,#7366,#7368,#7370,#7371));
#7373=FACE_OUTER_BOUND('',#7372,.F.);
#7374=ADVANCED_FACE('',(#7373),#7363,.T.);
#7375=CARTESIAN_POINT('',(-4.548115008773E-1,1.557675644511E1,
9.762008348891E0));
#7376=DIRECTION('',(7.068248204361E-1,7.071067811865E-1,-1.996680283671E-2));
#7377=DIRECTION('',(-2.823732336891E-2,0.E0,-9.996012472826E-1));
#7378=AXIS2_PLACEMENT_3D('',#7375,#7376,#7377);
#7379=PLANE('',#7378);
#7380=ORIENTED_EDGE('',*,*,#7014,.T.);
#7381=ORIENTED_EDGE('',*,*,#7336,.T.);
#7383=ORIENTED_EDGE('',*,*,#7382,.F.);
#7385=ORIENTED_EDGE('',*,*,#7384,.F.);
#7386=ORIENTED_EDGE('',*,*,#7365,.T.);
#7387=EDGE_LOOP('',(#7380,#7381,#7383,#7385,#7386));
#7388=FACE_OUTER_BOUND('',#7387,.F.);
#7389=ADVANCED_FACE('',(#7388),#7379,.T.);
#7390=CARTESIAN_POINT('',(1.302966552835E-1,1.519999999999E1,9.499669414061E0));
#7391=DIRECTION('',(2.823732336904E-2,7.318893378925E-14,9.996012472826E-1));
#7392=DIRECTION('',(9.996012472826E-1,0.E0,-2.823732336904E-2));
#7393=AXIS2_PLACEMENT_3D('',#7390,#7391,#7392);
#7394=CONICAL_SURFACE('',#7393,8.381999999999E-1,4.500000000001E1);
#7395=ORIENTED_EDGE('',*,*,#7354,.T.);
#7397=ORIENTED_EDGE('',*,*,#7396,.T.);
#7399=ORIENTED_EDGE('',*,*,#7398,.T.);
#7400=ORIENTED_EDGE('',*,*,#7382,.T.);
#7401=ORIENTED_EDGE('',*,*,#7334,.F.);
#7402=ORIENTED_EDGE('',*,*,#7332,.F.);
#7403=EDGE_LOOP('',(#7395,#7397,#7399,#7400,#7401,#7402));
#7404=FACE_OUTER_BOUND('',#7403,.F.);
#7405=ADVANCED_FACE('',(#7404),#7394,.F.);
#7406=CARTESIAN_POINT('',(-7.292126593546E-1,1.588031374185E1,9.651E0));
#7407=DIRECTION('',(2.823732336891E-2,0.E0,9.996012472826E-1));
#7408=DIRECTION('',(-7.068248204361E-1,-7.071067811865E-1,1.996680283671E-2));
#7409=AXIS2_PLACEMENT_3D('',#7406,#7407,#7408);
#7410=PLANE('',#7409);
#7411=ORIENTED_EDGE('',*,*,#7396,.F.);
#7412=ORIENTED_EDGE('',*,*,#7352,.T.);
#7413=ORIENTED_EDGE('',*,*,#7369,.F.);
#7414=ORIENTED_EDGE('',*,*,#7367,.F.);
#7415=ORIENTED_EDGE('',*,*,#7384,.T.);
#7416=ORIENTED_EDGE('',*,*,#7398,.F.);
#7417=EDGE_LOOP('',(#7411,#7412,#7413,#7414,#7415,#7416));
#7418=FACE_OUTER_BOUND('',#7417,.F.);
#7419=ADVANCED_FACE('',(#7418),#7410,.T.);
#7420=CARTESIAN_POINT('',(0.E0,1.520316641814E1,4.775076614371E0));
#7421=DIRECTION('',(0.E0,-2.823732336892E-2,9.996012472826E-1));
#7422=DIRECTION('',(0.E0,9.996012472826E-1,2.823732336892E-2));
#7423=AXIS2_PLACEMENT_3D('',#7420,#7421,#7422);
#7424=CYLINDRICAL_SURFACE('',#7423,7.112E-1);
#7426=ORIENTED_EDGE('',*,*,#7425,.F.);
#7428=ORIENTED_EDGE('',*,*,#7427,.T.);
#7430=ORIENTED_EDGE('',*,*,#7429,.T.);
#7431=ORIENTED_EDGE('',*,*,#6981,.F.);
#7432=ORIENTED_EDGE('',*,*,#7154,.T.);
#7433=ORIENTED_EDGE('',*,*,#7186,.F.);
#7434=EDGE_LOOP('',(#7426,#7428,#7430,#7431,#7432,#7433));
#7435=FACE_OUTER_BOUND('',#7434,.F.);
#7436=ADVANCED_FACE('',(#7435),#7424,.F.);
#7437=CARTESIAN_POINT('',(-6.545293691162E-1,1.593247366215E1,
9.769851912769E0));
#7438=DIRECTION('',(-7.071067811865E-1,-7.068248204361E-1,-1.996680283671E-2));
#7439=DIRECTION('',(0.E0,2.823732336891E-2,-9.996012472826E-1));
#7440=AXIS2_PLACEMENT_3D('',#7437,#7438,#7439);
#7441=PLANE('',#7440);
#7442=ORIENTED_EDGE('',*,*,#7425,.T.);
#7443=ORIENTED_EDGE('',*,*,#7010,.T.);
#7444=ORIENTED_EDGE('',*,*,#6969,.T.);
#7446=ORIENTED_EDGE('',*,*,#7445,.F.);
#7448=ORIENTED_EDGE('',*,*,#7447,.F.);
#7449=EDGE_LOOP('',(#7442,#7443,#7444,#7446,#7448));
#7450=FACE_OUTER_BOUND('',#7449,.F.);
#7451=ADVANCED_FACE('',(#7450),#7441,.T.);
#7452=CARTESIAN_POINT('',(6.803137418586E-1,1.592921265934E1,9.651E0));
#7453=DIRECTION('',(0.E0,-2.823732336891E-2,9.996012472826E-1));
#7454=DIRECTION('',(-7.071067811865E-1,7.068248204361E-1,1.996680283671E-2));
#7455=AXIS2_PLACEMENT_3D('',#7452,#7453,#7454);
#7456=PLANE('',#7455);
#7458=ORIENTED_EDGE('',*,*,#7457,.F.);
#7459=ORIENTED_EDGE('',*,*,#7445,.T.);
#7460=ORIENTED_EDGE('',*,*,#6967,.F.);
#7461=ORIENTED_EDGE('',*,*,#6965,.F.);
#7462=ORIENTED_EDGE('',*,*,#6985,.T.);
#7464=ORIENTED_EDGE('',*,*,#7463,.F.);
#7465=EDGE_LOOP('',(#7458,#7459,#7460,#7461,#7462,#7464));
#7466=FACE_OUTER_BOUND('',#7465,.F.);
#7467=ADVANCED_FACE('',(#7466),#7456,.T.);
#7468=CARTESIAN_POINT('',(-5.233913512417E-14,1.506970334471E1,
9.499669414061E0));
#7469=DIRECTION('',(7.318893378925E-14,-2.823732336904E-2,9.996012472826E-1));
#7470=DIRECTION('',(0.E0,9.996012472826E-1,2.823732336904E-2));
#7471=AXIS2_PLACEMENT_3D('',#7468,#7469,#7470);
#7472=CONICAL_SURFACE('',#7471,8.382E-1,4.500000000001E1);
#7473=ORIENTED_EDGE('',*,*,#7447,.T.);
#7474=ORIENTED_EDGE('',*,*,#7457,.T.);
#7475=ORIENTED_EDGE('',*,*,#7463,.T.);
#7476=ORIENTED_EDGE('',*,*,#6983,.T.);
#7477=ORIENTED_EDGE('',*,*,#7429,.F.);
#7478=ORIENTED_EDGE('',*,*,#7427,.F.);
#7479=EDGE_LOOP('',(#7473,#7474,#7475,#7476,#7477,#7478));
#7480=FACE_OUTER_BOUND('',#7479,.F.);
#7481=ADVANCED_FACE('',(#7480),#7472,.F.);
#7482=CARTESIAN_POINT('',(5.715E0,7.799999999999E0,-1.27E-1));
#7483=DIRECTION('',(0.E0,0.E0,1.E0));
#7484=DIRECTION('',(0.E0,1.E0,0.E0));
#7485=AXIS2_PLACEMENT_3D('',#7482,#7483,#7484);
#7486=CONICAL_SURFACE('',#7485,1.01854E0,4.5E1);
#7488=ORIENTED_EDGE('',*,*,#7487,.F.);
#7489=ORIENTED_EDGE('',*,*,#6057,.T.);
#7491=ORIENTED_EDGE('',*,*,#7490,.T.);
#7493=ORIENTED_EDGE('',*,*,#7492,.T.);
#7495=ORIENTED_EDGE('',*,*,#7494,.F.);
#7497=ORIENTED_EDGE('',*,*,#7496,.F.);
#7499=ORIENTED_EDGE('',*,*,#7498,.F.);
#7501=ORIENTED_EDGE('',*,*,#7500,.F.);
#7503=ORIENTED_EDGE('',*,*,#7502,.T.);
#7504=EDGE_LOOP('',(#7488,#7489,#7491,#7493,#7495,#7497,#7499,#7501,#7503));
#7505=FACE_OUTER_BOUND('',#7504,.F.);
#7506=ADVANCED_FACE('',(#7505),#7486,.F.);
#7507=CARTESIAN_POINT('',(5.715E0,7.799999999999E0,-1.246471169109E-1));
#7508=DIRECTION('',(0.E0,0.E0,1.E0));
#7509=DIRECTION('',(0.E0,1.E0,0.E0));
#7510=AXIS2_PLACEMENT_3D('',#7507,#7508,#7509);
#7511=CONICAL_SURFACE('',#7510,1.020892883089E0,4.5E1);
#7512=ORIENTED_EDGE('',*,*,#7487,.T.);
#7514=ORIENTED_EDGE('',*,*,#7513,.T.);
#7515=ORIENTED_EDGE('',*,*,#7490,.F.);
#7516=ORIENTED_EDGE('',*,*,#6059,.T.);
#7517=EDGE_LOOP('',(#7512,#7514,#7515,#7516));
#7518=FACE_OUTER_BOUND('',#7517,.F.);
#7519=ADVANCED_FACE('',(#7518),#7511,.F.);
#7520=CARTESIAN_POINT('',(6.823986103695E0,7.509263174414E0,
-7.237819203705E-2));
#7521=CARTESIAN_POINT('',(6.723853379339E0,7.535513862441E0,
-1.258674946072E-2));
#7522=CARTESIAN_POINT('',(6.623720654983E0,7.561764550469E0,4.720469311562E-2));
#7523=CARTESIAN_POINT('',(6.523587930628E0,7.588015238496E0,1.069961356919E-1));
#7524=CARTESIAN_POINT('',(6.808087805369E0,7.446233845482E0,
-7.648287281395E-2));
#7525=CARTESIAN_POINT('',(6.709401673902E0,7.478175296902E0,
-1.669055167548E-2));
#7526=CARTESIAN_POINT('',(6.610715542435E0,7.510116748321E0,4.310176946300E-2));
#7527=CARTESIAN_POINT('',(6.512029410969E0,7.542058199740E0,1.028940906015E-1));
#7528=CARTESIAN_POINT('',(6.754584073054E0,7.295160732106E0,
-8.653380411581E-2));
#7529=CARTESIAN_POINT('',(6.660711191371E0,7.340742843205E0,
-2.674287232583E-2));
#7530=CARTESIAN_POINT('',(6.566838309689E0,7.386324954304E0,3.304805946415E-2));
#7531=CARTESIAN_POINT('',(6.472965428007E0,7.431907065403E0,9.283899125413E-2));
#7532=CARTESIAN_POINT('',(6.604565381799E0,7.051429170862E0,
-1.043974663649E-1));
#7533=CARTESIAN_POINT('',(6.524198462863E0,7.119018393741E0,
-4.460963083813E-2));
#7534=CARTESIAN_POINT('',(6.443831543927E0,7.186607616620E0,1.517820468864E-2));
#7535=CARTESIAN_POINT('',(6.363464624992E0,7.254196839500E0,7.496604021541E-2));
#7536=CARTESIAN_POINT('',(6.350820711698E0,6.823411799164E0,
-1.256212464419E-1));
#7537=CARTESIAN_POINT('',(6.293662243024E0,6.911584434815E0,
-6.580991059061E-2));
#7538=CARTESIAN_POINT('',(6.236503774349E0,6.999757070466E0,
-5.998574739351E-3));
#7539=CARTESIAN_POINT('',(6.179345305675E0,7.087929706117E0,5.381276111191E-2));
#7540=CARTESIAN_POINT('',(6.085024967521E0,6.704095251844E0,
-1.437343760530E-1));
#7541=CARTESIAN_POINT('',(6.050879995858E0,6.803055205400E0,
-8.400078218079E-2));
#7542=CARTESIAN_POINT('',(6.016735024194E0,6.902015158957E0,
-2.426718830861E-2));
#7543=CARTESIAN_POINT('',(5.982590052531E0,7.000975112513E0,3.546640556357E-2));
#7544=CARTESIAN_POINT('',(5.868604737668E0,6.659791923150E0,
-1.576176057277E-1));
#7545=CARTESIAN_POINT('',(5.856009471319E0,6.762723039507E0,
-9.772547804189E-2));
#7546=CARTESIAN_POINT('',(5.843414204970E0,6.865654155865E0,
-3.783335035604E-2));
#7547=CARTESIAN_POINT('',(5.830818938621E0,6.968585272222E0,2.205877732981E-2));
#7548=CARTESIAN_POINT('',(5.614110665034E0,6.642713839115E0,
-1.736282441258E-1));
#7549=CARTESIAN_POINT('',(5.622075882584E0,6.747221849322E0,
-1.139269086185E-1));
#7550=CARTESIAN_POINT('',(5.630041100134E0,6.851729859530E0,
-5.422557311106E-2));
#7551=CARTESIAN_POINT('',(5.638006317684E0,6.956237869738E0,5.475762396334E-3));
#7552=CARTESIAN_POINT('',(5.232386728884E0,6.715732291744E0,
-1.975450976045E-1));
#7553=CARTESIAN_POINT('',(5.276387952161E0,6.813624404292E0,
-1.377197420431E-1));
#7554=CARTESIAN_POINT('',(5.320389175438E0,6.911516516841E0,
-7.789438648181E-2));
#7555=CARTESIAN_POINT('',(5.364390398715E0,7.009408629390E0,
-1.806903092049E-2));
#7556=CARTESIAN_POINT('',(4.788094419111E0,7.050754977827E0,
-2.315616928128E-1));
#7557=CARTESIAN_POINT('',(4.871673403340E0,7.118407344155E0,
-1.717792886123E-1));
#7558=CARTESIAN_POINT('',(4.955252387568E0,7.186059710483E0,
-1.119968844119E-1));
#7559=CARTESIAN_POINT('',(5.038831371796E0,7.253712076811E0,
-5.221448021140E-2));
#7560=CARTESIAN_POINT('',(4.562404534292E0,7.543561727094E0,
-2.648741723090E-1));
#7561=CARTESIAN_POINT('',(4.666492093502E0,7.566710232817E0,
-2.050794170201E-1));
#7562=CARTESIAN_POINT('',(4.770579652712E0,7.589858738541E0,
-1.452846617313E-1));
#7563=CARTESIAN_POINT('',(4.874667211922E0,7.613007244264E0,
-8.548990644240E-2));
#7564=CARTESIAN_POINT('',(4.552406171918E0,8.002434880068E0,
-2.931051751280E-1));
#7565=CARTESIAN_POINT('',(4.657409861589E0,7.984175373256E0,
-2.333168728319E-1));
#7566=CARTESIAN_POINT('',(4.762413551260E0,7.965915866443E0,
-1.735285705358E-1));
#7567=CARTESIAN_POINT('',(4.867417240931E0,7.947656359631E0,
-1.137402682396E-1));
#7568=CARTESIAN_POINT('',(4.750903226442E0,8.498961078368E0,
-3.259896338582E-1));
#7569=CARTESIAN_POINT('',(4.837800074814E0,8.435783716617E0,
-2.661878706795E-1));
#7570=CARTESIAN_POINT('',(4.924696923187E0,8.372606354867E0,
-2.063861075008E-1));
#7571=CARTESIAN_POINT('',(5.011593771560E0,8.309428993116E0,
-1.465843443221E-1));
#7572=CARTESIAN_POINT('',(5.104072688116E0,8.798409996760E0,
-3.543161242996E-1));
#7573=CARTESIAN_POINT('',(5.159685763261E0,8.708463816784E0,
-2.945538532355E-1));
#7574=CARTESIAN_POINT('',(5.215298838407E0,8.618517636807E0,
-2.347915821714E-1));
#7575=CARTESIAN_POINT('',(5.270911913552E0,8.528571456830E0,
-1.750293111074E-1));
#7576=CARTESIAN_POINT('',(5.427065161811E0,8.919636993125E0,
-3.758853017006E-1));
#7577=CARTESIAN_POINT('',(5.452278830311E0,8.818197848940E0,
-3.160428784256E-1));
#7578=CARTESIAN_POINT('',(5.477492498810E0,8.716758704756E0,
-2.562004551507E-1));
#7579=CARTESIAN_POINT('',(5.502706167310E0,8.615319560572E0,
-1.963580318757E-1));
#7580=CARTESIAN_POINT('',(5.665391701488E0,8.953586449189E0,
-3.909610352391E-1));
#7581=CARTESIAN_POINT('',(5.670080576744E0,8.849521854760E0,
-3.311830047047E-1));
#7582=CARTESIAN_POINT('',(5.674769452E0,8.745457260331E0,-2.714049741704E-1));
#7583=CARTESIAN_POINT('',(5.679458327257E0,8.641392665902E0,
-2.116269436360E-1));
#7584=CARTESIAN_POINT('',(5.894568605212E0,8.941134539426E0,
-4.053336740909E-1));
#7585=CARTESIAN_POINT('',(5.878300384835E0,8.838077070458E0,
-3.455384918514E-1));
#7586=CARTESIAN_POINT('',(5.862032164457E0,8.735019601490E0,
-2.857433096119E-1));
#7587=CARTESIAN_POINT('',(5.845763944080E0,8.631962132522E0,
-2.259481273725E-1));
#7588=CARTESIAN_POINT('',(6.220592650949E0,8.854987731479E0,
-4.264324663552E-1));
#7589=CARTESIAN_POINT('',(6.174974399764E0,8.759746846225E0,
-3.666429028887E-1));
#7590=CARTESIAN_POINT('',(6.129356148579E0,8.664505960970E0,
-3.068533394223E-1));
#7591=CARTESIAN_POINT('',(6.083737897394E0,8.569265075716E0,
-2.470637759559E-1));
#7592=CARTESIAN_POINT('',(6.599855164739E0,8.596350896421E0,
-4.545519585535E-1));
#7593=CARTESIAN_POINT('',(6.519950467382E0,8.524443411907E0,
-3.947596218187E-1));
#7594=CARTESIAN_POINT('',(6.440045770026E0,8.452535927393E0,
-3.349672850838E-1));
#7595=CARTESIAN_POINT('',(6.360141072670E0,8.380628442879E0,
-2.751749483490E-1));
#7596=CARTESIAN_POINT('',(6.814469189448E0,8.195934996687E0,
-4.823989732035E-1));
#7597=CARTESIAN_POINT('',(6.715199379671E0,8.160186593559E0,
-4.226074404978E-1));
#7598=CARTESIAN_POINT('',(6.615929569893E0,8.124438190431E0,
-3.628159077920E-1));
#7599=CARTESIAN_POINT('',(6.516659760116E0,8.088689787302E0,
-3.030243750863E-1));
#7600=CARTESIAN_POINT('',(6.867138689739E0,7.874860648220E0,
-5.027709027201E-1));
#7601=CARTESIAN_POINT('',(6.763111726921E0,7.868101361676E0,
-4.429792651114E-1));
#7602=CARTESIAN_POINT('',(6.659084764102E0,7.861342075132E0,
-3.831876275027E-1));
#7603=CARTESIAN_POINT('',(6.555057801284E0,7.854582788588E0,
-3.233959898940E-1));
#7604=CARTESIAN_POINT('',(6.857940598481E0,7.570957957678E0,
-5.218194464028E-1));
#7605=CARTESIAN_POINT('',(6.754744529789E0,7.591638249659E0,
-4.620278345582E-1));
#7606=CARTESIAN_POINT('',(6.651548461097E0,7.612318541640E0,
-4.022362227135E-1));
#7607=CARTESIAN_POINT('',(6.548352392405E0,7.632998833621E0,
-3.424446108689E-1));
#7608=CARTESIAN_POINT('',(6.713604576616E0,7.152449722053E0,
-5.490179159671E-1));
#7609=CARTESIAN_POINT('',(6.623440425859E0,7.210917075684E0,
-4.892262914823E-1));
#7610=CARTESIAN_POINT('',(6.533276275101E0,7.269384429316E0,
-4.294346669975E-1));
#7611=CARTESIAN_POINT('',(6.443112124344E0,7.327851782947E0,
-3.696430425128E-1));
#7612=CARTESIAN_POINT('',(6.308942955878E0,6.769666240771E0,
-5.830638813571E-1));
#7613=CARTESIAN_POINT('',(6.255315804044E0,6.862695178888E0,
-5.232722609607E-1));
#7614=CARTESIAN_POINT('',(6.201688652210E0,6.955724117006E0,
-4.634806405643E-1));
#7615=CARTESIAN_POINT('',(6.148061500376E0,7.048753055123E0,
-4.036890201679E-1));
#7616=CARTESIAN_POINT('',(5.891058085896E0,6.648235530328E0,
-6.098169759119E-1));
#7617=CARTESIAN_POINT('',(5.875161783067E0,6.752228451975E0,
-5.500253545278E-1));
#7618=CARTESIAN_POINT('',(5.859265480238E0,6.856221373621E0,
-4.902337331437E-1));
#7619=CARTESIAN_POINT('',(5.843369177410E0,6.960214295267E0,
-4.304421117596E-1));
#7620=CARTESIAN_POINT('',(5.588494147699E0,6.652182210886E0,
-6.287761337801E-1));
#7621=CARTESIAN_POINT('',(5.599916373322E0,6.755818787255E0,
-5.689845125248E-1));
#7622=CARTESIAN_POINT('',(5.611338598946E0,6.859455363625E0,
-5.091928912694E-1));
#7623=CARTESIAN_POINT('',(5.622760824569E0,6.963091939995E0,
-4.494012700140E-1));
#7624=CARTESIAN_POINT('',(5.263732983585E0,6.721197868947E0,
-6.495566756097E-1));
#7625=CARTESIAN_POINT('',(5.304477924796E0,6.818603014828E0,
-5.897650543233E-1));
#7626=CARTESIAN_POINT('',(5.345222866007E0,6.916008160709E0,
-5.299734330369E-1));
#7627=CARTESIAN_POINT('',(5.385967807217E0,7.013413306590E0,
-4.701818117504E-1));
#7628=CARTESIAN_POINT('',(4.873278574693E0,6.958278574692E0,
-6.775454873281E-1));
#7629=CARTESIAN_POINT('',(4.949277681511E0,7.034277681510E0,
-6.177538660527E-1));
#7630=CARTESIAN_POINT('',(5.025276788329E0,7.110276788328E0,
-5.579622447774E-1));
#7631=CARTESIAN_POINT('',(5.101275895147E0,7.186275895146E0,
-4.981706235020E-1));
#7632=CARTESIAN_POINT('',(4.636197868948E0,7.348732983584E0,
-7.055342990464E-1));
#7633=CARTESIAN_POINT('',(4.733603014829E0,7.389477924795E0,
-6.457426777822E-1));
#7634=CARTESIAN_POINT('',(4.831008160710E0,7.430222866005E0,
-5.859510565180E-1));
#7635=CARTESIAN_POINT('',(4.928413306591E0,7.470967807216E0,
-5.261594352537E-1));
#7636=CARTESIAN_POINT('',(4.567182210887E0,7.673494147698E0,
-7.263148408760E-1));
#7637=CARTESIAN_POINT('',(4.670818787257E0,7.684916373321E0,
-6.665232195807E-1));
#7638=CARTESIAN_POINT('',(4.774455363627E0,7.696338598944E0,
-6.067315982854E-1));
#7639=CARTESIAN_POINT('',(4.878091939996E0,7.707760824567E0,
-5.469399769900E-1));
#7640=CARTESIAN_POINT('',(4.563235530330E0,7.976058085893E0,
-7.452739987441E-1));
#7641=CARTESIAN_POINT('',(4.667228451976E0,7.960161783066E0,
-6.854823775777E-1));
#7642=CARTESIAN_POINT('',(4.771221373622E0,7.944265480239E0,
-6.256907564112E-1));
#7643=CARTESIAN_POINT('',(4.875214295268E0,7.928369177412E0,
-5.658991352448E-1));
#7644=CARTESIAN_POINT('',(4.684666240771E0,8.393942955891E0,
-7.720270932999E-1));
#7645=CARTESIAN_POINT('',(4.777695178890E0,8.340315804041E0,
-7.122354711446E-1));
#7646=CARTESIAN_POINT('',(4.870724117009E0,8.286688652192E0,
-6.524438489892E-1));
#7647=CARTESIAN_POINT('',(4.963753055128E0,8.233061500342E0,
-5.926522268339E-1));
#7648=CARTESIAN_POINT('',(5.067449722060E0,8.798604576564E0,
-8.060730586858E-1));
#7649=CARTESIAN_POINT('',(5.125917075686E0,8.708440425863E0,
-7.462814406238E-1));
#7650=CARTESIAN_POINT('',(5.184384429311E0,8.618276275162E0,
-6.864898225618E-1));
#7651=CARTESIAN_POINT('',(5.242851782937E0,8.528112124462E0,
-6.266982044999E-1));
#7652=CARTESIAN_POINT('',(5.485957957662E0,8.942940598629E0,
-8.332715282631E-1));
#7653=CARTESIAN_POINT('',(5.506638249661E0,8.839744529771E0,
-7.734798975454E-1));
#7654=CARTESIAN_POINT('',(5.527318541659E0,8.736548460912E0,
-7.136882668278E-1));
#7655=CARTESIAN_POINT('',(5.547998833658E0,8.633352392054E0,
-6.538966361101E-1));
#7656=CARTESIAN_POINT('',(5.789860648251E0,8.952138689479E0,
-8.523200719192E-1));
#7657=CARTESIAN_POINT('',(5.783101361677E0,8.848111726949E0,
-7.925284669973E-1));
#7658=CARTESIAN_POINT('',(5.776342075103E0,8.744084764419E0,
-7.327368620755E-1));
#7659=CARTESIAN_POINT('',(5.769582788529E0,8.640057801889E0,
-6.729452571536E-1));
#7660=CARTESIAN_POINT('',(6.110934996527E0,8.899469190851E0,
-8.726920015439E-1));
#7661=CARTESIAN_POINT('',(6.075186593562E0,8.800199379509E0,
-8.129002915899E-1));
#7662=CARTESIAN_POINT('',(6.039438190596E0,8.700929568168E0,
-7.531085816359E-1));
#7663=CARTESIAN_POINT('',(6.003689787630E0,8.601659756826E0,
-6.933168716819E-1));
#7664=CARTESIAN_POINT('',(6.511350897727E0,8.684855153399E0,
-9.005390153655E-1));
#7665=CARTESIAN_POINT('',(6.439443411899E0,8.604950468676E0,
-8.407481104305E-1));
#7666=CARTESIAN_POINT('',(6.367535926070E0,8.525045783953E0,
-7.809572054955E-1));
#7667=CARTESIAN_POINT('',(6.295628440241E0,8.445141099230E0,
-7.211663005605E-1));
#7668=CARTESIAN_POINT('',(6.769987727727E0,8.305592683559E0,
-9.286585104213E-1));
#7669=CARTESIAN_POINT('',(6.674746846254E0,8.259974396038E0,
-8.688648288035E-1));
#7670=CARTESIAN_POINT('',(6.579505964780E0,8.214356108516E0,
-8.090711471858E-1));
#7671=CARTESIAN_POINT('',(6.484265083307E0,8.168737820995E0,
-7.492774655680E-1));
#7672=CARTESIAN_POINT('',(6.856134545922E0,7.979568548777E0,
-9.497572968962E-1));
#7673=CARTESIAN_POINT('',(6.753077070411E0,7.963300391279E0,
-8.899692409691E-1));
#7674=CARTESIAN_POINT('',(6.650019594900E0,7.947032233781E0,
-8.301811850421E-1));
#7675=CARTESIAN_POINT('',(6.546962119389E0,7.930764076282E0,
-7.703931291150E-1));
#7676=CARTESIAN_POINT('',(6.868586424400E0,7.750391916871E0,
-9.641299534202E-1));
#7677=CARTESIAN_POINT('',(6.764521854944E0,7.755080552143E0,
-9.043247246715E-1));
#7678=CARTESIAN_POINT('',(6.660457285487E0,7.759769187416E0,
-8.445194959228E-1));
#7679=CARTESIAN_POINT('',(6.556392716030E0,7.764457822689E0,
-7.847142671742E-1));
#7680=CARTESIAN_POINT('',(6.834637085792E0,7.512064356707E0,
-9.792056206120E-1));
#7681=CARTESIAN_POINT('',(6.733197848262E0,7.537278922262E0,
-9.194648638817E-1));
#7682=CARTESIAN_POINT('',(6.631758610731E0,7.562493487817E0,
-8.597241071514E-1));
#7683=CARTESIAN_POINT('',(6.530319373201E0,7.587708053372E0,
-7.999833504211E-1));
#7684=CARTESIAN_POINT('',(6.713409730132E0,7.189074656933E0,-1.000774961290E0));
#7685=CARTESIAN_POINT('',(6.623463619759E0,7.244687327684E0,
-9.409539733459E-1));
#7686=CARTESIAN_POINT('',(6.533517509387E0,7.300299998434E0,
-8.811329854019E-1));
#7687=CARTESIAN_POINT('',(6.443571399014E0,7.355912669185E0,
-8.213119974579E-1));
#7688=CARTESIAN_POINT('',(6.413963014705E0,6.835889532591E0,-1.029100604116E0));
#7689=CARTESIAN_POINT('',(6.350785493248E0,6.922785535237E0,
-9.693189601336E-1));
#7690=CARTESIAN_POINT('',(6.287607971790E0,7.009681537884E0,
-9.095373161509E-1));
#7691=CARTESIAN_POINT('',(6.224430450333E0,7.096577540530E0,
-8.497556721681E-1));
#7692=CARTESIAN_POINT('',(5.917427841946E0,6.637455845964E0,-1.061988465798E0));
#7693=CARTESIAN_POINT('',(5.899168858496E0,6.742463234667E0,-1.002194170813E0));
#7694=CARTESIAN_POINT('',(5.880909875045E0,6.847470623371E0,
-9.423998758287E-1));
#7695=CARTESIAN_POINT('',(5.862650891595E0,6.952478012074E0,
-8.826055808439E-1));
#7696=CARTESIAN_POINT('',(5.458587943251E0,6.647219531952E0,-1.090206873949E0));
#7697=CARTESIAN_POINT('',(5.481734515234E0,6.751293140758E0,-1.030415970219E0));
#7698=CARTESIAN_POINT('',(5.504881087218E0,6.855366749565E0,
-9.706250664882E-1));
#7699=CARTESIAN_POINT('',(5.528027659202E0,6.959440358371E0,
-9.108341627578E-1));
#7700=CARTESIAN_POINT('',(4.965657151330E0,6.873784754419E0,-1.123566329167E0));
#7701=CARTESIAN_POINT('',(5.033316729255E0,6.957415841229E0,-1.063774511421E0));
#7702=CARTESIAN_POINT('',(5.100976307180E0,7.041046928038E0,-1.003982693675E0));
#7703=CARTESIAN_POINT('',(5.168635885105E0,7.124678014848E0,
-9.441908759288E-1));
#7704=CARTESIAN_POINT('',(4.686857343206E0,7.241306117391E0,-1.151767401658E0));
#7705=CARTESIAN_POINT('',(4.779688272777E0,7.291750267989E0,-1.091975804586E0));
#7706=CARTESIAN_POINT('',(4.872519202348E0,7.342194418587E0,-1.032184207513E0));
#7707=CARTESIAN_POINT('',(4.965350131919E0,7.392638569185E0,
-9.723926104409E-1));
#7708=CARTESIAN_POINT('',(4.583293136408E0,7.566300028527E0,-1.173109864826E0));
#7709=CARTESIAN_POINT('',(4.685475089196E0,7.587400886714E0,-1.113318239280E0));
#7710=CARTESIAN_POINT('',(4.787657041985E0,7.608501744901E0,-1.053526613733E0));
#7711=CARTESIAN_POINT('',(4.889838994774E0,7.629602603088E0,
-9.937349881869E-1));
#7712=CARTESIAN_POINT('',(4.560363600013E0,7.799999999999E0,-1.187813344471E0));
#7713=CARTESIAN_POINT('',(4.664615812493E0,7.799999999999E0,-1.128021723196E0));
#7714=CARTESIAN_POINT('',(4.768868024972E0,7.799999999999E0,-1.068230101920E0));
#7715=CARTESIAN_POINT('',(4.873120237451E0,7.799999999999E0,-1.008438480645E0));
#7716=CARTESIAN_POINT('',(4.583293136408E0,8.033699971470E0,-1.202516824116E0));
#7717=CARTESIAN_POINT('',(4.685475089196E0,8.012599113283E0,-1.142725207111E0));
#7718=CARTESIAN_POINT('',(4.787657041985E0,7.991498255096E0,-1.082933590107E0));
#7719=CARTESIAN_POINT('',(4.889838994774E0,7.970397396909E0,-1.023141973103E0));
#7720=CARTESIAN_POINT('',(4.686857343206E0,8.358693882606E0,-1.223859287284E0));
#7721=CARTESIAN_POINT('',(4.779688272777E0,8.308249732008E0,-1.164067641805E0));
#7722=CARTESIAN_POINT('',(4.872519202348E0,8.257805581410E0,-1.104275996327E0));
#7723=CARTESIAN_POINT('',(4.965350131919E0,8.207361430812E0,-1.044484350849E0));
#7724=CARTESIAN_POINT('',(4.965657151330E0,8.726215245578E0,-1.252060359775E0));
#7725=CARTESIAN_POINT('',(5.033316729255E0,8.642584158769E0,-1.192268934970E0));
#7726=CARTESIAN_POINT('',(5.100976307180E0,8.558953071959E0,-1.132477510166E0));
#7727=CARTESIAN_POINT('',(5.168635885105E0,8.475321985149E0,-1.072686085361E0));
#7728=CARTESIAN_POINT('',(5.458587943251E0,8.952780468045E0,-1.285419814993E0));
#7729=CARTESIAN_POINT('',(5.481734515234E0,8.848706859239E0,-1.225627476173E0));
#7730=CARTESIAN_POINT('',(5.504881087218E0,8.744633250432E0,-1.165835137352E0));
#7731=CARTESIAN_POINT('',(5.528027659202E0,8.640559641626E0,-1.106042798532E0));
#7732=CARTESIAN_POINT('',(5.917427841946E0,8.962544154033E0,-1.313638223144E0));
#7733=CARTESIAN_POINT('',(5.899168858496E0,8.857536765330E0,-1.253849275578E0));
#7734=CARTESIAN_POINT('',(5.880909875045E0,8.752529376626E0,-1.194060328012E0));
#7735=CARTESIAN_POINT('',(5.862650891595E0,8.647521987923E0,-1.134271380446E0));
#7736=CARTESIAN_POINT('',(6.252300438448E0,8.828716768744E0,-1.335818411455E0));
#7737=CARTESIAN_POINT('',(6.203747553822E0,8.735924037145E0,-1.276020931817E0));
#7738=CARTESIAN_POINT('',(6.155194669196E0,8.643131305545E0,-1.216223452179E0));
#7739=CARTESIAN_POINT('',(6.106641784571E0,8.550338573946E0,-1.156425972541E0));
#7740=CARTESIAN_POINT('',(6.451926318697E0,8.681809769625E0,-1.351481753012E0));
#7741=CARTESIAN_POINT('',(6.385406634757E0,8.602151680815E0,-1.291692690756E0));
#7742=CARTESIAN_POINT('',(6.318886950816E0,8.522493592005E0,-1.231903628501E0));
#7743=CARTESIAN_POINT('',(6.252367266876E0,8.442835503195E0,-1.172114566245E0));
#7744=CARTESIAN_POINT('',(6.505630623830E0,8.633425163821E0,-1.356022400613E0));
#7745=CARTESIAN_POINT('',(6.434288445378E0,8.558075995522E0,-1.296237217645E0));
#7746=CARTESIAN_POINT('',(6.362946266925E0,8.482726827223E0,-1.236452034677E0));
#7747=CARTESIAN_POINT('',(6.291604088472E0,8.407377658924E0,-1.176666851709E0));
#7748=CARTESIAN_POINT('',(6.551945748796E0,8.583773635016E0,-1.360296621337E0));
#7749=CARTESIAN_POINT('',(6.476437660142E0,8.512871662123E0,-1.300513766444E0));
#7750=CARTESIAN_POINT('',(6.400929571488E0,8.441969689229E0,-1.240730911551E0));
#7751=CARTESIAN_POINT('',(6.325421482833E0,8.371067716336E0,-1.180948056658E0));
#7752=B_SPLINE_SURFACE_WITH_KNOTS('',3,3,((#7520,#7521,#7522,#7523),(#7524,
#7525,#7526,#7527),(#7528,#7529,#7530,#7531),(#7532,#7533,#7534,#7535),(#7536,
#7537,#7538,#7539),(#7540,#7541,#7542,#7543),(#7544,#7545,#7546,#7547),(#7548,
#7549,#7550,#7551),(#7552,#7553,#7554,#7555),(#7556,#7557,#7558,#7559),(#7560,
#7561,#7562,#7563),(#7564,#7565,#7566,#7567),(#7568,#7569,#7570,#7571),(#7572,
#7573,#7574,#7575),(#7576,#7577,#7578,#7579),(#7580,#7581,#7582,#7583),(#7584,
#7585,#7586,#7587),(#7588,#7589,#7590,#7591),(#7592,#7593,#7594,#7595),(#7596,
#7597,#7598,#7599),(#7600,#7601,#7602,#7603),(#7604,#7605,#7606,#7607),(#7608,
#7609,#7610,#7611),(#7612,#7613,#7614,#7615),(#7616,#7617,#7618,#7619),(#7620,
#7621,#7622,#7623),(#7624,#7625,#7626,#7627),(#7628,#7629,#7630,#7631),(#7632,
#7633,#7634,#7635),(#7636,#7637,#7638,#7639),(#7640,#7641,#7642,#7643),(#7644,
#7645,#7646,#7647),(#7648,#7649,#7650,#7651),(#7652,#7653,#7654,#7655),(#7656,
#7657,#7658,#7659),(#7660,#7661,#7662,#7663),(#7664,#7665,#7666,#7667),(#7668,
#7669,#7670,#7671),(#7672,#7673,#7674,#7675),(#7676,#7677,#7678,#7679),(#7680,
#7681,#7682,#7683),(#7684,#7685,#7686,#7687),(#7688,#7689,#7690,#7691),(#7692,
#7693,#7694,#7695),(#7696,#7697,#7698,#7699),(#7700,#7701,#7702,#7703),(#7704,
#7705,#7706,#7707),(#7708,#7709,#7710,#7711),(#7712,#7713,#7714,#7715),(#7716,
#7717,#7718,#7719),(#7720,#7721,#7722,#7723),(#7724,#7725,#7726,#7727),(#7728,
#7729,#7730,#7731),(#7732,#7733,#7734,#7735),(#7736,#7737,#7738,#7739),(#7740,
#7741,#7742,#7743),(#7744,#7745,#7746,#7747),(#7748,#7749,#7750,#7751)),
.UNSPECIFIED.,.F.,.F.,.F.,(4,1,1,1,1,1,1,1,1,1,1,1,1,1,1,1,1,1,1,1,1,1,1,1,1,1,
1,1,1,1,1,1,1,1,1,1,1,1,1,1,1,1,1,1,1,1,1,1,1,1,1,1,1,1,1,4),(4,4),(
-9.965973263785E-3,0.E0,1.382132593112E-2,3.066903460598E-2,4.751674328084E-2,
5.594059761827E-2,6.436445195570E-2,8.963601496799E-2,1.149075779803E-1,
1.401791409926E-1,1.654507040049E-1,1.907222670172E-1,2.159938300294E-1,
2.286296115356E-1,2.412653930417E-1,2.539011745479E-1,2.665369560540E-1,
2.918085190663E-1,3.170800820786E-1,3.297158635848E-1,3.423516450909E-1,
3.676232081032E-1,3.928947711155E-1,4.181663341278E-1,4.308021156339E-1,
4.434378971401E-1,4.687094601524E-1,4.939810231646E-1,5.066168046708E-1,
5.192525861769E-1,5.445241491892E-1,5.697957122015E-1,5.950672752138E-1,
6.077030567200E-1,6.203388382261E-1,6.456104012384E-1,6.708819642507E-1,
6.835177457568E-1,6.961535272630E-1,7.087893087691E-1,7.214250902753E-1,
7.466966532876E-1,7.719682162998E-1,7.972397793121E-1,8.225113423244E-1,
8.477829053367E-1,8.604186868429E-1,8.730544683490E-1,8.856902498552E-1,
8.983260313613E-1,9.235975943736E-1,9.488691573859E-1,9.741407203982E-1,
9.994122834105E-1,1.E0,1.009639535333E0),(-2.730649914703E-1,1.275257433265E0),
.UNSPECIFIED.);
#7754=ORIENTED_EDGE('',*,*,#7753,.F.);
#7756=ORIENTED_EDGE('',*,*,#7755,.F.);
#7758=ORIENTED_EDGE('',*,*,#7757,.F.);
#7760=ORIENTED_EDGE('',*,*,#7759,.F.);
#7762=ORIENTED_EDGE('',*,*,#7761,.F.);
#7764=ORIENTED_EDGE('',*,*,#7763,.F.);
#7766=ORIENTED_EDGE('',*,*,#7765,.T.);
#7768=ORIENTED_EDGE('',*,*,#7767,.T.);
#7770=ORIENTED_EDGE('',*,*,#7769,.T.);
#7772=ORIENTED_EDGE('',*,*,#7771,.T.);
#7774=ORIENTED_EDGE('',*,*,#7773,.T.);
#7776=ORIENTED_EDGE('',*,*,#7775,.T.);
#7777=ORIENTED_EDGE('',*,*,#7492,.F.);
#7778=ORIENTED_EDGE('',*,*,#7513,.F.);
#7779=ORIENTED_EDGE('',*,*,#7502,.F.);
#7781=ORIENTED_EDGE('',*,*,#7780,.F.);
#7782=EDGE_LOOP('',(#7754,#7756,#7758,#7760,#7762,#7764,#7766,#7768,#7770,#7772,
#7774,#7776,#7777,#7778,#7779,#7781));
#7783=FACE_OUTER_BOUND('',#7782,.F.);
#7784=ADVANCED_FACE('',(#7783),#7752,.T.);
#7785=CARTESIAN_POINT('',(5.715E0,7.799999999999E0,-2.485103088273E-1));
#7786=DIRECTION('',(0.E0,0.E0,-1.E0));
#7787=DIRECTION('',(-1.E0,0.E0,0.E0));
#7788=AXIS2_PLACEMENT_3D('',#7785,#7786,#7787);
#7789=CYLINDRICAL_SURFACE('',#7788,8.9154E-1);
#7790=ORIENTED_EDGE('',*,*,#7780,.T.);
#7791=ORIENTED_EDGE('',*,*,#7500,.T.);
#7792=ORIENTED_EDGE('',*,*,#7498,.T.);
#7794=ORIENTED_EDGE('',*,*,#7793,.F.);
#7796=ORIENTED_EDGE('',*,*,#7795,.F.);
#7797=ORIENTED_EDGE('',*,*,#7753,.T.);
#7798=EDGE_LOOP('',(#7790,#7791,#7792,#7794,#7796,#7797));
#7799=FACE_OUTER_BOUND('',#7798,.F.);
#7800=ADVANCED_FACE('',(#7799),#7789,.F.);
#7801=CARTESIAN_POINT('',(6.698639396926E0,8.390000680639E0,
-1.023988763384E-2));
#7802=CARTESIAN_POINT('',(6.609935963394E0,8.336795159221E0,
-6.996070886542E-2));
#7803=CARTESIAN_POINT('',(6.521232529861E0,8.283589637803E0,
-1.296815300970E-1));
#7804=CARTESIAN_POINT('',(6.432529096329E0,8.230384116386E0,
-1.894023513286E-1));
#7805=CARTESIAN_POINT('',(6.730280646468E0,8.337578347712E0,
-1.409152131190E-2));
#7806=CARTESIAN_POINT('',(6.638723837761E0,8.289100206714E0,
-7.381234308988E-2));
#7807=CARTESIAN_POINT('',(6.547167029054E0,8.240622065716E0,
-1.335331648679E-1));
#7808=CARTESIAN_POINT('',(6.455610220348E0,8.192143924718E0,
-1.932539866458E-1));
#7809=CARTESIAN_POINT('',(6.792051606731E0,8.211353435695E0,
-2.292388240252E-2));
#7810=CARTESIAN_POINT('',(6.694924784384E0,8.174258093179E0,
-8.264467149664E-2));
#7811=CARTESIAN_POINT('',(6.597797962037E0,8.137162750663E0,
-1.423654605908E-1));
#7812=CARTESIAN_POINT('',(6.500671139690E0,8.100067408147E0,
-2.020862496849E-1));
#7813=CARTESIAN_POINT('',(6.859961565778E0,7.972665598564E0,
-3.845110753106E-2));
#7814=CARTESIAN_POINT('',(6.756711011032E0,7.957094821857E0,
-9.817187274301E-2));
#7815=CARTESIAN_POINT('',(6.653460456286E0,7.941524045149E0,
-1.578926379550E-1));
#7816=CARTESIAN_POINT('',(6.550209901539E0,7.925953268441E0,
-2.176134031669E-1));
#7817=CARTESIAN_POINT('',(6.871679648175E0,7.700450707751E0,
-5.543859185069E-2));
#7818=CARTESIAN_POINT('',(6.767366925816E0,7.709428007497E0,
-1.151597867855E-1));
#7819=CARTESIAN_POINT('',(6.663054203458E0,7.718405307244E0,
-1.748809817203E-1));
#7820=CARTESIAN_POINT('',(6.558741481099E0,7.727382606990E0,
-2.346021766551E-1));
#7821=CARTESIAN_POINT('',(6.799157135938E0,7.375074096847E0,
-7.621798261047E-2));
#7822=CARTESIAN_POINT('',(6.701407119237E0,7.413393124033E0,
-1.359373849609E-1));
#7823=CARTESIAN_POINT('',(6.603657102536E0,7.451712151219E0,
-1.956567873114E-1));
#7824=CARTESIAN_POINT('',(6.505907085835E0,7.490031178405E0,
-2.553761896619E-1));
#7825=CARTESIAN_POINT('',(6.620771083570E0,7.065915773499E0,
-9.840223103452E-2));
#7826=CARTESIAN_POINT('',(6.539022919074E0,7.132115534289E0,
-1.581283234008E-1));
#7827=CARTESIAN_POINT('',(6.457274754579E0,7.198315295078E0,
-2.178544157672E-1));
#7828=CARTESIAN_POINT('',(6.375526590083E0,7.264515055868E0,
-2.775805081335E-1));
#7829=CARTESIAN_POINT('',(6.350851777353E0,6.823363877295E0,
-1.209777857262E-1));
#7830=CARTESIAN_POINT('',(6.293760995661E0,6.911432099028E0,
-1.806789106134E-1));
#7831=CARTESIAN_POINT('',(6.236670213969E0,6.999500320761E0,
-2.403800355006E-1));
#7832=CARTESIAN_POINT('',(6.179579432277E0,7.087568542495E0,
-3.000811603879E-1));
#7833=CARTESIAN_POINT('',(6.085043525329E0,6.704041467062E0,
-1.390908730845E-1));
#7834=CARTESIAN_POINT('',(6.050938988096E0,6.802884232374E0,
-1.988696478889E-1));
#7835=CARTESIAN_POINT('',(6.016834450862E0,6.901726997685E0,
-2.586484226932E-1));
#7836=CARTESIAN_POINT('',(5.982729913629E0,7.000569762997E0,
-3.184271974976E-1));
#7837=CARTESIAN_POINT('',(5.868611583201E0,6.659735980039E0,
-1.529741889225E-1));
#7838=CARTESIAN_POINT('',(5.856031232150E0,6.762545205506E0,
-2.125946176487E-1));
#7839=CARTESIAN_POINT('',(5.843450881099E0,6.865354430973E0,
-2.722150463749E-1));
#7840=CARTESIAN_POINT('',(5.830870530047E0,6.968163656440E0,
-3.318354751011E-1));
#7841=CARTESIAN_POINT('',(5.614106335935E0,6.642657038962E0,
-1.689847236249E-1));
#7842=CARTESIAN_POINT('',(5.622062121085E0,6.747041290923E0,
-2.287957185938E-1));
#7843=CARTESIAN_POINT('',(5.630017906235E0,6.851425542885E0,
-2.886067135626E-1));
#7844=CARTESIAN_POINT('',(5.637973691385E0,6.955809794846E0,
-3.484177085314E-1));
#7845=CARTESIAN_POINT('',(5.232362814198E0,6.715679087334E0,
-1.929016445085E-1));
#7846=CARTESIAN_POINT('',(5.276311931285E0,6.813455276174E0,
-2.525887662878E-1));
#7847=CARTESIAN_POINT('',(5.320261048372E0,6.911231465013E0,
-3.122758880671E-1));
#7848=CARTESIAN_POINT('',(5.364210165459E0,7.009007653853E0,
-3.719630098463E-1));
#7849=CARTESIAN_POINT('',(4.788048993894E0,7.050718208734E0,
-2.269182163728E-1));
#7850=CARTESIAN_POINT('',(4.871529004001E0,7.118290461220E0,
-2.866482386500E-1));
#7851=CARTESIAN_POINT('',(4.955009014107E0,7.185862713706E0,
-3.463782609272E-1));
#7852=CARTESIAN_POINT('',(5.038489024214E0,7.253434966192E0,
-4.061082832044E-1));
#7853=CARTESIAN_POINT('',(4.562347962655E0,7.543549145870E0,
-2.602307025818E-1));
#7854=CARTESIAN_POINT('',(4.666312261516E0,7.566670239164E0,
-3.199483883967E-1));
#7855=CARTESIAN_POINT('',(4.770276560377E0,7.589791332458E0,
-3.796660742117E-1));
#7856=CARTESIAN_POINT('',(4.874240859238E0,7.612912425752E0,
-4.393837600266E-1));
#7857=CARTESIAN_POINT('',(4.552349102363E0,8.002444804118E0,
-2.884617018936E-1));
#7858=CARTESIAN_POINT('',(4.657228446805E0,7.984206920190E0,
-3.481858330596E-1));
#7859=CARTESIAN_POINT('',(4.762107791247E0,7.965969036261E0,
-4.079099642257E-1));
#7860=CARTESIAN_POINT('',(4.866987135688E0,7.947731152333E0,
-4.676340953918E-1));
#7861=CARTESIAN_POINT('',(4.750855997964E0,8.498995415293E0,
-3.213461679398E-1));
#7862=CARTESIAN_POINT('',(4.837649943204E0,8.435892868091E0,
-3.810568541636E-1));
#7863=CARTESIAN_POINT('',(4.924443888445E0,8.372790320888E0,
-4.407675403874E-1));
#7864=CARTESIAN_POINT('',(5.011237833686E0,8.309687773685E0,
-5.004782266113E-1));
#7865=CARTESIAN_POINT('',(5.104042462384E0,8.798458882552E0,
-3.496726369172E-1));
#7866=CARTESIAN_POINT('',(5.159589680599E0,8.708619216721E0,
-4.094227684891E-1));
#7867=CARTESIAN_POINT('',(5.215136898815E0,8.618779550891E0,
-4.691729000611E-1));
#7868=CARTESIAN_POINT('',(5.270684117031E0,8.528939885060E0,
-5.289230316331E-1));
#7869=CARTESIAN_POINT('',(5.427051458170E0,8.919692125348E0,
-3.712418578810E-1));
#7870=CARTESIAN_POINT('',(5.452235268677E0,8.818373105262E0,
-4.309119321582E-1));
#7871=CARTESIAN_POINT('',(5.477419079184E0,8.717054085177E0,
-4.905820064353E-1));
#7872=CARTESIAN_POINT('',(5.502602889691E0,8.615735065092E0,
-5.502520807125E-1));
#7873=CARTESIAN_POINT('',(5.665389153082E0,8.953643008345E0,
-3.863175564220E-1));
#7874=CARTESIAN_POINT('',(5.670072475778E0,8.849701647070E0,
-4.460519471860E-1));
#7875=CARTESIAN_POINT('',(5.674755798475E0,8.745760285795E0,
-5.057863379500E-1));
#7876=CARTESIAN_POINT('',(5.679439121171E0,8.641818924520E0,
-5.655207287139E-1));
#7877=CARTESIAN_POINT('',(5.894577446998E0,8.941190551209E0,
-4.006902045958E-1));
#7878=CARTESIAN_POINT('',(5.878328491425E0,8.838255122758E0,
-4.604074639657E-1));
#7879=CARTESIAN_POINT('',(5.862079535853E0,8.735319694307E0,
-5.201247233356E-1));
#7880=CARTESIAN_POINT('',(5.845830580280E0,8.632384265857E0,
-5.798419827055E-1));
#7881=CARTESIAN_POINT('',(6.220617444490E0,8.855039494945E0,
-4.217889938062E-1));
#7882=CARTESIAN_POINT('',(6.175053214377E0,8.759911393820E0,
-4.815118652954E-1));
#7883=CARTESIAN_POINT('',(6.129488984264E0,8.664783292695E0,
-5.412347367846E-1));
#7884=CARTESIAN_POINT('',(6.083924754151E0,8.569655191570E0,
-6.009576082739E-1));
#7885=CARTESIAN_POINT('',(6.599898592979E0,8.596389978173E0,
-4.499084875118E-1));
#7886=CARTESIAN_POINT('',(6.520088518659E0,8.524567646406E0,
-5.096285890167E-1));
#7887=CARTESIAN_POINT('',(6.440278444339E0,8.452745314639E0,
-5.693486905216E-1));
#7888=CARTESIAN_POINT('',(6.360468370019E0,8.380922982872E0,
-6.290687920265E-1));
#7889=CARTESIAN_POINT('',(6.814523142637E0,8.195954425961E0,
-4.777555017248E-1));
#7890=CARTESIAN_POINT('',(6.715370888036E0,8.160248356044E0,
-5.374764063067E-1));
#7891=CARTESIAN_POINT('',(6.616218633435E0,8.124542286127E0,
-5.971973108886E-1));
#7892=CARTESIAN_POINT('',(6.517066378833E0,8.088836216210E0,
-6.569182154705E-1));
#7893=CARTESIAN_POINT('',(6.867195228443E0,7.874864321895E0,
-4.981274312985E-1));
#7894=CARTESIAN_POINT('',(6.763291454215E0,7.868113039690E0,
-5.578482311016E-1));
#7895=CARTESIAN_POINT('',(6.659387679987E0,7.861361757484E0,
-6.175690309047E-1));
#7896=CARTESIAN_POINT('',(6.555483905759E0,7.854610475278E0,
-6.772898307078E-1));
#7897=CARTESIAN_POINT('',(6.857996685593E0,7.570946717930E0,
-5.171759749671E-1));
#7898=CARTESIAN_POINT('',(6.754922821548E0,7.591602520337E0,
-5.768968005038E-1));
#7899=CARTESIAN_POINT('',(6.651848957503E0,7.612258322744E0,
-6.366176260405E-1));
#7900=CARTESIAN_POINT('',(6.548775093458E0,7.632914125150E0,
-6.963384515772E-1));
#7901=CARTESIAN_POINT('',(6.713653580875E0,7.152417945019E0,
-5.443744445383E-1));
#7902=CARTESIAN_POINT('',(6.623596202384E0,7.210816061688E0,
-6.040952574498E-1));
#7903=CARTESIAN_POINT('',(6.533538823894E0,7.269214178357E0,
-6.638160703614E-1));
#7904=CARTESIAN_POINT('',(6.443481445403E0,7.327612295027E0,
-7.235368832729E-1));
#7905=CARTESIAN_POINT('',(6.308972102261E0,6.769615679499E0,
-5.784204099261E-1));
#7906=CARTESIAN_POINT('',(6.255408455628E0,6.862534452872E0,
-6.381412269212E-1));
#7907=CARTESIAN_POINT('',(6.201844808996E0,6.955453226245E0,
-6.978620439162E-1));
#7908=CARTESIAN_POINT('',(6.148281162364E0,7.048371999618E0,
-7.575828609113E-1));
#7909=CARTESIAN_POINT('',(5.891066725544E0,6.648179010126E0,
-6.051735044814E-1));
#7910=CARTESIAN_POINT('',(5.875189247096E0,6.752048783493E0,
-6.648943204900E-1));
#7911=CARTESIAN_POINT('',(5.859311768647E0,6.855918556861E0,
-7.246151364985E-1));
#7912=CARTESIAN_POINT('',(5.843434290199E0,6.959788330228E0,
-7.843359525071E-1));
#7913=CARTESIAN_POINT('',(5.588487939714E0,6.652125884357E0,
-6.241326623496E-1));
#7914=CARTESIAN_POINT('',(5.599896639153E0,6.755639734432E0,
-6.838534784867E-1));
#7915=CARTESIAN_POINT('',(5.611305338592E0,6.859153584506E0,
-7.435742946238E-1));
#7916=CARTESIAN_POINT('',(5.622714038031E0,6.962667434580E0,
-8.032951107609E-1));
#7917=CARTESIAN_POINT('',(5.263710838690E0,6.721144929204E0,
-6.449132041792E-1));
#7918=CARTESIAN_POINT('',(5.304407529796E0,6.818434728041E0,
-7.046340202853E-1));
#7919=CARTESIAN_POINT('',(5.345104220902E0,6.915724526879E0,
-7.643548363914E-1));
#7920=CARTESIAN_POINT('',(5.385800912007E0,7.013014325716E0,
-8.240756524974E-1));
#7921=CARTESIAN_POINT('',(4.873237269143E0,6.958237269141E0,
-6.729020158975E-1));
#7922=CARTESIAN_POINT('',(4.949146377920E0,7.034146377918E0,
-7.326228320147E-1));
#7923=CARTESIAN_POINT('',(5.025055486697E0,7.110055486695E0,
-7.923436481319E-1));
#7924=CARTESIAN_POINT('',(5.100964595474E0,7.185964595472E0,
-8.520644642490E-1));
#7925=CARTESIAN_POINT('',(4.636144929205E0,7.348710838689E0,
-7.008908276159E-1));
#7926=CARTESIAN_POINT('',(4.733434728043E0,7.389407529795E0,
-7.606116437441E-1));
#7927=CARTESIAN_POINT('',(4.830724526880E0,7.430104220901E0,
-8.203324598724E-1));
#7928=CARTESIAN_POINT('',(4.928014325717E0,7.470800912006E0,
-8.800532760007E-1));
#7929=CARTESIAN_POINT('',(4.567125884359E0,7.673487939713E0,
-7.216713694455E-1));
#7930=CARTESIAN_POINT('',(4.670639734433E0,7.684896639152E0,
-7.813921855427E-1));
#7931=CARTESIAN_POINT('',(4.774153584507E0,7.696305338591E0,
-8.411130016399E-1));
#7932=CARTESIAN_POINT('',(4.877667434582E0,7.707714038029E0,
-9.008338177371E-1));
#7933=CARTESIAN_POINT('',(4.563179010128E0,7.976066725541E0,
-7.406305273135E-1));
#7934=CARTESIAN_POINT('',(4.667048783495E0,7.960189247094E0,
-8.003513435394E-1));
#7935=CARTESIAN_POINT('',(4.770918556862E0,7.944311768648E0,
-8.600721597654E-1));
#7936=CARTESIAN_POINT('',(4.874788330229E0,7.928434290202E0,
-9.197929759913E-1));
#7937=CARTESIAN_POINT('',(4.684615679499E0,8.393972102273E0,
-7.673836218698E-1));
#7938=CARTESIAN_POINT('',(4.777534452873E0,8.340408455626E0,
-8.271044371080E-1));
#7939=CARTESIAN_POINT('',(4.870453226248E0,8.286844808978E0,
-8.868252523462E-1));
#7940=CARTESIAN_POINT('',(4.963371999623E0,8.233281162330E0,
-9.465460675844E-1));
#7941=CARTESIAN_POINT('',(5.067417945026E0,8.798653580822E0,
-8.014295872535E-1));
#7942=CARTESIAN_POINT('',(5.125816061689E0,8.708596202389E0,
-8.611504065802E-1));
#7943=CARTESIAN_POINT('',(5.184214178353E0,8.618538823955E0,
-9.208712259070E-1));
#7944=CARTESIAN_POINT('',(5.242612295016E0,8.528481445521E0,
-9.805920452337E-1));
#7945=CARTESIAN_POINT('',(5.485946717914E0,8.942996685741E0,
-8.286280568377E-1));
#7946=CARTESIAN_POINT('',(5.506602520338E0,8.839922821530E0,
-8.883488635237E-1));
#7947=CARTESIAN_POINT('',(5.527258322762E0,8.736848957319E0,
-9.480696702097E-1));
#7948=CARTESIAN_POINT('',(5.547914125186E0,8.633775093107E0,-1.007790476896E0));
#7949=CARTESIAN_POINT('',(5.789864321927E0,8.952195228182E0,
-8.476766004797E-1));
#7950=CARTESIAN_POINT('',(5.783113039691E0,8.848291454242E0,
-9.073974329310E-1));
#7951=CARTESIAN_POINT('',(5.776361757455E0,8.744387680303E0,
-9.671182653823E-1));
#7952=CARTESIAN_POINT('',(5.769610475219E0,8.640483906363E0,-1.026839097834E0));
#7953=CARTESIAN_POINT('',(6.110954425801E0,8.899523144040E0,
-8.680485301616E-1));
#7954=CARTESIAN_POINT('',(6.075248356047E0,8.800370887877E0,
-9.277692577051E-1));
#7955=CARTESIAN_POINT('',(6.039542286292E0,8.701218631713E0,
-9.874899852486E-1));
#7956=CARTESIAN_POINT('',(6.003836216538E0,8.602066375550E0,-1.047210712792E0));
#7957=CARTESIAN_POINT('',(6.511389979480E0,8.684898581633E0,
-8.958955435456E-1));
#7958=CARTESIAN_POINT('',(6.439567646400E0,8.605088519931E0,
-9.556170751549E-1));
#7959=CARTESIAN_POINT('',(6.367745313320E0,8.525278458230E0,-1.015338606764E0));
#7960=CARTESIAN_POINT('',(6.295922980240E0,8.445468396528E0,-1.075060138373E0));
#7961=CARTESIAN_POINT('',(6.770039491191E0,8.305617477119E0,
-9.240150401104E-1));
#7962=CARTESIAN_POINT('',(6.674911393843E0,8.260053210713E0,
-9.837337983251E-1));
#7963=CARTESIAN_POINT('',(6.579783296494E0,8.214488944307E0,-1.043452556540E0));
#7964=CARTESIAN_POINT('',(6.484655199145E0,8.168924677900E0,-1.103171314754E0));
#7965=CARTESIAN_POINT('',(6.856190557709E0,7.979577390530E0,
-9.451138235280E-1));
#7966=CARTESIAN_POINT('',(6.753255122723E0,7.963328497762E0,-1.004838200771E0));
#7967=CARTESIAN_POINT('',(6.650319687737E0,7.947079604994E0,-1.064562578015E0));
#7968=CARTESIAN_POINT('',(6.547384252751E0,7.930830712226E0,-1.124286955258E0));
#7969=CARTESIAN_POINT('',(6.868642983544E0,7.750389368588E0,
-9.594864893849E-1));
#7970=CARTESIAN_POINT('',(6.764701647211E0,7.755072451585E0,-1.019193714143E0));
#7971=CARTESIAN_POINT('',(6.660760310879E0,7.759755534583E0,-1.078900938900E0));
#7972=CARTESIAN_POINT('',(6.556818974546E0,7.764438617581E0,-1.138608163658E0));
#7973=CARTESIAN_POINT('',(6.834692218062E0,7.512050652607E0,
-9.745621215381E-1));
#7974=CARTESIAN_POINT('',(6.733373104742E0,7.537235359104E0,-1.034333741967E0));
#7975=CARTESIAN_POINT('',(6.632053991422E0,7.562420065602E0,-1.094105362395E0));
#7976=CARTESIAN_POINT('',(6.530734878102E0,7.587604772099E0,-1.153876982824E0));
#7977=CARTESIAN_POINT('',(6.713458615902E0,7.189044431272E0,
-9.961315058118E-1));
#7978=CARTESIAN_POINT('',(6.623619019592E0,7.244591245585E0,-1.055822990036E0));
#7979=CARTESIAN_POINT('',(6.533779423281E0,7.300138059899E0,-1.115514474261E0));
#7980=CARTESIAN_POINT('',(6.443939826971E0,7.355684874212E0,-1.175205958485E0));
#7981=CARTESIAN_POINT('',(6.413997351587E0,6.835842305770E0,-1.024457127330E0));
#7982=CARTESIAN_POINT('',(6.350894644878E0,6.922635406178E0,-1.084187908925E0));
#7983=CARTESIAN_POINT('',(6.287791938169E0,7.009428506586E0,-1.143918690520E0));
#7984=CARTESIAN_POINT('',(6.224689231460E0,7.096221606995E0,-1.203649472114E0));
#7985=CARTESIAN_POINT('',(5.917437766190E0,6.637398770026E0,-1.057344995575E0));
#7986=CARTESIAN_POINT('',(5.899200404960E0,6.742281809513E0,-1.117063141149E0));
#7987=CARTESIAN_POINT('',(5.880963043731E0,6.847164849001E0,-1.176781286723E0));
#7988=CARTESIAN_POINT('',(5.862725682501E0,6.952047888488E0,-1.236499432297E0));
#7989=CARTESIAN_POINT('',(5.458575361296E0,6.647162984191E0,-1.085563403043E0));
#7990=CARTESIAN_POINT('',(5.481694523301E0,6.751113347701E0,-1.145284935855E0));
#7991=CARTESIAN_POINT('',(5.504813685306E0,6.855063711210E0,-1.205006468668E0));
#7992=CARTESIAN_POINT('',(5.527932847312E0,6.959014074719E0,-1.264728001480E0));
#7993=CARTESIAN_POINT('',(4.965620384967E0,6.873739240077E0,-1.118922854429E0));
#7994=CARTESIAN_POINT('',(5.033199839908E0,6.957271296544E0,-1.178643474309E0));
#7995=CARTESIAN_POINT('',(5.100779294849E0,7.040803353012E0,-1.238364094188E0));
#7996=CARTESIAN_POINT('',(5.168358749791E0,7.124335409480E0,-1.298084714068E0));
#7997=CARTESIAN_POINT('',(4.686503692664E0,7.241678536623E0,-1.147154605668E0));
#7998=CARTESIAN_POINT('',(4.779252032254E0,7.292026890969E0,-1.206875446198E0));
#7999=CARTESIAN_POINT('',(4.872000371845E0,7.342375245314E0,-1.266596286729E0));
#8000=CARTESIAN_POINT('',(4.964748711436E0,7.392723599660E0,-1.326317127259E0));
#8001=CARTESIAN_POINT('',(4.590140832117E0,7.544759569046E0,-1.167051574053E0));
#8002=CARTESIAN_POINT('',(4.691579243526E0,7.567776869085E0,-1.226772387722E0));
#8003=CARTESIAN_POINT('',(4.793017654935E0,7.590794169124E0,-1.286493201391E0));
#8004=CARTESIAN_POINT('',(4.894456066344E0,7.613811469163E0,-1.346214015061E0));
#8005=CARTESIAN_POINT('',(4.572732522057E0,7.680231506356E0,-1.175626851206E0));
#8006=CARTESIAN_POINT('',(4.675740778443E0,7.691032106821E0,-1.235347665522E0));
#8007=CARTESIAN_POINT('',(4.778749034828E0,7.701832707286E0,-1.295068479838E0));
#8008=CARTESIAN_POINT('',(4.881757291214E0,7.712633307751E0,-1.354789294155E0));
#8009=CARTESIAN_POINT('',(4.569909527702E0,7.734441521265E0,-1.179058762113E0));
#8010=CARTESIAN_POINT('',(4.673172276868E0,7.740353366324E0,-1.238779587092E0));
#8011=CARTESIAN_POINT('',(4.776435026035E0,7.746265211383E0,-1.298500412071E0));
#8012=CARTESIAN_POINT('',(4.879697775202E0,7.752177056442E0,-1.358221237049E0));
#8013=B_SPLINE_SURFACE_WITH_KNOTS('',3,3,((#7801,#7802,#7803,#7804),(#7805,
#7806,#7807,#7808),(#7809,#7810,#7811,#7812),(#7813,#7814,#7815,#7816),(#7817,
#7818,#7819,#7820),(#7821,#7822,#7823,#7824),(#7825,#7826,#7827,#7828),(#7829,
#7830,#7831,#7832),(#7833,#7834,#7835,#7836),(#7837,#7838,#7839,#7840),(#7841,
#7842,#7843,#7844),(#7845,#7846,#7847,#7848),(#7849,#7850,#7851,#7852),(#7853,
#7854,#7855,#7856),(#7857,#7858,#7859,#7860),(#7861,#7862,#7863,#7864),(#7865,
#7866,#7867,#7868),(#7869,#7870,#7871,#7872),(#7873,#7874,#7875,#7876),(#7877,
#7878,#7879,#7880),(#7881,#7882,#7883,#7884),(#7885,#7886,#7887,#7888),(#7889,
#7890,#7891,#7892),(#7893,#7894,#7895,#7896),(#7897,#7898,#7899,#7900),(#7901,
#7902,#7903,#7904),(#7905,#7906,#7907,#7908),(#7909,#7910,#7911,#7912),(#7913,
#7914,#7915,#7916),(#7917,#7918,#7919,#7920),(#7921,#7922,#7923,#7924),(#7925,
#7926,#7927,#7928),(#7929,#7930,#7931,#7932),(#7933,#7934,#7935,#7936),(#7937,
#7938,#7939,#7940),(#7941,#7942,#7943,#7944),(#7945,#7946,#7947,#7948),(#7949,
#7950,#7951,#7952),(#7953,#7954,#7955,#7956),(#7957,#7958,#7959,#7960),(#7961,
#7962,#7963,#7964),(#7965,#7966,#7967,#7968),(#7969,#7970,#7971,#7972),(#7973,
#7974,#7975,#7976),(#7977,#7978,#7979,#7980),(#7981,#7982,#7983,#7984),(#7985,
#7986,#7987,#7988),(#7989,#7990,#7991,#7992),(#7993,#7994,#7995,#7996),(#7997,
#7998,#7999,#8000),(#8001,#8002,#8003,#8004),(#8005,#8006,#8007,#8008),(#8009,
#8010,#8011,#8012)),.UNSPECIFIED.,.F.,.F.,.F.,(4,1,1,1,1,1,1,1,1,1,1,1,1,1,1,1,
1,1,1,1,1,1,1,1,1,1,1,1,1,1,1,1,1,1,1,1,1,1,1,1,1,1,1,1,1,1,1,1,1,1,4),(4,4),(
-9.692252076520E-3,0.E0,1.268065995226E-2,3.122044850712E-2,4.976023706199E-2,
6.830002561685E-2,8.683981417172E-2,1.053796027266E-1,1.146494970040E-1,
1.239193912814E-1,1.517290741137E-1,1.795387569460E-1,2.073484397783E-1,
2.351581226106E-1,2.629678054429E-1,2.907774882752E-1,3.046823296914E-1,
3.185871711075E-1,3.324920125237E-1,3.463968539398E-1,3.742065367721E-1,
4.020162196044E-1,4.159210610206E-1,4.298259024367E-1,4.576355852690E-1,
4.854452681013E-1,5.132549509336E-1,5.271597923498E-1,5.410646337659E-1,
5.688743165982E-1,5.966839994305E-1,6.105888408466E-1,6.244936822628E-1,
6.523033650951E-1,6.801130479274E-1,7.079227307597E-1,7.218275721758E-1,
7.357324135920E-1,7.635420964243E-1,7.913517792566E-1,8.052566206727E-1,
8.191614620889E-1,8.330663035050E-1,8.469711449212E-1,8.747808277535E-1,
9.025905105858E-1,9.304001934181E-1,9.582098762504E-1,9.860195590827E-1,1.E0,
1.010067653172E0),(-2.733454961266E-1,1.273143407258E0),.UNSPECIFIED.);
#8015=ORIENTED_EDGE('',*,*,#8014,.T.);
#8017=ORIENTED_EDGE('',*,*,#8016,.T.);
#8019=ORIENTED_EDGE('',*,*,#8018,.T.);
#8021=ORIENTED_EDGE('',*,*,#8020,.T.);
#8023=ORIENTED_EDGE('',*,*,#8022,.T.);
#8024=ORIENTED_EDGE('',*,*,#7793,.T.);
#8025=ORIENTED_EDGE('',*,*,#7496,.T.);
#8027=ORIENTED_EDGE('',*,*,#8026,.T.);
#8029=ORIENTED_EDGE('',*,*,#8028,.F.);
#8031=ORIENTED_EDGE('',*,*,#8030,.F.);
#8033=ORIENTED_EDGE('',*,*,#8032,.F.);
#8035=ORIENTED_EDGE('',*,*,#8034,.F.);
#8037=ORIENTED_EDGE('',*,*,#8036,.F.);
#8038=EDGE_LOOP('',(#8015,#8017,#8019,#8021,#8023,#8024,#8025,#8027,#8029,#8031,
#8033,#8035,#8037));
#8039=FACE_OUTER_BOUND('',#8038,.F.);
#8040=ADVANCED_FACE('',(#8039),#8013,.F.);
#8041=CARTESIAN_POINT('',(7.31520315E0,9.400203149999E0,-1.199999999997E0));
#8042=DIRECTION('',(0.E0,0.E0,-1.E0));
#8043=DIRECTION('',(0.E0,-1.E0,0.E0));
#8044=AXIS2_PLACEMENT_3D('',#8041,#8042,#8043);
#8045=PLANE('',#8044);
#8047=ORIENTED_EDGE('',*,*,#8046,.F.);
#8049=ORIENTED_EDGE('',*,*,#8048,.F.);
#8051=ORIENTED_EDGE('',*,*,#8050,.F.);
#8052=EDGE_LOOP('',(#8047,#8049,#8051));
#8053=FACE_OUTER_BOUND('',#8052,.F.);
#8054=ORIENTED_EDGE('',*,*,#7763,.T.);
#8056=ORIENTED_EDGE('',*,*,#8055,.F.);
#8057=ORIENTED_EDGE('',*,*,#8014,.F.);
#8059=ORIENTED_EDGE('',*,*,#8058,.F.);
#8060=EDGE_LOOP('',(#8054,#8056,#8057,#8059));
#8061=FACE_BOUND('',#8060,.F.);
#8062=ADVANCED_FACE('',(#8053,#8061),#8045,.T.);
#8063=CARTESIAN_POINT('',(5.715E0,7.799999999999E0,-5.849968500135E-1));
#8064=DIRECTION('',(0.E0,0.E0,-1.E0));
#8065=DIRECTION('',(0.E0,-1.E0,0.E0));
#8066=AXIS2_PLACEMENT_3D('',#8063,#8064,#8065);
#8067=CYLINDRICAL_SURFACE('',#8066,1.524E0);
#8069=ORIENTED_EDGE('',*,*,#8068,.F.);
#8070=ORIENTED_EDGE('',*,*,#8046,.T.);
#8071=ORIENTED_EDGE('',*,*,#8050,.T.);
#8073=ORIENTED_EDGE('',*,*,#8072,.T.);
#8074=ORIENTED_EDGE('',*,*,#5862,.T.);
#8075=ORIENTED_EDGE('',*,*,#5866,.T.);
#8076=EDGE_LOOP('',(#8069,#8070,#8071,#8073,#8074,#8075));
#8077=FACE_OUTER_BOUND('',#8076,.F.);
#8078=ADVANCED_FACE('',(#8077),#8067,.T.);
#8079=CARTESIAN_POINT('',(5.715E0,7.799999999999E0,-5.849968500135E-1));
#8080=DIRECTION('',(0.E0,0.E0,-1.E0));
#8081=DIRECTION('',(-1.E0,0.E0,0.E0));
#8082=AXIS2_PLACEMENT_3D('',#8079,#8080,#8081);
#8083=CYLINDRICAL_SURFACE('',#8082,1.524E0);
#8084=ORIENTED_EDGE('',*,*,#8068,.T.);
#8085=ORIENTED_EDGE('',*,*,#5864,.T.);
#8086=ORIENTED_EDGE('',*,*,#8072,.F.);
#8087=ORIENTED_EDGE('',*,*,#8048,.T.);
#8088=EDGE_LOOP('',(#8084,#8085,#8086,#8087));
#8089=FACE_OUTER_BOUND('',#8088,.F.);
#8090=ADVANCED_FACE('',(#8089),#8083,.T.);
#8091=CARTESIAN_POINT('',(5.715E0,7.799999999999E0,-9.852680894290E-1));
#8092=DIRECTION('',(0.E0,0.E0,-1.E0));
#8093=DIRECTION('',(0.E0,-1.E0,0.E0));
#8094=AXIS2_PLACEMENT_3D('',#8091,#8092,#8093);
#8095=CYLINDRICAL_SURFACE('',#8094,8.9154E-1);
#8096=ORIENTED_EDGE('',*,*,#8055,.T.);
#8097=ORIENTED_EDGE('',*,*,#7761,.T.);
#8099=ORIENTED_EDGE('',*,*,#8098,.T.);
#8100=ORIENTED_EDGE('',*,*,#8016,.F.);
#8101=EDGE_LOOP('',(#8096,#8097,#8099,#8100));
#8102=FACE_OUTER_BOUND('',#8101,.F.);
#8103=ADVANCED_FACE('',(#8102),#8095,.F.);
#8104=CARTESIAN_POINT('',(5.715E0,7.799999999999E0,-7.539697339977E-1));
#8105=DIRECTION('',(0.E0,0.E0,-1.E0));
#8106=DIRECTION('',(0.E0,-1.E0,0.E0));
#8107=AXIS2_PLACEMENT_3D('',#8104,#8105,#8106);
#8108=CYLINDRICAL_SURFACE('',#8107,8.9154E-1);
#8109=ORIENTED_EDGE('',*,*,#8018,.F.);
#8110=ORIENTED_EDGE('',*,*,#8098,.F.);
#8111=ORIENTED_EDGE('',*,*,#7759,.T.);
#8113=ORIENTED_EDGE('',*,*,#8112,.T.);
#8114=EDGE_LOOP('',(#8109,#8110,#8111,#8113));
#8115=FACE_OUTER_BOUND('',#8114,.F.);
#8116=ADVANCED_FACE('',(#8115),#8108,.F.);
#8117=CARTESIAN_POINT('',(5.715E0,7.799999999999E0,-5.271840197120E-1));
#8118=DIRECTION('',(0.E0,0.E0,-1.E0));
#8119=DIRECTION('',(0.E0,-1.E0,0.E0));
#8120=AXIS2_PLACEMENT_3D('',#8117,#8118,#8119);
#8121=CYLINDRICAL_SURFACE('',#8120,8.9154E-1);
#8122=ORIENTED_EDGE('',*,*,#8112,.F.);
#8123=ORIENTED_EDGE('',*,*,#7757,.T.);
#8125=ORIENTED_EDGE('',*,*,#8124,.T.);
#8126=ORIENTED_EDGE('',*,*,#8020,.F.);
#8127=EDGE_LOOP('',(#8122,#8123,#8125,#8126));
#8128=FACE_OUTER_BOUND('',#8127,.F.);
#8129=ADVANCED_FACE('',(#8128),#8121,.F.);
#8130=CARTESIAN_POINT('',(5.715E0,7.799999999999E0,-3.003983054263E-1));
#8131=DIRECTION('',(0.E0,0.E0,-1.E0));
#8132=DIRECTION('',(0.E0,-1.E0,0.E0));
#8133=AXIS2_PLACEMENT_3D('',#8130,#8131,#8132);
#8134=CYLINDRICAL_SURFACE('',#8133,8.9154E-1);
#8135=ORIENTED_EDGE('',*,*,#8022,.F.);
#8136=ORIENTED_EDGE('',*,*,#8124,.F.);
#8137=ORIENTED_EDGE('',*,*,#7755,.T.);
#8138=ORIENTED_EDGE('',*,*,#7795,.T.);
#8139=EDGE_LOOP('',(#8135,#8136,#8137,#8138));
#8140=FACE_OUTER_BOUND('',#8139,.F.);
#8141=ADVANCED_FACE('',(#8140),#8134,.F.);
#8142=CARTESIAN_POINT('',(5.715E0,7.799999999999E0,-1.038850626288E0));
#8143=DIRECTION('',(0.E0,0.E0,-1.E0));
#8144=DIRECTION('',(0.E0,-1.E0,0.E0));
#8145=AXIS2_PLACEMENT_3D('',#8142,#8143,#8144);
#8146=CYLINDRICAL_SURFACE('',#8145,1.0922E0);
#8147=ORIENTED_EDGE('',*,*,#7765,.F.);
#8148=ORIENTED_EDGE('',*,*,#8058,.T.);
#8149=ORIENTED_EDGE('',*,*,#8036,.T.);
#8151=ORIENTED_EDGE('',*,*,#8150,.T.);
#8152=EDGE_LOOP('',(#8147,#8148,#8149,#8151));
#8153=FACE_OUTER_BOUND('',#8152,.F.);
#8154=ADVANCED_FACE('',(#8153),#8146,.F.);
#8155=CARTESIAN_POINT('',(5.715E0,7.799999999999E0,-8.088592321666E-1));
#8156=DIRECTION('',(0.E0,0.E0,-1.E0));
#8157=DIRECTION('',(0.E0,-1.E0,0.E0));
#8158=AXIS2_PLACEMENT_3D('',#8155,#8156,#8157);
#8159=CYLINDRICAL_SURFACE('',#8158,1.0922E0);
#8160=ORIENTED_EDGE('',*,*,#8150,.F.);
#8161=ORIENTED_EDGE('',*,*,#8034,.T.);
#8163=ORIENTED_EDGE('',*,*,#8162,.T.);
#8164=ORIENTED_EDGE('',*,*,#7767,.F.);
#8165=EDGE_LOOP('',(#8160,#8161,#8163,#8164));
#8166=FACE_OUTER_BOUND('',#8165,.F.);
#8167=ADVANCED_FACE('',(#8166),#8159,.F.);
#8168=CARTESIAN_POINT('',(5.715E0,7.799999999999E0,-5.820735178809E-1));
#8169=DIRECTION('',(0.E0,0.E0,-1.E0));
#8170=DIRECTION('',(0.E0,-1.E0,0.E0));
#8171=AXIS2_PLACEMENT_3D('',#8168,#8169,#8170);
#8172=CYLINDRICAL_SURFACE('',#8171,1.0922E0);
#8173=ORIENTED_EDGE('',*,*,#7769,.F.);
#8174=ORIENTED_EDGE('',*,*,#8162,.F.);
#8175=ORIENTED_EDGE('',*,*,#8032,.T.);
#8177=ORIENTED_EDGE('',*,*,#8176,.T.);
#8178=EDGE_LOOP('',(#8173,#8174,#8175,#8177));
#8179=FACE_OUTER_BOUND('',#8178,.F.);
#8180=ADVANCED_FACE('',(#8179),#8172,.F.);
#8181=CARTESIAN_POINT('',(5.715E0,7.799999999999E0,-3.552878035952E-1));
#8182=DIRECTION('',(0.E0,0.E0,-1.E0));
#8183=DIRECTION('',(0.E0,-1.E0,0.E0));
#8184=AXIS2_PLACEMENT_3D('',#8181,#8182,#8183);
#8185=CYLINDRICAL_SURFACE('',#8184,1.0922E0);
#8186=ORIENTED_EDGE('',*,*,#8176,.F.);
#8187=ORIENTED_EDGE('',*,*,#8030,.T.);
#8189=ORIENTED_EDGE('',*,*,#8188,.T.);
#8190=ORIENTED_EDGE('',*,*,#7771,.F.);
#8191=EDGE_LOOP('',(#8186,#8187,#8189,#8190));
#8192=FACE_OUTER_BOUND('',#8191,.F.);
#8193=ADVANCED_FACE('',(#8192),#8185,.F.);
#8194=CARTESIAN_POINT('',(5.715E0,7.799999999999E0,-1.285020893095E-1));
#8195=DIRECTION('',(0.E0,0.E0,-1.E0));
#8196=DIRECTION('',(0.E0,-1.E0,0.E0));
#8197=AXIS2_PLACEMENT_3D('',#8194,#8195,#8196);
#8198=CYLINDRICAL_SURFACE('',#8197,1.0922E0);
#8199=ORIENTED_EDGE('',*,*,#7773,.F.);
#8200=ORIENTED_EDGE('',*,*,#8188,.F.);
#8201=ORIENTED_EDGE('',*,*,#8028,.T.);
#8203=ORIENTED_EDGE('',*,*,#8202,.T.);
#8204=EDGE_LOOP('',(#8199,#8200,#8201,#8203));
#8205=FACE_OUTER_BOUND('',#8204,.F.);
#8206=ADVANCED_FACE('',(#8205),#8198,.F.);
#8207=CARTESIAN_POINT('',(5.715E0,7.799999999999E0,-4.981106190526E-2));
#8208=DIRECTION('',(0.E0,0.E0,-1.E0));
#8209=DIRECTION('',(0.E0,-1.E0,0.E0));
#8210=AXIS2_PLACEMENT_3D('',#8207,#8208,#8209);
#8211=CYLINDRICAL_SURFACE('',#8210,1.0922E0);
#8212=ORIENTED_EDGE('',*,*,#8202,.F.);
#8213=ORIENTED_EDGE('',*,*,#8026,.F.);
#8214=ORIENTED_EDGE('',*,*,#7494,.T.);
#8215=ORIENTED_EDGE('',*,*,#7775,.F.);
#8216=EDGE_LOOP('',(#8212,#8213,#8214,#8215));
#8217=FACE_OUTER_BOUND('',#8216,.F.);
#8218=ADVANCED_FACE('',(#8217),#8211,.F.);
#8219=CARTESIAN_POINT('',(0.E0,0.E0,2.46000315E0));
#8220=DIRECTION('',(0.E0,0.E0,-1.E0));
#8221=DIRECTION('',(-1.E0,0.E0,0.E0));
#8222=AXIS2_PLACEMENT_3D('',#8219,#8220,#8221);
#8223=CYLINDRICAL_SURFACE('',#8222,6.31E0);
#8225=ORIENTED_EDGE('',*,*,#8224,.T.);
#8227=ORIENTED_EDGE('',*,*,#8226,.T.);
#8229=ORIENTED_EDGE('',*,*,#8228,.F.);
#8230=ORIENTED_EDGE('',*,*,#6063,.T.);
#8231=EDGE_LOOP('',(#8225,#8227,#8229,#8230));
#8232=FACE_OUTER_BOUND('',#8231,.F.);
#8233=ADVANCED_FACE('',(#8232),#8223,.T.);
#8234=CARTESIAN_POINT('',(0.E0,0.E0,2.46000315E0));
#8235=DIRECTION('',(0.E0,0.E0,-1.E0));
#8236=DIRECTION('',(0.E0,-1.E0,0.E0));
#8237=AXIS2_PLACEMENT_3D('',#8234,#8235,#8236);
#8238=CYLINDRICAL_SURFACE('',#8237,6.31E0);
#8239=ORIENTED_EDGE('',*,*,#8224,.F.);
#8240=ORIENTED_EDGE('',*,*,#6067,.T.);
#8241=ORIENTED_EDGE('',*,*,#6065,.T.);
#8242=ORIENTED_EDGE('',*,*,#8228,.T.);
#8244=ORIENTED_EDGE('',*,*,#8243,.T.);
#8246=ORIENTED_EDGE('',*,*,#8245,.T.);
#8247=EDGE_LOOP('',(#8239,#8240,#8241,#8242,#8244,#8246));
#8248=FACE_OUTER_BOUND('',#8247,.F.);
#8249=ADVANCED_FACE('',(#8248),#8238,.T.);
#8250=CARTESIAN_POINT('',(-6.62550315E0,6.62550315E0,2.4E0));
#8251=DIRECTION('',(0.E0,0.E0,1.E0));
#8252=DIRECTION('',(0.E0,-1.E0,0.E0));
#8253=AXIS2_PLACEMENT_3D('',#8250,#8251,#8252);
#8254=PLANE('',#8253);
#8255=ORIENTED_EDGE('',*,*,#8243,.F.);
#8256=ORIENTED_EDGE('',*,*,#8226,.F.);
#8257=ORIENTED_EDGE('',*,*,#8245,.F.);
#8258=EDGE_LOOP('',(#8255,#8256,#8257));
#8259=FACE_OUTER_BOUND('',#8258,.F.);
#8261=ORIENTED_EDGE('',*,*,#8260,.F.);
#8263=ORIENTED_EDGE('',*,*,#8262,.F.);
#8265=ORIENTED_EDGE('',*,*,#8264,.F.);
#8266=EDGE_LOOP('',(#8261,#8263,#8265));
#8267=FACE_BOUND('',#8266,.F.);
#8268=ADVANCED_FACE('',(#8259,#8267),#8254,.T.);
#8269=CARTESIAN_POINT('',(0.E0,0.E0,2.26382185E0));
#8270=DIRECTION('',(0.E0,0.E0,1.E0));
#8271=DIRECTION('',(0.E0,1.E0,0.E0));
#8272=AXIS2_PLACEMENT_3D('',#8269,#8270,#8271);
#8273=CYLINDRICAL_SURFACE('',#8272,4.825E0);
#8275=ORIENTED_EDGE('',*,*,#8274,.F.);
#8277=ORIENTED_EDGE('',*,*,#8276,.T.);
#8279=ORIENTED_EDGE('',*,*,#8278,.F.);
#8281=ORIENTED_EDGE('',*,*,#8280,.T.);
#8283=ORIENTED_EDGE('',*,*,#8282,.T.);
#8285=ORIENTED_EDGE('',*,*,#8284,.F.);
#8287=ORIENTED_EDGE('',*,*,#8286,.T.);
#8289=ORIENTED_EDGE('',*,*,#8288,.T.);
#8290=ORIENTED_EDGE('',*,*,#8260,.T.);
#8291=EDGE_LOOP('',(#8275,#8277,#8279,#8281,#8283,#8285,#8287,#8289,#8290));
#8292=FACE_OUTER_BOUND('',#8291,.F.);
#8293=ADVANCED_FACE('',(#8292),#8273,.T.);
#8294=CARTESIAN_POINT('',(0.E0,0.E0,2.26382185E0));
#8295=DIRECTION('',(0.E0,0.E0,1.E0));
#8296=DIRECTION('',(1.E0,0.E0,0.E0));
#8297=AXIS2_PLACEMENT_3D('',#8294,#8295,#8296);
#8298=CYLINDRICAL_SURFACE('',#8297,4.825E0);
#8299=ORIENTED_EDGE('',*,*,#8274,.T.);
#8300=ORIENTED_EDGE('',*,*,#8264,.T.);
#8301=ORIENTED_EDGE('',*,*,#8262,.T.);
#8302=ORIENTED_EDGE('',*,*,#8288,.F.);
#8304=ORIENTED_EDGE('',*,*,#8303,.T.);
#8306=ORIENTED_EDGE('',*,*,#8305,.F.);
#8308=ORIENTED_EDGE('',*,*,#8307,.T.);
#8310=ORIENTED_EDGE('',*,*,#8309,.T.);
#8312=ORIENTED_EDGE('',*,*,#8311,.F.);
#8314=ORIENTED_EDGE('',*,*,#8313,.T.);
#8315=EDGE_LOOP('',(#8299,#8300,#8301,#8302,#8304,#8306,#8308,#8310,#8312,
#8314));
#8316=FACE_OUTER_BOUND('',#8315,.F.);
#8317=ADVANCED_FACE('',(#8316),#8298,.T.);
#8318=CARTESIAN_POINT('',(0.E0,0.E0,8.837E0));
#8319=DIRECTION('',(0.E0,0.E0,1.E0));
#8320=DIRECTION('',(0.E0,1.E0,0.E0));
#8321=AXIS2_PLACEMENT_3D('',#8318,#8319,#8320);
#8322=TOROIDAL_SURFACE('',#8321,8.762196762506E0,4.059755946691E0);
#8324=ORIENTED_EDGE('',*,*,#8323,.F.);
#8326=ORIENTED_EDGE('',*,*,#8325,.F.);
#8328=ORIENTED_EDGE('',*,*,#8327,.F.);
#8330=ORIENTED_EDGE('',*,*,#8329,.F.);
#8331=ORIENTED_EDGE('',*,*,#8303,.F.);
#8332=ORIENTED_EDGE('',*,*,#8286,.F.);
#8334=ORIENTED_EDGE('',*,*,#8333,.T.);
#8336=ORIENTED_EDGE('',*,*,#8335,.T.);
#8337=EDGE_LOOP('',(#8324,#8326,#8328,#8330,#8331,#8332,#8334,#8336));
#8338=FACE_OUTER_BOUND('',#8337,.F.);
#8339=ADVANCED_FACE('',(#8338),#8322,.F.);
#8340=CARTESIAN_POINT('',(0.E0,0.E0,9.74942185E0));
#8341=DIRECTION('',(0.E0,0.E0,1.E0));
#8342=DIRECTION('',(0.E0,1.E0,0.E0));
#8343=AXIS2_PLACEMENT_3D('',#8340,#8341,#8342);
#8344=CYLINDRICAL_SURFACE('',#8343,4.825E0);
#8346=ORIENTED_EDGE('',*,*,#8345,.F.);
#8348=ORIENTED_EDGE('',*,*,#8347,.T.);
#8350=ORIENTED_EDGE('',*,*,#8349,.T.);
#8352=ORIENTED_EDGE('',*,*,#8351,.T.);
#8353=ORIENTED_EDGE('',*,*,#8323,.T.);
#8355=ORIENTED_EDGE('',*,*,#8354,.F.);
#8357=ORIENTED_EDGE('',*,*,#8356,.T.);
#8359=ORIENTED_EDGE('',*,*,#8358,.T.);
#8361=ORIENTED_EDGE('',*,*,#8360,.F.);
#8363=ORIENTED_EDGE('',*,*,#8362,.T.);
#8364=EDGE_LOOP('',(#8346,#8348,#8350,#8352,#8353,#8355,#8357,#8359,#8361,
#8363));
#8365=FACE_OUTER_BOUND('',#8364,.F.);
#8366=ADVANCED_FACE('',(#8365),#8344,.T.);
#8367=CARTESIAN_POINT('',(0.E0,0.E0,9.74942185E0));
#8368=DIRECTION('',(0.E0,0.E0,1.E0));
#8369=DIRECTION('',(0.E0,1.E0,0.E0));
#8370=AXIS2_PLACEMENT_3D('',#8367,#8368,#8369);
#8371=CYLINDRICAL_SURFACE('',#8370,4.825E0);
#8372=ORIENTED_EDGE('',*,*,#8345,.T.);
#8374=ORIENTED_EDGE('',*,*,#8373,.T.);
#8376=ORIENTED_EDGE('',*,*,#8375,.F.);
#8378=ORIENTED_EDGE('',*,*,#8377,.T.);
#8380=ORIENTED_EDGE('',*,*,#8379,.F.);
#8381=ORIENTED_EDGE('',*,*,#8325,.T.);
#8382=ORIENTED_EDGE('',*,*,#8351,.F.);
#8384=ORIENTED_EDGE('',*,*,#8383,.T.);
#8385=EDGE_LOOP('',(#8372,#8374,#8376,#8378,#8380,#8381,#8382,#8384));
#8386=FACE_OUTER_BOUND('',#8385,.F.);
#8387=ADVANCED_FACE('',(#8386),#8371,.T.);
#8388=CARTESIAN_POINT('',(0.E0,0.E0,8.837E0));
#8389=DIRECTION('',(0.E0,0.E0,1.E0));
#8390=DIRECTION('',(0.E0,1.E0,0.E0));
#8391=AXIS2_PLACEMENT_3D('',#8388,#8389,#8390);
#8392=TOROIDAL_SURFACE('',#8391,8.762196762506E0,4.059755946691E0);
#8393=ORIENTED_EDGE('',*,*,#8373,.F.);
#8394=ORIENTED_EDGE('',*,*,#8362,.F.);
#8396=ORIENTED_EDGE('',*,*,#8395,.T.);
#8398=ORIENTED_EDGE('',*,*,#8397,.T.);
#8399=ORIENTED_EDGE('',*,*,#8276,.F.);
#8400=ORIENTED_EDGE('',*,*,#8313,.F.);
#8402=ORIENTED_EDGE('',*,*,#8401,.F.);
#8404=ORIENTED_EDGE('',*,*,#8403,.F.);
#8405=EDGE_LOOP('',(#8393,#8394,#8396,#8398,#8399,#8400,#8402,#8404));
#8406=FACE_OUTER_BOUND('',#8405,.F.);
#8407=ADVANCED_FACE('',(#8406),#8392,.F.);
#8408=CARTESIAN_POINT('',(4.545E0,1.943703681120E0,1.273689783037E1));
#8409=DIRECTION('',(1.E0,0.E0,0.E0));
#8410=DIRECTION('',(0.E0,-1.E0,0.E0));
#8411=AXIS2_PLACEMENT_3D('',#8408,#8409,#8410);
#8412=PLANE('',#8411);
#8413=ORIENTED_EDGE('',*,*,#8360,.T.);
#8415=ORIENTED_EDGE('',*,*,#8414,.F.);
#8417=ORIENTED_EDGE('',*,*,#8416,.F.);
#8418=ORIENTED_EDGE('',*,*,#8354,.T.);
#8419=ORIENTED_EDGE('',*,*,#8335,.F.);
#8420=ORIENTED_EDGE('',*,*,#8333,.F.);
#8421=ORIENTED_EDGE('',*,*,#8284,.T.);
#8423=ORIENTED_EDGE('',*,*,#8422,.F.);
#8425=ORIENTED_EDGE('',*,*,#8424,.F.);
#8426=ORIENTED_EDGE('',*,*,#8278,.T.);
#8427=ORIENTED_EDGE('',*,*,#8397,.F.);
#8428=ORIENTED_EDGE('',*,*,#8395,.F.);
#8429=EDGE_LOOP('',(#8413,#8415,#8417,#8418,#8419,#8420,#8421,#8423,#8425,#8426,
#8427,#8428));
#8430=FACE_OUTER_BOUND('',#8429,.F.);
#8432=ORIENTED_EDGE('',*,*,#8431,.F.);
#8434=ORIENTED_EDGE('',*,*,#8433,.F.);
#8436=ORIENTED_EDGE('',*,*,#8435,.F.);
#8438=ORIENTED_EDGE('',*,*,#8437,.F.);
#8439=EDGE_LOOP('',(#8432,#8434,#8436,#8438));
#8440=FACE_BOUND('',#8439,.F.);
#8441=ADVANCED_FACE('',(#8430,#8440),#8412,.T.);
#8442=CARTESIAN_POINT('',(4.529934134112E0,7.112366251505E-14,8.84E0));
#8443=DIRECTION('',(1.E0,1.228014903370E-14,1.587924913716E-14));
#8444=DIRECTION('',(1.587924913716E-14,0.E0,-1.E0));
#8445=AXIS2_PLACEMENT_3D('',#8442,#8443,#8444);
#8446=CYLINDRICAL_SURFACE('',#8445,2.375E0);
#8447=ORIENTED_EDGE('',*,*,#8414,.T.);
#8448=ORIENTED_EDGE('',*,*,#8358,.F.);
#8449=ORIENTED_EDGE('',*,*,#8356,.F.);
#8450=ORIENTED_EDGE('',*,*,#8416,.T.);
#8451=EDGE_LOOP('',(#8447,#8448,#8449,#8450));
#8452=FACE_OUTER_BOUND('',#8451,.F.);
#8453=ADVANCED_FACE('',(#8452),#8446,.F.);
#8454=CARTESIAN_POINT('',(4.529934134112E0,0.E0,8.84E0));
#8455=DIRECTION('',(1.E0,0.E0,0.E0));
#8456=DIRECTION('',(0.E0,0.E0,-1.E0));
#8457=AXIS2_PLACEMENT_3D('',#8454,#8455,#8456);
#8458=CYLINDRICAL_SURFACE('',#8457,2.375E0);
#8459=ORIENTED_EDGE('',*,*,#8422,.T.);
#8460=ORIENTED_EDGE('',*,*,#8282,.F.);
#8461=ORIENTED_EDGE('',*,*,#8280,.F.);
#8462=ORIENTED_EDGE('',*,*,#8424,.T.);
#8463=EDGE_LOOP('',(#8459,#8460,#8461,#8462));
#8464=FACE_OUTER_BOUND('',#8463,.F.);
#8465=ADVANCED_FACE('',(#8464),#8458,.F.);
#8466=CARTESIAN_POINT('',(4.520686067565E0,0.E0,8.84E0));
#8467=DIRECTION('',(1.E0,0.E0,0.E0));
#8468=DIRECTION('',(0.E0,0.E0,-1.E0));
#8469=AXIS2_PLACEMENT_3D('',#8466,#8467,#8468);
#8470=CYLINDRICAL_SURFACE('',#8469,9.9E-1);
#8472=ORIENTED_EDGE('',*,*,#8471,.T.);
#8473=ORIENTED_EDGE('',*,*,#8431,.T.);
#8474=ORIENTED_EDGE('',*,*,#8437,.T.);
#8476=ORIENTED_EDGE('',*,*,#8475,.F.);
#8478=ORIENTED_EDGE('',*,*,#8477,.T.);
#8479=EDGE_LOOP('',(#8472,#8473,#8474,#8476,#8478));
#8480=FACE_OUTER_BOUND('',#8479,.F.);
#8481=ADVANCED_FACE('',(#8480),#8470,.T.);
#8482=CARTESIAN_POINT('',(4.520685952198E0,0.E0,8.84E0));
#8483=DIRECTION('',(1.E0,0.E0,0.E0));
#8484=DIRECTION('',(0.E0,0.E0,-1.E0));
#8485=AXIS2_PLACEMENT_3D('',#8482,#8483,#8484);
#8486=CYLINDRICAL_SURFACE('',#8485,9.9E-1);
#8487=ORIENTED_EDGE('',*,*,#8471,.F.);
#8489=ORIENTED_EDGE('',*,*,#8488,.T.);
#8491=ORIENTED_EDGE('',*,*,#8490,.T.);
#8492=ORIENTED_EDGE('',*,*,#8475,.T.);
#8493=ORIENTED_EDGE('',*,*,#8435,.T.);
#8494=ORIENTED_EDGE('',*,*,#8433,.T.);
#8495=EDGE_LOOP('',(#8487,#8489,#8491,#8492,#8493,#8494));
#8496=FACE_OUTER_BOUND('',#8495,.F.);
#8497=ADVANCED_FACE('',(#8496),#8486,.T.);
#8498=CARTESIAN_POINT('',(2.602085213965E-14,1.561251128379E-14,
9.880816067159E0));
#8499=DIRECTION('',(0.E0,0.E0,-1.E0));
#8500=DIRECTION('',(-1.E0,0.E0,0.E0));
#8501=AXIS2_PLACEMENT_3D('',#8498,#8499,#8500);
#8502=CYLINDRICAL_SURFACE('',#8501,5.5118E0);
#8503=ORIENTED_EDGE('',*,*,#8477,.F.);
#8504=ORIENTED_EDGE('',*,*,#8490,.F.);
#8505=ORIENTED_EDGE('',*,*,#8488,.F.);
#8506=EDGE_LOOP('',(#8503,#8504,#8505));
#8507=FACE_OUTER_BOUND('',#8506,.F.);
#8508=ADVANCED_FACE('',(#8507),#8502,.T.);
#8509=CARTESIAN_POINT('',(-4.545E0,1.943703681120E0,4.943102169621E0));
#8510=DIRECTION('',(-1.E0,0.E0,0.E0));
#8511=DIRECTION('',(0.E0,-1.E0,0.E0));
#8512=AXIS2_PLACEMENT_3D('',#8509,#8510,#8511);
#8513=PLANE('',#8512);
#8515=ORIENTED_EDGE('',*,*,#8514,.F.);
#8516=ORIENTED_EDGE('',*,*,#8375,.T.);
#8517=ORIENTED_EDGE('',*,*,#8403,.T.);
#8518=ORIENTED_EDGE('',*,*,#8401,.T.);
#8519=ORIENTED_EDGE('',*,*,#8311,.T.);
#8521=ORIENTED_EDGE('',*,*,#8520,.F.);
#8523=ORIENTED_EDGE('',*,*,#8522,.F.);
#8524=ORIENTED_EDGE('',*,*,#8305,.T.);
#8525=ORIENTED_EDGE('',*,*,#8329,.T.);
#8526=ORIENTED_EDGE('',*,*,#8327,.T.);
#8527=ORIENTED_EDGE('',*,*,#8379,.T.);
#8529=ORIENTED_EDGE('',*,*,#8528,.F.);
#8530=EDGE_LOOP('',(#8515,#8516,#8517,#8518,#8519,#8521,#8523,#8524,#8525,#8526,
#8527,#8529));
#8531=FACE_OUTER_BOUND('',#8530,.F.);
#8533=ORIENTED_EDGE('',*,*,#8532,.F.);
#8535=ORIENTED_EDGE('',*,*,#8534,.F.);
#8537=ORIENTED_EDGE('',*,*,#8536,.F.);
#8539=ORIENTED_EDGE('',*,*,#8538,.F.);
#8540=EDGE_LOOP('',(#8533,#8535,#8537,#8539));
#8541=FACE_BOUND('',#8540,.F.);
#8542=ADVANCED_FACE('',(#8531,#8541),#8513,.T.);
#8543=CARTESIAN_POINT('',(-4.836630590383E0,-7.806255641896E-14,8.84E0));
#8544=DIRECTION('',(1.E0,0.E0,0.E0));
#8545=DIRECTION('',(0.E0,0.E0,-1.E0));
#8546=AXIS2_PLACEMENT_3D('',#8543,#8544,#8545);
#8547=CYLINDRICAL_SURFACE('',#8546,2.375E0);
#8548=ORIENTED_EDGE('',*,*,#8528,.T.);
#8549=ORIENTED_EDGE('',*,*,#8377,.F.);
#8550=ORIENTED_EDGE('',*,*,#8514,.T.);
#8551=EDGE_LOOP('',(#8548,#8549,#8550));
#8552=FACE_OUTER_BOUND('',#8551,.F.);
#8553=ADVANCED_FACE('',(#8552),#8547,.F.);
#8554=CARTESIAN_POINT('',(-4.836630590383E0,0.E0,8.84E0));
#8555=DIRECTION('',(1.E0,0.E0,0.E0));
#8556=DIRECTION('',(0.E0,0.E0,-1.E0));
#8557=AXIS2_PLACEMENT_3D('',#8554,#8555,#8556);
#8558=CYLINDRICAL_SURFACE('',#8557,2.375E0);
#8559=ORIENTED_EDGE('',*,*,#8520,.T.);
#8560=ORIENTED_EDGE('',*,*,#8309,.F.);
#8561=ORIENTED_EDGE('',*,*,#8307,.F.);
#8562=ORIENTED_EDGE('',*,*,#8522,.T.);
#8563=EDGE_LOOP('',(#8559,#8560,#8561,#8562));
#8564=FACE_OUTER_BOUND('',#8563,.F.);
#8565=ADVANCED_FACE('',(#8564),#8558,.F.);
#8566=CARTESIAN_POINT('',(-5.541743957095E0,0.E0,8.84E0));
#8567=DIRECTION('',(1.E0,0.E0,0.E0));
#8568=DIRECTION('',(0.E0,0.E0,-1.E0));
#8569=AXIS2_PLACEMENT_3D('',#8566,#8567,#8568);
#8570=CYLINDRICAL_SURFACE('',#8569,9.9E-1);
#8572=ORIENTED_EDGE('',*,*,#8571,.T.);
#8574=ORIENTED_EDGE('',*,*,#8573,.F.);
#8575=ORIENTED_EDGE('',*,*,#8532,.T.);
#8576=ORIENTED_EDGE('',*,*,#8538,.T.);
#8578=ORIENTED_EDGE('',*,*,#8577,.T.);
#8580=ORIENTED_EDGE('',*,*,#8579,.T.);
#8581=EDGE_LOOP('',(#8572,#8574,#8575,#8576,#8578,#8580));
#8582=FACE_OUTER_BOUND('',#8581,.F.);
#8583=ADVANCED_FACE('',(#8582),#8570,.T.);
#8584=CARTESIAN_POINT('',(-5.421010862428E-14,0.E0,9.880814690430E0));
#8585=DIRECTION('',(0.E0,0.E0,-1.E0));
#8586=DIRECTION('',(-1.E0,0.E0,0.E0));
#8587=AXIS2_PLACEMENT_3D('',#8584,#8585,#8586);
#8588=CYLINDRICAL_SURFACE('',#8587,5.5118E0);
#8589=ORIENTED_EDGE('',*,*,#8579,.F.);
#8591=ORIENTED_EDGE('',*,*,#8590,.T.);
#8592=ORIENTED_EDGE('',*,*,#8571,.F.);
#8593=EDGE_LOOP('',(#8589,#8591,#8592));
#8594=FACE_OUTER_BOUND('',#8593,.F.);
#8595=ADVANCED_FACE('',(#8594),#8588,.T.);
#8596=CARTESIAN_POINT('',(-5.541748687160E0,0.E0,8.84E0));
#8597=DIRECTION('',(1.E0,0.E0,0.E0));
#8598=DIRECTION('',(0.E0,0.E0,-1.E0));
#8599=AXIS2_PLACEMENT_3D('',#8596,#8597,#8598);
#8600=CYLINDRICAL_SURFACE('',#8599,9.9E-1);
#8601=ORIENTED_EDGE('',*,*,#8573,.T.);
#8602=ORIENTED_EDGE('',*,*,#8590,.F.);
#8603=ORIENTED_EDGE('',*,*,#8577,.F.);
#8604=ORIENTED_EDGE('',*,*,#8536,.T.);
#8605=ORIENTED_EDGE('',*,*,#8534,.T.);
#8606=EDGE_LOOP('',(#8601,#8602,#8603,#8604,#8605));
#8607=FACE_OUTER_BOUND('',#8606,.F.);
#8608=ADVANCED_FACE('',(#8607),#8600,.T.);
#8609=CARTESIAN_POINT('',(0.E0,0.E0,1.3005E1));
#8610=DIRECTION('',(0.E0,0.E0,-1.E0));
#8611=DIRECTION('',(0.E0,-1.E0,0.E0));
#8612=AXIS2_PLACEMENT_3D('',#8609,#8610,#8611);
#8613=CONICAL_SURFACE('',#8612,4.75E0,4.5E1);
#8615=ORIENTED_EDGE('',*,*,#8614,.F.);
#8616=ORIENTED_EDGE('',*,*,#8383,.F.);
#8618=ORIENTED_EDGE('',*,*,#8617,.T.);
#8620=ORIENTED_EDGE('',*,*,#8619,.T.);
#8621=EDGE_LOOP('',(#8615,#8616,#8618,#8620));
#8622=FACE_OUTER_BOUND('',#8621,.F.);
#8623=ADVANCED_FACE('',(#8622),#8613,.T.);
#8624=CARTESIAN_POINT('',(0.E0,0.E0,1.3005E1));
#8625=DIRECTION('',(0.E0,0.E0,-1.E0));
#8626=DIRECTION('',(-1.E0,0.E0,0.E0));
#8627=AXIS2_PLACEMENT_3D('',#8624,#8625,#8626);
#8628=CONICAL_SURFACE('',#8627,4.75E0,4.5E1);
#8629=ORIENTED_EDGE('',*,*,#8614,.T.);
#8631=ORIENTED_EDGE('',*,*,#8630,.T.);
#8633=ORIENTED_EDGE('',*,*,#8632,.T.);
#8634=ORIENTED_EDGE('',*,*,#8617,.F.);
#8635=ORIENTED_EDGE('',*,*,#8349,.F.);
#8636=ORIENTED_EDGE('',*,*,#8347,.F.);
#8637=EDGE_LOOP('',(#8629,#8631,#8633,#8634,#8635,#8636));
#8638=FACE_OUTER_BOUND('',#8637,.F.);
#8639=ADVANCED_FACE('',(#8638),#8628,.T.);
#8640=CARTESIAN_POINT('',(-4.90875315E0,4.90875315E0,1.308E1));
#8641=DIRECTION('',(0.E0,0.E0,1.E0));
#8642=DIRECTION('',(0.E0,-1.E0,0.E0));
#8643=AXIS2_PLACEMENT_3D('',#8640,#8641,#8642);
#8644=PLANE('',#8643);
#8645=ORIENTED_EDGE('',*,*,#8630,.F.);
#8646=ORIENTED_EDGE('',*,*,#8619,.F.);
#8647=ORIENTED_EDGE('',*,*,#8632,.F.);
#8648=EDGE_LOOP('',(#8645,#8646,#8647));
#8649=FACE_OUTER_BOUND('',#8648,.F.);
#8651=ORIENTED_EDGE('',*,*,#8650,.F.);
#8653=ORIENTED_EDGE('',*,*,#8652,.F.);
#8654=EDGE_LOOP('',(#8651,#8653));
#8655=FACE_BOUND('',#8654,.F.);
#8656=ADVANCED_FACE('',(#8649,#8655),#8644,.T.);
#8657=CARTESIAN_POINT('',(0.E0,0.E0,1.279450817286E1));
#8658=DIRECTION('',(0.E0,0.E0,1.E0));
#8659=DIRECTION('',(0.E0,1.E0,0.E0));
#8660=AXIS2_PLACEMENT_3D('',#8657,#8658,#8659);
#8661=CONICAL_SURFACE('',#8660,4.325482248805E0,2.54696132E1);
#8663=ORIENTED_EDGE('',*,*,#8662,.F.);
#8664=ORIENTED_EDGE('',*,*,#8650,.T.);
#8666=ORIENTED_EDGE('',*,*,#8665,.T.);
#8668=ORIENTED_EDGE('',*,*,#8667,.F.);
#8670=ORIENTED_EDGE('',*,*,#8669,.F.);
#8671=EDGE_LOOP('',(#8663,#8664,#8666,#8668,#8670));
#8672=FACE_OUTER_BOUND('',#8671,.F.);
#8673=ADVANCED_FACE('',(#8672),#8661,.F.);
#8674=CARTESIAN_POINT('',(0.E0,0.E0,1.279450817286E1));
#8675=DIRECTION('',(0.E0,0.E0,1.E0));
#8676=DIRECTION('',(0.E0,1.E0,0.E0));
#8677=AXIS2_PLACEMENT_3D('',#8674,#8675,#8676);
#8678=CONICAL_SURFACE('',#8677,4.325482248805E0,2.54696132E1);
#8679=ORIENTED_EDGE('',*,*,#8662,.T.);
#8681=ORIENTED_EDGE('',*,*,#8680,.F.);
#8682=ORIENTED_EDGE('',*,*,#8665,.F.);
#8683=ORIENTED_EDGE('',*,*,#8652,.T.);
#8684=EDGE_LOOP('',(#8679,#8681,#8682,#8683));
#8685=FACE_OUTER_BOUND('',#8684,.F.);
#8686=ADVANCED_FACE('',(#8685),#8678,.F.);
#8687=CARTESIAN_POINT('',(0.E0,0.E0,8.590808172858E0));
#8688=DIRECTION('',(0.E0,0.E0,1.E0));
#8689=DIRECTION('',(0.E0,1.E0,0.E0));
#8690=AXIS2_PLACEMENT_3D('',#8687,#8688,#8689);
#8691=CONICAL_SURFACE('',#8690,4.126747721371E0,9.174786424020E-1);
#8693=ORIENTED_EDGE('',*,*,#8692,.T.);
#8695=ORIENTED_EDGE('',*,*,#8694,.F.);
#8696=ORIENTED_EDGE('',*,*,#8680,.T.);
#8698=ORIENTED_EDGE('',*,*,#8697,.T.);
#8699=EDGE_LOOP('',(#8693,#8695,#8696,#8698));
#8700=FACE_OUTER_BOUND('',#8699,.F.);
#8701=ADVANCED_FACE('',(#8700),#8691,.F.);
#8702=CARTESIAN_POINT('',(4.26720315E0,-4.26720315E0,4.6726E0));
#8703=DIRECTION('',(0.E0,0.E0,1.E0));
#8704=DIRECTION('',(0.E0,1.E0,0.E0));
#8705=AXIS2_PLACEMENT_3D('',#8702,#8703,#8704);
#8706=PLANE('',#8705);
#8707=ORIENTED_EDGE('',*,*,#8692,.F.);
#8709=ORIENTED_EDGE('',*,*,#8708,.F.);
#8711=ORIENTED_EDGE('',*,*,#8710,.F.);
#8712=EDGE_LOOP('',(#8707,#8709,#8711));
#8713=FACE_OUTER_BOUND('',#8712,.F.);
#8715=ORIENTED_EDGE('',*,*,#8714,.F.);
#8717=ORIENTED_EDGE('',*,*,#8716,.F.);
#8718=EDGE_LOOP('',(#8715,#8717));
#8719=FACE_BOUND('',#8718,.F.);
#8720=ADVANCED_FACE('',(#8713,#8719),#8706,.T.);
#8721=CARTESIAN_POINT('',(0.E0,0.E0,8.590808172858E0));
#8722=DIRECTION('',(0.E0,0.E0,1.E0));
#8723=DIRECTION('',(1.E0,0.E0,0.E0));
#8724=AXIS2_PLACEMENT_3D('',#8721,#8722,#8723);
#8725=CONICAL_SURFACE('',#8724,4.126747721371E0,9.174786424020E-1);
#8726=ORIENTED_EDGE('',*,*,#8694,.T.);
#8727=ORIENTED_EDGE('',*,*,#8710,.T.);
#8728=ORIENTED_EDGE('',*,*,#8708,.T.);
#8729=ORIENTED_EDGE('',*,*,#8697,.F.);
#8730=ORIENTED_EDGE('',*,*,#8669,.T.);
#8731=ORIENTED_EDGE('',*,*,#8667,.T.);
#8732=EDGE_LOOP('',(#8726,#8727,#8728,#8729,#8730,#8731));
#8733=FACE_OUTER_BOUND('',#8732,.F.);
#8734=ADVANCED_FACE('',(#8733),#8725,.F.);
#8735=CARTESIAN_POINT('',(0.E0,0.E0,9.825688149999E0));
#8736=DIRECTION('',(0.E0,0.E0,-1.E0));
#8737=DIRECTION('',(0.E0,-1.E0,0.E0));
#8738=AXIS2_PLACEMENT_3D('',#8735,#8736,#8737);
#8739=CYLINDRICAL_SURFACE('',#8738,1.524000000001E0);
#8741=ORIENTED_EDGE('',*,*,#8740,.T.);
#8743=ORIENTED_EDGE('',*,*,#8742,.T.);
#8745=ORIENTED_EDGE('',*,*,#8744,.F.);
#8746=ORIENTED_EDGE('',*,*,#8714,.T.);
#8747=EDGE_LOOP('',(#8741,#8743,#8745,#8746));
#8748=FACE_OUTER_BOUND('',#8747,.F.);
#8749=ADVANCED_FACE('',(#8748),#8739,.T.);
#8750=CARTESIAN_POINT('',(0.E0,0.E0,9.825688149999E0));
#8751=DIRECTION('',(0.E0,0.E0,-1.E0));
#8752=DIRECTION('',(0.E0,-1.E0,0.E0));
#8753=AXIS2_PLACEMENT_3D('',#8750,#8751,#8752);
#8754=CYLINDRICAL_SURFACE('',#8753,1.524000000001E0);
#8756=ORIENTED_EDGE('',*,*,#8755,.T.);
#8757=ORIENTED_EDGE('',*,*,#8740,.F.);
#8758=ORIENTED_EDGE('',*,*,#8716,.T.);
#8759=ORIENTED_EDGE('',*,*,#8744,.T.);
#8760=EDGE_LOOP('',(#8756,#8757,#8758,#8759));
#8761=FACE_OUTER_BOUND('',#8760,.F.);
#8762=ADVANCED_FACE('',(#8761),#8754,.T.);
#8763=CARTESIAN_POINT('',(-1.600203150001E0,1.600203150001E0,9.699999999999E0));
#8764=DIRECTION('',(0.E0,0.E0,1.E0));
#8765=DIRECTION('',(0.E0,-1.E0,0.E0));
#8766=AXIS2_PLACEMENT_3D('',#8763,#8764,#8765);
#8767=PLANE('',#8766);
#8768=ORIENTED_EDGE('',*,*,#8755,.F.);
#8769=ORIENTED_EDGE('',*,*,#8742,.F.);
#8770=EDGE_LOOP('',(#8768,#8769));
#8771=FACE_OUTER_BOUND('',#8770,.F.);
#8773=ORIENTED_EDGE('',*,*,#8772,.F.);
#8775=ORIENTED_EDGE('',*,*,#8774,.F.);
#8776=EDGE_LOOP('',(#8773,#8775));
#8777=FACE_BOUND('',#8776,.F.);
#8778=ADVANCED_FACE('',(#8771,#8777),#8767,.T.);
#8779=CARTESIAN_POINT('',(0.E0,0.E0,9.819820625923E0));
#8780=DIRECTION('',(0.E0,0.E0,-1.E0));
#8781=DIRECTION('',(0.E0,-1.E0,0.E0));
#8782=AXIS2_PLACEMENT_3D('',#8779,#8780,#8781);
#8783=CYLINDRICAL_SURFACE('',#8782,1.079500000001E0);
#8785=ORIENTED_EDGE('',*,*,#8784,.T.);
#8786=ORIENTED_EDGE('',*,*,#8772,.T.);
#8788=ORIENTED_EDGE('',*,*,#8787,.F.);
#8790=ORIENTED_EDGE('',*,*,#8789,.T.);
#8792=ORIENTED_EDGE('',*,*,#8791,.T.);
#8794=ORIENTED_EDGE('',*,*,#8793,.T.);
#8796=ORIENTED_EDGE('',*,*,#8795,.T.);
#8798=ORIENTED_EDGE('',*,*,#8797,.T.);
#8799=EDGE_LOOP('',(#8785,#8786,#8788,#8790,#8792,#8794,#8796,#8798));
#8800=FACE_OUTER_BOUND('',#8799,.F.);
#8801=ADVANCED_FACE('',(#8800),#8783,.F.);
#8802=CARTESIAN_POINT('',(0.E0,0.E0,9.819820625923E0));
#8803=DIRECTION('',(0.E0,0.E0,-1.E0));
#8804=DIRECTION('',(0.E0,-1.E0,0.E0));
#8805=AXIS2_PLACEMENT_3D('',#8802,#8803,#8804);
#8806=CYLINDRICAL_SURFACE('',#8805,1.079500000001E0);
#8807=ORIENTED_EDGE('',*,*,#8784,.F.);
#8809=ORIENTED_EDGE('',*,*,#8808,.F.);
#8811=ORIENTED_EDGE('',*,*,#8810,.T.);
#8813=ORIENTED_EDGE('',*,*,#8812,.T.);
#8815=ORIENTED_EDGE('',*,*,#8814,.T.);
#8817=ORIENTED_EDGE('',*,*,#8816,.T.);
#8818=ORIENTED_EDGE('',*,*,#8787,.T.);
#8819=ORIENTED_EDGE('',*,*,#8774,.T.);
#8820=EDGE_LOOP('',(#8807,#8809,#8811,#8813,#8815,#8817,#8818,#8819));
#8821=FACE_OUTER_BOUND('',#8820,.F.);
#8822=ADVANCED_FACE('',(#8821),#8806,.F.);
#8823=CARTESIAN_POINT('',(0.E0,3.646813366944E-3,4.758070623722E0));
#8824=DIRECTION('',(0.E0,-2.823732336891E-2,9.996012472826E-1));
#8825=DIRECTION('',(0.E0,9.996012472826E-1,2.823732336891E-2));
#8826=AXIS2_PLACEMENT_3D('',#8823,#8824,#8825);
#8827=CYLINDRICAL_SURFACE('',#8826,1.0795E0);
#8828=ORIENTED_EDGE('',*,*,#8808,.T.);
#8829=ORIENTED_EDGE('',*,*,#8797,.F.);
#8831=ORIENTED_EDGE('',*,*,#8830,.F.);
#8833=ORIENTED_EDGE('',*,*,#8832,.T.);
#8835=ORIENTED_EDGE('',*,*,#8834,.T.);
#8837=ORIENTED_EDGE('',*,*,#8836,.F.);
#8838=EDGE_LOOP('',(#8828,#8829,#8831,#8833,#8835,#8837));
#8839=FACE_OUTER_BOUND('',#8838,.F.);
#8840=ADVANCED_FACE('',(#8839),#8827,.T.);
#8841=CARTESIAN_POINT('',(3.767564451230E-1,4.548115008773E-1,
9.762008348891E0));
#8842=DIRECTION('',(7.071067811865E-1,-7.068248204361E-1,-1.996680283671E-2));
#8843=DIRECTION('',(0.E0,2.823732336891E-2,-9.996012472826E-1));
#8844=AXIS2_PLACEMENT_3D('',#8841,#8842,#8843);
#8845=PLANE('',#8844);
#8847=ORIENTED_EDGE('',*,*,#8846,.T.);
#8849=ORIENTED_EDGE('',*,*,#8848,.T.);
#8851=ORIENTED_EDGE('',*,*,#8850,.F.);
#8853=ORIENTED_EDGE('',*,*,#8852,.F.);
#8854=ORIENTED_EDGE('',*,*,#8830,.T.);
#8855=EDGE_LOOP('',(#8847,#8849,#8851,#8853,#8854));
#8856=FACE_OUTER_BOUND('',#8855,.F.);
#8857=ADVANCED_FACE('',(#8856),#8845,.T.);
#8858=CARTESIAN_POINT('',(-1.370703460457E0,1.295400000001E0,4.907300963043E0));
#8859=DIRECTION('',(0.E0,0.E0,1.E0));
#8860=DIRECTION('',(0.E0,-1.E0,0.E0));
#8861=AXIS2_PLACEMENT_3D('',#8858,#8859,#8860);
#8862=PLANE('',#8861);
#8863=ORIENTED_EDGE('',*,*,#8795,.F.);
#8865=ORIENTED_EDGE('',*,*,#8864,.F.);
#8867=ORIENTED_EDGE('',*,*,#8866,.F.);
#8868=ORIENTED_EDGE('',*,*,#8846,.F.);
#8869=EDGE_LOOP('',(#8863,#8865,#8867,#8868));
#8870=FACE_OUTER_BOUND('',#8869,.F.);
#8871=ADVANCED_FACE('',(#8870),#8862,.T.);
#8872=CARTESIAN_POINT('',(-1.370703460457E0,1.295400000001E0,4.907300963043E0));
#8873=DIRECTION('',(0.E0,0.E0,1.E0));
#8874=DIRECTION('',(0.E0,-1.E0,0.E0));
#8875=AXIS2_PLACEMENT_3D('',#8872,#8873,#8874);
#8876=PLANE('',#8875);
#8878=ORIENTED_EDGE('',*,*,#8877,.F.);
#8880=ORIENTED_EDGE('',*,*,#8879,.F.);
#8882=ORIENTED_EDGE('',*,*,#8881,.F.);
#8883=ORIENTED_EDGE('',*,*,#8810,.F.);
#8884=EDGE_LOOP('',(#8878,#8880,#8882,#8883));
#8885=FACE_OUTER_BOUND('',#8884,.F.);
#8886=ADVANCED_FACE('',(#8885),#8876,.T.);
#8887=CARTESIAN_POINT('',(-1.370703460457E0,1.295400000001E0,4.907300963043E0));
#8888=DIRECTION('',(0.E0,0.E0,1.E0));
#8889=DIRECTION('',(0.E0,-1.E0,0.E0));
#8890=AXIS2_PLACEMENT_3D('',#8887,#8888,#8889);
#8891=PLANE('',#8890);
#8892=ORIENTED_EDGE('',*,*,#8814,.F.);
#8894=ORIENTED_EDGE('',*,*,#8893,.F.);
#8896=ORIENTED_EDGE('',*,*,#8895,.F.);
#8898=ORIENTED_EDGE('',*,*,#8897,.F.);
#8899=EDGE_LOOP('',(#8892,#8894,#8896,#8898));
#8900=FACE_OUTER_BOUND('',#8899,.F.);
#8901=ADVANCED_FACE('',(#8900),#8891,.T.);
#8902=CARTESIAN_POINT('',(-1.370703460457E0,1.295400000001E0,4.907300963043E0));
#8903=DIRECTION('',(0.E0,0.E0,1.E0));
#8904=DIRECTION('',(0.E0,-1.E0,0.E0));
#8905=AXIS2_PLACEMENT_3D('',#8902,#8903,#8904);
#8906=PLANE('',#8905);
#8908=ORIENTED_EDGE('',*,*,#8907,.F.);
#8910=ORIENTED_EDGE('',*,*,#8909,.F.);
#8912=ORIENTED_EDGE('',*,*,#8911,.F.);
#8913=ORIENTED_EDGE('',*,*,#8791,.F.);
#8914=EDGE_LOOP('',(#8908,#8910,#8912,#8913));
#8915=FACE_OUTER_BOUND('',#8914,.F.);
#8916=ADVANCED_FACE('',(#8915),#8906,.T.);
#8917=CARTESIAN_POINT('',(7.324736621622E-1,6.545293691162E-1,
9.769851912769E0));
#8918=DIRECTION('',(-7.068248204361E-1,7.071067811865E-1,-1.996680283671E-2));
#8919=DIRECTION('',(2.823732336891E-2,0.E0,-9.996012472826E-1));
#8920=AXIS2_PLACEMENT_3D('',#8917,#8918,#8919);
#8921=PLANE('',#8920);
#8923=ORIENTED_EDGE('',*,*,#8922,.T.);
#8924=ORIENTED_EDGE('',*,*,#8864,.T.);
#8926=ORIENTED_EDGE('',*,*,#8925,.T.);
#8928=ORIENTED_EDGE('',*,*,#8927,.F.);
#8930=ORIENTED_EDGE('',*,*,#8929,.F.);
#8931=EDGE_LOOP('',(#8923,#8924,#8926,#8928,#8930));
#8932=FACE_OUTER_BOUND('',#8931,.F.);
#8933=ADVANCED_FACE('',(#8932),#8921,.T.);
#8934=CARTESIAN_POINT('',(3.166418150903E-3,0.E0,4.775076614371E0));
#8935=DIRECTION('',(-2.823732336892E-2,0.E0,9.996012472826E-1));
#8936=DIRECTION('',(9.996012472826E-1,0.E0,2.823732336892E-2));
#8937=AXIS2_PLACEMENT_3D('',#8934,#8935,#8936);
#8938=CYLINDRICAL_SURFACE('',#8937,7.112E-1);
#8939=ORIENTED_EDGE('',*,*,#8922,.F.);
#8941=ORIENTED_EDGE('',*,*,#8940,.T.);
#8943=ORIENTED_EDGE('',*,*,#8942,.T.);
#8945=ORIENTED_EDGE('',*,*,#8944,.F.);
#8947=ORIENTED_EDGE('',*,*,#8946,.F.);
#8949=ORIENTED_EDGE('',*,*,#8948,.F.);
#8950=EDGE_LOOP('',(#8939,#8941,#8943,#8945,#8947,#8949));
#8951=FACE_OUTER_BOUND('',#8950,.F.);
#8952=ADVANCED_FACE('',(#8951),#8938,.F.);
#8953=CARTESIAN_POINT('',(-1.302966552835E-1,6.626417173631E-14,
9.499669414062E0));
#8954=DIRECTION('',(-2.823732336893E-2,-1.031075214406E-14,9.996012472826E-1));
#8955=DIRECTION('',(9.996012472826E-1,0.E0,2.823732336893E-2));
#8956=AXIS2_PLACEMENT_3D('',#8953,#8954,#8955);
#8957=CONICAL_SURFACE('',#8956,8.381999999999E-1,4.5E1);
#8958=ORIENTED_EDGE('',*,*,#8929,.T.);
#8960=ORIENTED_EDGE('',*,*,#8959,.T.);
#8962=ORIENTED_EDGE('',*,*,#8961,.T.);
#8964=ORIENTED_EDGE('',*,*,#8963,.T.);
#8965=ORIENTED_EDGE('',*,*,#8942,.F.);
#8966=ORIENTED_EDGE('',*,*,#8940,.F.);
#8967=EDGE_LOOP('',(#8958,#8960,#8962,#8964,#8965,#8966));
#8968=FACE_OUTER_BOUND('',#8967,.F.);
#8969=ADVANCED_FACE('',(#8968),#8957,.F.);
#8970=CARTESIAN_POINT('',(7.292126593546E-1,-6.803137418586E-1,9.651E0));
#8971=DIRECTION('',(-2.823732336891E-2,0.E0,9.996012472826E-1));
#8972=DIRECTION('',(7.068248204361E-1,7.071067811865E-1,1.996680283671E-2));
#8973=AXIS2_PLACEMENT_3D('',#8970,#8971,#8972);
#8974=PLANE('',#8973);
#8975=ORIENTED_EDGE('',*,*,#8959,.F.);
#8976=ORIENTED_EDGE('',*,*,#8927,.T.);
#8978=ORIENTED_EDGE('',*,*,#8977,.F.);
#8980=ORIENTED_EDGE('',*,*,#8979,.F.);
#8982=ORIENTED_EDGE('',*,*,#8981,.T.);
#8983=ORIENTED_EDGE('',*,*,#8961,.F.);
#8984=EDGE_LOOP('',(#8975,#8976,#8978,#8980,#8982,#8983));
#8985=FACE_OUTER_BOUND('',#8984,.F.);
#8986=ADVANCED_FACE('',(#8985),#8974,.T.);
#8987=CARTESIAN_POINT('',(3.646813366938E-3,0.E0,4.758070623722E0));
#8988=DIRECTION('',(-2.823732336891E-2,0.E0,9.996012472826E-1));
#8989=DIRECTION('',(9.996012472826E-1,0.E0,2.823732336891E-2));
#8990=AXIS2_PLACEMENT_3D('',#8987,#8988,#8989);
#8991=CYLINDRICAL_SURFACE('',#8990,1.0795E0);
#8992=ORIENTED_EDGE('',*,*,#8793,.F.);
#8994=ORIENTED_EDGE('',*,*,#8993,.F.);
#8995=ORIENTED_EDGE('',*,*,#8979,.T.);
#8996=ORIENTED_EDGE('',*,*,#8977,.T.);
#8997=ORIENTED_EDGE('',*,*,#8925,.F.);
#8998=EDGE_LOOP('',(#8992,#8994,#8995,#8996,#8997));
#8999=FACE_OUTER_BOUND('',#8998,.F.);
#9000=ADVANCED_FACE('',(#8999),#8991,.T.);
#9001=CARTESIAN_POINT('',(4.548115008773E-1,-3.767564451230E-1,
9.762008348891E0));
#9002=DIRECTION('',(-7.068248204361E-1,-7.071067811865E-1,-1.996680283671E-2));
#9003=DIRECTION('',(2.823732336891E-2,0.E0,-9.996012472826E-1));
#9004=AXIS2_PLACEMENT_3D('',#9001,#9002,#9003);
#9005=PLANE('',#9004);
#9006=ORIENTED_EDGE('',*,*,#8911,.T.);
#9007=ORIENTED_EDGE('',*,*,#8944,.T.);
#9008=ORIENTED_EDGE('',*,*,#8963,.F.);
#9009=ORIENTED_EDGE('',*,*,#8981,.F.);
#9010=ORIENTED_EDGE('',*,*,#8993,.T.);
#9011=EDGE_LOOP('',(#9006,#9007,#9008,#9009,#9010));
#9012=FACE_OUTER_BOUND('',#9011,.F.);
#9013=ADVANCED_FACE('',(#9012),#9005,.T.);
#9014=CARTESIAN_POINT('',(0.E0,0.E0,4.438666533909E0));
#9015=DIRECTION('',(0.E0,0.E0,1.E0));
#9016=DIRECTION('',(0.E0,1.E0,0.E0));
#9017=AXIS2_PLACEMENT_3D('',#9014,#9015,#9016);
#9018=CYLINDRICAL_SURFACE('',#9017,7.112E-1);
#9020=ORIENTED_EDGE('',*,*,#9019,.F.);
#9022=ORIENTED_EDGE('',*,*,#9021,.F.);
#9023=ORIENTED_EDGE('',*,*,#8866,.T.);
#9024=ORIENTED_EDGE('',*,*,#8948,.T.);
#9025=ORIENTED_EDGE('',*,*,#8946,.T.);
#9026=ORIENTED_EDGE('',*,*,#8909,.T.);
#9028=ORIENTED_EDGE('',*,*,#9027,.T.);
#9030=ORIENTED_EDGE('',*,*,#9029,.T.);
#9032=ORIENTED_EDGE('',*,*,#9031,.T.);
#9033=EDGE_LOOP('',(#9020,#9022,#9023,#9024,#9025,#9026,#9028,#9030,#9032));
#9034=FACE_OUTER_BOUND('',#9033,.F.);
#9035=ADVANCED_FACE('',(#9034),#9018,.F.);
#9036=CARTESIAN_POINT('',(0.E0,0.E0,4.438666533909E0));
#9037=DIRECTION('',(0.E0,0.E0,1.E0));
#9038=DIRECTION('',(0.E0,1.E0,0.E0));
#9039=AXIS2_PLACEMENT_3D('',#9036,#9037,#9038);
#9040=CYLINDRICAL_SURFACE('',#9039,7.112E-1);
#9041=ORIENTED_EDGE('',*,*,#9019,.T.);
#9043=ORIENTED_EDGE('',*,*,#9042,.T.);
#9044=ORIENTED_EDGE('',*,*,#9029,.F.);
#9046=ORIENTED_EDGE('',*,*,#9045,.F.);
#9047=ORIENTED_EDGE('',*,*,#8895,.T.);
#9049=ORIENTED_EDGE('',*,*,#9048,.T.);
#9051=ORIENTED_EDGE('',*,*,#9050,.T.);
#9052=ORIENTED_EDGE('',*,*,#8879,.T.);
#9054=ORIENTED_EDGE('',*,*,#9053,.T.);
#9055=EDGE_LOOP('',(#9041,#9043,#9044,#9046,#9047,#9049,#9051,#9052,#9054));
#9056=FACE_OUTER_BOUND('',#9055,.F.);
#9057=ADVANCED_FACE('',(#9056),#9040,.F.);
#9058=CARTESIAN_POINT('',(0.E0,0.E0,4.288800963043E0));
#9059=DIRECTION('',(0.E0,0.E0,1.E0));
#9060=DIRECTION('',(0.E0,1.E0,0.E0));
#9061=AXIS2_PLACEMENT_3D('',#9058,#9059,#9060);
#9062=CONICAL_SURFACE('',#9061,4.427517194967E-1,5.9E1);
#9064=ORIENTED_EDGE('',*,*,#9063,.T.);
#9066=ORIENTED_EDGE('',*,*,#9065,.T.);
#9068=ORIENTED_EDGE('',*,*,#9067,.F.);
#9069=ORIENTED_EDGE('',*,*,#9042,.F.);
#9070=EDGE_LOOP('',(#9064,#9066,#9068,#9069));
#9071=FACE_OUTER_BOUND('',#9070,.F.);
#9072=ADVANCED_FACE('',(#9071),#9062,.F.);
#9073=CARTESIAN_POINT('',(0.E0,0.E0,4.288800963043E0));
#9074=DIRECTION('',(0.E0,0.E0,1.E0));
#9075=DIRECTION('',(0.E0,1.E0,0.E0));
#9076=AXIS2_PLACEMENT_3D('',#9073,#9074,#9075);
#9077=CONICAL_SURFACE('',#9076,4.427517194967E-1,5.9E1);
#9079=ORIENTED_EDGE('',*,*,#9078,.T.);
#9080=ORIENTED_EDGE('',*,*,#9063,.F.);
#9081=ORIENTED_EDGE('',*,*,#9031,.F.);
#9082=ORIENTED_EDGE('',*,*,#9067,.T.);
#9083=EDGE_LOOP('',(#9079,#9080,#9081,#9082));
#9084=FACE_OUTER_BOUND('',#9083,.F.);
#9085=ADVANCED_FACE('',(#9084),#9077,.F.);
#9086=CARTESIAN_POINT('',(1.830217609430E-1,-1.830217609430E-1,
4.127500963043E0));
#9087=DIRECTION('',(0.E0,0.E0,1.E0));
#9088=DIRECTION('',(0.E0,1.E0,0.E0));
#9089=AXIS2_PLACEMENT_3D('',#9086,#9087,#9088);
#9090=PLANE('',#9089);
#9091=ORIENTED_EDGE('',*,*,#9078,.F.);
#9092=ORIENTED_EDGE('',*,*,#9065,.F.);
#9093=EDGE_LOOP('',(#9091,#9092));
#9094=FACE_OUTER_BOUND('',#9093,.F.);
#9095=ADVANCED_FACE('',(#9094),#9090,.T.);
#9096=CARTESIAN_POINT('',(0.E0,-3.166418150905E-3,4.775076614371E0));
#9097=DIRECTION('',(0.E0,2.823732336893E-2,9.996012472826E-1));
#9098=DIRECTION('',(0.E0,9.996012472826E-1,-2.823732336893E-2));
#9099=AXIS2_PLACEMENT_3D('',#9096,#9097,#9098);
#9100=CYLINDRICAL_SURFACE('',#9099,7.112E-1);
#9102=ORIENTED_EDGE('',*,*,#9101,.F.);
#9104=ORIENTED_EDGE('',*,*,#9103,.T.);
#9106=ORIENTED_EDGE('',*,*,#9105,.T.);
#9108=ORIENTED_EDGE('',*,*,#9107,.F.);
#9109=ORIENTED_EDGE('',*,*,#9045,.T.);
#9110=ORIENTED_EDGE('',*,*,#9027,.F.);
#9111=EDGE_LOOP('',(#9102,#9104,#9106,#9108,#9109,#9110));
#9112=FACE_OUTER_BOUND('',#9111,.F.);
#9113=ADVANCED_FACE('',(#9112),#9100,.F.);
#9114=CARTESIAN_POINT('',(6.545293691162E-1,-7.324736621622E-1,
9.769851912769E0));
#9115=DIRECTION('',(7.071067811865E-1,7.068248204361E-1,-1.996680283671E-2));
#9116=DIRECTION('',(0.E0,-2.823732336891E-2,-9.996012472826E-1));
#9117=AXIS2_PLACEMENT_3D('',#9114,#9115,#9116);
#9118=PLANE('',#9117);
#9119=ORIENTED_EDGE('',*,*,#9101,.T.);
#9120=ORIENTED_EDGE('',*,*,#8907,.T.);
#9122=ORIENTED_EDGE('',*,*,#9121,.T.);
#9124=ORIENTED_EDGE('',*,*,#9123,.F.);
#9126=ORIENTED_EDGE('',*,*,#9125,.F.);
#9127=EDGE_LOOP('',(#9119,#9120,#9122,#9124,#9126));
#9128=FACE_OUTER_BOUND('',#9127,.F.);
#9129=ADVANCED_FACE('',(#9128),#9118,.T.);
#9130=CARTESIAN_POINT('',(0.E0,-3.646813366951E-3,4.758070623722E0));
#9131=DIRECTION('',(0.E0,2.823732336891E-2,9.996012472826E-1));
#9132=DIRECTION('',(0.E0,9.996012472826E-1,-2.823732336891E-2));
#9133=AXIS2_PLACEMENT_3D('',#9130,#9131,#9132);
#9134=CYLINDRICAL_SURFACE('',#9133,1.0795E0);
#9135=ORIENTED_EDGE('',*,*,#8816,.F.);
#9137=ORIENTED_EDGE('',*,*,#9136,.F.);
#9139=ORIENTED_EDGE('',*,*,#9138,.T.);
#9141=ORIENTED_EDGE('',*,*,#9140,.T.);
#9142=ORIENTED_EDGE('',*,*,#9121,.F.);
#9143=ORIENTED_EDGE('',*,*,#8789,.F.);
#9144=EDGE_LOOP('',(#9135,#9137,#9139,#9141,#9142,#9143));
#9145=FACE_OUTER_BOUND('',#9144,.F.);
#9146=ADVANCED_FACE('',(#9145),#9134,.T.);
#9147=CARTESIAN_POINT('',(-3.767564451230E-1,-4.548115008773E-1,
9.762008348891E0));
#9148=DIRECTION('',(-7.071067811865E-1,7.068248204361E-1,-1.996680283671E-2));
#9149=DIRECTION('',(0.E0,-2.823732336891E-2,-9.996012472826E-1));
#9150=AXIS2_PLACEMENT_3D('',#9147,#9148,#9149);
#9151=PLANE('',#9150);
#9152=ORIENTED_EDGE('',*,*,#8897,.T.);
#9153=ORIENTED_EDGE('',*,*,#9107,.T.);
#9155=ORIENTED_EDGE('',*,*,#9154,.F.);
#9157=ORIENTED_EDGE('',*,*,#9156,.F.);
#9158=ORIENTED_EDGE('',*,*,#9136,.T.);
#9159=EDGE_LOOP('',(#9152,#9153,#9155,#9157,#9158));
#9160=FACE_OUTER_BOUND('',#9159,.F.);
#9161=ADVANCED_FACE('',(#9160),#9151,.T.);
#9162=CARTESIAN_POINT('',(-7.422379167498E-14,1.302966552837E-1,
9.499669414061E0));
#9163=DIRECTION('',(-7.868731899421E-14,2.823732336905E-2,9.996012472826E-1));
#9164=DIRECTION('',(0.E0,9.996012472826E-1,-2.823732336905E-2));
#9165=AXIS2_PLACEMENT_3D('',#9162,#9163,#9164);
#9166=CONICAL_SURFACE('',#9165,8.382000000001E-1,4.500000000001E1);
#9167=ORIENTED_EDGE('',*,*,#9125,.T.);
#9169=ORIENTED_EDGE('',*,*,#9168,.T.);
#9171=ORIENTED_EDGE('',*,*,#9170,.T.);
#9172=ORIENTED_EDGE('',*,*,#9154,.T.);
#9173=ORIENTED_EDGE('',*,*,#9105,.F.);
#9174=ORIENTED_EDGE('',*,*,#9103,.F.);
#9175=EDGE_LOOP('',(#9167,#9169,#9171,#9172,#9173,#9174));
#9176=FACE_OUTER_BOUND('',#9175,.F.);
#9177=ADVANCED_FACE('',(#9176),#9166,.F.);
#9178=CARTESIAN_POINT('',(-6.803137418586E-1,-7.292126593546E-1,9.651E0));
#9179=DIRECTION('',(0.E0,2.823732336891E-2,9.996012472826E-1));
#9180=DIRECTION('',(7.071067811865E-1,-7.068248204361E-1,1.996680283671E-2));
#9181=AXIS2_PLACEMENT_3D('',#9178,#9179,#9180);
#9182=PLANE('',#9181);
#9183=ORIENTED_EDGE('',*,*,#9168,.F.);
#9184=ORIENTED_EDGE('',*,*,#9123,.T.);
#9185=ORIENTED_EDGE('',*,*,#9140,.F.);
#9186=ORIENTED_EDGE('',*,*,#9138,.F.);
#9187=ORIENTED_EDGE('',*,*,#9156,.T.);
#9188=ORIENTED_EDGE('',*,*,#9170,.F.);
#9189=EDGE_LOOP('',(#9183,#9184,#9185,#9186,#9187,#9188));
#9190=FACE_OUTER_BOUND('',#9189,.F.);
#9191=ADVANCED_FACE('',(#9190),#9182,.T.);
#9192=CARTESIAN_POINT('',(-3.166418150899E-3,0.E0,4.775076614371E0));
#9193=DIRECTION('',(2.823732336891E-2,0.E0,9.996012472826E-1));
#9194=DIRECTION('',(9.996012472826E-1,0.E0,-2.823732336891E-2));
#9195=AXIS2_PLACEMENT_3D('',#9192,#9193,#9194);
#9196=CYLINDRICAL_SURFACE('',#9195,7.112E-1);
#9198=ORIENTED_EDGE('',*,*,#9197,.F.);
#9200=ORIENTED_EDGE('',*,*,#9199,.T.);
#9202=ORIENTED_EDGE('',*,*,#9201,.T.);
#9204=ORIENTED_EDGE('',*,*,#9203,.F.);
#9205=ORIENTED_EDGE('',*,*,#9050,.F.);
#9206=ORIENTED_EDGE('',*,*,#9048,.F.);
#9207=EDGE_LOOP('',(#9198,#9200,#9202,#9204,#9205,#9206));
#9208=FACE_OUTER_BOUND('',#9207,.F.);
#9209=ADVANCED_FACE('',(#9208),#9196,.F.);
#9210=CARTESIAN_POINT('',(-7.324736621622E-1,-6.545293691162E-1,
9.769851912769E0));
#9211=DIRECTION('',(7.068248204361E-1,-7.071067811865E-1,-1.996680283671E-2));
#9212=DIRECTION('',(-2.823732336891E-2,0.E0,-9.996012472826E-1));
#9213=AXIS2_PLACEMENT_3D('',#9210,#9211,#9212);
#9214=PLANE('',#9213);
#9215=ORIENTED_EDGE('',*,*,#9197,.T.);
#9216=ORIENTED_EDGE('',*,*,#8893,.T.);
#9218=ORIENTED_EDGE('',*,*,#9217,.T.);
#9220=ORIENTED_EDGE('',*,*,#9219,.F.);
#9222=ORIENTED_EDGE('',*,*,#9221,.F.);
#9223=EDGE_LOOP('',(#9215,#9216,#9218,#9220,#9222));
#9224=FACE_OUTER_BOUND('',#9223,.F.);
#9225=ADVANCED_FACE('',(#9224),#9214,.T.);
#9226=CARTESIAN_POINT('',(-3.646813366939E-3,0.E0,4.758070623722E0));
#9227=DIRECTION('',(2.823732336891E-2,0.E0,9.996012472826E-1));
#9228=DIRECTION('',(9.996012472826E-1,0.E0,-2.823732336891E-2));
#9229=AXIS2_PLACEMENT_3D('',#9226,#9227,#9228);
#9230=CYLINDRICAL_SURFACE('',#9229,1.0795E0);
#9231=ORIENTED_EDGE('',*,*,#8812,.F.);
#9233=ORIENTED_EDGE('',*,*,#9232,.F.);
#9235=ORIENTED_EDGE('',*,*,#9234,.T.);
#9237=ORIENTED_EDGE('',*,*,#9236,.T.);
#9238=ORIENTED_EDGE('',*,*,#9217,.F.);
#9239=EDGE_LOOP('',(#9231,#9233,#9235,#9237,#9238));
#9240=FACE_OUTER_BOUND('',#9239,.F.);
#9241=ADVANCED_FACE('',(#9240),#9230,.T.);
#9242=CARTESIAN_POINT('',(-4.548115008773E-1,3.767564451230E-1,
9.762008348891E0));
#9243=DIRECTION('',(7.068248204361E-1,7.071067811865E-1,-1.996680283671E-2));
#9244=DIRECTION('',(-2.823732336891E-2,0.E0,-9.996012472826E-1));
#9245=AXIS2_PLACEMENT_3D('',#9242,#9243,#9244);
#9246=PLANE('',#9245);
#9247=ORIENTED_EDGE('',*,*,#8881,.T.);
#9248=ORIENTED_EDGE('',*,*,#9203,.T.);
#9250=ORIENTED_EDGE('',*,*,#9249,.F.);
#9252=ORIENTED_EDGE('',*,*,#9251,.F.);
#9253=ORIENTED_EDGE('',*,*,#9232,.T.);
#9254=EDGE_LOOP('',(#9247,#9248,#9250,#9252,#9253));
#9255=FACE_OUTER_BOUND('',#9254,.F.);
#9256=ADVANCED_FACE('',(#9255),#9246,.T.);
#9257=CARTESIAN_POINT('',(1.302966552833E-1,-1.573219185637E-13,
9.499669414062E0));
#9258=DIRECTION('',(2.823732336871E-2,-1.375517818305E-13,9.996012472826E-1));
#9259=DIRECTION('',(9.996012472826E-1,0.E0,-2.823732336871E-2));
#9260=AXIS2_PLACEMENT_3D('',#9257,#9258,#9259);
#9261=CONICAL_SURFACE('',#9260,8.381999999997E-1,4.499999999999E1);
#9262=ORIENTED_EDGE('',*,*,#9221,.T.);
#9264=ORIENTED_EDGE('',*,*,#9263,.T.);
#9266=ORIENTED_EDGE('',*,*,#9265,.T.);
#9267=ORIENTED_EDGE('',*,*,#9249,.T.);
#9268=ORIENTED_EDGE('',*,*,#9201,.F.);
#9269=ORIENTED_EDGE('',*,*,#9199,.F.);
#9270=EDGE_LOOP('',(#9262,#9264,#9266,#9267,#9268,#9269));
#9271=FACE_OUTER_BOUND('',#9270,.F.);
#9272=ADVANCED_FACE('',(#9271),#9261,.F.);
#9273=CARTESIAN_POINT('',(-7.292126593546E-1,6.803137418586E-1,9.651E0));
#9274=DIRECTION('',(2.823732336891E-2,0.E0,9.996012472826E-1));
#9275=DIRECTION('',(-7.068248204361E-1,-7.071067811865E-1,1.996680283671E-2));
#9276=AXIS2_PLACEMENT_3D('',#9273,#9274,#9275);
#9277=PLANE('',#9276);
#9278=ORIENTED_EDGE('',*,*,#9263,.F.);
#9279=ORIENTED_EDGE('',*,*,#9219,.T.);
#9280=ORIENTED_EDGE('',*,*,#9236,.F.);
#9281=ORIENTED_EDGE('',*,*,#9234,.F.);
#9282=ORIENTED_EDGE('',*,*,#9251,.T.);
#9283=ORIENTED_EDGE('',*,*,#9265,.F.);
#9284=EDGE_LOOP('',(#9278,#9279,#9280,#9281,#9282,#9283));
#9285=FACE_OUTER_BOUND('',#9284,.F.);
#9286=ADVANCED_FACE('',(#9285),#9277,.T.);
#9287=CARTESIAN_POINT('',(0.E0,3.166418150921E-3,4.775076614371E0));
#9288=DIRECTION('',(0.E0,-2.823732336892E-2,9.996012472826E-1));
#9289=DIRECTION('',(0.E0,9.996012472826E-1,2.823732336892E-2));
#9290=AXIS2_PLACEMENT_3D('',#9287,#9288,#9289);
#9291=CYLINDRICAL_SURFACE('',#9290,7.112E-1);
#9293=ORIENTED_EDGE('',*,*,#9292,.F.);
#9295=ORIENTED_EDGE('',*,*,#9294,.T.);
#9297=ORIENTED_EDGE('',*,*,#9296,.T.);
#9298=ORIENTED_EDGE('',*,*,#8848,.F.);
#9299=ORIENTED_EDGE('',*,*,#9021,.T.);
#9300=ORIENTED_EDGE('',*,*,#9053,.F.);
#9301=EDGE_LOOP('',(#9293,#9295,#9297,#9298,#9299,#9300));
#9302=FACE_OUTER_BOUND('',#9301,.F.);
#9303=ADVANCED_FACE('',(#9302),#9291,.F.);
#9304=CARTESIAN_POINT('',(-6.545293691162E-1,7.324736621622E-1,
9.769851912769E0));
#9305=DIRECTION('',(-7.071067811865E-1,-7.068248204361E-1,-1.996680283671E-2));
#9306=DIRECTION('',(0.E0,2.823732336891E-2,-9.996012472826E-1));
#9307=AXIS2_PLACEMENT_3D('',#9304,#9305,#9306);
#9308=PLANE('',#9307);
#9309=ORIENTED_EDGE('',*,*,#9292,.T.);
#9310=ORIENTED_EDGE('',*,*,#8877,.T.);
#9311=ORIENTED_EDGE('',*,*,#8836,.T.);
#9313=ORIENTED_EDGE('',*,*,#9312,.F.);
#9315=ORIENTED_EDGE('',*,*,#9314,.F.);
#9316=EDGE_LOOP('',(#9309,#9310,#9311,#9313,#9315));
#9317=FACE_OUTER_BOUND('',#9316,.F.);
#9318=ADVANCED_FACE('',(#9317),#9308,.T.);
#9319=CARTESIAN_POINT('',(6.803137418586E-1,7.292126593546E-1,9.651E0));
#9320=DIRECTION('',(0.E0,-2.823732336891E-2,9.996012472826E-1));
#9321=DIRECTION('',(-7.071067811865E-1,7.068248204361E-1,1.996680283671E-2));
#9322=AXIS2_PLACEMENT_3D('',#9319,#9320,#9321);
#9323=PLANE('',#9322);
#9325=ORIENTED_EDGE('',*,*,#9324,.F.);
#9326=ORIENTED_EDGE('',*,*,#9312,.T.);
#9327=ORIENTED_EDGE('',*,*,#8834,.F.);
#9328=ORIENTED_EDGE('',*,*,#8832,.F.);
#9329=ORIENTED_EDGE('',*,*,#8852,.T.);
#9331=ORIENTED_EDGE('',*,*,#9330,.F.);
#9332=EDGE_LOOP('',(#9325,#9326,#9327,#9328,#9329,#9331));
#9333=FACE_OUTER_BOUND('',#9332,.F.);
#9334=ADVANCED_FACE('',(#9333),#9323,.T.);
#9335=CARTESIAN_POINT('',(2.129757308262E-13,-1.302966552839E-1,
9.499669414061E0));
#9336=DIRECTION('',(9.075919265645E-14,-2.823732336905E-2,9.996012472826E-1));
#9337=DIRECTION('',(0.E0,9.996012472826E-1,2.823732336905E-2));
#9338=AXIS2_PLACEMENT_3D('',#9335,#9336,#9337);
#9339=CONICAL_SURFACE('',#9338,8.382000000003E-1,4.500000000001E1);
#9340=ORIENTED_EDGE('',*,*,#9314,.T.);
#9341=ORIENTED_EDGE('',*,*,#9324,.T.);
#9342=ORIENTED_EDGE('',*,*,#9330,.T.);
#9343=ORIENTED_EDGE('',*,*,#8850,.T.);
#9344=ORIENTED_EDGE('',*,*,#9296,.F.);
#9345=ORIENTED_EDGE('',*,*,#9294,.F.);
#9346=EDGE_LOOP('',(#9340,#9341,#9342,#9343,#9344,#9345));
#9347=FACE_OUTER_BOUND('',#9346,.F.);
#9348=ADVANCED_FACE('',(#9347),#9339,.F.);
#9349=CARTESIAN_POINT('',(-5.715E0,7.799999999999E0,-1.27E-1));
#9350=DIRECTION('',(0.E0,0.E0,1.E0));
#9351=DIRECTION('',(0.E0,1.E0,0.E0));
#9352=AXIS2_PLACEMENT_3D('',#9349,#9350,#9351);
#9353=CONICAL_SURFACE('',#9352,1.01854E0,4.5E1);
#9355=ORIENTED_EDGE('',*,*,#9354,.F.);
#9356=ORIENTED_EDGE('',*,*,#6071,.T.);
#9358=ORIENTED_EDGE('',*,*,#9357,.T.);
#9360=ORIENTED_EDGE('',*,*,#9359,.T.);
#9362=ORIENTED_EDGE('',*,*,#9361,.F.);
#9364=ORIENTED_EDGE('',*,*,#9363,.F.);
#9366=ORIENTED_EDGE('',*,*,#9365,.F.);
#9368=ORIENTED_EDGE('',*,*,#9367,.F.);
#9370=ORIENTED_EDGE('',*,*,#9369,.F.);
#9372=ORIENTED_EDGE('',*,*,#9371,.T.);
#9373=EDGE_LOOP('',(#9355,#9356,#9358,#9360,#9362,#9364,#9366,#9368,#9370,
#9372));
#9374=FACE_OUTER_BOUND('',#9373,.F.);
#9375=ADVANCED_FACE('',(#9374),#9353,.F.);
#9376=CARTESIAN_POINT('',(-5.715E0,7.799999999999E0,-1.246471169109E-1));
#9377=DIRECTION('',(0.E0,-1.146152302129E-14,1.E0));
#9378=DIRECTION('',(0.E0,1.E0,1.146152302129E-14));
#9379=AXIS2_PLACEMENT_3D('',#9376,#9377,#9378);
#9380=CONICAL_SURFACE('',#9379,1.020892883089E0,4.5E1);
#9381=ORIENTED_EDGE('',*,*,#9354,.T.);
#9383=ORIENTED_EDGE('',*,*,#9382,.T.);
#9384=ORIENTED_EDGE('',*,*,#9357,.F.);
#9385=ORIENTED_EDGE('',*,*,#6073,.T.);
#9386=EDGE_LOOP('',(#9381,#9383,#9384,#9385));
#9387=FACE_OUTER_BOUND('',#9386,.F.);
#9388=ADVANCED_FACE('',(#9387),#9380,.F.);
#9389=CARTESIAN_POINT('',(-4.606013896305E0,7.509263174414E0,
-7.237819203704E-2));
#9390=CARTESIAN_POINT('',(-4.706146620661E0,7.535513862441E0,
-1.258674946071E-2));
#9391=CARTESIAN_POINT('',(-4.806279345017E0,7.561764550469E0,
4.720469311563E-2));
#9392=CARTESIAN_POINT('',(-4.906412069372E0,7.588015238496E0,
1.069961356920E-1));
#9393=CARTESIAN_POINT('',(-4.621912194631E0,7.446233845482E0,
-7.648287281395E-2));
#9394=CARTESIAN_POINT('',(-4.720598326098E0,7.478175296902E0,
-1.669055167547E-2));
#9395=CARTESIAN_POINT('',(-4.819284457565E0,7.510116748321E0,
4.310176946300E-2));
#9396=CARTESIAN_POINT('',(-4.917970589031E0,7.542058199740E0,
1.028940906015E-1));
#9397=CARTESIAN_POINT('',(-4.675415926946E0,7.295160732106E0,
-8.653380411581E-2));
#9398=CARTESIAN_POINT('',(-4.769288808628E0,7.340742843205E0,
-2.674287232583E-2));
#9399=CARTESIAN_POINT('',(-4.863161690311E0,7.386324954304E0,
3.304805946415E-2));
#9400=CARTESIAN_POINT('',(-4.957034571993E0,7.431907065403E0,
9.283899125414E-2));
#9401=CARTESIAN_POINT('',(-4.825434618201E0,7.051429170861E0,
-1.043974663649E-1));
#9402=CARTESIAN_POINT('',(-4.905801537137E0,7.119018393741E0,
-4.460963083813E-2));
#9403=CARTESIAN_POINT('',(-4.986168456073E0,7.186607616620E0,
1.517820468864E-2));
#9404=CARTESIAN_POINT('',(-5.066535375008E0,7.254196839500E0,
7.496604021541E-2));
#9405=CARTESIAN_POINT('',(-5.079179288302E0,6.823411799164E0,
-1.256212464419E-1));
#9406=CARTESIAN_POINT('',(-5.136337756976E0,6.911584434815E0,
-6.580991059061E-2));
#9407=CARTESIAN_POINT('',(-5.193496225651E0,6.999757070466E0,
-5.998574739352E-3));
#9408=CARTESIAN_POINT('',(-5.250654694325E0,7.087929706117E0,
5.381276111191E-2));
#9409=CARTESIAN_POINT('',(-5.344975032479E0,6.704095251844E0,
-1.437343760530E-1));
#9410=CARTESIAN_POINT('',(-5.379120004142E0,6.803055205400E0,
-8.400078218079E-2));
#9411=CARTESIAN_POINT('',(-5.413264975806E0,6.902015158957E0,
-2.426718830861E-2));
#9412=CARTESIAN_POINT('',(-5.447409947469E0,7.000975112513E0,
3.546640556357E-2));
#9413=CARTESIAN_POINT('',(-5.561395262332E0,6.659791923150E0,
-1.576176057277E-1));
#9414=CARTESIAN_POINT('',(-5.573990528681E0,6.762723039507E0,
-9.772547804189E-2));
#9415=CARTESIAN_POINT('',(-5.586585795030E0,6.865654155865E0,
-3.783335035604E-2));
#9416=CARTESIAN_POINT('',(-5.599181061379E0,6.968585272222E0,
2.205877732981E-2));
#9417=CARTESIAN_POINT('',(-5.815889334966E0,6.642713839115E0,
-1.736282441259E-1));
#9418=CARTESIAN_POINT('',(-5.807924117416E0,6.747221849322E0,
-1.139269086185E-1));
#9419=CARTESIAN_POINT('',(-5.799958899866E0,6.851729859530E0,
-5.422557311106E-2));
#9420=CARTESIAN_POINT('',(-5.791993682316E0,6.956237869738E0,
5.475762396335E-3));
#9421=CARTESIAN_POINT('',(-6.197613271116E0,6.715732291744E0,
-1.975450976045E-1));
#9422=CARTESIAN_POINT('',(-6.153612047839E0,6.813624404292E0,
-1.377197420431E-1));
#9423=CARTESIAN_POINT('',(-6.109610824562E0,6.911516516841E0,
-7.789438648181E-2));
#9424=CARTESIAN_POINT('',(-6.065609601285E0,7.009408629390E0,
-1.806903092048E-2));
#9425=CARTESIAN_POINT('',(-6.641905580889E0,7.050754977827E0,
-2.315616928128E-1));
#9426=CARTESIAN_POINT('',(-6.558326596660E0,7.118407344155E0,
-1.717792886123E-1));
#9427=CARTESIAN_POINT('',(-6.474747612432E0,7.186059710483E0,
-1.119968844119E-1));
#9428=CARTESIAN_POINT('',(-6.391168628204E0,7.253712076811E0,
-5.221448021140E-2));
#9429=CARTESIAN_POINT('',(-6.867595465708E0,7.543561727094E0,
-2.648741723090E-1));
#9430=CARTESIAN_POINT('',(-6.763507906498E0,7.566710232817E0,
-2.050794170201E-1));
#9431=CARTESIAN_POINT('',(-6.659420347288E0,7.589858738541E0,
-1.452846617313E-1));
#9432=CARTESIAN_POINT('',(-6.555332788078E0,7.613007244264E0,
-8.548990644240E-2));
#9433=CARTESIAN_POINT('',(-6.877593828082E0,8.002434880068E0,
-2.931051751280E-1));
#9434=CARTESIAN_POINT('',(-6.772590138411E0,7.984175373256E0,
-2.333168728319E-1));
#9435=CARTESIAN_POINT('',(-6.667586448740E0,7.965915866443E0,
-1.735285705358E-1));
#9436=CARTESIAN_POINT('',(-6.562582759069E0,7.947656359631E0,
-1.137402682396E-1));
#9437=CARTESIAN_POINT('',(-6.679096773558E0,8.498961078368E0,
-3.259896338582E-1));
#9438=CARTESIAN_POINT('',(-6.592199925186E0,8.435783716617E0,
-2.661878706795E-1));
#9439=CARTESIAN_POINT('',(-6.505303076813E0,8.372606354867E0,
-2.063861075008E-1));
#9440=CARTESIAN_POINT('',(-6.418406228440E0,8.309428993116E0,
-1.465843443221E-1));
#9441=CARTESIAN_POINT('',(-6.325927311884E0,8.798409996760E0,
-3.543161242996E-1));
#9442=CARTESIAN_POINT('',(-6.270314236739E0,8.708463816784E0,
-2.945538532355E-1));
#9443=CARTESIAN_POINT('',(-6.214701161593E0,8.618517636807E0,
-2.347915821714E-1));
#9444=CARTESIAN_POINT('',(-6.159088086448E0,8.528571456830E0,
-1.750293111074E-1));
#9445=CARTESIAN_POINT('',(-6.002934838189E0,8.919636993125E0,
-3.758853017006E-1));
#9446=CARTESIAN_POINT('',(-5.977721169689E0,8.818197848940E0,
-3.160428784256E-1));
#9447=CARTESIAN_POINT('',(-5.952507501190E0,8.716758704756E0,
-2.562004551507E-1));
#9448=CARTESIAN_POINT('',(-5.927293832690E0,8.615319560572E0,
-1.963580318757E-1));
#9449=CARTESIAN_POINT('',(-5.764608298512E0,8.953586449189E0,
-3.909610352391E-1));
#9450=CARTESIAN_POINT('',(-5.759919423256E0,8.849521854760E0,
-3.311830047047E-1));
#9451=CARTESIAN_POINT('',(-5.755230548E0,8.745457260331E0,-2.714049741704E-1));
#9452=CARTESIAN_POINT('',(-5.750541672743E0,8.641392665902E0,
-2.116269436360E-1));
#9453=CARTESIAN_POINT('',(-5.535431394788E0,8.941134539426E0,
-4.053336740909E-1));
#9454=CARTESIAN_POINT('',(-5.551699615165E0,8.838077070458E0,
-3.455384918514E-1));
#9455=CARTESIAN_POINT('',(-5.567967835543E0,8.735019601490E0,
-2.857433096119E-1));
#9456=CARTESIAN_POINT('',(-5.584236055920E0,8.631962132522E0,
-2.259481273724E-1));
#9457=CARTESIAN_POINT('',(-5.209407349051E0,8.854987731479E0,
-4.264324663552E-1));
#9458=CARTESIAN_POINT('',(-5.255025600236E0,8.759746846225E0,
-3.666429028887E-1));
#9459=CARTESIAN_POINT('',(-5.300643851421E0,8.664505960970E0,
-3.068533394223E-1));
#9460=CARTESIAN_POINT('',(-5.346262102606E0,8.569265075716E0,
-2.470637759559E-1));
#9461=CARTESIAN_POINT('',(-4.830144835261E0,8.596350896421E0,
-4.545519585535E-1));
#9462=CARTESIAN_POINT('',(-4.910049532618E0,8.524443411907E0,
-3.947596218187E-1));
#9463=CARTESIAN_POINT('',(-4.989954229974E0,8.452535927393E0,
-3.349672850838E-1));
#9464=CARTESIAN_POINT('',(-5.069858927330E0,8.380628442879E0,
-2.751749483490E-1));
#9465=CARTESIAN_POINT('',(-4.615530810552E0,8.195934996687E0,
-4.823989732035E-1));
#9466=CARTESIAN_POINT('',(-4.714800620329E0,8.160186593559E0,
-4.226074404978E-1));
#9467=CARTESIAN_POINT('',(-4.814070430107E0,8.124438190431E0,
-3.628159077920E-1));
#9468=CARTESIAN_POINT('',(-4.913340239884E0,8.088689787302E0,
-3.030243750863E-1));
#9469=CARTESIAN_POINT('',(-4.562861310261E0,7.874860648220E0,
-5.027709027202E-1));
#9470=CARTESIAN_POINT('',(-4.666888273079E0,7.868101361676E0,
-4.429792651114E-1));
#9471=CARTESIAN_POINT('',(-4.770915235898E0,7.861342075132E0,
-3.831876275027E-1));
#9472=CARTESIAN_POINT('',(-4.874942198716E0,7.854582788588E0,
-3.233959898940E-1));
#9473=CARTESIAN_POINT('',(-4.572059401519E0,7.570957957678E0,
-5.218194464028E-1));
#9474=CARTESIAN_POINT('',(-4.675255470211E0,7.591638249659E0,
-4.620278345582E-1));
#9475=CARTESIAN_POINT('',(-4.778451538903E0,7.612318541640E0,
-4.022362227135E-1));
#9476=CARTESIAN_POINT('',(-4.881647607595E0,7.632998833621E0,
-3.424446108689E-1));
#9477=CARTESIAN_POINT('',(-4.716395423384E0,7.152449722053E0,
-5.490179159671E-1));
#9478=CARTESIAN_POINT('',(-4.806559574141E0,7.210917075684E0,
-4.892262914823E-1));
#9479=CARTESIAN_POINT('',(-4.896723724899E0,7.269384429316E0,
-4.294346669975E-1));
#9480=CARTESIAN_POINT('',(-4.986887875656E0,7.327851782947E0,
-3.696430425128E-1));
#9481=CARTESIAN_POINT('',(-5.121057044122E0,6.769666240771E0,
-5.830638813572E-1));
#9482=CARTESIAN_POINT('',(-5.174684195956E0,6.862695178888E0,
-5.232722609607E-1));
#9483=CARTESIAN_POINT('',(-5.228311347790E0,6.955724117006E0,
-4.634806405643E-1));
#9484=CARTESIAN_POINT('',(-5.281938499624E0,7.048753055123E0,
-4.036890201679E-1));
#9485=CARTESIAN_POINT('',(-5.538941914104E0,6.648235530328E0,
-6.098169759119E-1));
#9486=CARTESIAN_POINT('',(-5.554838216933E0,6.752228451975E0,
-5.500253545278E-1));
#9487=CARTESIAN_POINT('',(-5.570734519762E0,6.856221373621E0,
-4.902337331437E-1));
#9488=CARTESIAN_POINT('',(-5.586630822590E0,6.960214295267E0,
-4.304421117596E-1));
#9489=CARTESIAN_POINT('',(-5.841505852301E0,6.652182210886E0,
-6.287761337801E-1));
#9490=CARTESIAN_POINT('',(-5.830083626678E0,6.755818787255E0,
-5.689845125248E-1));
#9491=CARTESIAN_POINT('',(-5.818661401054E0,6.859455363625E0,
-5.091928912694E-1));
#9492=CARTESIAN_POINT('',(-5.807239175431E0,6.963091939995E0,
-4.494012700140E-1));
#9493=CARTESIAN_POINT('',(-6.166267016415E0,6.721197868947E0,
-6.495566756097E-1));
#9494=CARTESIAN_POINT('',(-6.125522075204E0,6.818603014828E0,
-5.897650543233E-1));
#9495=CARTESIAN_POINT('',(-6.084777133993E0,6.916008160709E0,
-5.299734330369E-1));
#9496=CARTESIAN_POINT('',(-6.044032192783E0,7.013413306590E0,
-4.701818117504E-1));
#9497=CARTESIAN_POINT('',(-6.556721425307E0,6.958278574692E0,
-6.775454873281E-1));
#9498=CARTESIAN_POINT('',(-6.480722318489E0,7.034277681510E0,
-6.177538660527E-1));
#9499=CARTESIAN_POINT('',(-6.404723211671E0,7.110276788328E0,
-5.579622447774E-1));
#9500=CARTESIAN_POINT('',(-6.328724104853E0,7.186275895146E0,
-4.981706235020E-1));
#9501=CARTESIAN_POINT('',(-6.793802131052E0,7.348732983584E0,
-7.055342990464E-1));
#9502=CARTESIAN_POINT('',(-6.696396985171E0,7.389477924795E0,
-6.457426777822E-1));
#9503=CARTESIAN_POINT('',(-6.598991839290E0,7.430222866005E0,
-5.859510565180E-1));
#9504=CARTESIAN_POINT('',(-6.501586693409E0,7.470967807216E0,
-5.261594352537E-1));
#9505=CARTESIAN_POINT('',(-6.862817789113E0,7.673494147698E0,
-7.263148408760E-1));
#9506=CARTESIAN_POINT('',(-6.759181212743E0,7.684916373321E0,
-6.665232195807E-1));
#9507=CARTESIAN_POINT('',(-6.655544636373E0,7.696338598944E0,
-6.067315982854E-1));
#9508=CARTESIAN_POINT('',(-6.551908060004E0,7.707760824567E0,
-5.469399769900E-1));
#9509=CARTESIAN_POINT('',(-6.866764469670E0,7.976058085893E0,
-7.452739987441E-1));
#9510=CARTESIAN_POINT('',(-6.762771548024E0,7.960161783066E0,
-6.854823775777E-1));
#9511=CARTESIAN_POINT('',(-6.658778626378E0,7.944265480239E0,
-6.256907564112E-1));
#9512=CARTESIAN_POINT('',(-6.554785704732E0,7.928369177412E0,
-5.658991352448E-1));
#9513=CARTESIAN_POINT('',(-6.745333759229E0,8.393942955891E0,
-7.720270932999E-1));
#9514=CARTESIAN_POINT('',(-6.652304821110E0,8.340315804041E0,
-7.122354711446E-1));
#9515=CARTESIAN_POINT('',(-6.559275882991E0,8.286688652192E0,
-6.524438489892E-1));
#9516=CARTESIAN_POINT('',(-6.466246944872E0,8.233061500342E0,
-5.926522268339E-1));
#9517=CARTESIAN_POINT('',(-6.362550277940E0,8.798604576564E0,
-8.060730586858E-1));
#9518=CARTESIAN_POINT('',(-6.304082924314E0,8.708440425863E0,
-7.462814406238E-1));
#9519=CARTESIAN_POINT('',(-6.245615570689E0,8.618276275162E0,
-6.864898225618E-1));
#9520=CARTESIAN_POINT('',(-6.187148217063E0,8.528112124462E0,
-6.266982044999E-1));
#9521=CARTESIAN_POINT('',(-5.944042042338E0,8.942940598629E0,
-8.332715282631E-1));
#9522=CARTESIAN_POINT('',(-5.923361750339E0,8.839744529771E0,
-7.734798975454E-1));
#9523=CARTESIAN_POINT('',(-5.902681458341E0,8.736548460912E0,
-7.136882668278E-1));
#9524=CARTESIAN_POINT('',(-5.882001166342E0,8.633352392054E0,
-6.538966361101E-1));
#9525=CARTESIAN_POINT('',(-5.640139351749E0,8.952138689479E0,
-8.523200719192E-1));
#9526=CARTESIAN_POINT('',(-5.646898638323E0,8.848111726949E0,
-7.925284669973E-1));
#9527=CARTESIAN_POINT('',(-5.653657924897E0,8.744084764419E0,
-7.327368620755E-1));
#9528=CARTESIAN_POINT('',(-5.660417211471E0,8.640057801889E0,
-6.729452571536E-1));
#9529=CARTESIAN_POINT('',(-5.319065003473E0,8.899469190851E0,
-8.726920015439E-1));
#9530=CARTESIAN_POINT('',(-5.354813406438E0,8.800199379509E0,
-8.129002915899E-1));
#9531=CARTESIAN_POINT('',(-5.390561809404E0,8.700929568168E0,
-7.531085816359E-1));
#9532=CARTESIAN_POINT('',(-5.426310212370E0,8.601659756826E0,
-6.933168716819E-1));
#9533=CARTESIAN_POINT('',(-4.918649102273E0,8.684855153399E0,
-9.005390153655E-1));
#9534=CARTESIAN_POINT('',(-4.990556588101E0,8.604950468676E0,
-8.407481104305E-1));
#9535=CARTESIAN_POINT('',(-5.062464073930E0,8.525045783953E0,
-7.809572054955E-1));
#9536=CARTESIAN_POINT('',(-5.134371559759E0,8.445141099230E0,
-7.211663005605E-1));
#9537=CARTESIAN_POINT('',(-4.660012272273E0,8.305592683559E0,
-9.286585104213E-1));
#9538=CARTESIAN_POINT('',(-4.755253153746E0,8.259974396038E0,
-8.688648288035E-1));
#9539=CARTESIAN_POINT('',(-4.850494035220E0,8.214356108516E0,
-8.090711471858E-1));
#9540=CARTESIAN_POINT('',(-4.945734916693E0,8.168737820995E0,
-7.492774655680E-1));
#9541=CARTESIAN_POINT('',(-4.573865454078E0,7.979568548777E0,
-9.497572968962E-1));
#9542=CARTESIAN_POINT('',(-4.676922929589E0,7.963300391279E0,
-8.899692409691E-1));
#9543=CARTESIAN_POINT('',(-4.779980405100E0,7.947032233781E0,
-8.301811850421E-1));
#9544=CARTESIAN_POINT('',(-4.883037880611E0,7.930764076282E0,
-7.703931291150E-1));
#9545=CARTESIAN_POINT('',(-4.561413575600E0,7.750391916871E0,
-9.641299534202E-1));
#9546=CARTESIAN_POINT('',(-4.665478145056E0,7.755080552143E0,
-9.043247246715E-1));
#9547=CARTESIAN_POINT('',(-4.769542714513E0,7.759769187416E0,
-8.445194959228E-1));
#9548=CARTESIAN_POINT('',(-4.873607283970E0,7.764457822689E0,
-7.847142671742E-1));
#9549=CARTESIAN_POINT('',(-4.595362914208E0,7.512064356707E0,
-9.792056206120E-1));
#9550=CARTESIAN_POINT('',(-4.696802151738E0,7.537278922262E0,
-9.194648638817E-1));
#9551=CARTESIAN_POINT('',(-4.798241389269E0,7.562493487817E0,
-8.597241071514E-1));
#9552=CARTESIAN_POINT('',(-4.899680626799E0,7.587708053372E0,
-7.999833504211E-1));
#9553=CARTESIAN_POINT('',(-4.716590269868E0,7.189074656933E0,
-1.000774961290E0));
#9554=CARTESIAN_POINT('',(-4.806536380240E0,7.244687327684E0,
-9.409539733459E-1));
#9555=CARTESIAN_POINT('',(-4.896482490613E0,7.300299998434E0,
-8.811329854019E-1));
#9556=CARTESIAN_POINT('',(-4.986428600986E0,7.355912669185E0,
-8.213119974579E-1));
#9557=CARTESIAN_POINT('',(-5.016036985295E0,6.835889532591E0,
-1.029100604116E0));
#9558=CARTESIAN_POINT('',(-5.079214506752E0,6.922785535237E0,
-9.693189601337E-1));
#9559=CARTESIAN_POINT('',(-5.142392028210E0,7.009681537884E0,
-9.095373161509E-1));
#9560=CARTESIAN_POINT('',(-5.205569549667E0,7.096577540530E0,
-8.497556721681E-1));
#9561=CARTESIAN_POINT('',(-5.512572158054E0,6.637455845964E0,
-1.061988465798E0));
#9562=CARTESIAN_POINT('',(-5.530831141504E0,6.742463234667E0,
-1.002194170813E0));
#9563=CARTESIAN_POINT('',(-5.549090124955E0,6.847470623371E0,
-9.423998758287E-1));
#9564=CARTESIAN_POINT('',(-5.567349108405E0,6.952478012074E0,
-8.826055808439E-1));
#9565=CARTESIAN_POINT('',(-5.971412056749E0,6.647219531952E0,
-1.090206873949E0));
#9566=CARTESIAN_POINT('',(-5.948265484766E0,6.751293140758E0,
-1.030415970219E0));
#9567=CARTESIAN_POINT('',(-5.925118912782E0,6.855366749565E0,
-9.706250664882E-1));
#9568=CARTESIAN_POINT('',(-5.901972340798E0,6.959440358371E0,
-9.108341627578E-1));
#9569=CARTESIAN_POINT('',(-6.464342848670E0,6.873784754419E0,
-1.123566329167E0));
#9570=CARTESIAN_POINT('',(-6.396683270745E0,6.957415841229E0,
-1.063774511421E0));
#9571=CARTESIAN_POINT('',(-6.329023692820E0,7.041046928038E0,
-1.003982693675E0));
#9572=CARTESIAN_POINT('',(-6.261364114895E0,7.124678014848E0,
-9.441908759288E-1));
#9573=CARTESIAN_POINT('',(-6.743142656794E0,7.241306117391E0,
-1.151767401658E0));
#9574=CARTESIAN_POINT('',(-6.650311727223E0,7.291750267989E0,
-1.091975804586E0));
#9575=CARTESIAN_POINT('',(-6.557480797652E0,7.342194418587E0,
-1.032184207513E0));
#9576=CARTESIAN_POINT('',(-6.464649868081E0,7.392638569185E0,
-9.723926104409E-1));
#9577=CARTESIAN_POINT('',(-6.846706863592E0,7.566300028527E0,
-1.173109864826E0));
#9578=CARTESIAN_POINT('',(-6.744524910804E0,7.587400886714E0,
-1.113318239280E0));
#9579=CARTESIAN_POINT('',(-6.642342958015E0,7.608501744901E0,
-1.053526613733E0));
#9580=CARTESIAN_POINT('',(-6.540161005226E0,7.629602603088E0,
-9.937349881869E-1));
#9581=CARTESIAN_POINT('',(-6.869636399987E0,7.799999999999E0,
-1.187813344471E0));
#9582=CARTESIAN_POINT('',(-6.765384187507E0,7.799999999999E0,
-1.128021723196E0));
#9583=CARTESIAN_POINT('',(-6.661131975028E0,7.799999999999E0,
-1.068230101920E0));
#9584=CARTESIAN_POINT('',(-6.556879762549E0,7.799999999999E0,
-1.008438480645E0));
#9585=CARTESIAN_POINT('',(-6.846706863592E0,8.033699971470E0,
-1.202516824116E0));
#9586=CARTESIAN_POINT('',(-6.744524910804E0,8.012599113283E0,
-1.142725207111E0));
#9587=CARTESIAN_POINT('',(-6.642342958015E0,7.991498255096E0,
-1.082933590107E0));
#9588=CARTESIAN_POINT('',(-6.540161005226E0,7.970397396909E0,
-1.023141973103E0));
#9589=CARTESIAN_POINT('',(-6.743142656794E0,8.358693882606E0,
-1.223859287284E0));
#9590=CARTESIAN_POINT('',(-6.650311727223E0,8.308249732008E0,
-1.164067641805E0));
#9591=CARTESIAN_POINT('',(-6.557480797652E0,8.257805581410E0,
-1.104275996327E0));
#9592=CARTESIAN_POINT('',(-6.464649868081E0,8.207361430812E0,
-1.044484350849E0));
#9593=CARTESIAN_POINT('',(-6.464342848670E0,8.726215245578E0,
-1.252060359775E0));
#9594=CARTESIAN_POINT('',(-6.396683270745E0,8.642584158769E0,
-1.192268934970E0));
#9595=CARTESIAN_POINT('',(-6.329023692820E0,8.558953071959E0,
-1.132477510166E0));
#9596=CARTESIAN_POINT('',(-6.261364114895E0,8.475321985149E0,
-1.072686085361E0));
#9597=CARTESIAN_POINT('',(-5.971412056749E0,8.952780468045E0,
-1.285419814993E0));
#9598=CARTESIAN_POINT('',(-5.948265484766E0,8.848706859239E0,
-1.225627476173E0));
#9599=CARTESIAN_POINT('',(-5.925118912782E0,8.744633250432E0,
-1.165835137352E0));
#9600=CARTESIAN_POINT('',(-5.901972340798E0,8.640559641626E0,
-1.106042798532E0));
#9601=CARTESIAN_POINT('',(-5.512572158054E0,8.962544154033E0,
-1.313638223144E0));
#9602=CARTESIAN_POINT('',(-5.530831141504E0,8.857536765330E0,
-1.253849275578E0));
#9603=CARTESIAN_POINT('',(-5.549090124955E0,8.752529376627E0,
-1.194060328012E0));
#9604=CARTESIAN_POINT('',(-5.567349108405E0,8.647521987924E0,
-1.134271380446E0));
#9605=CARTESIAN_POINT('',(-5.177699561552E0,8.828716768745E0,
-1.335818411455E0));
#9606=CARTESIAN_POINT('',(-5.226252446178E0,8.735924037145E0,
-1.276020931817E0));
#9607=CARTESIAN_POINT('',(-5.274805330803E0,8.643131305545E0,
-1.216223452178E0));
#9608=CARTESIAN_POINT('',(-5.323358215429E0,8.550338573944E0,
-1.156425972540E0));
#9609=CARTESIAN_POINT('',(-4.978073681303E0,8.681809769624E0,
-1.351481753012E0));
#9610=CARTESIAN_POINT('',(-5.044593365243E0,8.602151680814E0,
-1.291692690756E0));
#9611=CARTESIAN_POINT('',(-5.111113049184E0,8.522493592005E0,
-1.231903628501E0));
#9612=CARTESIAN_POINT('',(-5.177632733124E0,8.442835503195E0,
-1.172114566245E0));
#9613=CARTESIAN_POINT('',(-4.924369376168E0,8.633425163845E0,
-1.356022400613E0));
#9614=CARTESIAN_POINT('',(-4.995711554619E0,8.558075995528E0,
-1.296237217644E0));
#9615=CARTESIAN_POINT('',(-5.067053733070E0,8.482726827211E0,
-1.236452034675E0));
#9616=CARTESIAN_POINT('',(-5.138395911521E0,8.407377658894E0,
-1.176666851706E0));
#9617=CARTESIAN_POINT('',(-4.878054251210E0,8.583773635043E0,
-1.360296621337E0));
#9618=CARTESIAN_POINT('',(-4.953562339863E0,8.512871662132E0,
-1.300513766443E0));
#9619=CARTESIAN_POINT('',(-5.029070428515E0,8.441969689222E0,
-1.240730911550E0));
#9620=CARTESIAN_POINT('',(-5.104578517168E0,8.371067716312E0,
-1.180948056657E0));
#9621=B_SPLINE_SURFACE_WITH_KNOTS('',3,3,((#9389,#9390,#9391,#9392),(#9393,
#9394,#9395,#9396),(#9397,#9398,#9399,#9400),(#9401,#9402,#9403,#9404),(#9405,
#9406,#9407,#9408),(#9409,#9410,#9411,#9412),(#9413,#9414,#9415,#9416),(#9417,
#9418,#9419,#9420),(#9421,#9422,#9423,#9424),(#9425,#9426,#9427,#9428),(#9429,
#9430,#9431,#9432),(#9433,#9434,#9435,#9436),(#9437,#9438,#9439,#9440),(#9441,
#9442,#9443,#9444),(#9445,#9446,#9447,#9448),(#9449,#9450,#9451,#9452),(#9453,
#9454,#9455,#9456),(#9457,#9458,#9459,#9460),(#9461,#9462,#9463,#9464),(#9465,
#9466,#9467,#9468),(#9469,#9470,#9471,#9472),(#9473,#9474,#9475,#9476),(#9477,
#9478,#9479,#9480),(#9481,#9482,#9483,#9484),(#9485,#9486,#9487,#9488),(#9489,
#9490,#9491,#9492),(#9493,#9494,#9495,#9496),(#9497,#9498,#9499,#9500),(#9501,
#9502,#9503,#9504),(#9505,#9506,#9507,#9508),(#9509,#9510,#9511,#9512),(#9513,
#9514,#9515,#9516),(#9517,#9518,#9519,#9520),(#9521,#9522,#9523,#9524),(#9525,
#9526,#9527,#9528),(#9529,#9530,#9531,#9532),(#9533,#9534,#9535,#9536),(#9537,
#9538,#9539,#9540),(#9541,#9542,#9543,#9544),(#9545,#9546,#9547,#9548),(#9549,
#9550,#9551,#9552),(#9553,#9554,#9555,#9556),(#9557,#9558,#9559,#9560),(#9561,
#9562,#9563,#9564),(#9565,#9566,#9567,#9568),(#9569,#9570,#9571,#9572),(#9573,
#9574,#9575,#9576),(#9577,#9578,#9579,#9580),(#9581,#9582,#9583,#9584),(#9585,
#9586,#9587,#9588),(#9589,#9590,#9591,#9592),(#9593,#9594,#9595,#9596),(#9597,
#9598,#9599,#9600),(#9601,#9602,#9603,#9604),(#9605,#9606,#9607,#9608),(#9609,
#9610,#9611,#9612),(#9613,#9614,#9615,#9616),(#9617,#9618,#9619,#9620)),
.UNSPECIFIED.,.F.,.F.,.F.,(4,1,1,1,1,1,1,1,1,1,1,1,1,1,1,1,1,1,1,1,1,1,1,1,1,1,
1,1,1,1,1,1,1,1,1,1,1,1,1,1,1,1,1,1,1,1,1,1,1,1,1,1,1,1,1,4),(4,4),(
-9.965973263793E-3,0.E0,1.382132593112E-2,3.066903460598E-2,4.751674328084E-2,
5.594059761827E-2,6.436445195570E-2,8.963601496799E-2,1.149075779803E-1,
1.401791409926E-1,1.654507040049E-1,1.907222670172E-1,2.159938300294E-1,
2.286296115356E-1,2.412653930417E-1,2.539011745479E-1,2.665369560540E-1,
2.918085190663E-1,3.170800820786E-1,3.297158635848E-1,3.423516450909E-1,
3.676232081032E-1,3.928947711155E-1,4.181663341278E-1,4.308021156339E-1,
4.434378971401E-1,4.687094601524E-1,4.939810231646E-1,5.066168046708E-1,
5.192525861769E-1,5.445241491892E-1,5.697957122015E-1,5.950672752138E-1,
6.077030567200E-1,6.203388382261E-1,6.456104012384E-1,6.708819642507E-1,
6.835177457568E-1,6.961535272630E-1,7.087893087691E-1,7.214250902753E-1,
7.466966532876E-1,7.719682162998E-1,7.972397793121E-1,8.225113423244E-1,
8.477829053367E-1,8.604186868429E-1,8.730544683490E-1,8.856902498552E-1,
8.983260313613E-1,9.235975943736E-1,9.488691573859E-1,9.741407203982E-1,
9.994122834105E-1,1.E0,1.009639535333E0),(-2.730649914704E-1,1.275257433265E0),
.UNSPECIFIED.);
#9623=ORIENTED_EDGE('',*,*,#9622,.F.);
#9625=ORIENTED_EDGE('',*,*,#9624,.F.);
#9627=ORIENTED_EDGE('',*,*,#9626,.F.);
#9629=ORIENTED_EDGE('',*,*,#9628,.F.);
#9631=ORIENTED_EDGE('',*,*,#9630,.F.);
#9633=ORIENTED_EDGE('',*,*,#9632,.F.);
#9635=ORIENTED_EDGE('',*,*,#9634,.T.);
#9637=ORIENTED_EDGE('',*,*,#9636,.T.);
#9639=ORIENTED_EDGE('',*,*,#9638,.T.);
#9641=ORIENTED_EDGE('',*,*,#9640,.T.);
#9643=ORIENTED_EDGE('',*,*,#9642,.T.);
#9645=ORIENTED_EDGE('',*,*,#9644,.T.);
#9647=ORIENTED_EDGE('',*,*,#9646,.T.);
#9648=ORIENTED_EDGE('',*,*,#9359,.F.);
#9649=ORIENTED_EDGE('',*,*,#9382,.F.);
#9650=ORIENTED_EDGE('',*,*,#9371,.F.);
#9652=ORIENTED_EDGE('',*,*,#9651,.F.);
#9653=EDGE_LOOP('',(#9623,#9625,#9627,#9629,#9631,#9633,#9635,#9637,#9639,#9641,
#9643,#9645,#9647,#9648,#9649,#9650,#9652));
#9654=FACE_OUTER_BOUND('',#9653,.F.);
#9655=ADVANCED_FACE('',(#9654),#9621,.T.);
#9656=CARTESIAN_POINT('',(-5.715E0,7.799999999999E0,-2.485103088273E-1));
#9657=DIRECTION('',(1.015484066633E-14,0.E0,-1.E0));
#9658=DIRECTION('',(-1.E0,0.E0,-1.015484066633E-14));
#9659=AXIS2_PLACEMENT_3D('',#9656,#9657,#9658);
#9660=CYLINDRICAL_SURFACE('',#9659,8.9154E-1);
#9661=ORIENTED_EDGE('',*,*,#9651,.T.);
#9662=ORIENTED_EDGE('',*,*,#9369,.T.);
#9663=ORIENTED_EDGE('',*,*,#9367,.T.);
#9665=ORIENTED_EDGE('',*,*,#9664,.F.);
#9667=ORIENTED_EDGE('',*,*,#9666,.F.);
#9668=ORIENTED_EDGE('',*,*,#9622,.T.);
#9669=EDGE_LOOP('',(#9661,#9662,#9663,#9665,#9667,#9668));
#9670=FACE_OUTER_BOUND('',#9669,.F.);
#9671=ADVANCED_FACE('',(#9670),#9660,.F.);
#9672=CARTESIAN_POINT('',(-4.731360603074E0,8.390000680639E0,
-1.023988763385E-2));
#9673=CARTESIAN_POINT('',(-4.820064036606E0,8.336795159221E0,
-6.996070886542E-2));
#9674=CARTESIAN_POINT('',(-4.908767470139E0,8.283589637803E0,
-1.296815300970E-1));
#9675=CARTESIAN_POINT('',(-4.997470903671E0,8.230384116386E0,
-1.894023513286E-1));
#9676=CARTESIAN_POINT('',(-4.699719353532E0,8.337578347712E0,
-1.409152131190E-2));
#9677=CARTESIAN_POINT('',(-4.791276162239E0,8.289100206714E0,
-7.381234308988E-2));
#9678=CARTESIAN_POINT('',(-4.882832970946E0,8.240622065716E0,
-1.335331648679E-1));
#9679=CARTESIAN_POINT('',(-4.974389779652E0,8.192143924718E0,
-1.932539866458E-1));
#9680=CARTESIAN_POINT('',(-4.637948393269E0,8.211353435695E0,
-2.292388240252E-2));
#9681=CARTESIAN_POINT('',(-4.735075215616E0,8.174258093179E0,
-8.264467149664E-2));
#9682=CARTESIAN_POINT('',(-4.832202037963E0,8.137162750663E0,
-1.423654605908E-1));
#9683=CARTESIAN_POINT('',(-4.929328860310E0,8.100067408147E0,
-2.020862496849E-1));
#9684=CARTESIAN_POINT('',(-4.570038434222E0,7.972665598564E0,
-3.845110753107E-2));
#9685=CARTESIAN_POINT('',(-4.673288988968E0,7.957094821857E0,
-9.817187274301E-2));
#9686=CARTESIAN_POINT('',(-4.776539543714E0,7.941524045149E0,
-1.578926379550E-1));
#9687=CARTESIAN_POINT('',(-4.879790098461E0,7.925953268441E0,
-2.176134031669E-1));
#9688=CARTESIAN_POINT('',(-4.558320351825E0,7.700450707751E0,
-5.543859185069E-2));
#9689=CARTESIAN_POINT('',(-4.662633074184E0,7.709428007497E0,
-1.151597867855E-1));
#9690=CARTESIAN_POINT('',(-4.766945796542E0,7.718405307244E0,
-1.748809817203E-1));
#9691=CARTESIAN_POINT('',(-4.871258518901E0,7.727382606990E0,
-2.346021766551E-1));
#9692=CARTESIAN_POINT('',(-4.630842864062E0,7.375074096847E0,
-7.621798261047E-2));
#9693=CARTESIAN_POINT('',(-4.728592880763E0,7.413393124033E0,
-1.359373849609E-1));
#9694=CARTESIAN_POINT('',(-4.826342897464E0,7.451712151219E0,
-1.956567873114E-1));
#9695=CARTESIAN_POINT('',(-4.924092914165E0,7.490031178405E0,
-2.553761896619E-1));
#9696=CARTESIAN_POINT('',(-4.809228916430E0,7.065915773499E0,
-9.840223103452E-2));
#9697=CARTESIAN_POINT('',(-4.890977080926E0,7.132115534289E0,
-1.581283234008E-1));
#9698=CARTESIAN_POINT('',(-4.972725245421E0,7.198315295078E0,
-2.178544157672E-1));
#9699=CARTESIAN_POINT('',(-5.054473409917E0,7.264515055868E0,
-2.775805081335E-1));
#9700=CARTESIAN_POINT('',(-5.079148222647E0,6.823363877295E0,
-1.209777857262E-1));
#9701=CARTESIAN_POINT('',(-5.136239004339E0,6.911432099028E0,
-1.806789106134E-1));
#9702=CARTESIAN_POINT('',(-5.193329786031E0,6.999500320761E0,
-2.403800355007E-1));
#9703=CARTESIAN_POINT('',(-5.250420567723E0,7.087568542495E0,
-3.000811603879E-1));
#9704=CARTESIAN_POINT('',(-5.344956474671E0,6.704041467062E0,
-1.390908730845E-1));
#9705=CARTESIAN_POINT('',(-5.379061011904E0,6.802884232374E0,
-1.988696478889E-1));
#9706=CARTESIAN_POINT('',(-5.413165549138E0,6.901726997685E0,
-2.586484226932E-1));
#9707=CARTESIAN_POINT('',(-5.447270086371E0,7.000569762997E0,
-3.184271974976E-1));
#9708=CARTESIAN_POINT('',(-5.561388416799E0,6.659735980039E0,
-1.529741889225E-1));
#9709=CARTESIAN_POINT('',(-5.573968767850E0,6.762545205506E0,
-2.125946176487E-1));
#9710=CARTESIAN_POINT('',(-5.586549118901E0,6.865354430973E0,
-2.722150463749E-1));
#9711=CARTESIAN_POINT('',(-5.599129469953E0,6.968163656440E0,
-3.318354751011E-1));
#9712=CARTESIAN_POINT('',(-5.815893664065E0,6.642657038962E0,
-1.689847236249E-1));
#9713=CARTESIAN_POINT('',(-5.807937878915E0,6.747041290923E0,
-2.287957185938E-1));
#9714=CARTESIAN_POINT('',(-5.799982093765E0,6.851425542885E0,
-2.886067135626E-1));
#9715=CARTESIAN_POINT('',(-5.792026308615E0,6.955809794846E0,
-3.484177085314E-1));
#9716=CARTESIAN_POINT('',(-6.197637185802E0,6.715679087334E0,
-1.929016445085E-1));
#9717=CARTESIAN_POINT('',(-6.153688068715E0,6.813455276174E0,
-2.525887662878E-1));
#9718=CARTESIAN_POINT('',(-6.109738951628E0,6.911231465013E0,
-3.122758880671E-1));
#9719=CARTESIAN_POINT('',(-6.065789834541E0,7.009007653853E0,
-3.719630098463E-1));
#9720=CARTESIAN_POINT('',(-6.641951006106E0,7.050718208734E0,
-2.269182163728E-1));
#9721=CARTESIAN_POINT('',(-6.558470995999E0,7.118290461220E0,
-2.866482386500E-1));
#9722=CARTESIAN_POINT('',(-6.474990985893E0,7.185862713706E0,
-3.463782609272E-1));
#9723=CARTESIAN_POINT('',(-6.391510975786E0,7.253434966192E0,
-4.061082832044E-1));
#9724=CARTESIAN_POINT('',(-6.867652037345E0,7.543549145870E0,
-2.602307025818E-1));
#9725=CARTESIAN_POINT('',(-6.763687738484E0,7.566670239164E0,
-3.199483883967E-1));
#9726=CARTESIAN_POINT('',(-6.659723439623E0,7.589791332458E0,
-3.796660742117E-1));
#9727=CARTESIAN_POINT('',(-6.555759140762E0,7.612912425752E0,
-4.393837600266E-1));
#9728=CARTESIAN_POINT('',(-6.877650897637E0,8.002444804118E0,
-2.884617018936E-1));
#9729=CARTESIAN_POINT('',(-6.772771553195E0,7.984206920190E0,
-3.481858330596E-1));
#9730=CARTESIAN_POINT('',(-6.667892208753E0,7.965969036261E0,
-4.079099642257E-1));
#9731=CARTESIAN_POINT('',(-6.563012864312E0,7.947731152333E0,
-4.676340953918E-1));
#9732=CARTESIAN_POINT('',(-6.679144002036E0,8.498995415293E0,
-3.213461679398E-1));
#9733=CARTESIAN_POINT('',(-6.592350056796E0,8.435892868091E0,
-3.810568541636E-1));
#9734=CARTESIAN_POINT('',(-6.505556111555E0,8.372790320888E0,
-4.407675403874E-1));
#9735=CARTESIAN_POINT('',(-6.418762166314E0,8.309687773685E0,
-5.004782266113E-1));
#9736=CARTESIAN_POINT('',(-6.325957537616E0,8.798458882552E0,
-3.496726369172E-1));
#9737=CARTESIAN_POINT('',(-6.270410319401E0,8.708619216721E0,
-4.094227684891E-1));
#9738=CARTESIAN_POINT('',(-6.214863101185E0,8.618779550891E0,
-4.691729000611E-1));
#9739=CARTESIAN_POINT('',(-6.159315882969E0,8.528939885060E0,
-5.289230316331E-1));
#9740=CARTESIAN_POINT('',(-6.002948541830E0,8.919692125348E0,
-3.712418578810E-1));
#9741=CARTESIAN_POINT('',(-5.977764731323E0,8.818373105262E0,
-4.309119321582E-1));
#9742=CARTESIAN_POINT('',(-5.952580920816E0,8.717054085177E0,
-4.905820064354E-1));
#9743=CARTESIAN_POINT('',(-5.927397110309E0,8.615735065092E0,
-5.502520807125E-1));
#9744=CARTESIAN_POINT('',(-5.764610846918E0,8.953643008345E0,
-3.863175564220E-1));
#9745=CARTESIAN_POINT('',(-5.759927524222E0,8.849701647070E0,
-4.460519471860E-1));
#9746=CARTESIAN_POINT('',(-5.755244201525E0,8.745760285795E0,
-5.057863379500E-1));
#9747=CARTESIAN_POINT('',(-5.750560878829E0,8.641818924520E0,
-5.655207287140E-1));
#9748=CARTESIAN_POINT('',(-5.535422553002E0,8.941190551209E0,
-4.006902045958E-1));
#9749=CARTESIAN_POINT('',(-5.551671508575E0,8.838255122758E0,
-4.604074639657E-1));
#9750=CARTESIAN_POINT('',(-5.567920464147E0,8.735319694307E0,
-5.201247233356E-1));
#9751=CARTESIAN_POINT('',(-5.584169419720E0,8.632384265857E0,
-5.798419827055E-1));
#9752=CARTESIAN_POINT('',(-5.209382555510E0,8.855039494945E0,
-4.217889938062E-1));
#9753=CARTESIAN_POINT('',(-5.254946785623E0,8.759911393820E0,
-4.815118652954E-1));
#9754=CARTESIAN_POINT('',(-5.300511015736E0,8.664783292695E0,
-5.412347367846E-1));
#9755=CARTESIAN_POINT('',(-5.346075245849E0,8.569655191570E0,
-6.009576082739E-1));
#9756=CARTESIAN_POINT('',(-4.830101407021E0,8.596389978173E0,
-4.499084875118E-1));
#9757=CARTESIAN_POINT('',(-4.909911481341E0,8.524567646406E0,
-5.096285890167E-1));
#9758=CARTESIAN_POINT('',(-4.989721555661E0,8.452745314639E0,
-5.693486905216E-1));
#9759=CARTESIAN_POINT('',(-5.069531629981E0,8.380922982872E0,
-6.290687920265E-1));
#9760=CARTESIAN_POINT('',(-4.615476857363E0,8.195954425961E0,
-4.777555017248E-1));
#9761=CARTESIAN_POINT('',(-4.714629111964E0,8.160248356044E0,
-5.374764063067E-1));
#9762=CARTESIAN_POINT('',(-4.813781366565E0,8.124542286127E0,
-5.971973108886E-1));
#9763=CARTESIAN_POINT('',(-4.912933621167E0,8.088836216210E0,
-6.569182154705E-1));
#9764=CARTESIAN_POINT('',(-4.562804771557E0,7.874864321895E0,
-4.981274312985E-1));
#9765=CARTESIAN_POINT('',(-4.666708545785E0,7.868113039690E0,
-5.578482311016E-1));
#9766=CARTESIAN_POINT('',(-4.770612320013E0,7.861361757484E0,
-6.175690309047E-1));
#9767=CARTESIAN_POINT('',(-4.874516094241E0,7.854610475278E0,
-6.772898307079E-1));
#9768=CARTESIAN_POINT('',(-4.572003314407E0,7.570946717930E0,
-5.171759749671E-1));
#9769=CARTESIAN_POINT('',(-4.675077178452E0,7.591602520337E0,
-5.768968005038E-1));
#9770=CARTESIAN_POINT('',(-4.778151042497E0,7.612258322744E0,
-6.366176260405E-1));
#9771=CARTESIAN_POINT('',(-4.881224906542E0,7.632914125150E0,
-6.963384515772E-1));
#9772=CARTESIAN_POINT('',(-4.716346419125E0,7.152417945019E0,
-5.443744445383E-1));
#9773=CARTESIAN_POINT('',(-4.806403797616E0,7.210816061688E0,
-6.040952574498E-1));
#9774=CARTESIAN_POINT('',(-4.896461176106E0,7.269214178357E0,
-6.638160703614E-1));
#9775=CARTESIAN_POINT('',(-4.986518554597E0,7.327612295027E0,
-7.235368832729E-1));
#9776=CARTESIAN_POINT('',(-5.121027897739E0,6.769615679499E0,
-5.784204099261E-1));
#9777=CARTESIAN_POINT('',(-5.174591544372E0,6.862534452872E0,
-6.381412269212E-1));
#9778=CARTESIAN_POINT('',(-5.228155191004E0,6.955453226245E0,
-6.978620439162E-1));
#9779=CARTESIAN_POINT('',(-5.281718837636E0,7.048371999618E0,
-7.575828609113E-1));
#9780=CARTESIAN_POINT('',(-5.538933274456E0,6.648179010126E0,
-6.051735044814E-1));
#9781=CARTESIAN_POINT('',(-5.554810752904E0,6.752048783493E0,
-6.648943204900E-1));
#9782=CARTESIAN_POINT('',(-5.570688231353E0,6.855918556861E0,
-7.246151364985E-1));
#9783=CARTESIAN_POINT('',(-5.586565709801E0,6.959788330228E0,
-7.843359525071E-1));
#9784=CARTESIAN_POINT('',(-5.841512060286E0,6.652125884357E0,
-6.241326623496E-1));
#9785=CARTESIAN_POINT('',(-5.830103360847E0,6.755639734432E0,
-6.838534784867E-1));
#9786=CARTESIAN_POINT('',(-5.818694661408E0,6.859153584506E0,
-7.435742946238E-1));
#9787=CARTESIAN_POINT('',(-5.807285961969E0,6.962667434580E0,
-8.032951107609E-1));
#9788=CARTESIAN_POINT('',(-6.166289161310E0,6.721144929204E0,
-6.449132041792E-1));
#9789=CARTESIAN_POINT('',(-6.125592470204E0,6.818434728041E0,
-7.046340202853E-1));
#9790=CARTESIAN_POINT('',(-6.084895779098E0,6.915724526879E0,
-7.643548363914E-1));
#9791=CARTESIAN_POINT('',(-6.044199087993E0,7.013014325716E0,
-8.240756524974E-1));
#9792=CARTESIAN_POINT('',(-6.556762730857E0,6.958237269141E0,
-6.729020158975E-1));
#9793=CARTESIAN_POINT('',(-6.480853622080E0,7.034146377918E0,
-7.326228320147E-1));
#9794=CARTESIAN_POINT('',(-6.404944513303E0,7.110055486695E0,
-7.923436481319E-1));
#9795=CARTESIAN_POINT('',(-6.329035404526E0,7.185964595472E0,
-8.520644642490E-1));
#9796=CARTESIAN_POINT('',(-6.793855070795E0,7.348710838689E0,
-7.008908276159E-1));
#9797=CARTESIAN_POINT('',(-6.696565271957E0,7.389407529795E0,
-7.606116437441E-1));
#9798=CARTESIAN_POINT('',(-6.599275473120E0,7.430104220901E0,
-8.203324598724E-1));
#9799=CARTESIAN_POINT('',(-6.501985674283E0,7.470800912006E0,
-8.800532760007E-1));
#9800=CARTESIAN_POINT('',(-6.862874115641E0,7.673487939713E0,
-7.216713694455E-1));
#9801=CARTESIAN_POINT('',(-6.759360265567E0,7.684896639152E0,
-7.813921855427E-1));
#9802=CARTESIAN_POINT('',(-6.655846415493E0,7.696305338591E0,
-8.411130016399E-1));
#9803=CARTESIAN_POINT('',(-6.552332565418E0,7.707714038029E0,
-9.008338177371E-1));
#9804=CARTESIAN_POINT('',(-6.866820989872E0,7.976066725541E0,
-7.406305273135E-1));
#9805=CARTESIAN_POINT('',(-6.762951216505E0,7.960189247094E0,
-8.003513435394E-1));
#9806=CARTESIAN_POINT('',(-6.659081443138E0,7.944311768648E0,
-8.600721597654E-1));
#9807=CARTESIAN_POINT('',(-6.555211669771E0,7.928434290202E0,
-9.197929759913E-1));
#9808=CARTESIAN_POINT('',(-6.745384320501E0,8.393972102273E0,
-7.673836218698E-1));
#9809=CARTESIAN_POINT('',(-6.652465547127E0,8.340408455626E0,
-8.271044371080E-1));
#9810=CARTESIAN_POINT('',(-6.559546773752E0,8.286844808978E0,
-8.868252523462E-1));
#9811=CARTESIAN_POINT('',(-6.466628000377E0,8.233281162330E0,
-9.465460675844E-1));
#9812=CARTESIAN_POINT('',(-6.362582054974E0,8.798653580822E0,
-8.014295872535E-1));
#9813=CARTESIAN_POINT('',(-6.304183938311E0,8.708596202389E0,
-8.611504065802E-1));
#9814=CARTESIAN_POINT('',(-6.245785821647E0,8.618538823955E0,
-9.208712259070E-1));
#9815=CARTESIAN_POINT('',(-6.187387704984E0,8.528481445521E0,
-9.805920452337E-1));
#9816=CARTESIAN_POINT('',(-5.944053282086E0,8.942996685741E0,
-8.286280568377E-1));
#9817=CARTESIAN_POINT('',(-5.923397479662E0,8.839922821530E0,
-8.883488635237E-1));
#9818=CARTESIAN_POINT('',(-5.902741677238E0,8.736848957318E0,
-9.480696702097E-1));
#9819=CARTESIAN_POINT('',(-5.882085874814E0,8.633775093107E0,
-1.007790476896E0));
#9820=CARTESIAN_POINT('',(-5.640135678073E0,8.952195228182E0,
-8.476766004797E-1));
#9821=CARTESIAN_POINT('',(-5.646886960309E0,8.848291454242E0,
-9.073974329310E-1));
#9822=CARTESIAN_POINT('',(-5.653638242545E0,8.744387680303E0,
-9.671182653823E-1));
#9823=CARTESIAN_POINT('',(-5.660389524781E0,8.640483906363E0,
-1.026839097834E0));
#9824=CARTESIAN_POINT('',(-5.319045574199E0,8.899523144040E0,
-8.680485301616E-1));
#9825=CARTESIAN_POINT('',(-5.354751643953E0,8.800370887877E0,
-9.277692577051E-1));
#9826=CARTESIAN_POINT('',(-5.390457713708E0,8.701218631713E0,
-9.874899852486E-1));
#9827=CARTESIAN_POINT('',(-5.426163783462E0,8.602066375550E0,
-1.047210712792E0));
#9828=CARTESIAN_POINT('',(-4.918610020520E0,8.684898581633E0,
-8.958955435456E-1));
#9829=CARTESIAN_POINT('',(-4.990432353600E0,8.605088519931E0,
-9.556170751549E-1));
#9830=CARTESIAN_POINT('',(-5.062254686680E0,8.525278458230E0,
-1.015338606764E0));
#9831=CARTESIAN_POINT('',(-5.134077019760E0,8.445468396528E0,
-1.075060138373E0));
#9832=CARTESIAN_POINT('',(-4.659960508809E0,8.305617477119E0,
-9.240150401104E-1));
#9833=CARTESIAN_POINT('',(-4.755088606157E0,8.260053210713E0,
-9.837337983251E-1));
#9834=CARTESIAN_POINT('',(-4.850216703506E0,8.214488944307E0,
-1.043452556540E0));
#9835=CARTESIAN_POINT('',(-4.945344800855E0,8.168924677900E0,
-1.103171314754E0));
#9836=CARTESIAN_POINT('',(-4.573809442291E0,7.979577390530E0,
-9.451138235280E-1));
#9837=CARTESIAN_POINT('',(-4.676744877277E0,7.963328497762E0,
-1.004838200771E0));
#9838=CARTESIAN_POINT('',(-4.779680312263E0,7.947079604994E0,
-1.064562578015E0));
#9839=CARTESIAN_POINT('',(-4.882615747249E0,7.930830712226E0,
-1.124286955258E0));
#9840=CARTESIAN_POINT('',(-4.561357016456E0,7.750389368588E0,
-9.594864893849E-1));
#9841=CARTESIAN_POINT('',(-4.665298352789E0,7.755072451585E0,
-1.019193714143E0));
#9842=CARTESIAN_POINT('',(-4.769239689121E0,7.759755534583E0,
-1.078900938900E0));
#9843=CARTESIAN_POINT('',(-4.873181025454E0,7.764438617581E0,
-1.138608163658E0));
#9844=CARTESIAN_POINT('',(-4.595307781938E0,7.512050652607E0,
-9.745621215381E-1));
#9845=CARTESIAN_POINT('',(-4.696626895258E0,7.537235359104E0,
-1.034333741967E0));
#9846=CARTESIAN_POINT('',(-4.797946008578E0,7.562420065602E0,
-1.094105362395E0));
#9847=CARTESIAN_POINT('',(-4.899265121898E0,7.587604772099E0,
-1.153876982824E0));
#9848=CARTESIAN_POINT('',(-4.716541384098E0,7.189044431272E0,
-9.961315058118E-1));
#9849=CARTESIAN_POINT('',(-4.806380980408E0,7.244591245585E0,
-1.055822990036E0));
#9850=CARTESIAN_POINT('',(-4.896220576719E0,7.300138059899E0,
-1.115514474261E0));
#9851=CARTESIAN_POINT('',(-4.986060173029E0,7.355684874212E0,
-1.175205958485E0));
#9852=CARTESIAN_POINT('',(-5.016002648413E0,6.835842305770E0,
-1.024457127330E0));
#9853=CARTESIAN_POINT('',(-5.079105355122E0,6.922635406178E0,
-1.084187908925E0));
#9854=CARTESIAN_POINT('',(-5.142208061831E0,7.009428506586E0,
-1.143918690520E0));
#9855=CARTESIAN_POINT('',(-5.205310768540E0,7.096221606995E0,
-1.203649472114E0));
#9856=CARTESIAN_POINT('',(-5.512562233810E0,6.637398770026E0,
-1.057344995575E0));
#9857=CARTESIAN_POINT('',(-5.530799595040E0,6.742281809513E0,
-1.117063141149E0));
#9858=CARTESIAN_POINT('',(-5.549036956269E0,6.847164849001E0,
-1.176781286723E0));
#9859=CARTESIAN_POINT('',(-5.567274317499E0,6.952047888488E0,
-1.236499432297E0));
#9860=CARTESIAN_POINT('',(-5.971424638704E0,6.647162984191E0,
-1.085563403043E0));
#9861=CARTESIAN_POINT('',(-5.948305476699E0,6.751113347701E0,
-1.145284935856E0));
#9862=CARTESIAN_POINT('',(-5.925186314694E0,6.855063711210E0,
-1.205006468668E0));
#9863=CARTESIAN_POINT('',(-5.902067152688E0,6.959014074719E0,
-1.264728001480E0));
#9864=CARTESIAN_POINT('',(-6.464379615033E0,6.873739240077E0,
-1.118922854429E0));
#9865=CARTESIAN_POINT('',(-6.396800160092E0,6.957271296544E0,
-1.178643474309E0));
#9866=CARTESIAN_POINT('',(-6.329220705151E0,7.040803353012E0,
-1.238364094188E0));
#9867=CARTESIAN_POINT('',(-6.261641250209E0,7.124335409480E0,
-1.298084714068E0));
#9868=CARTESIAN_POINT('',(-6.743496307336E0,7.241678536623E0,
-1.147154605668E0));
#9869=CARTESIAN_POINT('',(-6.650747967746E0,7.292026890969E0,
-1.206875446198E0));
#9870=CARTESIAN_POINT('',(-6.557999628155E0,7.342375245314E0,
-1.266596286729E0));
#9871=CARTESIAN_POINT('',(-6.465251288564E0,7.392723599660E0,
-1.326317127259E0));
#9872=CARTESIAN_POINT('',(-6.839859167883E0,7.544759569046E0,
-1.167051574053E0));
#9873=CARTESIAN_POINT('',(-6.738420756474E0,7.567776869085E0,
-1.226772387722E0));
#9874=CARTESIAN_POINT('',(-6.636982345065E0,7.590794169124E0,
-1.286493201391E0));
#9875=CARTESIAN_POINT('',(-6.535543933656E0,7.613811469163E0,
-1.346214015061E0));
#9876=CARTESIAN_POINT('',(-6.857267477943E0,7.680231506356E0,
-1.175626851206E0));
#9877=CARTESIAN_POINT('',(-6.754259221557E0,7.691032106821E0,
-1.235347665522E0));
#9878=CARTESIAN_POINT('',(-6.651250965172E0,7.701832707286E0,
-1.295068479838E0));
#9879=CARTESIAN_POINT('',(-6.548242708786E0,7.712633307751E0,
-1.354789294155E0));
#9880=CARTESIAN_POINT('',(-6.860090472298E0,7.734441521265E0,
-1.179058762113E0));
#9881=CARTESIAN_POINT('',(-6.756827723132E0,7.740353366324E0,
-1.238779587092E0));
#9882=CARTESIAN_POINT('',(-6.653564973965E0,7.746265211383E0,
-1.298500412071E0));
#9883=CARTESIAN_POINT('',(-6.550302224798E0,7.752177056442E0,
-1.358221237049E0));
#9884=B_SPLINE_SURFACE_WITH_KNOTS('',3,3,((#9672,#9673,#9674,#9675),(#9676,
#9677,#9678,#9679),(#9680,#9681,#9682,#9683),(#9684,#9685,#9686,#9687),(#9688,
#9689,#9690,#9691),(#9692,#9693,#9694,#9695),(#9696,#9697,#9698,#9699),(#9700,
#9701,#9702,#9703),(#9704,#9705,#9706,#9707),(#9708,#9709,#9710,#9711),(#9712,
#9713,#9714,#9715),(#9716,#9717,#9718,#9719),(#9720,#9721,#9722,#9723),(#9724,
#9725,#9726,#9727),(#9728,#9729,#9730,#9731),(#9732,#9733,#9734,#9735),(#9736,
#9737,#9738,#9739),(#9740,#9741,#9742,#9743),(#9744,#9745,#9746,#9747),(#9748,
#9749,#9750,#9751),(#9752,#9753,#9754,#9755),(#9756,#9757,#9758,#9759),(#9760,
#9761,#9762,#9763),(#9764,#9765,#9766,#9767),(#9768,#9769,#9770,#9771),(#9772,
#9773,#9774,#9775),(#9776,#9777,#9778,#9779),(#9780,#9781,#9782,#9783),(#9784,
#9785,#9786,#9787),(#9788,#9789,#9790,#9791),(#9792,#9793,#9794,#9795),(#9796,
#9797,#9798,#9799),(#9800,#9801,#9802,#9803),(#9804,#9805,#9806,#9807),(#9808,
#9809,#9810,#9811),(#9812,#9813,#9814,#9815),(#9816,#9817,#9818,#9819),(#9820,
#9821,#9822,#9823),(#9824,#9825,#9826,#9827),(#9828,#9829,#9830,#9831),(#9832,
#9833,#9834,#9835),(#9836,#9837,#9838,#9839),(#9840,#9841,#9842,#9843),(#9844,
#9845,#9846,#9847),(#9848,#9849,#9850,#9851),(#9852,#9853,#9854,#9855),(#9856,
#9857,#9858,#9859),(#9860,#9861,#9862,#9863),(#9864,#9865,#9866,#9867),(#9868,
#9869,#9870,#9871),(#9872,#9873,#9874,#9875),(#9876,#9877,#9878,#9879),(#9880,
#9881,#9882,#9883)),.UNSPECIFIED.,.F.,.F.,.F.,(4,1,1,1,1,1,1,1,1,1,1,1,1,1,1,1,
1,1,1,1,1,1,1,1,1,1,1,1,1,1,1,1,1,1,1,1,1,1,1,1,1,1,1,1,1,1,1,1,1,1,4),(4,4),(
-9.692252076519E-3,0.E0,1.268065995226E-2,3.122044850712E-2,4.976023706199E-2,
6.830002561685E-2,8.683981417172E-2,1.053796027266E-1,1.146494970040E-1,
1.239193912814E-1,1.517290741137E-1,1.795387569460E-1,2.073484397783E-1,
2.351581226106E-1,2.629678054429E-1,2.907774882752E-1,3.046823296914E-1,
3.185871711075E-1,3.324920125237E-1,3.463968539398E-1,3.742065367721E-1,
4.020162196044E-1,4.159210610206E-1,4.298259024367E-1,4.576355852690E-1,
4.854452681013E-1,5.132549509336E-1,5.271597923498E-1,5.410646337659E-1,
5.688743165982E-1,5.966839994305E-1,6.105888408466E-1,6.244936822628E-1,
6.523033650951E-1,6.801130479274E-1,7.079227307597E-1,7.218275721758E-1,
7.357324135920E-1,7.635420964243E-1,7.913517792566E-1,8.052566206727E-1,
8.191614620889E-1,8.330663035050E-1,8.469711449212E-1,8.747808277535E-1,
9.025905105858E-1,9.304001934181E-1,9.582098762504E-1,9.860195590827E-1,1.E0,
1.010067653172E0),(-2.733454961266E-1,1.273143407258E0),.UNSPECIFIED.);
#9886=ORIENTED_EDGE('',*,*,#9885,.T.);
#9888=ORIENTED_EDGE('',*,*,#9887,.T.);
#9890=ORIENTED_EDGE('',*,*,#9889,.T.);
#9892=ORIENTED_EDGE('',*,*,#9891,.T.);
#9894=ORIENTED_EDGE('',*,*,#9893,.T.);
#9895=ORIENTED_EDGE('',*,*,#9664,.T.);
#9896=ORIENTED_EDGE('',*,*,#9365,.T.);
#9898=ORIENTED_EDGE('',*,*,#9897,.F.);
#9900=ORIENTED_EDGE('',*,*,#9899,.F.);
#9902=ORIENTED_EDGE('',*,*,#9901,.F.);
#9904=ORIENTED_EDGE('',*,*,#9903,.F.);
#9906=ORIENTED_EDGE('',*,*,#9905,.F.);
#9908=ORIENTED_EDGE('',*,*,#9907,.F.);
#9910=ORIENTED_EDGE('',*,*,#9909,.F.);
#9912=ORIENTED_EDGE('',*,*,#9911,.F.);
#9913=EDGE_LOOP('',(#9886,#9888,#9890,#9892,#9894,#9895,#9896,#9898,#9900,#9902,
#9904,#9906,#9908,#9910,#9912));
#9914=FACE_OUTER_BOUND('',#9913,.F.);
#9915=ADVANCED_FACE('',(#9914),#9884,.F.);
#9916=CARTESIAN_POINT('',(-4.11479685E0,9.400203149999E0,-1.199999999997E0));
#9917=DIRECTION('',(0.E0,0.E0,-1.E0));
#9918=DIRECTION('',(0.E0,-1.E0,0.E0));
#9919=AXIS2_PLACEMENT_3D('',#9916,#9917,#9918);
#9920=PLANE('',#9919);
#9922=ORIENTED_EDGE('',*,*,#9921,.F.);
#9924=ORIENTED_EDGE('',*,*,#9923,.F.);
#9926=ORIENTED_EDGE('',*,*,#9925,.F.);
#9927=EDGE_LOOP('',(#9922,#9924,#9926));
#9928=FACE_OUTER_BOUND('',#9927,.F.);
#9929=ORIENTED_EDGE('',*,*,#9632,.T.);
#9931=ORIENTED_EDGE('',*,*,#9930,.F.);
#9932=ORIENTED_EDGE('',*,*,#9885,.F.);
#9934=ORIENTED_EDGE('',*,*,#9933,.F.);
#9935=EDGE_LOOP('',(#9929,#9931,#9932,#9934));
#9936=FACE_BOUND('',#9935,.F.);
#9937=ADVANCED_FACE('',(#9928,#9936),#9920,.T.);
#9938=CARTESIAN_POINT('',(-5.715E0,7.799999999999E0,-5.849968500135E-1));
#9939=DIRECTION('',(0.E0,0.E0,-1.E0));
#9940=DIRECTION('',(0.E0,-1.E0,0.E0));
#9941=AXIS2_PLACEMENT_3D('',#9938,#9939,#9940);
#9942=CYLINDRICAL_SURFACE('',#9941,1.524E0);
#9944=ORIENTED_EDGE('',*,*,#9943,.F.);
#9945=ORIENTED_EDGE('',*,*,#9921,.T.);
#9946=ORIENTED_EDGE('',*,*,#9925,.T.);
#9948=ORIENTED_EDGE('',*,*,#9947,.T.);
#9949=ORIENTED_EDGE('',*,*,#5854,.T.);
#9950=ORIENTED_EDGE('',*,*,#5858,.T.);
#9951=EDGE_LOOP('',(#9944,#9945,#9946,#9948,#9949,#9950));
#9952=FACE_OUTER_BOUND('',#9951,.F.);
#9953=ADVANCED_FACE('',(#9952),#9942,.T.);
#9954=CARTESIAN_POINT('',(-5.715E0,7.799999999999E0,-5.849968500135E-1));
#9955=DIRECTION('',(0.E0,0.E0,-1.E0));
#9956=DIRECTION('',(-1.E0,0.E0,0.E0));
#9957=AXIS2_PLACEMENT_3D('',#9954,#9955,#9956);
#9958=CYLINDRICAL_SURFACE('',#9957,1.524E0);
#9959=ORIENTED_EDGE('',*,*,#9943,.T.);
#9960=ORIENTED_EDGE('',*,*,#5856,.T.);
#9961=ORIENTED_EDGE('',*,*,#9947,.F.);
#9962=ORIENTED_EDGE('',*,*,#9923,.T.);
#9963=EDGE_LOOP('',(#9959,#9960,#9961,#9962));
#9964=FACE_OUTER_BOUND('',#9963,.F.);
#9965=ADVANCED_FACE('',(#9964),#9958,.T.);
#9966=CARTESIAN_POINT('',(-5.715E0,7.799999999999E0,-9.852680894290E-1));
#9967=DIRECTION('',(0.E0,0.E0,-1.E0));
#9968=DIRECTION('',(0.E0,-1.E0,0.E0));
#9969=AXIS2_PLACEMENT_3D('',#9966,#9967,#9968);
#9970=CYLINDRICAL_SURFACE('',#9969,8.9154E-1);
#9971=ORIENTED_EDGE('',*,*,#9930,.T.);
#9972=ORIENTED_EDGE('',*,*,#9630,.T.);
#9974=ORIENTED_EDGE('',*,*,#9973,.T.);
#9975=ORIENTED_EDGE('',*,*,#9887,.F.);
#9976=EDGE_LOOP('',(#9971,#9972,#9974,#9975));
#9977=FACE_OUTER_BOUND('',#9976,.F.);
#9978=ADVANCED_FACE('',(#9977),#9970,.F.);
#9979=CARTESIAN_POINT('',(-5.715E0,7.799999999999E0,-7.539697339977E-1));
#9980=DIRECTION('',(0.E0,0.E0,-1.E0));
#9981=DIRECTION('',(0.E0,-1.E0,0.E0));
#9982=AXIS2_PLACEMENT_3D('',#9979,#9980,#9981);
#9983=CYLINDRICAL_SURFACE('',#9982,8.9154E-1);
#9984=ORIENTED_EDGE('',*,*,#9889,.F.);
#9985=ORIENTED_EDGE('',*,*,#9973,.F.);
#9986=ORIENTED_EDGE('',*,*,#9628,.T.);
#9988=ORIENTED_EDGE('',*,*,#9987,.T.);
#9989=EDGE_LOOP('',(#9984,#9985,#9986,#9988));
#9990=FACE_OUTER_BOUND('',#9989,.F.);
#9991=ADVANCED_FACE('',(#9990),#9983,.F.);
#9992=CARTESIAN_POINT('',(-5.715E0,7.799999999999E0,-5.271840197120E-1));
#9993=DIRECTION('',(0.E0,0.E0,-1.E0));
#9994=DIRECTION('',(0.E0,-1.E0,0.E0));
#9995=AXIS2_PLACEMENT_3D('',#9992,#9993,#9994);
#9996=CYLINDRICAL_SURFACE('',#9995,8.9154E-1);
#9997=ORIENTED_EDGE('',*,*,#9987,.F.);
#9998=ORIENTED_EDGE('',*,*,#9626,.T.);
#10000=ORIENTED_EDGE('',*,*,#9999,.T.);
#10001=ORIENTED_EDGE('',*,*,#9891,.F.);
#10002=EDGE_LOOP('',(#9997,#9998,#10000,#10001));
#10003=FACE_OUTER_BOUND('',#10002,.F.);
#10004=ADVANCED_FACE('',(#10003),#9996,.F.);
#10005=CARTESIAN_POINT('',(-5.715E0,7.799999999999E0,-3.003983054263E-1));
#10006=DIRECTION('',(0.E0,0.E0,-1.E0));
#10007=DIRECTION('',(0.E0,-1.E0,0.E0));
#10008=AXIS2_PLACEMENT_3D('',#10005,#10006,#10007);
#10009=CYLINDRICAL_SURFACE('',#10008,8.9154E-1);
#10010=ORIENTED_EDGE('',*,*,#9666,.T.);
#10011=ORIENTED_EDGE('',*,*,#9893,.F.);
#10012=ORIENTED_EDGE('',*,*,#9999,.F.);
#10013=ORIENTED_EDGE('',*,*,#9624,.T.);
#10014=EDGE_LOOP('',(#10010,#10011,#10012,#10013));
#10015=FACE_OUTER_BOUND('',#10014,.F.);
#10016=ADVANCED_FACE('',(#10015),#10009,.F.);
#10017=CARTESIAN_POINT('',(-5.715E0,7.799999999999E0,-1.038850626288E0));
#10018=DIRECTION('',(0.E0,0.E0,-1.E0));
#10019=DIRECTION('',(0.E0,-1.E0,0.E0));
#10020=AXIS2_PLACEMENT_3D('',#10017,#10018,#10019);
#10021=CYLINDRICAL_SURFACE('',#10020,1.0922E0);
#10022=ORIENTED_EDGE('',*,*,#9634,.F.);
#10023=ORIENTED_EDGE('',*,*,#9933,.T.);
#10024=ORIENTED_EDGE('',*,*,#9911,.T.);
#10026=ORIENTED_EDGE('',*,*,#10025,.T.);
#10027=EDGE_LOOP('',(#10022,#10023,#10024,#10026));
#10028=FACE_OUTER_BOUND('',#10027,.F.);
#10029=ADVANCED_FACE('',(#10028),#10021,.F.);
#10030=CARTESIAN_POINT('',(-5.715E0,7.799999999999E0,-8.088592321666E-1));
#10031=DIRECTION('',(0.E0,0.E0,-1.E0));
#10032=DIRECTION('',(0.E0,-1.E0,0.E0));
#10033=AXIS2_PLACEMENT_3D('',#10030,#10031,#10032);
#10034=CYLINDRICAL_SURFACE('',#10033,1.0922E0);
#10035=ORIENTED_EDGE('',*,*,#10025,.F.);
#10036=ORIENTED_EDGE('',*,*,#9909,.T.);
#10038=ORIENTED_EDGE('',*,*,#10037,.T.);
#10039=ORIENTED_EDGE('',*,*,#9636,.F.);
#10040=EDGE_LOOP('',(#10035,#10036,#10038,#10039));
#10041=FACE_OUTER_BOUND('',#10040,.F.);
#10042=ADVANCED_FACE('',(#10041),#10034,.F.);
#10043=CARTESIAN_POINT('',(-5.715E0,7.799999999999E0,-5.820735178809E-1));
#10044=DIRECTION('',(0.E0,0.E0,-1.E0));
#10045=DIRECTION('',(0.E0,-1.E0,0.E0));
#10046=AXIS2_PLACEMENT_3D('',#10043,#10044,#10045);
#10047=CYLINDRICAL_SURFACE('',#10046,1.0922E0);
#10049=ORIENTED_EDGE('',*,*,#10048,.T.);
#10050=ORIENTED_EDGE('',*,*,#9638,.F.);
#10051=ORIENTED_EDGE('',*,*,#10037,.F.);
#10052=ORIENTED_EDGE('',*,*,#9907,.T.);
#10053=EDGE_LOOP('',(#10049,#10050,#10051,#10052));
#10054=FACE_OUTER_BOUND('',#10053,.F.);
#10055=ADVANCED_FACE('',(#10054),#10047,.F.);
#10056=CARTESIAN_POINT('',(-5.715E0,7.799999999999E0,-3.552878035952E-1));
#10057=DIRECTION('',(0.E0,0.E0,-1.E0));
#10058=DIRECTION('',(-1.E0,0.E0,0.E0));
#10059=AXIS2_PLACEMENT_3D('',#10056,#10057,#10058);
#10060=CYLINDRICAL_SURFACE('',#10059,1.0922E0);
#10061=ORIENTED_EDGE('',*,*,#10048,.F.);
#10062=ORIENTED_EDGE('',*,*,#9905,.T.);
#10063=ORIENTED_EDGE('',*,*,#9903,.T.);
#10065=ORIENTED_EDGE('',*,*,#10064,.T.);
#10066=ORIENTED_EDGE('',*,*,#9642,.F.);
#10067=ORIENTED_EDGE('',*,*,#9640,.F.);
#10068=EDGE_LOOP('',(#10061,#10062,#10063,#10065,#10066,#10067));
#10069=FACE_OUTER_BOUND('',#10068,.F.);
#10070=ADVANCED_FACE('',(#10069),#10060,.F.);
#10071=CARTESIAN_POINT('',(-5.715E0,7.799999999999E0,-1.285020893095E-1));
#10072=DIRECTION('',(0.E0,0.E0,-1.E0));
#10073=DIRECTION('',(0.E0,-1.E0,0.E0));
#10074=AXIS2_PLACEMENT_3D('',#10071,#10072,#10073);
#10075=CYLINDRICAL_SURFACE('',#10074,1.0922E0);
#10076=ORIENTED_EDGE('',*,*,#9644,.F.);
#10077=ORIENTED_EDGE('',*,*,#10064,.F.);
#10078=ORIENTED_EDGE('',*,*,#9901,.T.);
#10080=ORIENTED_EDGE('',*,*,#10079,.T.);
#10081=EDGE_LOOP('',(#10076,#10077,#10078,#10080));
#10082=FACE_OUTER_BOUND('',#10081,.F.);
#10083=ADVANCED_FACE('',(#10082),#10075,.F.);
#10084=CARTESIAN_POINT('',(-5.715E0,7.799999999999E0,-4.981106190527E-2));
#10085=DIRECTION('',(0.E0,0.E0,-1.E0));
#10086=DIRECTION('',(-1.E0,0.E0,0.E0));
#10087=AXIS2_PLACEMENT_3D('',#10084,#10085,#10086);
#10088=CYLINDRICAL_SURFACE('',#10087,1.0922E0);
#10089=ORIENTED_EDGE('',*,*,#10079,.F.);
#10090=ORIENTED_EDGE('',*,*,#9899,.T.);
#10091=ORIENTED_EDGE('',*,*,#9897,.T.);
#10092=ORIENTED_EDGE('',*,*,#9363,.T.);
#10093=ORIENTED_EDGE('',*,*,#9361,.T.);
#10094=ORIENTED_EDGE('',*,*,#9646,.F.);
#10095=EDGE_LOOP('',(#10089,#10090,#10091,#10092,#10093,#10094));
#10096=FACE_OUTER_BOUND('',#10095,.F.);
#10097=ADVANCED_FACE('',(#10096),#10088,.F.);
#10098=CARTESIAN_POINT('',(0.E0,1.519999999999E1,-9.124231500131E-1));
#10099=DIRECTION('',(0.E0,0.E0,1.E0));
#10100=DIRECTION('',(0.E0,1.E0,0.E0));
#10101=AXIS2_PLACEMENT_3D('',#10098,#10099,#10100);
#10102=CYLINDRICAL_SURFACE('',#10101,5.5499E0);
#10104=ORIENTED_EDGE('',*,*,#10103,.T.);
#10106=ORIENTED_EDGE('',*,*,#10105,.F.);
#10107=ORIENTED_EDGE('',*,*,#5870,.T.);
#10109=ORIENTED_EDGE('',*,*,#10108,.T.);
#10110=EDGE_LOOP('',(#10104,#10106,#10107,#10109));
#10111=FACE_OUTER_BOUND('',#10110,.F.);
#10112=ADVANCED_FACE('',(#10111),#10102,.T.);
#10113=CARTESIAN_POINT('',(5.82739815E0,2.102739814999E1,-9.048000000131E-1));
#10114=DIRECTION('',(0.E0,0.E0,-1.E0));
#10115=DIRECTION('',(0.E0,-1.E0,0.E0));
#10116=AXIS2_PLACEMENT_3D('',#10113,#10114,#10115);
#10117=PLANE('',#10116);
#10118=ORIENTED_EDGE('',*,*,#10103,.F.);
#10120=ORIENTED_EDGE('',*,*,#10119,.F.);
#10121=EDGE_LOOP('',(#10118,#10120));
#10122=FACE_OUTER_BOUND('',#10121,.F.);
#10124=ORIENTED_EDGE('',*,*,#10123,.F.);
#10126=ORIENTED_EDGE('',*,*,#10125,.F.);
#10127=EDGE_LOOP('',(#10124,#10126));
#10128=FACE_BOUND('',#10127,.F.);
#10129=ADVANCED_FACE('',(#10122,#10128),#10117,.T.);
#10130=CARTESIAN_POINT('',(0.E0,1.519999999999E1,-9.124231500131E-1));
#10131=DIRECTION('',(0.E0,0.E0,1.E0));
#10132=DIRECTION('',(0.E0,1.E0,0.E0));
#10133=AXIS2_PLACEMENT_3D('',#10130,#10131,#10132);
#10134=CYLINDRICAL_SURFACE('',#10133,5.5499E0);
#10135=ORIENTED_EDGE('',*,*,#10105,.T.);
#10136=ORIENTED_EDGE('',*,*,#10119,.T.);
#10137=ORIENTED_EDGE('',*,*,#10108,.F.);
#10138=ORIENTED_EDGE('',*,*,#5872,.T.);
#10139=EDGE_LOOP('',(#10135,#10136,#10137,#10138));
#10140=FACE_OUTER_BOUND('',#10139,.F.);
#10141=ADVANCED_FACE('',(#10140),#10134,.T.);
#10142=CARTESIAN_POINT('',(0.E0,1.519999999999E1,-1.743000000013E0));
#10143=DIRECTION('',(0.E0,0.E0,-1.E0));
#10144=DIRECTION('',(0.E0,-1.E0,0.E0));
#10145=AXIS2_PLACEMENT_3D('',#10142,#10143,#10144);
#10146=TOROIDAL_SURFACE('',#10145,4.861965636247E0,8.382E-1);
#10148=ORIENTED_EDGE('',*,*,#10147,.T.);
#10149=ORIENTED_EDGE('',*,*,#10123,.T.);
#10151=ORIENTED_EDGE('',*,*,#10150,.F.);
#10153=ORIENTED_EDGE('',*,*,#10152,.F.);
#10154=EDGE_LOOP('',(#10148,#10149,#10151,#10153));
#10155=FACE_OUTER_BOUND('',#10154,.F.);
#10156=ADVANCED_FACE('',(#10155),#10146,.F.);
#10157=CARTESIAN_POINT('',(0.E0,1.519999999999E1,-1.743000000013E0));
#10158=DIRECTION('',(0.E0,0.E0,-1.E0));
#10159=DIRECTION('',(0.E0,-1.E0,0.E0));
#10160=AXIS2_PLACEMENT_3D('',#10157,#10158,#10159);
#10161=TOROIDAL_SURFACE('',#10160,4.861965636247E0,8.382E-1);
#10163=ORIENTED_EDGE('',*,*,#10162,.F.);
#10164=ORIENTED_EDGE('',*,*,#10150,.T.);
#10165=ORIENTED_EDGE('',*,*,#10125,.T.);
#10166=ORIENTED_EDGE('',*,*,#10147,.F.);
#10167=EDGE_LOOP('',(#10163,#10164,#10165,#10166));
#10168=FACE_OUTER_BOUND('',#10167,.F.);
#10169=ADVANCED_FACE('',(#10168),#10161,.F.);
#10170=CARTESIAN_POINT('',(0.E0,1.519999999999E1,-1.261368676954E0));
#10171=DIRECTION('',(0.E0,0.E0,1.E0));
#10172=DIRECTION('',(0.E0,1.E0,0.E0));
#10173=AXIS2_PLACEMENT_3D('',#10170,#10171,#10172);
#10174=CONICAL_SURFACE('',#10173,4.161836476531E0,4.4E1);
#10176=ORIENTED_EDGE('',*,*,#10175,.F.);
#10178=ORIENTED_EDGE('',*,*,#10177,.F.);
#10179=ORIENTED_EDGE('',*,*,#10162,.T.);
#10181=ORIENTED_EDGE('',*,*,#10180,.T.);
#10182=EDGE_LOOP('',(#10176,#10178,#10179,#10181));
#10183=FACE_OUTER_BOUND('',#10182,.F.);
#10184=ADVANCED_FACE('',(#10183),#10174,.T.);
#10185=CARTESIAN_POINT('',(0.E0,1.519999999999E1,-2.514119034106E0));
#10186=DIRECTION('',(0.E0,0.E0,1.E0));
#10187=DIRECTION('',(0.E0,1.E0,0.E0));
#10188=AXIS2_PLACEMENT_3D('',#10185,#10186,#10187);
#10189=CYLINDRICAL_SURFACE('',#10188,4.064E0);
#10191=ORIENTED_EDGE('',*,*,#10190,.F.);
#10193=ORIENTED_EDGE('',*,*,#10192,.T.);
#10195=ORIENTED_EDGE('',*,*,#10194,.T.);
#10197=ORIENTED_EDGE('',*,*,#10196,.T.);
#10199=ORIENTED_EDGE('',*,*,#10198,.T.);
#10201=ORIENTED_EDGE('',*,*,#10200,.F.);
#10203=ORIENTED_EDGE('',*,*,#10202,.T.);
#10204=ORIENTED_EDGE('',*,*,#10175,.T.);
#10206=ORIENTED_EDGE('',*,*,#10205,.T.);
#10207=EDGE_LOOP('',(#10191,#10193,#10195,#10197,#10199,#10201,#10203,#10204,
#10206));
#10208=FACE_OUTER_BOUND('',#10207,.F.);
#10209=ADVANCED_FACE('',(#10208),#10189,.T.);
#10210=CARTESIAN_POINT('',(-3.886525000011E0,1.394396641582E1,
-6.960816628291E0));
#10211=DIRECTION('',(-1.E0,0.E0,0.E0));
#10212=DIRECTION('',(0.E0,0.E0,1.E0));
#10213=AXIS2_PLACEMENT_3D('',#10210,#10211,#10212);
#10214=PLANE('',#10213);
#10216=ORIENTED_EDGE('',*,*,#10215,.T.);
#10217=ORIENTED_EDGE('',*,*,#10190,.T.);
#10219=ORIENTED_EDGE('',*,*,#10218,.T.);
#10220=ORIENTED_EDGE('',*,*,#10200,.T.);
#10222=ORIENTED_EDGE('',*,*,#10221,.T.);
#10224=ORIENTED_EDGE('',*,*,#10223,.T.);
#10226=ORIENTED_EDGE('',*,*,#10225,.F.);
#10228=ORIENTED_EDGE('',*,*,#10227,.T.);
#10229=EDGE_LOOP('',(#10216,#10217,#10219,#10220,#10222,#10224,#10226,#10228));
#10230=FACE_OUTER_BOUND('',#10229,.F.);
#10231=ADVANCED_FACE('',(#10230),#10214,.T.);
#10232=CARTESIAN_POINT('',(0.E0,1.519999999999E1,-2.563000000017E0));
#10233=DIRECTION('',(0.E0,0.E0,1.E0));
#10234=DIRECTION('',(0.E0,1.E0,0.E0));
#10235=AXIS2_PLACEMENT_3D('',#10232,#10233,#10234);
#10236=CONICAL_SURFACE('',#10235,3.987000000002E0,4.500000000597E1);
#10238=ORIENTED_EDGE('',*,*,#10237,.F.);
#10239=ORIENTED_EDGE('',*,*,#10194,.F.);
#10240=ORIENTED_EDGE('',*,*,#10192,.F.);
#10241=ORIENTED_EDGE('',*,*,#10215,.F.);
#10243=ORIENTED_EDGE('',*,*,#10242,.F.);
#10245=ORIENTED_EDGE('',*,*,#10244,.F.);
#10246=EDGE_LOOP('',(#10238,#10239,#10240,#10241,#10243,#10245));
#10247=FACE_OUTER_BOUND('',#10246,.F.);
#10248=ADVANCED_FACE('',(#10247),#10236,.T.);
#10249=CARTESIAN_POINT('',(0.E0,1.519999999999E1,-2.563000000017E0));
#10250=DIRECTION('',(0.E0,0.E0,1.E0));
#10251=DIRECTION('',(0.E0,1.E0,0.E0));
#10252=AXIS2_PLACEMENT_3D('',#10249,#10250,#10251);
#10253=CONICAL_SURFACE('',#10252,3.987000000002E0,4.500000000597E1);
#10255=ORIENTED_EDGE('',*,*,#10254,.F.);
#10256=ORIENTED_EDGE('',*,*,#10221,.F.);
#10257=ORIENTED_EDGE('',*,*,#10198,.F.);
#10258=ORIENTED_EDGE('',*,*,#10196,.F.);
#10259=ORIENTED_EDGE('',*,*,#10237,.T.);
#10261=ORIENTED_EDGE('',*,*,#10260,.F.);
#10262=EDGE_LOOP('',(#10255,#10256,#10257,#10258,#10259,#10261));
#10263=FACE_OUTER_BOUND('',#10262,.F.);
#10264=ADVANCED_FACE('',(#10263),#10253,.T.);
#10265=CARTESIAN_POINT('',(0.E0,1.519999999999E1,-6.924503150002E0));
#10266=DIRECTION('',(0.E0,0.E0,1.E0));
#10267=DIRECTION('',(0.E0,1.E0,0.E0));
#10268=AXIS2_PLACEMENT_3D('',#10265,#10266,#10267);
#10269=CYLINDRICAL_SURFACE('',#10268,3.910000000003E0);
#10271=ORIENTED_EDGE('',*,*,#10270,.T.);
#10273=ORIENTED_EDGE('',*,*,#10272,.T.);
#10275=ORIENTED_EDGE('',*,*,#10274,.T.);
#10276=ORIENTED_EDGE('',*,*,#10223,.F.);
#10277=ORIENTED_EDGE('',*,*,#10254,.T.);
#10278=ORIENTED_EDGE('',*,*,#10260,.T.);
#10279=EDGE_LOOP('',(#10271,#10273,#10275,#10276,#10277,#10278));
#10280=FACE_OUTER_BOUND('',#10279,.F.);
#10281=ADVANCED_FACE('',(#10280),#10269,.T.);
#10282=CARTESIAN_POINT('',(0.E0,1.519999999999E1,-6.924503150002E0));
#10283=DIRECTION('',(0.E0,0.E0,1.E0));
#10284=DIRECTION('',(0.E0,1.E0,0.E0));
#10285=AXIS2_PLACEMENT_3D('',#10282,#10283,#10284);
#10286=CYLINDRICAL_SURFACE('',#10285,3.910000000003E0);
#10288=ORIENTED_EDGE('',*,*,#10287,.T.);
#10289=ORIENTED_EDGE('',*,*,#10270,.F.);
#10290=ORIENTED_EDGE('',*,*,#10244,.T.);
#10291=ORIENTED_EDGE('',*,*,#10242,.T.);
#10292=ORIENTED_EDGE('',*,*,#10227,.F.);
#10294=ORIENTED_EDGE('',*,*,#10293,.T.);
#10295=EDGE_LOOP('',(#10288,#10289,#10290,#10291,#10292,#10294));
#10296=FACE_OUTER_BOUND('',#10295,.F.);
#10297=ADVANCED_FACE('',(#10296),#10286,.T.);
#10298=CARTESIAN_POINT('',(8.483771068364E0,2.314992616313E1,
-6.820000000002E0));
#10299=DIRECTION('',(0.E0,0.E0,-1.E0));
#10300=DIRECTION('',(0.E0,-1.E0,0.E0));
#10301=AXIS2_PLACEMENT_3D('',#10298,#10299,#10300);
#10302=PLANE('',#10301);
#10303=ORIENTED_EDGE('',*,*,#10225,.T.);
#10304=ORIENTED_EDGE('',*,*,#10274,.F.);
#10305=ORIENTED_EDGE('',*,*,#10272,.F.);
#10306=ORIENTED_EDGE('',*,*,#10287,.F.);
#10307=ORIENTED_EDGE('',*,*,#10293,.F.);
#10308=EDGE_LOOP('',(#10303,#10304,#10305,#10306,#10307));
#10309=FACE_OUTER_BOUND('',#10308,.F.);
#10311=ORIENTED_EDGE('',*,*,#10310,.F.);
#10313=ORIENTED_EDGE('',*,*,#10312,.F.);
#10315=ORIENTED_EDGE('',*,*,#10314,.F.);
#10316=EDGE_LOOP('',(#10311,#10313,#10315));
#10317=FACE_BOUND('',#10316,.F.);
#10318=ADVANCED_FACE('',(#10309,#10317),#10302,.T.);
#10319=CARTESIAN_POINT('',(0.E0,1.519999999999E1,-6.766746850002E0));
#10320=DIRECTION('',(0.E0,0.E0,-1.E0));
#10321=DIRECTION('',(0.E0,-1.E0,0.E0));
#10322=AXIS2_PLACEMENT_3D('',#10319,#10320,#10321);
#10323=CYLINDRICAL_SURFACE('',#10322,2.68E0);
#10325=ORIENTED_EDGE('',*,*,#10324,.F.);
#10327=ORIENTED_EDGE('',*,*,#10326,.T.);
#10329=ORIENTED_EDGE('',*,*,#10328,.T.);
#10330=ORIENTED_EDGE('',*,*,#10310,.T.);
#10331=EDGE_LOOP('',(#10325,#10327,#10329,#10330));
#10332=FACE_OUTER_BOUND('',#10331,.F.);
#10333=ADVANCED_FACE('',(#10332),#10323,.T.);
#10334=CARTESIAN_POINT('',(0.E0,1.519999999999E1,-6.766746850002E0));
#10335=DIRECTION('',(0.E0,0.E0,-1.E0));
#10336=DIRECTION('',(-1.E0,0.E0,0.E0));
#10337=AXIS2_PLACEMENT_3D('',#10334,#10335,#10336);
#10338=CYLINDRICAL_SURFACE('',#10337,2.68E0);
#10339=ORIENTED_EDGE('',*,*,#10324,.T.);
#10340=ORIENTED_EDGE('',*,*,#10314,.T.);
#10341=ORIENTED_EDGE('',*,*,#10312,.T.);
#10342=ORIENTED_EDGE('',*,*,#10328,.F.);
#10344=ORIENTED_EDGE('',*,*,#10343,.T.);
#10346=ORIENTED_EDGE('',*,*,#10345,.T.);
#10347=EDGE_LOOP('',(#10339,#10340,#10341,#10342,#10344,#10346));
#10348=FACE_OUTER_BOUND('',#10347,.F.);
#10349=ADVANCED_FACE('',(#10348),#10338,.T.);
#10350=CARTESIAN_POINT('',(0.E0,1.519999999999E1,-9.05E0));
#10351=DIRECTION('',(0.E0,0.E0,1.E0));
#10352=DIRECTION('',(0.E0,1.E0,0.E0));
#10353=AXIS2_PLACEMENT_3D('',#10350,#10351,#10352);
#10354=CONICAL_SURFACE('',#10353,2.58E0,4.5E1);
#10356=ORIENTED_EDGE('',*,*,#10355,.T.);
#10358=ORIENTED_EDGE('',*,*,#10357,.T.);
#10360=ORIENTED_EDGE('',*,*,#10359,.F.);
#10361=ORIENTED_EDGE('',*,*,#10345,.F.);
#10362=ORIENTED_EDGE('',*,*,#10343,.F.);
#10363=EDGE_LOOP('',(#10356,#10358,#10360,#10361,#10362));
#10364=FACE_OUTER_BOUND('',#10363,.F.);
#10365=ADVANCED_FACE('',(#10364),#10354,.T.);
#10366=CARTESIAN_POINT('',(0.E0,1.519999999999E1,-9.05E0));
#10367=DIRECTION('',(0.E0,0.E0,1.E0));
#10368=DIRECTION('',(0.E0,1.E0,0.E0));
#10369=AXIS2_PLACEMENT_3D('',#10366,#10367,#10368);
#10370=CONICAL_SURFACE('',#10369,2.58E0,4.5E1);
#10371=ORIENTED_EDGE('',*,*,#10355,.F.);
#10372=ORIENTED_EDGE('',*,*,#10326,.F.);
#10373=ORIENTED_EDGE('',*,*,#10359,.T.);
#10375=ORIENTED_EDGE('',*,*,#10374,.T.);
#10376=EDGE_LOOP('',(#10371,#10372,#10373,#10375));
#10377=FACE_OUTER_BOUND('',#10376,.F.);
#10378=ADVANCED_FACE('',(#10377),#10370,.T.);
#10379=CARTESIAN_POINT('',(-2.60400315E0,1.780400314999E1,-9.15E0));
#10380=DIRECTION('',(0.E0,0.E0,-1.E0));
#10381=DIRECTION('',(1.E0,0.E0,0.E0));
#10382=AXIS2_PLACEMENT_3D('',#10379,#10380,#10381);
#10383=PLANE('',#10382);
#10384=ORIENTED_EDGE('',*,*,#10357,.F.);
#10385=ORIENTED_EDGE('',*,*,#10374,.F.);
#10386=EDGE_LOOP('',(#10384,#10385));
#10387=FACE_OUTER_BOUND('',#10386,.F.);
#10389=ORIENTED_EDGE('',*,*,#10388,.F.);
#10391=ORIENTED_EDGE('',*,*,#10390,.F.);
#10392=EDGE_LOOP('',(#10389,#10391));
#10393=FACE_BOUND('',#10392,.F.);
#10394=ADVANCED_FACE('',(#10387,#10393),#10383,.T.);
#10395=CARTESIAN_POINT('',(0.E0,1.519999999999E1,-9.208254117647E0));
#10396=DIRECTION('',(0.E0,1.144131740974E-14,1.E0));
#10397=DIRECTION('',(0.E0,1.E0,-1.144131740974E-14));
#10398=AXIS2_PLACEMENT_3D('',#10395,#10396,#10397);
#10399=CYLINDRICAL_SURFACE('',#10398,7.649999999994E-1);
#10401=ORIENTED_EDGE('',*,*,#10400,.F.);
#10403=ORIENTED_EDGE('',*,*,#10402,.T.);
#10405=ORIENTED_EDGE('',*,*,#10404,.T.);
#10406=ORIENTED_EDGE('',*,*,#10388,.T.);
#10407=EDGE_LOOP('',(#10401,#10403,#10405,#10406));
#10408=FACE_OUTER_BOUND('',#10407,.F.);
#10409=ADVANCED_FACE('',(#10408),#10399,.F.);
#10410=CARTESIAN_POINT('',(0.E0,1.519999999999E1,-9.208254117647E0));
#10411=DIRECTION('',(0.E0,0.E0,1.E0));
#10412=DIRECTION('',(0.E0,1.E0,0.E0));
#10413=AXIS2_PLACEMENT_3D('',#10410,#10411,#10412);
#10414=CYLINDRICAL_SURFACE('',#10413,7.649999999994E-1);
#10415=ORIENTED_EDGE('',*,*,#10400,.T.);
#10416=ORIENTED_EDGE('',*,*,#10390,.T.);
#10417=ORIENTED_EDGE('',*,*,#10404,.F.);
#10419=ORIENTED_EDGE('',*,*,#10418,.T.);
#10420=EDGE_LOOP('',(#10415,#10416,#10417,#10419));
#10421=FACE_OUTER_BOUND('',#10420,.F.);
#10422=ADVANCED_FACE('',(#10421),#10414,.F.);
#10423=CARTESIAN_POINT('',(8.032531499994E-1,1.600325314999E1,
-6.820000000002E0));
#10424=DIRECTION('',(0.E0,0.E0,-1.E0));
#10425=DIRECTION('',(0.E0,-1.E0,0.E0));
#10426=AXIS2_PLACEMENT_3D('',#10423,#10424,#10425);
#10427=PLANE('',#10426);
#10428=ORIENTED_EDGE('',*,*,#10418,.F.);
#10429=ORIENTED_EDGE('',*,*,#10402,.F.);
#10430=EDGE_LOOP('',(#10428,#10429));
#10431=FACE_OUTER_BOUND('',#10430,.F.);
#10433=ORIENTED_EDGE('',*,*,#10432,.F.);
#10435=ORIENTED_EDGE('',*,*,#10434,.F.);
#10437=ORIENTED_EDGE('',*,*,#10436,.F.);
#10438=EDGE_LOOP('',(#10433,#10435,#10437));
#10439=FACE_BOUND('',#10438,.F.);
#10440=ADVANCED_FACE('',(#10431,#10439),#10427,.T.);
#10441=CARTESIAN_POINT('',(0.E0,1.519999999999E1,-1.473599211288E1));
#10442=DIRECTION('',(1.352407685686E-14,0.E0,1.E0));
#10443=DIRECTION('',(1.E0,0.E0,-1.352407685686E-14));
#10444=AXIS2_PLACEMENT_3D('',#10441,#10442,#10443);
#10445=CYLINDRICAL_SURFACE('',#10444,7.5E-1);
#10447=ORIENTED_EDGE('',*,*,#10446,.T.);
#10449=ORIENTED_EDGE('',*,*,#10448,.T.);
#10451=ORIENTED_EDGE('',*,*,#10450,.F.);
#10453=ORIENTED_EDGE('',*,*,#10452,.T.);
#10455=ORIENTED_EDGE('',*,*,#10454,.T.);
#10457=ORIENTED_EDGE('',*,*,#10456,.F.);
#10458=ORIENTED_EDGE('',*,*,#10432,.T.);
#10459=ORIENTED_EDGE('',*,*,#10436,.T.);
#10460=EDGE_LOOP('',(#10447,#10449,#10451,#10453,#10455,#10457,#10458,#10459));
#10461=FACE_OUTER_BOUND('',#10460,.F.);
#10462=ADVANCED_FACE('',(#10461),#10445,.T.);
#10463=CARTESIAN_POINT('',(0.E0,1.519999999999E1,-1.473599211288E1));
#10464=DIRECTION('',(0.E0,0.E0,1.E0));
#10465=DIRECTION('',(0.E0,1.E0,0.E0));
#10466=AXIS2_PLACEMENT_3D('',#10463,#10464,#10465);
#10467=CYLINDRICAL_SURFACE('',#10466,7.5E-1);
#10468=ORIENTED_EDGE('',*,*,#10446,.F.);
#10469=ORIENTED_EDGE('',*,*,#10434,.T.);
#10470=ORIENTED_EDGE('',*,*,#10456,.T.);
#10472=ORIENTED_EDGE('',*,*,#10471,.T.);
#10474=ORIENTED_EDGE('',*,*,#10473,.F.);
#10476=ORIENTED_EDGE('',*,*,#10475,.T.);
#10477=EDGE_LOOP('',(#10468,#10469,#10470,#10472,#10474,#10476));
#10478=FACE_OUTER_BOUND('',#10477,.F.);
#10479=ADVANCED_FACE('',(#10478),#10467,.T.);
#10480=CARTESIAN_POINT('',(1.102270384252E0,1.435999999999E1,
-1.454291503696E1));
#10481=DIRECTION('',(0.E0,0.E0,-1.E0));
#10482=DIRECTION('',(-1.E0,0.E0,0.E0));
#10483=AXIS2_PLACEMENT_3D('',#10480,#10481,#10482);
#10484=PLANE('',#10483);
#10485=ORIENTED_EDGE('',*,*,#10471,.F.);
#10486=ORIENTED_EDGE('',*,*,#10454,.F.);
#10487=ORIENTED_EDGE('',*,*,#10452,.F.);
#10489=ORIENTED_EDGE('',*,*,#10488,.T.);
#10491=ORIENTED_EDGE('',*,*,#10490,.F.);
#10493=ORIENTED_EDGE('',*,*,#10492,.F.);
#10495=ORIENTED_EDGE('',*,*,#10494,.T.);
#10496=EDGE_LOOP('',(#10485,#10486,#10487,#10489,#10491,#10493,#10495));
#10497=FACE_OUTER_BOUND('',#10496,.F.);
#10498=ADVANCED_FACE('',(#10497),#10484,.T.);
#10499=CARTESIAN_POINT('',(7.406433635325E-1,1.534999999999E1,
-1.457136601619E1));
#10500=DIRECTION('',(0.E0,1.E0,0.E0));
#10501=DIRECTION('',(-1.E0,0.E0,0.E0));
#10502=AXIS2_PLACEMENT_3D('',#10499,#10500,#10501);
#10503=PLANE('',#10502);
#10504=ORIENTED_EDGE('',*,*,#10488,.F.);
#10505=ORIENTED_EDGE('',*,*,#10450,.T.);
#10507=ORIENTED_EDGE('',*,*,#10506,.T.);
#10509=ORIENTED_EDGE('',*,*,#10508,.T.);
#10510=EDGE_LOOP('',(#10504,#10505,#10507,#10509));
#10511=FACE_OUTER_BOUND('',#10510,.F.);
#10512=ADVANCED_FACE('',(#10511),#10503,.T.);
#10513=CARTESIAN_POINT('',(-7.769448202009E-1,1.634995102608E1,
-1.346111427085E1));
#10514=DIRECTION('',(1.E0,0.E0,0.E0));
#10515=DIRECTION('',(0.E0,1.E0,0.E0));
#10516=AXIS2_PLACEMENT_3D('',#10513,#10514,#10515);
#10517=CYLINDRICAL_SURFACE('',#10516,1.001524166651E0);
#10519=ORIENTED_EDGE('',*,*,#10518,.F.);
#10520=ORIENTED_EDGE('',*,*,#10506,.F.);
#10521=ORIENTED_EDGE('',*,*,#10448,.F.);
#10522=ORIENTED_EDGE('',*,*,#10475,.F.);
#10524=ORIENTED_EDGE('',*,*,#10523,.F.);
#10526=ORIENTED_EDGE('',*,*,#10525,.F.);
#10527=EDGE_LOOP('',(#10519,#10520,#10521,#10522,#10524,#10526));
#10528=FACE_OUTER_BOUND('',#10527,.F.);
#10529=ADVANCED_FACE('',(#10528),#10517,.F.);
#10530=CARTESIAN_POINT('',(0.E0,1.519999999999E1,-1.250156514502E1));
#10531=DIRECTION('',(0.E0,-1.109439584966E-14,-1.E0));
#10532=DIRECTION('',(0.E0,-1.E0,1.109439584966E-14));
#10533=AXIS2_PLACEMENT_3D('',#10530,#10531,#10532);
#10534=CYLINDRICAL_SURFACE('',#10533,5.249999999996E-1);
#10536=ORIENTED_EDGE('',*,*,#10535,.F.);
#10537=ORIENTED_EDGE('',*,*,#10490,.T.);
#10538=ORIENTED_EDGE('',*,*,#10508,.F.);
#10539=ORIENTED_EDGE('',*,*,#10518,.T.);
#10541=ORIENTED_EDGE('',*,*,#10540,.T.);
#10543=ORIENTED_EDGE('',*,*,#10542,.T.);
#10544=EDGE_LOOP('',(#10536,#10537,#10538,#10539,#10541,#10543));
#10545=FACE_OUTER_BOUND('',#10544,.F.);
#10546=ADVANCED_FACE('',(#10545),#10534,.F.);
#10547=CARTESIAN_POINT('',(0.E0,1.519999999999E1,-1.250156514502E1));
#10548=DIRECTION('',(0.E0,0.E0,-1.E0));
#10549=DIRECTION('',(0.E0,-1.E0,0.E0));
#10550=AXIS2_PLACEMENT_3D('',#10547,#10548,#10549);
#10551=CYLINDRICAL_SURFACE('',#10550,5.249999999996E-1);
#10552=ORIENTED_EDGE('',*,*,#10535,.T.);
#10554=ORIENTED_EDGE('',*,*,#10553,.T.);
#10555=ORIENTED_EDGE('',*,*,#10540,.F.);
#10556=ORIENTED_EDGE('',*,*,#10525,.T.);
#10558=ORIENTED_EDGE('',*,*,#10557,.F.);
#10559=ORIENTED_EDGE('',*,*,#10492,.T.);
#10560=EDGE_LOOP('',(#10552,#10554,#10555,#10556,#10558,#10559));
#10561=FACE_OUTER_BOUND('',#10560,.F.);
#10562=ADVANCED_FACE('',(#10561),#10551,.F.);
#10563=CARTESIAN_POINT('',(5.512531499996E-1,1.575125314999E1,
-1.255136002043E1));
#10564=DIRECTION('',(0.E0,0.E0,-1.E0));
#10565=DIRECTION('',(0.E0,-1.E0,0.E0));
#10566=AXIS2_PLACEMENT_3D('',#10563,#10564,#10565);
#10567=PLANE('',#10566);
#10568=ORIENTED_EDGE('',*,*,#10542,.F.);
#10569=ORIENTED_EDGE('',*,*,#10553,.F.);
#10570=EDGE_LOOP('',(#10568,#10569));
#10571=FACE_OUTER_BOUND('',#10570,.F.);
#10573=ORIENTED_EDGE('',*,*,#10572,.F.);
#10575=ORIENTED_EDGE('',*,*,#10574,.F.);
#10577=ORIENTED_EDGE('',*,*,#10576,.F.);
#10578=EDGE_LOOP('',(#10573,#10575,#10577));
#10579=FACE_BOUND('',#10578,.F.);
#10580=ADVANCED_FACE('',(#10571,#10579),#10567,.T.);
#10581=CARTESIAN_POINT('',(0.E0,1.519999999999E1,-1.242263772094E1));
#10582=DIRECTION('',(-3.501043127377E-14,1.785833645391E-14,-1.E0));
#10583=DIRECTION('',(-1.E0,0.E0,3.501043127377E-14));
#10584=AXIS2_PLACEMENT_3D('',#10581,#10582,#10583);
#10585=CYLINDRICAL_SURFACE('',#10584,5.E-1);
#10587=ORIENTED_EDGE('',*,*,#10586,.T.);
#10588=ORIENTED_EDGE('',*,*,#10572,.T.);
#10590=ORIENTED_EDGE('',*,*,#10589,.F.);
#10592=ORIENTED_EDGE('',*,*,#10591,.T.);
#10594=ORIENTED_EDGE('',*,*,#10593,.T.);
#10595=EDGE_LOOP('',(#10587,#10588,#10590,#10592,#10594));
#10596=FACE_OUTER_BOUND('',#10595,.F.);
#10597=ADVANCED_FACE('',(#10596),#10585,.T.);
#10598=CARTESIAN_POINT('',(0.E0,1.519999999999E1,-1.242263772094E1));
#10599=DIRECTION('',(0.E0,0.E0,-1.E0));
#10600=DIRECTION('',(0.E0,-1.E0,0.E0));
#10601=AXIS2_PLACEMENT_3D('',#10598,#10599,#10600);
#10602=CYLINDRICAL_SURFACE('',#10601,5.E-1);
#10603=ORIENTED_EDGE('',*,*,#10586,.F.);
#10605=ORIENTED_EDGE('',*,*,#10604,.T.);
#10607=ORIENTED_EDGE('',*,*,#10606,.T.);
#10608=ORIENTED_EDGE('',*,*,#10589,.T.);
#10609=ORIENTED_EDGE('',*,*,#10576,.T.);
#10610=ORIENTED_EDGE('',*,*,#10574,.T.);
#10611=EDGE_LOOP('',(#10603,#10605,#10607,#10608,#10609,#10610));
#10612=FACE_OUTER_BOUND('',#10611,.F.);
#10613=ADVANCED_FACE('',(#10612),#10602,.T.);
#10614=CARTESIAN_POINT('',(0.E0,1.319999999999E1,-1.77E1));
#10615=DIRECTION('',(-1.E0,0.E0,0.E0));
#10616=DIRECTION('',(0.E0,0.E0,1.E0));
#10617=AXIS2_PLACEMENT_3D('',#10614,#10615,#10616);
#10618=TOROIDAL_SURFACE('',#10617,2.E0,5.E-1);
#10619=ORIENTED_EDGE('',*,*,#10604,.F.);
#10621=ORIENTED_EDGE('',*,*,#10620,.F.);
#10623=ORIENTED_EDGE('',*,*,#10622,.F.);
#10625=ORIENTED_EDGE('',*,*,#10624,.F.);
#10627=ORIENTED_EDGE('',*,*,#10626,.T.);
#10628=ORIENTED_EDGE('',*,*,#10606,.F.);
#10629=EDGE_LOOP('',(#10619,#10621,#10623,#10625,#10627,#10628));
#10630=FACE_OUTER_BOUND('',#10629,.F.);
#10631=ADVANCED_FACE('',(#10630),#10618,.T.);
#10632=CARTESIAN_POINT('',(0.E0,1.319999999999E1,-1.77E1));
#10633=DIRECTION('',(-1.E0,0.E0,0.E0));
#10634=DIRECTION('',(0.E0,-1.E0,0.E0));
#10635=AXIS2_PLACEMENT_3D('',#10632,#10633,#10634);
#10636=TOROIDAL_SURFACE('',#10635,2.E0,5.E-1);
#10637=ORIENTED_EDGE('',*,*,#10591,.F.);
#10638=ORIENTED_EDGE('',*,*,#10626,.F.);
#10640=ORIENTED_EDGE('',*,*,#10639,.F.);
#10642=ORIENTED_EDGE('',*,*,#10641,.F.);
#10643=ORIENTED_EDGE('',*,*,#10620,.T.);
#10644=ORIENTED_EDGE('',*,*,#10593,.F.);
#10645=EDGE_LOOP('',(#10637,#10638,#10640,#10642,#10643,#10644));
#10646=FACE_OUTER_BOUND('',#10645,.F.);
#10647=ADVANCED_FACE('',(#10646),#10636,.T.);
#10648=CARTESIAN_POINT('',(0.E0,1.369999999999E1,-1.97E1));
#10649=DIRECTION('',(0.E0,-1.E0,0.E0));
#10650=DIRECTION('',(1.E0,0.E0,0.E0));
#10651=AXIS2_PLACEMENT_3D('',#10648,#10649,#10650);
#10652=CYLINDRICAL_SURFACE('',#10651,5.E-1);
#10654=ORIENTED_EDGE('',*,*,#10653,.T.);
#10655=ORIENTED_EDGE('',*,*,#10641,.T.);
#10656=ORIENTED_EDGE('',*,*,#10639,.T.);
#10658=ORIENTED_EDGE('',*,*,#10657,.F.);
#10660=ORIENTED_EDGE('',*,*,#10659,.T.);
#10661=EDGE_LOOP('',(#10654,#10655,#10656,#10658,#10660));
#10662=FACE_OUTER_BOUND('',#10661,.F.);
#10663=ADVANCED_FACE('',(#10662),#10652,.T.);
#10664=CARTESIAN_POINT('',(0.E0,1.369999999999E1,-1.97E1));
#10665=DIRECTION('',(0.E0,-1.E0,0.E0));
#10666=DIRECTION('',(0.E0,0.E0,1.E0));
#10667=AXIS2_PLACEMENT_3D('',#10664,#10665,#10666);
#10668=CYLINDRICAL_SURFACE('',#10667,5.E-1);
#10669=ORIENTED_EDGE('',*,*,#10653,.F.);
#10671=ORIENTED_EDGE('',*,*,#10670,.T.);
#10673=ORIENTED_EDGE('',*,*,#10672,.T.);
#10674=ORIENTED_EDGE('',*,*,#10657,.T.);
#10675=ORIENTED_EDGE('',*,*,#10624,.T.);
#10676=ORIENTED_EDGE('',*,*,#10622,.T.);
#10677=EDGE_LOOP('',(#10669,#10671,#10673,#10674,#10675,#10676));
#10678=FACE_OUTER_BOUND('',#10677,.F.);
#10679=ADVANCED_FACE('',(#10678),#10668,.T.);
#10680=CARTESIAN_POINT('',(5.2500315E-1,-1.15E1,-1.917499685E1));
#10681=DIRECTION('',(0.E0,-1.E0,0.E0));
#10682=DIRECTION('',(-1.E0,0.E0,0.E0));
#10683=AXIS2_PLACEMENT_3D('',#10680,#10681,#10682);
#10684=PLANE('',#10683);
#10685=ORIENTED_EDGE('',*,*,#10659,.F.);
#10686=ORIENTED_EDGE('',*,*,#10672,.F.);
#10687=ORIENTED_EDGE('',*,*,#10670,.F.);
#10688=EDGE_LOOP('',(#10685,#10686,#10687));
#10689=FACE_OUTER_BOUND('',#10688,.F.);
#10690=ADVANCED_FACE('',(#10689),#10684,.T.);
#10691=CARTESIAN_POINT('',(-4.973188542397E-1,1.534999999999E1,
-1.457136601619E1));
#10692=DIRECTION('',(0.E0,1.E0,0.E0));
#10693=DIRECTION('',(-1.E0,0.E0,0.E0));
#10694=AXIS2_PLACEMENT_3D('',#10691,#10692,#10693);
#10695=PLANE('',#10694);
#10696=ORIENTED_EDGE('',*,*,#10523,.T.);
#10697=ORIENTED_EDGE('',*,*,#10473,.T.);
#10698=ORIENTED_EDGE('',*,*,#10494,.F.);
#10699=ORIENTED_EDGE('',*,*,#10557,.T.);
#10700=EDGE_LOOP('',(#10696,#10697,#10698,#10699));
#10701=FACE_OUTER_BOUND('',#10700,.F.);
#10702=ADVANCED_FACE('',(#10701),#10695,.T.);
#10703=CARTESIAN_POINT('',(0.E0,1.519999999999E1,-1.275989575719E0));
#10704=DIRECTION('',(0.E0,0.E0,-1.E0));
#10705=DIRECTION('',(0.E0,-1.E0,0.E0));
#10706=AXIS2_PLACEMENT_3D('',#10703,#10704,#10705);
#10707=CONICAL_SURFACE('',#10706,3.975591535799E0,4.6E1);
#10709=ORIENTED_EDGE('',*,*,#10708,.T.);
#10710=ORIENTED_EDGE('',*,*,#10218,.F.);
#10711=EDGE_LOOP('',(#10709,#10710));
#10712=FACE_OUTER_BOUND('',#10711,.F.);
#10713=ADVANCED_FACE('',(#10712),#10707,.F.);
#10714=CARTESIAN_POINT('',(0.E0,1.519999999999E1,-1.261725736053E0));
#10715=DIRECTION('',(0.E0,0.E0,1.E0));
#10716=DIRECTION('',(0.E0,1.E0,0.E0));
#10717=AXIS2_PLACEMENT_3D('',#10714,#10715,#10716);
#10718=CONICAL_SURFACE('',#10717,4.161491668566E0,4.4E1);
#10719=ORIENTED_EDGE('',*,*,#10180,.F.);
#10720=ORIENTED_EDGE('',*,*,#10152,.T.);
#10721=ORIENTED_EDGE('',*,*,#10177,.T.);
#10722=ORIENTED_EDGE('',*,*,#10202,.F.);
#10723=ORIENTED_EDGE('',*,*,#10708,.F.);
#10724=ORIENTED_EDGE('',*,*,#10205,.F.);
#10725=EDGE_LOOP('',(#10719,#10720,#10721,#10722,#10723,#10724));
#10726=FACE_OUTER_BOUND('',#10725,.F.);
#10727=ADVANCED_FACE('',(#10726),#10718,.T.);
#10728=CARTESIAN_POINT('',(0.E0,0.E0,-1.275989575719E0));
#10729=DIRECTION('',(0.E0,0.E0,-1.E0));
#10730=DIRECTION('',(0.E0,-1.E0,0.E0));
#10731=AXIS2_PLACEMENT_3D('',#10728,#10729,#10730);
#10732=CONICAL_SURFACE('',#10731,3.975591535799E0,4.6E1);
#10733=ORIENTED_EDGE('',*,*,#5742,.T.);
#10734=ORIENTED_EDGE('',*,*,#5628,.F.);
#10735=EDGE_LOOP('',(#10733,#10734));
#10736=FACE_OUTER_BOUND('',#10735,.F.);
#10737=ADVANCED_FACE('',(#10736),#10732,.F.);
#10738=CARTESIAN_POINT('',(0.E0,0.E0,-1.473599211288E1));
#10739=DIRECTION('',(0.E0,0.E0,1.E0));
#10740=DIRECTION('',(0.E0,1.E0,0.E0));
#10741=AXIS2_PLACEMENT_3D('',#10738,#10739,#10740);
#10742=CYLINDRICAL_SURFACE('',#10741,7.5E-1);
#10744=ORIENTED_EDGE('',*,*,#10743,.F.);
#10745=ORIENTED_EDGE('',*,*,#5482,.T.);
#10747=ORIENTED_EDGE('',*,*,#10746,.T.);
#10749=ORIENTED_EDGE('',*,*,#10748,.T.);
#10751=ORIENTED_EDGE('',*,*,#10750,.F.);
#10753=ORIENTED_EDGE('',*,*,#10752,.T.);
#10754=EDGE_LOOP('',(#10744,#10745,#10747,#10749,#10751,#10753));
#10755=FACE_OUTER_BOUND('',#10754,.F.);
#10756=ADVANCED_FACE('',(#10755),#10742,.T.);
#10757=CARTESIAN_POINT('',(0.E0,0.E0,-1.473599211288E1));
#10758=DIRECTION('',(1.352407685686E-14,0.E0,1.E0));
#10759=DIRECTION('',(1.E0,0.E0,-1.352407685686E-14));
#10760=AXIS2_PLACEMENT_3D('',#10757,#10758,#10759);
#10761=CYLINDRICAL_SURFACE('',#10760,7.5E-1);
#10762=ORIENTED_EDGE('',*,*,#10743,.T.);
#10764=ORIENTED_EDGE('',*,*,#10763,.T.);
#10766=ORIENTED_EDGE('',*,*,#10765,.F.);
#10768=ORIENTED_EDGE('',*,*,#10767,.T.);
#10770=ORIENTED_EDGE('',*,*,#10769,.T.);
#10771=ORIENTED_EDGE('',*,*,#10746,.F.);
#10772=ORIENTED_EDGE('',*,*,#5486,.T.);
#10773=ORIENTED_EDGE('',*,*,#5484,.T.);
#10774=EDGE_LOOP('',(#10762,#10764,#10766,#10768,#10770,#10771,#10772,#10773));
#10775=FACE_OUTER_BOUND('',#10774,.F.);
#10776=ADVANCED_FACE('',(#10775),#10761,.T.);
#10777=CARTESIAN_POINT('',(-7.769448202009E-1,1.149951026095E0,
-1.346111427085E1));
#10778=DIRECTION('',(1.E0,0.E0,0.E0));
#10779=DIRECTION('',(0.E0,1.E0,0.E0));
#10780=AXIS2_PLACEMENT_3D('',#10777,#10778,#10779);
#10781=CYLINDRICAL_SURFACE('',#10780,1.001524166651E0);
#10783=ORIENTED_EDGE('',*,*,#10782,.F.);
#10785=ORIENTED_EDGE('',*,*,#10784,.F.);
#10786=ORIENTED_EDGE('',*,*,#10763,.F.);
#10787=ORIENTED_EDGE('',*,*,#10752,.F.);
#10789=ORIENTED_EDGE('',*,*,#10788,.F.);
#10791=ORIENTED_EDGE('',*,*,#10790,.F.);
#10792=EDGE_LOOP('',(#10783,#10785,#10786,#10787,#10789,#10791));
#10793=FACE_OUTER_BOUND('',#10792,.F.);
#10794=ADVANCED_FACE('',(#10793),#10781,.F.);
#10795=CARTESIAN_POINT('',(0.E0,0.E0,-1.249290903696E1));
#10796=DIRECTION('',(1.081613920184E-14,0.E0,-1.E0));
#10797=DIRECTION('',(-1.E0,0.E0,-1.081613920184E-14));
#10798=AXIS2_PLACEMENT_3D('',#10795,#10796,#10797);
#10799=CYLINDRICAL_SURFACE('',#10798,5.249999999996E-1);
#10801=ORIENTED_EDGE('',*,*,#10800,.F.);
#10803=ORIENTED_EDGE('',*,*,#10802,.T.);
#10805=ORIENTED_EDGE('',*,*,#10804,.T.);
#10807=ORIENTED_EDGE('',*,*,#10806,.F.);
#10808=ORIENTED_EDGE('',*,*,#10782,.T.);
#10810=ORIENTED_EDGE('',*,*,#10809,.T.);
#10812=ORIENTED_EDGE('',*,*,#10811,.T.);
#10814=ORIENTED_EDGE('',*,*,#10813,.T.);
#10815=EDGE_LOOP('',(#10801,#10803,#10805,#10807,#10808,#10810,#10812,#10814));
#10816=FACE_OUTER_BOUND('',#10815,.F.);
#10817=ADVANCED_FACE('',(#10816),#10799,.F.);
#10818=CARTESIAN_POINT('',(0.E0,0.E0,-1.249290903696E1));
#10819=DIRECTION('',(0.E0,0.E0,-1.E0));
#10820=DIRECTION('',(0.E0,-1.E0,0.E0));
#10821=AXIS2_PLACEMENT_3D('',#10818,#10819,#10820);
#10822=CYLINDRICAL_SURFACE('',#10821,5.249999999996E-1);
#10823=ORIENTED_EDGE('',*,*,#10800,.T.);
#10825=ORIENTED_EDGE('',*,*,#10824,.T.);
#10826=ORIENTED_EDGE('',*,*,#10809,.F.);
#10827=ORIENTED_EDGE('',*,*,#10790,.T.);
#10829=ORIENTED_EDGE('',*,*,#10828,.F.);
#10831=ORIENTED_EDGE('',*,*,#10830,.T.);
#10832=EDGE_LOOP('',(#10823,#10825,#10826,#10827,#10829,#10831));
#10833=FACE_OUTER_BOUND('',#10832,.F.);
#10834=ADVANCED_FACE('',(#10833),#10822,.F.);
#10835=CARTESIAN_POINT('',(5.512531499996E-1,5.512531499996E-1,
-1.254291503696E1));
#10836=DIRECTION('',(0.E0,0.E0,-1.E0));
#10837=DIRECTION('',(0.E0,-1.E0,0.E0));
#10838=AXIS2_PLACEMENT_3D('',#10835,#10836,#10837);
#10839=PLANE('',#10838);
#10840=ORIENTED_EDGE('',*,*,#10811,.F.);
#10841=ORIENTED_EDGE('',*,*,#10824,.F.);
#10842=ORIENTED_EDGE('',*,*,#10813,.F.);
#10843=EDGE_LOOP('',(#10840,#10841,#10842));
#10844=FACE_OUTER_BOUND('',#10843,.F.);
#10846=ORIENTED_EDGE('',*,*,#10845,.F.);
#10848=ORIENTED_EDGE('',*,*,#10847,.F.);
#10850=ORIENTED_EDGE('',*,*,#10849,.F.);
#10852=ORIENTED_EDGE('',*,*,#10851,.F.);
#10853=EDGE_LOOP('',(#10846,#10848,#10850,#10852));
#10854=FACE_BOUND('',#10853,.F.);
#10855=ADVANCED_FACE('',(#10844,#10854),#10839,.T.);
#10856=CARTESIAN_POINT('',(0.E0,0.E0,-1.247898161288E1));
#10857=DIRECTION('',(-1.171219412078E-14,2.028611528530E-14,-1.E0));
#10858=DIRECTION('',(0.E0,-1.E0,-2.028611528530E-14));
#10859=AXIS2_PLACEMENT_3D('',#10856,#10857,#10858);
#10860=CYLINDRICAL_SURFACE('',#10859,5.E-1);
#10862=ORIENTED_EDGE('',*,*,#10861,.T.);
#10863=ORIENTED_EDGE('',*,*,#10845,.T.);
#10864=ORIENTED_EDGE('',*,*,#10851,.T.);
#10866=ORIENTED_EDGE('',*,*,#10865,.F.);
#10868=ORIENTED_EDGE('',*,*,#10867,.T.);
#10870=ORIENTED_EDGE('',*,*,#10869,.T.);
#10871=EDGE_LOOP('',(#10862,#10863,#10864,#10866,#10868,#10870));
#10872=FACE_OUTER_BOUND('',#10871,.F.);
#10873=ADVANCED_FACE('',(#10872),#10860,.T.);
#10874=CARTESIAN_POINT('',(0.E0,0.E0,-1.247898161288E1));
#10875=DIRECTION('',(0.E0,0.E0,-1.E0));
#10876=DIRECTION('',(0.E0,-1.E0,0.E0));
#10877=AXIS2_PLACEMENT_3D('',#10874,#10875,#10876);
#10878=CYLINDRICAL_SURFACE('',#10877,5.E-1);
#10879=ORIENTED_EDGE('',*,*,#10861,.F.);
#10881=ORIENTED_EDGE('',*,*,#10880,.T.);
#10883=ORIENTED_EDGE('',*,*,#10882,.T.);
#10884=ORIENTED_EDGE('',*,*,#10865,.T.);
#10885=ORIENTED_EDGE('',*,*,#10849,.T.);
#10886=ORIENTED_EDGE('',*,*,#10847,.T.);
#10887=EDGE_LOOP('',(#10879,#10881,#10883,#10884,#10885,#10886));
#10888=FACE_OUTER_BOUND('',#10887,.F.);
#10889=ADVANCED_FACE('',(#10888),#10878,.T.);
#10890=CARTESIAN_POINT('',(0.E0,-2.E0,-1.51E1));
#10891=DIRECTION('',(-1.E0,0.E0,0.E0));
#10892=DIRECTION('',(0.E0,0.E0,1.E0));
#10893=AXIS2_PLACEMENT_3D('',#10890,#10891,#10892);
#10894=TOROIDAL_SURFACE('',#10893,2.E0,5.E-1);
#10895=ORIENTED_EDGE('',*,*,#10880,.F.);
#10897=ORIENTED_EDGE('',*,*,#10896,.F.);
#10899=ORIENTED_EDGE('',*,*,#10898,.F.);
#10901=ORIENTED_EDGE('',*,*,#10900,.F.);
#10903=ORIENTED_EDGE('',*,*,#10902,.T.);
#10904=ORIENTED_EDGE('',*,*,#10882,.F.);
#10905=EDGE_LOOP('',(#10895,#10897,#10899,#10901,#10903,#10904));
#10906=FACE_OUTER_BOUND('',#10905,.F.);
#10907=ADVANCED_FACE('',(#10906),#10894,.T.);
#10908=CARTESIAN_POINT('',(0.E0,-2.E0,-1.51E1));
#10909=DIRECTION('',(-1.E0,0.E0,0.E0));
#10910=DIRECTION('',(0.E0,-1.E0,0.E0));
#10911=AXIS2_PLACEMENT_3D('',#10908,#10909,#10910);
#10912=TOROIDAL_SURFACE('',#10911,2.E0,5.E-1);
#10913=ORIENTED_EDGE('',*,*,#10867,.F.);
#10914=ORIENTED_EDGE('',*,*,#10902,.F.);
#10916=ORIENTED_EDGE('',*,*,#10915,.F.);
#10918=ORIENTED_EDGE('',*,*,#10917,.F.);
#10919=ORIENTED_EDGE('',*,*,#10896,.T.);
#10920=ORIENTED_EDGE('',*,*,#10869,.F.);
#10921=EDGE_LOOP('',(#10913,#10914,#10916,#10918,#10919,#10920));
#10922=FACE_OUTER_BOUND('',#10921,.F.);
#10923=ADVANCED_FACE('',(#10922),#10912,.T.);
#10924=CARTESIAN_POINT('',(-1.249543003790E-14,-1.7624937E0,-1.71E1));
#10925=DIRECTION('',(0.E0,-1.E0,0.E0));
#10926=DIRECTION('',(0.E0,0.E0,1.E0));
#10927=AXIS2_PLACEMENT_3D('',#10924,#10925,#10926);
#10928=CYLINDRICAL_SURFACE('',#10927,5.E-1);
#10930=ORIENTED_EDGE('',*,*,#10929,.T.);
#10931=ORIENTED_EDGE('',*,*,#10917,.T.);
#10932=ORIENTED_EDGE('',*,*,#10915,.T.);
#10934=ORIENTED_EDGE('',*,*,#10933,.F.);
#10936=ORIENTED_EDGE('',*,*,#10935,.T.);
#10938=ORIENTED_EDGE('',*,*,#10937,.T.);
#10939=EDGE_LOOP('',(#10930,#10931,#10932,#10934,#10936,#10938));
#10940=FACE_OUTER_BOUND('',#10939,.F.);
#10941=ADVANCED_FACE('',(#10940),#10928,.T.);
#10942=CARTESIAN_POINT('',(0.E0,-1.7624937E0,-1.71E1));
#10943=DIRECTION('',(0.E0,-1.E0,0.E0));
#10944=DIRECTION('',(0.E0,0.E0,1.E0));
#10945=AXIS2_PLACEMENT_3D('',#10942,#10943,#10944);
#10946=CYLINDRICAL_SURFACE('',#10945,5.E-1);
#10947=ORIENTED_EDGE('',*,*,#10898,.T.);
#10948=ORIENTED_EDGE('',*,*,#10929,.F.);
#10950=ORIENTED_EDGE('',*,*,#10949,.T.);
#10952=ORIENTED_EDGE('',*,*,#10951,.T.);
#10953=ORIENTED_EDGE('',*,*,#10933,.T.);
#10954=ORIENTED_EDGE('',*,*,#10900,.T.);
#10955=EDGE_LOOP('',(#10947,#10948,#10950,#10952,#10953,#10954));
#10956=FACE_OUTER_BOUND('',#10955,.F.);
#10957=ADVANCED_FACE('',(#10956),#10946,.T.);
#10958=CARTESIAN_POINT('',(5.2500315E-1,-1.15E1,-1.657499685E1));
#10959=DIRECTION('',(0.E0,-1.E0,0.E0));
#10960=DIRECTION('',(-1.E0,0.E0,0.E0));
#10961=AXIS2_PLACEMENT_3D('',#10958,#10959,#10960);
#10962=PLANE('',#10961);
#10963=ORIENTED_EDGE('',*,*,#10935,.F.);
#10964=ORIENTED_EDGE('',*,*,#10951,.F.);
#10965=ORIENTED_EDGE('',*,*,#10949,.F.);
#10966=ORIENTED_EDGE('',*,*,#10937,.F.);
#10967=EDGE_LOOP('',(#10963,#10964,#10965,#10966));
#10968=FACE_OUTER_BOUND('',#10967,.F.);
#10969=ADVANCED_FACE('',(#10968),#10962,.T.);
#10970=CARTESIAN_POINT('',(-4.973188542397E-1,1.499999999996E-1,
-1.457136601619E1));
#10971=DIRECTION('',(0.E0,1.E0,0.E0));
#10972=DIRECTION('',(-1.E0,0.E0,0.E0));
#10973=AXIS2_PLACEMENT_3D('',#10970,#10971,#10972);
#10974=PLANE('',#10973);
#10975=ORIENTED_EDGE('',*,*,#10788,.T.);
#10976=ORIENTED_EDGE('',*,*,#10750,.T.);
#10978=ORIENTED_EDGE('',*,*,#10977,.F.);
#10979=ORIENTED_EDGE('',*,*,#10828,.T.);
#10980=EDGE_LOOP('',(#10975,#10976,#10978,#10979));
#10981=FACE_OUTER_BOUND('',#10980,.F.);
#10982=ADVANCED_FACE('',(#10981),#10974,.T.);
#10983=CARTESIAN_POINT('',(1.102270384252E0,-8.4E-1,-1.454291503696E1));
#10984=DIRECTION('',(0.E0,0.E0,-1.E0));
#10985=DIRECTION('',(-1.E0,0.E0,0.E0));
#10986=AXIS2_PLACEMENT_3D('',#10983,#10984,#10985);
#10987=PLANE('',#10986);
#10988=ORIENTED_EDGE('',*,*,#10748,.F.);
#10989=ORIENTED_EDGE('',*,*,#10769,.F.);
#10990=ORIENTED_EDGE('',*,*,#10767,.F.);
#10992=ORIENTED_EDGE('',*,*,#10991,.T.);
#10993=ORIENTED_EDGE('',*,*,#10804,.F.);
#10994=ORIENTED_EDGE('',*,*,#10802,.F.);
#10995=ORIENTED_EDGE('',*,*,#10830,.F.);
#10996=ORIENTED_EDGE('',*,*,#10977,.T.);
#10997=EDGE_LOOP('',(#10988,#10989,#10990,#10992,#10993,#10994,#10995,#10996));
#10998=FACE_OUTER_BOUND('',#10997,.F.);
#10999=ADVANCED_FACE('',(#10998),#10987,.T.);
#11000=CARTESIAN_POINT('',(7.406433635325E-1,1.499999999996E-1,
-1.457136601619E1));
#11001=DIRECTION('',(0.E0,1.E0,0.E0));
#11002=DIRECTION('',(-1.E0,0.E0,0.E0));
#11003=AXIS2_PLACEMENT_3D('',#11000,#11001,#11002);
#11004=PLANE('',#11003);
#11005=ORIENTED_EDGE('',*,*,#10991,.F.);
#11006=ORIENTED_EDGE('',*,*,#10765,.T.);
#11007=ORIENTED_EDGE('',*,*,#10784,.T.);
#11008=ORIENTED_EDGE('',*,*,#10806,.T.);
#11009=EDGE_LOOP('',(#11005,#11006,#11007,#11008));
#11010=FACE_OUTER_BOUND('',#11009,.F.);
#11011=ADVANCED_FACE('',(#11010),#11004,.T.);
#11012=CLOSED_SHELL('',(#5490,#5505,#5518,#5534,#5551,#5564,#5579,#5595,#5618,
#5641,#5660,#5678,#5693,#5707,#5729,#5747,#5761,#5776,#5789,#5807,#5822,#5838,
#5881,#5914,#5929,#5943,#5957,#5971,#5985,#5999,#6013,#6034,#6077,#6098,#6112,
#6126,#6139,#6160,#6191,#6205,#6235,#6249,#6262,#6275,#6288,#6301,#6313,#6326,
#6339,#6351,#6366,#6382,#6401,#6426,#6448,#6470,#6497,#6520,#6540,#6574,#6586,
#6598,#6616,#6632,#6644,#6674,#6685,#6695,#6713,#6725,#6737,#6755,#6771,#6789,
#6806,#6819,#6834,#6853,#6867,#6882,#6895,#6911,#6934,#6955,#6973,#6990,#7004,
#7019,#7034,#7049,#7066,#7085,#7102,#7119,#7133,#7146,#7168,#7190,#7205,#7218,
#7228,#7246,#7262,#7279,#7294,#7310,#7324,#7342,#7358,#7374,#7389,#7405,#7419,
#7436,#7451,#7467,#7481,#7506,#7519,#7784,#7800,#8040,#8062,#8078,#8090,#8103,
#8116,#8129,#8141,#8154,#8167,#8180,#8193,#8206,#8218,#8233,#8249,#8268,#8293,
#8317,#8339,#8366,#8387,#8407,#8441,#8453,#8465,#8481,#8497,#8508,#8542,#8553,
#8565,#8583,#8595,#8608,#8623,#8639,#8656,#8673,#8686,#8701,#8720,#8734,#8749,
#8762,#8778,#8801,#8822,#8840,#8857,#8871,#8886,#8901,#8916,#8933,#8952,#8969,
#8986,#9000,#9013,#9035,#9057,#9072,#9085,#9095,#9113,#9129,#9146,#9161,#9177,
#9191,#9209,#9225,#9241,#9256,#9272,#9286,#9303,#9318,#9334,#9348,#9375,#9388,
#9655,#9671,#9915,#9937,#9953,#9965,#9978,#9991,#10004,#10016,#10029,#10042,
#10055,#10070,#10083,#10097,#10112,#10129,#10141,#10156,#10169,#10184,#10209,
#10231,#10248,#10264,#10281,#10297,#10318,#10333,#10349,#10365,#10378,#10394,
#10409,#10422,#10440,#10462,#10479,#10498,#10512,#10529,#10546,#10562,#10580,
#10597,#10613,#10631,#10647,#10663,#10679,#10690,#10702,#10713,#10727,#10737,
#10756,#10776,#10794,#10817,#10834,#10855,#10873,#10889,#10907,#10923,#10941,
#10957,#10969,#10982,#10999,#11011));
#11013=DIRECTION('',(1.133469482363E-14,-6.946583704590E-1,-7.193398003386E-1));
#11014=VECTOR('',#11013,1.019880757857E-1);
#11015=CARTESIAN_POINT('',(0.E0,1.933484687052E1,-8.559373538944E-1));
#11016=LINE('',#11015,#11014);
#11017=CARTESIAN_POINT('',(0.E0,1.519999999999E1,-9.293014359670E-1));
#11018=DIRECTION('',(0.E0,0.E0,-1.E0));
#11019=DIRECTION('',(0.E0,1.E0,0.E0));
#11020=AXIS2_PLACEMENT_3D('',#11017,#11018,#11019);
#11022=DIRECTION('',(0.E0,6.946583704590E-1,-7.193398003386E-1));
#11023=VECTOR('',#11022,1.019880757857E-1);
#11024=CARTESIAN_POINT('',(0.E0,1.106515312946E1,-8.559373538944E-1));
#11025=LINE('',#11024,#11023);
#11026=CARTESIAN_POINT('',(0.E0,1.519999999999E1,-9.293014359670E-1));
#11027=DIRECTION('',(0.E0,0.E0,-1.E0));
#11028=DIRECTION('',(0.E0,-1.E0,0.E0));
#11029=AXIS2_PLACEMENT_3D('',#11026,#11027,#11028);
#11031=CARTESIAN_POINT('',(-3.886525000011E0,1.401213661378E1,
-9.293014359670E-1));
#11032=CARTESIAN_POINT('',(-3.886525000011E0,1.420610261994E1,
-9.880099701651E-1));
#11033=CARTESIAN_POINT('',(-3.886525000011E0,1.459643865760E1,
-1.080086255530E0));
#11034=CARTESIAN_POINT('',(-3.886525000011E0,1.519998075905E1,
-1.129589159727E0));
#11035=CARTESIAN_POINT('',(-3.886525000011E0,1.580385368327E1,
-1.080048698426E0));
#11036=CARTESIAN_POINT('',(-3.886525000011E0,1.619400924542E1,
-9.879761113843E-1));
#11037=CARTESIAN_POINT('',(-3.886525000011E0,1.638786338620E1,
-9.293014359670E-1));
#11039=CARTESIAN_POINT('',(0.E0,1.519999999999E1,-9.293014359670E-1));
#11040=DIRECTION('',(0.E0,0.E0,-1.E0));
#11041=DIRECTION('',(-9.563299704752E-1,2.922892190466E-1,0.E0));
#11042=AXIS2_PLACEMENT_3D('',#11039,#11040,#11041);
#11044=CARTESIAN_POINT('',(0.E0,1.993779749117E1,-1.438200000013E0));
#11045=DIRECTION('',(-1.E0,0.E0,0.E0));
#11046=DIRECTION('',(0.E0,-7.193398003387E-1,6.946583704590E-1));
#11047=AXIS2_PLACEMENT_3D('',#11044,#11045,#11046);
#11049=CARTESIAN_POINT('',(0.E0,1.519999999999E1,-8.559373538944E-1));
#11050=DIRECTION('',(0.E0,0.E0,-1.E0));
#11051=DIRECTION('',(0.E0,-1.E0,0.E0));
#11052=AXIS2_PLACEMENT_3D('',#11049,#11050,#11051);
#11054=CARTESIAN_POINT('',(0.E0,1.519999999999E1,-8.559373538944E-1));
#11055=DIRECTION('',(0.E0,0.E0,-1.E0));
#11056=DIRECTION('',(0.E0,1.E0,0.E0));
#11057=AXIS2_PLACEMENT_3D('',#11054,#11055,#11056);
#11059=CARTESIAN_POINT('',(0.E0,1.046220250881E1,-1.438200000013E0));
#11060=DIRECTION('',(1.E0,0.E0,0.E0));
#11061=DIRECTION('',(0.E0,7.193398003387E-1,6.946583704590E-1));
#11062=AXIS2_PLACEMENT_3D('',#11059,#11060,#11061);
#11064=CARTESIAN_POINT('',(0.E0,1.519999999999E1,-6.000000000131E-1));
#11065=DIRECTION('',(0.E0,0.E0,-1.E0));
#11066=DIRECTION('',(0.E0,-1.E0,0.E0));
#11067=AXIS2_PLACEMENT_3D('',#11064,#11065,#11066);
#11069=CARTESIAN_POINT('',(0.E0,1.519999999999E1,-6.000000000131E-1));
#11070=DIRECTION('',(0.E0,0.E0,1.E0));
#11071=DIRECTION('',(-8.084210526316E-1,-5.886046225286E-1,0.E0));
#11072=AXIS2_PLACEMENT_3D('',#11069,#11070,#11071);
#11074=CARTESIAN_POINT('',(0.E0,1.519999999999E1,-6.000000000131E-1));
#11075=DIRECTION('',(0.E0,0.E0,1.E0));
#11076=DIRECTION('',(0.E0,-1.E0,0.E0));
#11077=AXIS2_PLACEMENT_3D('',#11074,#11075,#11076);
#11079=CARTESIAN_POINT('',(0.E0,1.519999999999E1,-6.000000000131E-1));
#11080=DIRECTION('',(0.E0,0.E0,1.E0));
#11081=DIRECTION('',(0.E0,1.E0,0.E0));
#11082=AXIS2_PLACEMENT_3D('',#11079,#11080,#11081);
#11084=CARTESIAN_POINT('',(0.E0,1.519999999999E1,-6.000000000131E-1));
#11085=DIRECTION('',(0.E0,0.E0,-1.E0));
#11086=DIRECTION('',(-8.105031941851E-1,5.857342163607E-1,0.E0));
#11087=AXIS2_PLACEMENT_3D('',#11084,#11085,#11086);
#11089=CARTESIAN_POINT('',(0.E0,1.519999999999E1,-6.000000000131E-1));
#11090=DIRECTION('',(0.E0,0.E0,-1.E0));
#11091=DIRECTION('',(0.E0,1.E0,0.E0));
#11092=AXIS2_PLACEMENT_3D('',#11089,#11090,#11091);
#11094=DIRECTION('',(1.709526635884E-13,1.E0,-1.976640172741E-13));
#11095=VECTOR('',#11094,2.078185624153E-2);
#11096=CARTESIAN_POINT('',(-3.84E0,1.240412804298E1,-6.000000000131E-1));
#11097=LINE('',#11096,#11095);
#11098=DIRECTION('',(0.E0,-1.078863706898E-14,-1.E0));
#11099=VECTOR('',#11098,3.293014359539E-1);
#11100=CARTESIAN_POINT('',(-3.886525000011E0,1.401213661378E1,
-6.000000000131E-1));
#11101=LINE('',#11100,#11099);
#11102=DIRECTION('',(0.E0,1.078863706898E-14,1.E0));
#11103=VECTOR('',#11102,3.293014359539E-1);
#11104=CARTESIAN_POINT('',(-3.886525000011E0,1.638786338620E1,
-9.293014359670E-1));
#11105=LINE('',#11104,#11103);
#11106=DIRECTION('',(0.E0,2.960594732029E-14,1.E0));
#11107=VECTOR('',#11106,1.200000000124E-1);
#11108=CARTESIAN_POINT('',(-3.84E0,1.653059986471E1,-6.000000000131E-1));
#11109=LINE('',#11108,#11107);
#11110=DIRECTION('',(0.E0,0.E0,-1.E0));
#11111=VECTOR('',#11110,1.200000000124E-1);
#11112=CARTESIAN_POINT('',(-3.84E0,1.386940013527E1,-4.800000000007E-1));
#11113=LINE('',#11112,#11111);
#11114=DIRECTION('',(0.E0,-1.E0,0.E0));
#11115=VECTOR('',#11114,1.444490236047E0);
#11116=CARTESIAN_POINT('',(-3.84E0,1.797509010076E1,-6.000000000131E-1));
#11117=LINE('',#11116,#11115);
#11118=CARTESIAN_POINT('',(0.E0,1.519999999999E1,-6.000000000131E-1));
#11119=DIRECTION('',(0.E0,0.E0,1.E0));
#11120=DIRECTION('',(-9.448818897638E-1,3.274113840361E-1,0.E0));
#11121=AXIS2_PLACEMENT_3D('',#11118,#11119,#11120);
#11123=CARTESIAN_POINT('',(0.E0,1.519999999999E1,-6.000000000131E-1));
#11124=DIRECTION('',(0.E0,0.E0,1.E0));
#11125=DIRECTION('',(-9.563299704752E-1,-2.922892190466E-1,0.E0));
#11126=AXIS2_PLACEMENT_3D('',#11123,#11124,#11125);
#11128=DIRECTION('',(0.E0,-1.E0,0.E0));
#11129=VECTOR('',#11128,1.444490236047E0);
#11130=CARTESIAN_POINT('',(-3.84E0,1.386940013527E1,-6.000000000131E-1));
#11131=LINE('',#11130,#11129);
#11132=CARTESIAN_POINT('',(0.E0,1.519999999999E1,-6.000000000131E-1));
#11133=DIRECTION('',(0.E0,0.E0,-1.E0));
#11134=DIRECTION('',(-8.105031941851E-1,-5.857342163607E-1,0.E0));
#11135=AXIS2_PLACEMENT_3D('',#11132,#11133,#11134);
#11137=DIRECTION('',(-1.709526635884E-13,1.E0,1.068454147428E-14));
#11138=VECTOR('',#11137,2.078185624153E-2);
#11139=CARTESIAN_POINT('',(-3.84E0,1.797509010076E1,-6.000000000131E-1));
#11140=LINE('',#11139,#11138);
#11141=DIRECTION('',(0.E0,0.E0,-1.E0));
#11142=VECTOR('',#11141,6.000000000131E-1);
#11143=CARTESIAN_POINT('',(-3.84E0,1.799587195700E1,0.E0));
#11144=LINE('',#11143,#11142);
#11145=DIRECTION('',(0.E0,0.E0,1.E0));
#11146=VECTOR('',#11145,6.000000000131E-1);
#11147=CARTESIAN_POINT('',(-3.84E0,1.240412804298E1,-6.000000000131E-1));
#11148=LINE('',#11147,#11146);
#11149=CARTESIAN_POINT('',(0.E0,1.519999999999E1,0.E0));
#11150=DIRECTION('',(0.E0,0.E0,1.E0));
#11151=DIRECTION('',(-8.216584019406E-1,-5.699802369560E-1,0.E0));
#11152=AXIS2_PLACEMENT_3D('',#11149,#11150,#11151);
#11154=CARTESIAN_POINT('',(0.E0,1.519999999999E1,0.E0));
#11155=DIRECTION('',(0.E0,0.E0,1.E0));
#11156=DIRECTION('',(0.E0,-1.E0,0.E0));
#11157=AXIS2_PLACEMENT_3D('',#11154,#11155,#11156);
#11159=CARTESIAN_POINT('',(0.E0,1.519999999999E1,0.E0));
#11160=DIRECTION('',(0.E0,0.E0,1.E0));
#11161=DIRECTION('',(0.E0,1.E0,0.E0));
#11162=AXIS2_PLACEMENT_3D('',#11159,#11160,#11161);
#11164=DIRECTION('',(-3.362183599707E-14,1.E0,0.E0));
#11165=VECTOR('',#11164,1.320835691093E-1);
#11166=CARTESIAN_POINT('',(-3.84E0,1.786378838789E1,0.E0));
#11167=LINE('',#11166,#11165);
#11168=CARTESIAN_POINT('',(0.E0,1.519999999999E1,0.E0));
#11169=DIRECTION('',(0.E0,0.E0,-1.E0));
#11170=DIRECTION('',(-8.084210526316E-1,5.886046225286E-1,0.E0));
#11171=AXIS2_PLACEMENT_3D('',#11168,#11169,#11170);
#11173=CARTESIAN_POINT('',(0.E0,1.519999999999E1,0.E0));
#11174=DIRECTION('',(0.E0,0.E0,-1.E0));
#11175=DIRECTION('',(0.E0,1.E0,0.E0));
#11176=AXIS2_PLACEMENT_3D('',#11173,#11174,#11175);
#11178=CARTESIAN_POINT('',(0.E0,1.519999999999E1,0.E0));
#11179=DIRECTION('',(0.E0,0.E0,-1.E0));
#11180=DIRECTION('',(8.084210526316E-1,-5.886046225286E-1,0.E0));
#11181=AXIS2_PLACEMENT_3D('',#11178,#11179,#11180);
#11183=CARTESIAN_POINT('',(0.E0,1.519999999999E1,0.E0));
#11184=DIRECTION('',(0.E0,0.E0,-1.E0));
#11185=DIRECTION('',(0.E0,-1.E0,0.E0));
#11186=AXIS2_PLACEMENT_3D('',#11183,#11184,#11185);
#11188=DIRECTION('',(3.362183599707E-14,1.E0,0.E0));
#11189=VECTOR('',#11188,1.320835691093E-1);
#11190=CARTESIAN_POINT('',(-3.84E0,1.240412804298E1,0.E0));
#11191=LINE('',#11190,#11189);
#11192=DIRECTION('',(0.E0,0.E0,1.E0));
#11193=VECTOR('',#11192,4.800000000007E-1);
#11194=CARTESIAN_POINT('',(-3.84E0,1.786378838789E1,-4.800000000007E-1));
#11195=LINE('',#11194,#11193);
#11196=DIRECTION('',(0.E0,0.E0,-1.E0));
#11197=VECTOR('',#11196,4.800000000007E-1);
#11198=CARTESIAN_POINT('',(-3.84E0,1.253621161209E1,0.E0));
#11199=LINE('',#11198,#11197);
#11200=CARTESIAN_POINT('',(0.E0,1.519999999999E1,-4.800000000007E-1));
#11201=DIRECTION('',(0.E0,0.E0,-1.E0));
#11202=DIRECTION('',(-8.216584019406E-1,5.699802369560E-1,0.E0));
#11203=AXIS2_PLACEMENT_3D('',#11200,#11201,#11202);
#11205=CARTESIAN_POINT('',(0.E0,1.519999999999E1,-4.800000000007E-1));
#11206=DIRECTION('',(0.E0,0.E0,-1.E0));
#11207=DIRECTION('',(0.E0,1.E0,0.E0));
#11208=AXIS2_PLACEMENT_3D('',#11205,#11206,#11207);
#11210=CARTESIAN_POINT('',(0.E0,1.519999999999E1,-4.800000000007E-1));
#11211=DIRECTION('',(0.E0,0.E0,-1.E0));
#11212=DIRECTION('',(8.216584019406E-1,-5.699802369560E-1,0.E0));
#11213=AXIS2_PLACEMENT_3D('',#11210,#11211,#11212);
#11215=CARTESIAN_POINT('',(0.E0,1.519999999999E1,-4.800000000007E-1));
#11216=DIRECTION('',(0.E0,0.E0,-1.E0));
#11217=DIRECTION('',(0.E0,-1.E0,0.E0));
#11218=AXIS2_PLACEMENT_3D('',#11215,#11216,#11217);
#11220=DIRECTION('',(0.E0,1.E0,0.E0));
#11221=VECTOR('',#11220,1.333188523179E0);
#11222=CARTESIAN_POINT('',(-3.84E0,1.253621161209E1,-4.800000000007E-1));
#11223=LINE('',#11222,#11221);
#11224=CARTESIAN_POINT('',(0.E0,1.519999999999E1,-4.800000000007E-1));
#11225=DIRECTION('',(0.E0,0.E0,1.E0));
#11226=DIRECTION('',(-9.448818897638E-1,-3.274113840361E-1,0.E0));
#11227=AXIS2_PLACEMENT_3D('',#11224,#11225,#11226);
#11229=CARTESIAN_POINT('',(0.E0,1.519999999999E1,-4.800000000007E-1));
#11230=DIRECTION('',(0.E0,0.E0,1.E0));
#11231=DIRECTION('',(0.E0,-1.E0,0.E0));
#11232=AXIS2_PLACEMENT_3D('',#11229,#11230,#11231);
#11234=CARTESIAN_POINT('',(0.E0,1.519999999999E1,-4.800000000007E-1));
#11235=DIRECTION('',(0.E0,0.E0,1.E0));
#11236=DIRECTION('',(9.448818897638E-1,3.274113840361E-1,0.E0));
#11237=AXIS2_PLACEMENT_3D('',#11234,#11235,#11236);
#11239=CARTESIAN_POINT('',(0.E0,1.519999999999E1,-4.800000000007E-1));
#11240=DIRECTION('',(0.E0,0.E0,1.E0));
#11241=DIRECTION('',(0.E0,1.E0,0.E0));
#11242=AXIS2_PLACEMENT_3D('',#11239,#11240,#11241);
#11244=DIRECTION('',(0.E0,1.E0,0.E0));
#11245=VECTOR('',#11244,1.333188523179E0);
#11246=CARTESIAN_POINT('',(-3.84E0,1.653059986471E1,-4.800000000007E-1));
#11247=LINE('',#11246,#11245);
#11248=DIRECTION('',(0.E0,1.E0,0.E0));
#11249=VECTOR('',#11248,2.375726772411E0);
#11250=CARTESIAN_POINT('',(-3.886525000011E0,1.401213661378E1,
-6.000000000131E-1));
#11251=LINE('',#11250,#11249);
#11252=CARTESIAN_POINT('',(0.E0,1.987347499998E1,0.E0));
#11253=CARTESIAN_POINT('',(-3.84E0,1.786378838789E1,0.E0));
#11254=VERTEX_POINT('',#11252);
#11255=VERTEX_POINT('',#11253);
#11256=CARTESIAN_POINT('',(0.E0,1.0526525E1,0.E0));
#11257=VERTEX_POINT('',#11256);
#11258=CARTESIAN_POINT('',(-3.84E0,1.253621161209E1,0.E0));
#11259=VERTEX_POINT('',#11258);
#11260=CARTESIAN_POINT('',(-3.84E0,1.799587195700E1,0.E0));
#11261=VERTEX_POINT('',#11260);
#11262=CARTESIAN_POINT('',(0.E0,1.994999999999E1,0.E0));
#11263=VERTEX_POINT('',#11262);
#11264=CARTESIAN_POINT('',(3.84E0,1.240412804298E1,0.E0));
#11265=VERTEX_POINT('',#11264);
#11266=CARTESIAN_POINT('',(0.E0,1.044999999999E1,0.E0));
#11267=VERTEX_POINT('',#11266);
#11268=CARTESIAN_POINT('',(-3.84E0,1.240412804298E1,0.E0));
#11269=VERTEX_POINT('',#11268);
#11270=CARTESIAN_POINT('',(-3.84E0,1.799587195700E1,-6.000000000131E-1));
#11271=VERTEX_POINT('',#11270);
#11272=CARTESIAN_POINT('',(-3.84E0,1.786378838789E1,-4.800000000007E-1));
#11273=VERTEX_POINT('',#11272);
#11274=CARTESIAN_POINT('',(-3.84E0,1.653059986471E1,-4.800000000007E-1));
#11275=VERTEX_POINT('',#11274);
#11276=CARTESIAN_POINT('',(-3.84E0,1.653059986471E1,-6.000000000131E-1));
#11277=VERTEX_POINT('',#11276);
#11278=CARTESIAN_POINT('',(-3.84E0,1.797509010076E1,-6.000000000131E-1));
#11279=VERTEX_POINT('',#11278);
#11280=CARTESIAN_POINT('',(0.E0,1.994999999999E1,-6.000000000131E-1));
#11281=VERTEX_POINT('',#11280);
#11282=CARTESIAN_POINT('',(0.E0,1.044999999999E1,-6.000000000131E-1));
#11283=VERTEX_POINT('',#11282);
#11284=CARTESIAN_POINT('',(-3.84E0,1.240412804298E1,-6.000000000131E-1));
#11285=VERTEX_POINT('',#11284);
#11286=CARTESIAN_POINT('',(-3.84E0,1.386940013527E1,-4.800000000007E-1));
#11287=CARTESIAN_POINT('',(-3.84E0,1.386940013527E1,-6.000000000131E-1));
#11288=VERTEX_POINT('',#11286);
#11289=VERTEX_POINT('',#11287);
#11290=CARTESIAN_POINT('',(-3.84E0,1.253621161209E1,-4.800000000007E-1));
#11291=VERTEX_POINT('',#11290);
#11292=CARTESIAN_POINT('',(-3.84E0,1.242490989922E1,-6.000000000131E-1));
#11293=VERTEX_POINT('',#11292);
#11294=CARTESIAN_POINT('',(0.E0,1.987347499998E1,-4.800000000007E-1));
#11295=VERTEX_POINT('',#11294);
#11296=CARTESIAN_POINT('',(3.84E0,1.253621161209E1,-4.800000000007E-1));
#11297=VERTEX_POINT('',#11296);
#11298=CARTESIAN_POINT('',(0.E0,1.0526525E1,-4.800000000007E-1));
#11299=VERTEX_POINT('',#11298);
#11300=CARTESIAN_POINT('',(0.E0,1.113599999999E1,-4.800000000007E-1));
#11301=VERTEX_POINT('',#11300);
#11302=CARTESIAN_POINT('',(3.84E0,1.653059986471E1,-4.800000000007E-1));
#11303=VERTEX_POINT('',#11302);
#11304=CARTESIAN_POINT('',(0.E0,1.926399999999E1,-4.800000000007E-1));
#11305=VERTEX_POINT('',#11304);
#11306=CARTESIAN_POINT('',(-3.886525000011E0,1.401213661378E1,
-6.000000000131E-1));
#11307=VERTEX_POINT('',#11306);
#11308=CARTESIAN_POINT('',(-3.886525000011E0,1.401213661378E1,
-9.293014359670E-1));
#11309=VERTEX_POINT('',#11308);
#11310=CARTESIAN_POINT('',(0.E0,1.113599999999E1,-9.293014359670E-1));
#11311=VERTEX_POINT('',#11310);
#11312=CARTESIAN_POINT('',(0.E0,1.926399999999E1,-9.293014359670E-1));
#11313=VERTEX_POINT('',#11312);
#11314=CARTESIAN_POINT('',(-3.886525000011E0,1.638786338620E1,
-9.293014359670E-1));
#11315=VERTEX_POINT('',#11314);
#11316=CARTESIAN_POINT('',(-3.886525000011E0,1.638786338620E1,
-6.000000000131E-1));
#11317=VERTEX_POINT('',#11316);
#11318=CARTESIAN_POINT('',(0.E0,1.933484687052E1,-8.559373538944E-1));
#11319=VERTEX_POINT('',#11318);
#11320=CARTESIAN_POINT('',(0.E0,1.106515312946E1,-8.559373538944E-1));
#11321=VERTEX_POINT('',#11320);
#11322=CARTESIAN_POINT('',(0.E0,1.993779749117E1,-6.000000000131E-1));
#11323=VERTEX_POINT('',#11322);
#11324=CARTESIAN_POINT('',(0.E0,1.046220250881E1,-6.000000000131E-1));
#11325=VERTEX_POINT('',#11324);
#11326=CARTESIAN_POINT('',(0.E0,1.519999999999E1,-8.926193949307E-1));
#11327=DIRECTION('',(0.E0,0.E0,1.E0));
#11328=DIRECTION('',(0.E0,1.E0,0.E0));
#11329=AXIS2_PLACEMENT_3D('',#11326,#11327,#11328);
#11330=CONICAL_SURFACE('',#11329,4.099423435266E0,4.4E1);
#11332=ORIENTED_EDGE('',*,*,#11331,.T.);
#11334=ORIENTED_EDGE('',*,*,#11333,.T.);
#11336=ORIENTED_EDGE('',*,*,#11335,.F.);
#11338=ORIENTED_EDGE('',*,*,#11337,.F.);
#11339=EDGE_LOOP('',(#11332,#11334,#11336,#11338));
#11340=FACE_OUTER_BOUND('',#11339,.F.);
#11341=ADVANCED_FACE('',(#11340),#11330,.T.);
#11342=CARTESIAN_POINT('',(0.E0,1.519999999999E1,-9.845096437480E-1));
#11343=DIRECTION('',(0.E0,0.E0,1.E0));
#11344=DIRECTION('',(0.E0,1.E0,0.E0));
#11345=AXIS2_PLACEMENT_3D('',#11342,#11343,#11344);
#11346=CONICAL_SURFACE('',#11345,4.010686053469E0,4.4E1);
#11347=ORIENTED_EDGE('',*,*,#11331,.F.);
#11349=ORIENTED_EDGE('',*,*,#11348,.F.);
#11350=ORIENTED_EDGE('',*,*,#11335,.T.);
#11352=ORIENTED_EDGE('',*,*,#11351,.T.);
#11354=ORIENTED_EDGE('',*,*,#11353,.T.);
#11356=ORIENTED_EDGE('',*,*,#11355,.T.);
#11357=EDGE_LOOP('',(#11347,#11349,#11350,#11352,#11354,#11356));
#11358=FACE_OUTER_BOUND('',#11357,.F.);
#11359=ADVANCED_FACE('',(#11358),#11346,.T.);
#11360=CARTESIAN_POINT('',(0.E0,1.519999999999E1,-1.438200000013E0));
#11361=DIRECTION('',(0.E0,0.E0,-1.E0));
#11362=DIRECTION('',(0.E0,-1.E0,0.E0));
#11363=AXIS2_PLACEMENT_3D('',#11360,#11361,#11362);
#11364=TOROIDAL_SURFACE('',#11363,4.737797491175E0,8.382E-1);
#11366=ORIENTED_EDGE('',*,*,#11365,.T.);
#11368=ORIENTED_EDGE('',*,*,#11367,.F.);
#11370=ORIENTED_EDGE('',*,*,#11369,.F.);
#11372=ORIENTED_EDGE('',*,*,#11371,.F.);
#11374=ORIENTED_EDGE('',*,*,#11373,.F.);
#11375=ORIENTED_EDGE('',*,*,#11348,.T.);
#11376=EDGE_LOOP('',(#11366,#11368,#11370,#11372,#11374,#11375));
#11377=FACE_OUTER_BOUND('',#11376,.F.);
#11378=ADVANCED_FACE('',(#11377),#11364,.F.);
#11379=CARTESIAN_POINT('',(0.E0,1.519999999999E1,-1.438200000013E0));
#11380=DIRECTION('',(0.E0,0.E0,-1.E0));
#11381=DIRECTION('',(0.E0,-1.E0,0.E0));
#11382=AXIS2_PLACEMENT_3D('',#11379,#11380,#11381);
#11383=TOROIDAL_SURFACE('',#11382,4.737797491175E0,8.382E-1);
#11384=ORIENTED_EDGE('',*,*,#11365,.F.);
#11385=ORIENTED_EDGE('',*,*,#11337,.T.);
#11386=ORIENTED_EDGE('',*,*,#11373,.T.);
#11388=ORIENTED_EDGE('',*,*,#11387,.F.);
#11389=EDGE_LOOP('',(#11384,#11385,#11386,#11388));
#11390=FACE_OUTER_BOUND('',#11389,.F.);
#11391=ADVANCED_FACE('',(#11390),#11383,.F.);
#11392=CARTESIAN_POINT('',(8.189712652296E0,6.730725657235E0,
-6.000000000131E-1));
#11393=DIRECTION('',(0.E0,0.E0,1.E0));
#11394=DIRECTION('',(0.E0,1.E0,0.E0));
#11395=AXIS2_PLACEMENT_3D('',#11392,#11393,#11394);
#11396=PLANE('',#11395);
#11397=ORIENTED_EDGE('',*,*,#11371,.T.);
#11399=ORIENTED_EDGE('',*,*,#11398,.F.);
#11401=ORIENTED_EDGE('',*,*,#11400,.T.);
#11403=ORIENTED_EDGE('',*,*,#11402,.T.);
#11405=ORIENTED_EDGE('',*,*,#11404,.T.);
#11407=ORIENTED_EDGE('',*,*,#11406,.F.);
#11408=ORIENTED_EDGE('',*,*,#11367,.T.);
#11409=ORIENTED_EDGE('',*,*,#11387,.T.);
#11410=EDGE_LOOP('',(#11397,#11399,#11401,#11403,#11405,#11407,#11408,#11409));
#11411=FACE_OUTER_BOUND('',#11410,.F.);
#11412=ADVANCED_FACE('',(#11411),#11396,.F.);
#11413=CARTESIAN_POINT('',(-3.84E0,1.390603508757E1,-6.150031500134E-1));
#11414=DIRECTION('',(1.E0,0.E0,0.E0));
#11415=DIRECTION('',(0.E0,0.E0,1.E0));
#11416=AXIS2_PLACEMENT_3D('',#11413,#11414,#11415);
#11417=PLANE('',#11416);
#11419=ORIENTED_EDGE('',*,*,#11418,.F.);
#11421=ORIENTED_EDGE('',*,*,#11420,.F.);
#11423=ORIENTED_EDGE('',*,*,#11422,.F.);
#11425=ORIENTED_EDGE('',*,*,#11424,.F.);
#11427=ORIENTED_EDGE('',*,*,#11426,.F.);
#11428=ORIENTED_EDGE('',*,*,#11398,.T.);
#11430=ORIENTED_EDGE('',*,*,#11429,.F.);
#11431=EDGE_LOOP('',(#11419,#11421,#11423,#11425,#11427,#11428,#11430));
#11432=FACE_OUTER_BOUND('',#11431,.F.);
#11433=ADVANCED_FACE('',(#11432),#11417,.F.);
#11434=CARTESIAN_POINT('',(0.E0,1.519999999999E1,-9.405371218661E-1));
#11435=DIRECTION('',(0.E0,0.E0,1.E0));
#11436=DIRECTION('',(0.E0,1.E0,0.E0));
#11437=AXIS2_PLACEMENT_3D('',#11434,#11435,#11436);
#11438=CYLINDRICAL_SURFACE('',#11437,4.064E0);
#11440=ORIENTED_EDGE('',*,*,#11439,.F.);
#11442=ORIENTED_EDGE('',*,*,#11441,.T.);
#11443=ORIENTED_EDGE('',*,*,#11351,.F.);
#11444=ORIENTED_EDGE('',*,*,#11333,.F.);
#11445=ORIENTED_EDGE('',*,*,#11355,.F.);
#11447=ORIENTED_EDGE('',*,*,#11446,.T.);
#11449=ORIENTED_EDGE('',*,*,#11448,.F.);
#11451=ORIENTED_EDGE('',*,*,#11450,.T.);
#11453=ORIENTED_EDGE('',*,*,#11452,.F.);
#11455=ORIENTED_EDGE('',*,*,#11454,.F.);
#11457=ORIENTED_EDGE('',*,*,#11456,.F.);
#11459=ORIENTED_EDGE('',*,*,#11458,.F.);
#11460=ORIENTED_EDGE('',*,*,#11418,.T.);
#11461=EDGE_LOOP('',(#11440,#11442,#11443,#11444,#11445,#11447,#11449,#11451,
#11453,#11455,#11457,#11459,#11460));
#11462=FACE_OUTER_BOUND('',#11461,.F.);
#11463=ADVANCED_FACE('',(#11462),#11438,.F.);
#11464=CARTESIAN_POINT('',(-3.639449868037E0,1.853010812091E1,
-6.000000000131E-1));
#11465=DIRECTION('',(0.E0,0.E0,-1.E0));
#11466=DIRECTION('',(0.E0,-1.E0,0.E0));
#11467=AXIS2_PLACEMENT_3D('',#11464,#11465,#11466);
#11468=PLANE('',#11467);
#11470=ORIENTED_EDGE('',*,*,#11469,.T.);
#11471=ORIENTED_EDGE('',*,*,#11448,.T.);
#11473=ORIENTED_EDGE('',*,*,#11472,.F.);
#11474=ORIENTED_EDGE('',*,*,#11439,.T.);
#11475=ORIENTED_EDGE('',*,*,#11429,.T.);
#11476=ORIENTED_EDGE('',*,*,#11369,.T.);
#11477=EDGE_LOOP('',(#11470,#11471,#11473,#11474,#11475,#11476));
#11478=FACE_OUTER_BOUND('',#11477,.F.);
#11479=ADVANCED_FACE('',(#11478),#11468,.F.);
#11480=CARTESIAN_POINT('',(-3.84E0,1.803250690931E1,-6.150031500134E-1));
#11481=DIRECTION('',(1.E0,0.E0,0.E0));
#11482=DIRECTION('',(0.E0,0.E0,1.E0));
#11483=AXIS2_PLACEMENT_3D('',#11480,#11481,#11482);
#11484=PLANE('',#11483);
#11486=ORIENTED_EDGE('',*,*,#11485,.F.);
#11488=ORIENTED_EDGE('',*,*,#11487,.F.);
#11490=ORIENTED_EDGE('',*,*,#11489,.F.);
#11492=ORIENTED_EDGE('',*,*,#11491,.F.);
#11493=ORIENTED_EDGE('',*,*,#11450,.F.);
#11494=ORIENTED_EDGE('',*,*,#11469,.F.);
#11495=ORIENTED_EDGE('',*,*,#11406,.T.);
#11496=EDGE_LOOP('',(#11486,#11488,#11490,#11492,#11493,#11494,#11495));
#11497=FACE_OUTER_BOUND('',#11496,.F.);
#11498=ADVANCED_FACE('',(#11497),#11484,.F.);
#11499=CARTESIAN_POINT('',(0.E0,1.519999999999E1,1.500315000033E-2));
#11500=DIRECTION('',(0.E0,0.E0,-1.E0));
#11501=DIRECTION('',(0.E0,-1.E0,0.E0));
#11502=AXIS2_PLACEMENT_3D('',#11499,#11500,#11501);
#11503=CYLINDRICAL_SURFACE('',#11502,4.75E0);
#11504=ORIENTED_EDGE('',*,*,#11485,.T.);
#11505=ORIENTED_EDGE('',*,*,#11404,.F.);
#11506=ORIENTED_EDGE('',*,*,#11402,.F.);
#11507=ORIENTED_EDGE('',*,*,#11400,.F.);
#11508=ORIENTED_EDGE('',*,*,#11426,.T.);
#11510=ORIENTED_EDGE('',*,*,#11509,.F.);
#11512=ORIENTED_EDGE('',*,*,#11511,.F.);
#11514=ORIENTED_EDGE('',*,*,#11513,.F.);
#11516=ORIENTED_EDGE('',*,*,#11515,.F.);
#11517=EDGE_LOOP('',(#11504,#11505,#11506,#11507,#11508,#11510,#11512,#11514,
#11516));
#11518=FACE_OUTER_BOUND('',#11517,.F.);
#11519=ADVANCED_FACE('',(#11518),#11503,.T.);
#11520=CARTESIAN_POINT('',(8.189712652296E0,2.366927434274E1,0.E0));
#11521=DIRECTION('',(0.E0,0.E0,-1.E0));
#11522=DIRECTION('',(0.E0,-1.E0,0.E0));
#11523=AXIS2_PLACEMENT_3D('',#11520,#11521,#11522);
#11524=PLANE('',#11523);
#11526=ORIENTED_EDGE('',*,*,#11525,.T.);
#11528=ORIENTED_EDGE('',*,*,#11527,.T.);
#11530=ORIENTED_EDGE('',*,*,#11529,.T.);
#11531=ORIENTED_EDGE('',*,*,#11487,.T.);
#11532=ORIENTED_EDGE('',*,*,#11515,.T.);
#11533=ORIENTED_EDGE('',*,*,#11513,.T.);
#11534=ORIENTED_EDGE('',*,*,#11511,.T.);
#11535=ORIENTED_EDGE('',*,*,#11509,.T.);
#11536=ORIENTED_EDGE('',*,*,#11424,.T.);
#11537=EDGE_LOOP('',(#11526,#11528,#11530,#11531,#11532,#11533,#11534,#11535,
#11536));
#11538=FACE_OUTER_BOUND('',#11537,.F.);
#11539=ADVANCED_FACE('',(#11538),#11524,.F.);
#11540=CARTESIAN_POINT('',(0.E0,1.519999999999E1,1.200315000002E-2));
#11541=DIRECTION('',(0.E0,0.E0,-1.E0));
#11542=DIRECTION('',(0.E0,-1.E0,0.E0));
#11543=AXIS2_PLACEMENT_3D('',#11540,#11541,#11542);
#11544=CYLINDRICAL_SURFACE('',#11543,4.673474999989E0);
#11545=ORIENTED_EDGE('',*,*,#11489,.T.);
#11546=ORIENTED_EDGE('',*,*,#11529,.F.);
#11547=ORIENTED_EDGE('',*,*,#11527,.F.);
#11548=ORIENTED_EDGE('',*,*,#11525,.F.);
#11549=ORIENTED_EDGE('',*,*,#11422,.T.);
#11551=ORIENTED_EDGE('',*,*,#11550,.F.);
#11553=ORIENTED_EDGE('',*,*,#11552,.F.);
#11555=ORIENTED_EDGE('',*,*,#11554,.F.);
#11557=ORIENTED_EDGE('',*,*,#11556,.F.);
#11558=EDGE_LOOP('',(#11545,#11546,#11547,#11548,#11549,#11551,#11553,#11555,
#11557));
#11559=FACE_OUTER_BOUND('',#11558,.F.);
#11560=ADVANCED_FACE('',(#11559),#11544,.F.);
#11561=CARTESIAN_POINT('',(8.129659595073E0,2.358977338086E1,
-4.800000000007E-1));
#11562=DIRECTION('',(0.E0,0.E0,-1.E0));
#11563=DIRECTION('',(0.E0,-1.E0,0.E0));
#11564=AXIS2_PLACEMENT_3D('',#11561,#11562,#11563);
#11565=PLANE('',#11564);
#11566=ORIENTED_EDGE('',*,*,#11556,.T.);
#11567=ORIENTED_EDGE('',*,*,#11554,.T.);
#11568=ORIENTED_EDGE('',*,*,#11552,.T.);
#11569=ORIENTED_EDGE('',*,*,#11550,.T.);
#11570=ORIENTED_EDGE('',*,*,#11420,.T.);
#11571=ORIENTED_EDGE('',*,*,#11458,.T.);
#11572=ORIENTED_EDGE('',*,*,#11456,.T.);
#11573=ORIENTED_EDGE('',*,*,#11454,.T.);
#11574=ORIENTED_EDGE('',*,*,#11452,.T.);
#11575=ORIENTED_EDGE('',*,*,#11491,.T.);
#11576=EDGE_LOOP('',(#11566,#11567,#11568,#11569,#11570,#11571,#11572,#11573,
#11574,#11575));
#11577=FACE_OUTER_BOUND('',#11576,.F.);
#11578=ADVANCED_FACE('',(#11577),#11565,.F.);
#11579=CARTESIAN_POINT('',(-3.886525000011E0,1.394341174760E1,
-1.128683988891E0));
#11580=DIRECTION('',(-1.E0,0.E0,0.E0));
#11581=DIRECTION('',(0.E0,0.E0,1.E0));
#11582=AXIS2_PLACEMENT_3D('',#11579,#11580,#11581);
#11583=PLANE('',#11582);
#11584=ORIENTED_EDGE('',*,*,#11446,.F.);
#11585=ORIENTED_EDGE('',*,*,#11353,.F.);
#11586=ORIENTED_EDGE('',*,*,#11441,.F.);
#11587=ORIENTED_EDGE('',*,*,#11472,.T.);
#11588=EDGE_LOOP('',(#11584,#11585,#11586,#11587));
#11589=FACE_OUTER_BOUND('',#11588,.F.);
#11590=ADVANCED_FACE('',(#11589),#11583,.F.);
#11591=CLOSED_SHELL('',(#11341,#11359,#11378,#11391,#11412,#11433,#11463,#11479,
#11498,#11519,#11539,#11560,#11578,#11590));
#11592=DIRECTION('',(0.E0,-1.E0,0.E0));
#11593=VECTOR('',#11592,1.444490236047E0);
#11594=CARTESIAN_POINT('',(-3.84E0,2.775090100769E0,-6.000000000131E-1));
#11595=LINE('',#11594,#11593);
#11596=CARTESIAN_POINT('',(0.E0,0.E0,-6.000000000131E-1));
#11597=DIRECTION('',(0.E0,0.E0,1.E0));
#11598=DIRECTION('',(-9.448818897638E-1,3.274113840361E-1,0.E0));
#11599=AXIS2_PLACEMENT_3D('',#11596,#11597,#11598);
#11601=DIRECTION('',(0.E0,-1.E0,0.E0));
#11602=VECTOR('',#11601,2.375726772411E0);
#11603=CARTESIAN_POINT('',(-3.886525000011E0,1.187863386205E0,
-6.000000000131E-1));
#11604=LINE('',#11603,#11602);
#11605=CARTESIAN_POINT('',(0.E0,0.E0,-6.000000000131E-1));
#11606=DIRECTION('',(0.E0,0.E0,1.E0));
#11607=DIRECTION('',(-9.563299704752E-1,-2.922892190466E-1,0.E0));
#11608=AXIS2_PLACEMENT_3D('',#11605,#11606,#11607);
#11610=DIRECTION('',(0.E0,-1.E0,0.E0));
#11611=VECTOR('',#11610,1.444490236047E0);
#11612=CARTESIAN_POINT('',(-3.84E0,-1.330599864723E0,-6.000000000131E-1));
#11613=LINE('',#11612,#11611);
#11614=CARTESIAN_POINT('',(0.E0,0.E0,-6.000000000131E-1));
#11615=DIRECTION('',(0.E0,0.E0,-1.E0));
#11616=DIRECTION('',(-8.105031941851E-1,-5.857342163607E-1,0.E0));
#11617=AXIS2_PLACEMENT_3D('',#11614,#11615,#11616);
#11619=DIRECTION('',(0.E0,-1.E0,0.E0));
#11620=VECTOR('',#11619,1.320835690950E-1);
#11621=CARTESIAN_POINT('',(-3.84E0,2.795871956997E0,0.E0));
#11622=LINE('',#11621,#11620);
#11623=DIRECTION('',(0.E0,-1.E0,0.E0));
#11624=VECTOR('',#11623,1.333188523179E0);
#11625=CARTESIAN_POINT('',(-3.84E0,2.663788387902E0,-4.800000000007E-1));
#11626=LINE('',#11625,#11624);
#11627=DIRECTION('',(0.E0,0.E0,-1.E0));
#11628=VECTOR('',#11627,6.000000000131E-1);
#11629=CARTESIAN_POINT('',(-3.84E0,2.795871956997E0,0.E0));
#11630=LINE('',#11629,#11628);
#11631=DIRECTION('',(0.E0,0.E0,1.E0));
#11632=VECTOR('',#11631,6.000000000131E-1);
#11633=CARTESIAN_POINT('',(-3.84E0,-2.795871956997E0,-6.000000000131E-1));
#11634=LINE('',#11633,#11632);
#11635=CARTESIAN_POINT('',(0.E0,0.E0,-6.000000000131E-1));
#11636=DIRECTION('',(0.E0,0.E0,-1.E0));
#11637=DIRECTION('',(0.E0,-1.E0,0.E0));
#11638=AXIS2_PLACEMENT_3D('',#11635,#11636,#11637);
#11640=DIRECTION('',(-2.136908296326E-14,-1.E0,7.479179037141E-14));
#11641=VECTOR('',#11640,2.078185622722E-2);
#11642=CARTESIAN_POINT('',(-3.84E0,-2.775090100769E0,-6.000000000131E-1));
#11643=LINE('',#11642,#11641);
#11644=CARTESIAN_POINT('',(0.E0,0.E0,-6.000000000131E-1));
#11645=DIRECTION('',(0.E0,0.E0,1.E0));
#11646=DIRECTION('',(-8.084210526330E-1,-5.886046225266E-1,0.E0));
#11647=AXIS2_PLACEMENT_3D('',#11644,#11645,#11646);
#11649=CARTESIAN_POINT('',(0.E0,0.E0,-6.000000000131E-1));
#11650=DIRECTION('',(0.E0,0.E0,1.E0));
#11651=DIRECTION('',(0.E0,-1.E0,0.E0));
#11652=AXIS2_PLACEMENT_3D('',#11649,#11650,#11651);
#11654=CARTESIAN_POINT('',(0.E0,0.E0,-6.000000000131E-1));
#11655=DIRECTION('',(0.E0,0.E0,1.E0));
#11656=DIRECTION('',(0.E0,1.E0,0.E0));
#11657=AXIS2_PLACEMENT_3D('',#11654,#11655,#11656);
#11659=DIRECTION('',(4.273816592652E-14,-1.E0,-7.479179037142E-14));
#11660=VECTOR('',#11659,2.078185622722E-2);
#11661=CARTESIAN_POINT('',(-3.84E0,2.795871956997E0,-6.000000000131E-1));
#11662=LINE('',#11661,#11660);
#11663=CARTESIAN_POINT('',(0.E0,0.E0,-6.000000000131E-1));
#11664=DIRECTION('',(0.E0,0.E0,-1.E0));
#11665=DIRECTION('',(-8.105031941851E-1,5.857342163607E-1,0.E0));
#11666=AXIS2_PLACEMENT_3D('',#11663,#11664,#11665);
#11668=CARTESIAN_POINT('',(0.E0,0.E0,-6.000000000131E-1));
#11669=DIRECTION('',(0.E0,0.E0,-1.E0));
#11670=DIRECTION('',(0.E0,1.E0,0.E0));
#11671=AXIS2_PLACEMENT_3D('',#11668,#11669,#11670);
#11673=CARTESIAN_POINT('',(0.E0,4.737797491175E0,-1.438200000013E0));
#11674=DIRECTION('',(-1.E0,0.E0,0.E0));
#11675=DIRECTION('',(0.E0,-7.193398003386E-1,6.946583704590E-1));
#11676=AXIS2_PLACEMENT_3D('',#11673,#11674,#11675);
#11678=CARTESIAN_POINT('',(0.E0,0.E0,-8.559373538944E-1));
#11679=DIRECTION('',(0.E0,0.E0,-1.E0));
#11680=DIRECTION('',(0.E0,-1.E0,0.E0));
#11681=AXIS2_PLACEMENT_3D('',#11678,#11679,#11680);
#11683=CARTESIAN_POINT('',(0.E0,0.E0,-8.559373538944E-1));
#11684=DIRECTION('',(0.E0,0.E0,-1.E0));
#11685=DIRECTION('',(0.E0,1.E0,0.E0));
#11686=AXIS2_PLACEMENT_3D('',#11683,#11684,#11685);
#11688=CARTESIAN_POINT('',(0.E0,-4.737797491175E0,-1.438200000013E0));
#11689=DIRECTION('',(1.E0,0.E0,0.E0));
#11690=DIRECTION('',(0.E0,7.193398003387E-1,6.946583704590E-1));
#11691=AXIS2_PLACEMENT_3D('',#11688,#11689,#11690);
#11693=DIRECTION('',(-1.041596990476E-14,-6.946583704590E-1,
-7.193398003386E-1));
#11694=VECTOR('',#11693,1.019880757857E-1);
#11695=CARTESIAN_POINT('',(0.E0,4.134846870532E0,-8.559373538944E-1));
#11696=LINE('',#11695,#11694);
#11697=CARTESIAN_POINT('',(0.E0,0.E0,-9.293014359670E-1));
#11698=DIRECTION('',(0.E0,0.E0,-1.E0));
#11699=DIRECTION('',(0.E0,1.E0,0.E0));
#11700=AXIS2_PLACEMENT_3D('',#11697,#11698,#11699);
#11702=DIRECTION('',(-2.971569552210E-14,6.946583704590E-1,-7.193398003386E-1));
#11703=VECTOR('',#11702,1.019880757857E-1);
#11704=CARTESIAN_POINT('',(0.E0,-4.134846870532E0,-8.559373538944E-1));
#11705=LINE('',#11704,#11703);
#11706=CARTESIAN_POINT('',(0.E0,-1.243374854593E-14,-9.293014359670E-1));
#11707=DIRECTION('',(0.E0,0.E0,-1.E0));
#11708=DIRECTION('',(0.E0,-1.E0,0.E0));
#11709=AXIS2_PLACEMENT_3D('',#11706,#11707,#11708);
#11711=CARTESIAN_POINT('',(-3.886525000011E0,-1.187863386205E0,
-9.293014359670E-1));
#11712=CARTESIAN_POINT('',(-3.886525000011E0,-9.938973800476E-1,
-9.880099701660E-1));
#11713=CARTESIAN_POINT('',(-3.886525000011E0,-6.035613423789E-1,
-1.080086255532E0));
#11714=CARTESIAN_POINT('',(-3.886525000011E0,-1.924093310052E-5,
-1.129589159727E0));
#11715=CARTESIAN_POINT('',(-3.886525000011E0,6.038536832913E-1,
-1.080048698424E0));
#11716=CARTESIAN_POINT('',(-3.886525000011E0,9.940092454339E-1,
-9.879761113833E-1));
#11717=CARTESIAN_POINT('',(-3.886525000011E0,1.187863386205E0,
-9.293014359670E-1));
#11719=CARTESIAN_POINT('',(0.E0,-1.243374854593E-14,-9.293014359670E-1));
#11720=DIRECTION('',(0.E0,0.E0,-1.E0));
#11721=DIRECTION('',(-9.563299704752E-1,2.922892190466E-1,0.E0));
#11722=AXIS2_PLACEMENT_3D('',#11719,#11720,#11721);
#11724=DIRECTION('',(0.E0,0.E0,-1.E0));
#11725=VECTOR('',#11724,3.293014359539E-1);
#11726=CARTESIAN_POINT('',(-3.886525000011E0,-1.187863386205E0,
-6.000000000131E-1));
#11727=LINE('',#11726,#11725);
#11728=DIRECTION('',(0.E0,0.E0,1.E0));
#11729=VECTOR('',#11728,3.293014359539E-1);
#11730=CARTESIAN_POINT('',(-3.886525000011E0,1.187863386205E0,
-9.293014359670E-1));
#11731=LINE('',#11730,#11729);
#11732=DIRECTION('',(0.E0,0.E0,1.E0));
#11733=VECTOR('',#11732,1.200000000124E-1);
#11734=CARTESIAN_POINT('',(-3.84E0,1.330599864723E0,-6.000000000131E-1));
#11735=LINE('',#11734,#11733);
#11736=DIRECTION('',(0.E0,0.E0,-1.E0));
#11737=VECTOR('',#11736,1.200000000124E-1);
#11738=CARTESIAN_POINT('',(-3.84E0,-1.330599864723E0,-4.800000000007E-1));
#11739=LINE('',#11738,#11737);
#11740=CARTESIAN_POINT('',(0.E0,0.E0,-4.800000000007E-1));
#11741=DIRECTION('',(0.E0,0.E0,1.E0));
#11742=DIRECTION('',(-9.448818897638E-1,-3.274113840361E-1,0.E0));
#11743=AXIS2_PLACEMENT_3D('',#11740,#11741,#11742);
#11745=CARTESIAN_POINT('',(0.E0,0.E0,-4.800000000007E-1));
#11746=DIRECTION('',(0.E0,0.E0,1.E0));
#11747=DIRECTION('',(0.E0,-1.E0,0.E0));
#11748=AXIS2_PLACEMENT_3D('',#11745,#11746,#11747);
#11750=CARTESIAN_POINT('',(0.E0,0.E0,-4.800000000007E-1));
#11751=DIRECTION('',(0.E0,0.E0,1.E0));
#11752=DIRECTION('',(9.448818897638E-1,3.274113840361E-1,0.E0));
#11753=AXIS2_PLACEMENT_3D('',#11750,#11751,#11752);
#11755=CARTESIAN_POINT('',(0.E0,0.E0,-4.800000000007E-1));
#11756=DIRECTION('',(0.E0,0.E0,1.E0));
#11757=DIRECTION('',(0.E0,1.E0,0.E0));
#11758=AXIS2_PLACEMENT_3D('',#11755,#11756,#11757);
#11760=CARTESIAN_POINT('',(0.E0,0.E0,-4.800000000007E-1));
#11761=DIRECTION('',(0.E0,0.E0,-1.E0));
#11762=DIRECTION('',(-8.216584019406E-1,5.699802369560E-1,0.E0));
#11763=AXIS2_PLACEMENT_3D('',#11760,#11761,#11762);
#11765=CARTESIAN_POINT('',(0.E0,0.E0,-4.800000000007E-1));
#11766=DIRECTION('',(0.E0,0.E0,-1.E0));
#11767=DIRECTION('',(0.E0,1.E0,0.E0));
#11768=AXIS2_PLACEMENT_3D('',#11765,#11766,#11767);
#11770=CARTESIAN_POINT('',(0.E0,0.E0,-4.800000000007E-1));
#11771=DIRECTION('',(0.E0,0.E0,-1.E0));
#11772=DIRECTION('',(8.216584019406E-1,-5.699802369560E-1,0.E0));
#11773=AXIS2_PLACEMENT_3D('',#11770,#11771,#11772);
#11775=CARTESIAN_POINT('',(0.E0,0.E0,-4.800000000007E-1));
#11776=DIRECTION('',(0.E0,0.E0,-1.E0));
#11777=DIRECTION('',(0.E0,-1.E0,0.E0));
#11778=AXIS2_PLACEMENT_3D('',#11775,#11776,#11777);
#11780=DIRECTION('',(0.E0,0.E0,1.E0));
#11781=VECTOR('',#11780,4.800000000007E-1);
#11782=CARTESIAN_POINT('',(-3.84E0,2.663788387902E0,-4.800000000007E-1));
#11783=LINE('',#11782,#11781);
#11784=DIRECTION('',(0.E0,0.E0,-1.E0));
#11785=VECTOR('',#11784,4.800000000007E-1);
#11786=CARTESIAN_POINT('',(-3.84E0,-2.663788387902E0,0.E0));
#11787=LINE('',#11786,#11785);
#11788=CARTESIAN_POINT('',(0.E0,0.E0,0.E0));
#11789=DIRECTION('',(0.E0,0.E0,1.E0));
#11790=DIRECTION('',(-8.216584019406E-1,-5.699802369560E-1,0.E0));
#11791=AXIS2_PLACEMENT_3D('',#11788,#11789,#11790);
#11793=CARTESIAN_POINT('',(0.E0,0.E0,0.E0));
#11794=DIRECTION('',(0.E0,0.E0,1.E0));
#11795=DIRECTION('',(0.E0,-1.E0,0.E0));
#11796=AXIS2_PLACEMENT_3D('',#11793,#11794,#11795);
#11798=CARTESIAN_POINT('',(0.E0,0.E0,0.E0));
#11799=DIRECTION('',(0.E0,0.E0,1.E0));
#11800=DIRECTION('',(0.E0,1.E0,0.E0));
#11801=AXIS2_PLACEMENT_3D('',#11798,#11799,#11800);
#11803=CARTESIAN_POINT('',(0.E0,0.E0,0.E0));
#11804=DIRECTION('',(0.E0,0.E0,-1.E0));
#11805=DIRECTION('',(-8.084210526330E-1,5.886046225266E-1,0.E0));
#11806=AXIS2_PLACEMENT_3D('',#11803,#11804,#11805);
#11808=CARTESIAN_POINT('',(0.E0,0.E0,0.E0));
#11809=DIRECTION('',(0.E0,0.E0,-1.E0));
#11810=DIRECTION('',(0.E0,1.E0,0.E0));
#11811=AXIS2_PLACEMENT_3D('',#11808,#11809,#11810);
#11813=CARTESIAN_POINT('',(0.E0,0.E0,0.E0));
#11814=DIRECTION('',(0.E0,0.E0,-1.E0));
#11815=DIRECTION('',(8.084210526330E-1,-5.886046225266E-1,0.E0));
#11816=AXIS2_PLACEMENT_3D('',#11813,#11814,#11815);
#11818=CARTESIAN_POINT('',(0.E0,0.E0,0.E0));
#11819=DIRECTION('',(0.E0,0.E0,-1.E0));
#11820=DIRECTION('',(0.E0,-1.E0,0.E0));
#11821=AXIS2_PLACEMENT_3D('',#11818,#11819,#11820);
#11823=DIRECTION('',(0.E0,-1.E0,0.E0));
#11824=VECTOR('',#11823,1.333188523179E0);
#11825=CARTESIAN_POINT('',(-3.84E0,-1.330599864723E0,-4.800000000007E-1));
#11826=LINE('',#11825,#11824);
#11827=DIRECTION('',(0.E0,-1.E0,0.E0));
#11828=VECTOR('',#11827,1.320835690950E-1);
#11829=CARTESIAN_POINT('',(-3.84E0,-2.663788387902E0,0.E0));
#11830=LINE('',#11829,#11828);
#11831=CARTESIAN_POINT('',(-3.84E0,2.795871956997E0,0.E0));
#11832=CARTESIAN_POINT('',(-3.84E0,2.795871956997E0,-6.000000000131E-1));
#11833=VERTEX_POINT('',#11831);
#11834=VERTEX_POINT('',#11832);
#11835=CARTESIAN_POINT('',(0.E0,4.749999999992E0,-6.000000000131E-1));
#11836=VERTEX_POINT('',#11835);
#11837=CARTESIAN_POINT('',(0.E0,-4.749999999992E0,-6.000000000131E-1));
#11838=VERTEX_POINT('',#11837);
#11839=CARTESIAN_POINT('',(-3.84E0,-2.795871956997E0,-6.000000000131E-1));
#11840=VERTEX_POINT('',#11839);
#11841=CARTESIAN_POINT('',(-3.84E0,-2.795871956997E0,0.E0));
#11842=VERTEX_POINT('',#11841);
#11843=CARTESIAN_POINT('',(0.E0,4.749999999992E0,0.E0));
#11844=VERTEX_POINT('',#11843);
#11845=CARTESIAN_POINT('',(3.84E0,-2.795871956997E0,0.E0));
#11846=VERTEX_POINT('',#11845);
#11847=CARTESIAN_POINT('',(0.E0,-4.749999999992E0,0.E0));
#11848=VERTEX_POINT('',#11847);
#11849=CARTESIAN_POINT('',(0.E0,4.673474999989E0,0.E0));
#11850=CARTESIAN_POINT('',(-3.84E0,2.663788387902E0,0.E0));
#11851=VERTEX_POINT('',#11849);
#11852=VERTEX_POINT('',#11850);
#11853=CARTESIAN_POINT('',(0.E0,-4.673474999989E0,0.E0));
#11854=VERTEX_POINT('',#11853);
#11855=CARTESIAN_POINT('',(-3.84E0,-2.663788387902E0,0.E0));
#11856=VERTEX_POINT('',#11855);
#11857=CARTESIAN_POINT('',(-3.84E0,2.663788387902E0,-4.800000000007E-1));
#11858=VERTEX_POINT('',#11857);
#11859=CARTESIAN_POINT('',(-3.84E0,1.330599864723E0,-4.800000000007E-1));
#11860=VERTEX_POINT('',#11859);
#11861=CARTESIAN_POINT('',(-3.84E0,1.330599864723E0,-6.000000000131E-1));
#11862=VERTEX_POINT('',#11861);
#11863=CARTESIAN_POINT('',(-3.84E0,2.775090100769E0,-6.000000000131E-1));
#11864=VERTEX_POINT('',#11863);
#11865=CARTESIAN_POINT('',(-3.84E0,-2.663788387902E0,-4.800000000007E-1));
#11866=VERTEX_POINT('',#11865);
#11867=CARTESIAN_POINT('',(0.E0,4.673474999989E0,-4.800000000007E-1));
#11868=VERTEX_POINT('',#11867);
#11869=CARTESIAN_POINT('',(3.84E0,-2.663788387902E0,-4.800000000007E-1));
#11870=VERTEX_POINT('',#11869);
#11871=CARTESIAN_POINT('',(0.E0,-4.673474999989E0,-4.800000000007E-1));
#11872=VERTEX_POINT('',#11871);
#11873=CARTESIAN_POINT('',(-3.84E0,-1.330599864723E0,-4.800000000007E-1));
#11874=CARTESIAN_POINT('',(0.E0,-4.064E0,-4.800000000007E-1));
#11875=VERTEX_POINT('',#11873);
#11876=VERTEX_POINT('',#11874);
#11877=CARTESIAN_POINT('',(3.84E0,1.330599864723E0,-4.800000000007E-1));
#11878=VERTEX_POINT('',#11877);
#11879=CARTESIAN_POINT('',(0.E0,4.064E0,-4.800000000007E-1));
#11880=VERTEX_POINT('',#11879);
#11881=CARTESIAN_POINT('',(-3.886525000011E0,-1.187863386205E0,
-6.000000000131E-1));
#11882=CARTESIAN_POINT('',(-3.84E0,-1.330599864723E0,-6.000000000131E-1));
#11883=VERTEX_POINT('',#11881);
#11884=VERTEX_POINT('',#11882);
#11885=CARTESIAN_POINT('',(-3.886525000011E0,-1.187863386205E0,
-9.293014359670E-1));
#11886=VERTEX_POINT('',#11885);
#11887=CARTESIAN_POINT('',(0.E0,-4.064E0,-9.293014359670E-1));
#11888=VERTEX_POINT('',#11887);
#11889=CARTESIAN_POINT('',(0.E0,4.064E0,-9.293014359670E-1));
#11890=VERTEX_POINT('',#11889);
#11891=CARTESIAN_POINT('',(-3.886525000011E0,1.187863386205E0,
-9.293014359670E-1));
#11892=VERTEX_POINT('',#11891);
#11893=CARTESIAN_POINT('',(-3.886525000011E0,1.187863386205E0,
-6.000000000131E-1));
#11894=VERTEX_POINT('',#11893);
#11895=CARTESIAN_POINT('',(-3.84E0,-2.775090100769E0,-6.000000000131E-1));
#11896=VERTEX_POINT('',#11895);
#11897=CARTESIAN_POINT('',(0.E0,4.134846870532E0,-8.559373538944E-1));
#11898=CARTESIAN_POINT('',(0.E0,4.737797491175E0,-6.000000000131E-1));
#11899=VERTEX_POINT('',#11897);
#11900=VERTEX_POINT('',#11898);
#11901=CARTESIAN_POINT('',(0.E0,-4.737797491175E0,-6.000000000131E-1));
#11902=VERTEX_POINT('',#11901);
#11903=CARTESIAN_POINT('',(0.E0,-4.134846870532E0,-8.559373538944E-1));
#11904=VERTEX_POINT('',#11903);
#11905=CARTESIAN_POINT('',(-3.639449868037E0,3.330108120923E0,
-6.000000000131E-1));
#11906=DIRECTION('',(0.E0,0.E0,-1.E0));
#11907=DIRECTION('',(0.E0,-1.E0,0.E0));
#11908=AXIS2_PLACEMENT_3D('',#11905,#11906,#11907);
#11909=PLANE('',#11908);
#11911=ORIENTED_EDGE('',*,*,#11910,.T.);
#11913=ORIENTED_EDGE('',*,*,#11912,.T.);
#11915=ORIENTED_EDGE('',*,*,#11914,.T.);
#11917=ORIENTED_EDGE('',*,*,#11916,.T.);
#11919=ORIENTED_EDGE('',*,*,#11918,.T.);
#11921=ORIENTED_EDGE('',*,*,#11920,.T.);
#11922=EDGE_LOOP('',(#11911,#11913,#11915,#11917,#11919,#11921));
#11923=FACE_OUTER_BOUND('',#11922,.F.);
#11924=ADVANCED_FACE('',(#11923),#11909,.F.);
#11925=CARTESIAN_POINT('',(-3.84E0,2.832506909303E0,-6.150031500134E-1));
#11926=DIRECTION('',(1.E0,0.E0,0.E0));
#11927=DIRECTION('',(0.E0,0.E0,1.E0));
#11928=AXIS2_PLACEMENT_3D('',#11925,#11926,#11927);
#11929=PLANE('',#11928);
#11931=ORIENTED_EDGE('',*,*,#11930,.F.);
#11933=ORIENTED_EDGE('',*,*,#11932,.T.);
#11935=ORIENTED_EDGE('',*,*,#11934,.F.);
#11937=ORIENTED_EDGE('',*,*,#11936,.T.);
#11939=ORIENTED_EDGE('',*,*,#11938,.F.);
#11940=ORIENTED_EDGE('',*,*,#11910,.F.);
#11942=ORIENTED_EDGE('',*,*,#11941,.F.);
#11943=EDGE_LOOP('',(#11931,#11933,#11935,#11937,#11939,#11940,#11942));
#11944=FACE_OUTER_BOUND('',#11943,.F.);
#11945=ADVANCED_FACE('',(#11944),#11929,.F.);
#11946=CARTESIAN_POINT('',(0.E0,0.E0,1.500315000033E-2));
#11947=DIRECTION('',(0.E0,0.E0,-1.E0));
#11948=DIRECTION('',(0.E0,-1.E0,0.E0));
#11949=AXIS2_PLACEMENT_3D('',#11946,#11947,#11948);
#11950=CYLINDRICAL_SURFACE('',#11949,4.749999999992E0);
#11951=ORIENTED_EDGE('',*,*,#11930,.T.);
#11953=ORIENTED_EDGE('',*,*,#11952,.F.);
#11955=ORIENTED_EDGE('',*,*,#11954,.F.);
#11957=ORIENTED_EDGE('',*,*,#11956,.F.);
#11959=ORIENTED_EDGE('',*,*,#11958,.T.);
#11961=ORIENTED_EDGE('',*,*,#11960,.F.);
#11963=ORIENTED_EDGE('',*,*,#11962,.F.);
#11965=ORIENTED_EDGE('',*,*,#11964,.F.);
#11967=ORIENTED_EDGE('',*,*,#11966,.F.);
#11968=EDGE_LOOP('',(#11951,#11953,#11955,#11957,#11959,#11961,#11963,#11965,
#11967));
#11969=FACE_OUTER_BOUND('',#11968,.F.);
#11970=ADVANCED_FACE('',(#11969),#11950,.T.);
#11971=CARTESIAN_POINT('',(8.189712652289E0,-8.469274342746E0,
-6.000000000131E-1));
#11972=DIRECTION('',(0.E0,0.E0,1.E0));
#11973=DIRECTION('',(0.E0,1.E0,0.E0));
#11974=AXIS2_PLACEMENT_3D('',#11971,#11972,#11973);
#11975=PLANE('',#11974);
#11977=ORIENTED_EDGE('',*,*,#11976,.T.);
#11979=ORIENTED_EDGE('',*,*,#11978,.T.);
#11980=ORIENTED_EDGE('',*,*,#11956,.T.);
#11981=ORIENTED_EDGE('',*,*,#11954,.T.);
#11982=ORIENTED_EDGE('',*,*,#11952,.T.);
#11983=ORIENTED_EDGE('',*,*,#11941,.T.);
#11985=ORIENTED_EDGE('',*,*,#11984,.T.);
#11987=ORIENTED_EDGE('',*,*,#11986,.T.);
#11988=EDGE_LOOP('',(#11977,#11979,#11980,#11981,#11982,#11983,#11985,#11987));
#11989=FACE_OUTER_BOUND('',#11988,.F.);
#11990=ADVANCED_FACE('',(#11989),#11975,.F.);
#11991=CARTESIAN_POINT('',(0.E0,0.E0,-1.438200000013E0));
#11992=DIRECTION('',(0.E0,0.E0,-1.E0));
#11993=DIRECTION('',(0.E0,-1.E0,0.E0));
#11994=AXIS2_PLACEMENT_3D('',#11991,#11992,#11993);
#11995=TOROIDAL_SURFACE('',#11994,4.737797491175E0,8.382E-1);
#11997=ORIENTED_EDGE('',*,*,#11996,.T.);
#11998=ORIENTED_EDGE('',*,*,#11984,.F.);
#11999=ORIENTED_EDGE('',*,*,#11920,.F.);
#12000=ORIENTED_EDGE('',*,*,#11976,.F.);
#12002=ORIENTED_EDGE('',*,*,#12001,.F.);
#12004=ORIENTED_EDGE('',*,*,#12003,.T.);
#12005=EDGE_LOOP('',(#11997,#11998,#11999,#12000,#12002,#12004));
#12006=FACE_OUTER_BOUND('',#12005,.F.);
#12007=ADVANCED_FACE('',(#12006),#11995,.F.);
#12008=CARTESIAN_POINT('',(0.E0,0.E0,-1.438200000013E0));
#12009=DIRECTION('',(0.E0,0.E0,-1.E0));
#12010=DIRECTION('',(0.E0,-1.E0,0.E0));
#12011=AXIS2_PLACEMENT_3D('',#12008,#12009,#12010);
#12012=TOROIDAL_SURFACE('',#12011,4.737797491175E0,8.382E-1);
#12013=ORIENTED_EDGE('',*,*,#11996,.F.);
#12015=ORIENTED_EDGE('',*,*,#12014,.T.);
#12016=ORIENTED_EDGE('',*,*,#12001,.T.);
#12017=ORIENTED_EDGE('',*,*,#11986,.F.);
#12018=EDGE_LOOP('',(#12013,#12015,#12016,#12017));
#12019=FACE_OUTER_BOUND('',#12018,.F.);
#12020=ADVANCED_FACE('',(#12019),#12012,.F.);
#12021=CARTESIAN_POINT('',(0.E0,0.E0,-8.926193949307E-1));
#12022=DIRECTION('',(0.E0,0.E0,1.E0));
#12023=DIRECTION('',(0.E0,1.E0,0.E0));
#12024=AXIS2_PLACEMENT_3D('',#12021,#12022,#12023);
#12025=CONICAL_SURFACE('',#12024,4.099423435266E0,4.4E1);
#12027=ORIENTED_EDGE('',*,*,#12026,.T.);
#12029=ORIENTED_EDGE('',*,*,#12028,.T.);
#12031=ORIENTED_EDGE('',*,*,#12030,.F.);
#12032=ORIENTED_EDGE('',*,*,#12014,.F.);
#12033=EDGE_LOOP('',(#12027,#12029,#12031,#12032));
#12034=FACE_OUTER_BOUND('',#12033,.F.);
#12035=ADVANCED_FACE('',(#12034),#12025,.T.);
#12036=CARTESIAN_POINT('',(0.E0,-1.235059609169E-14,-9.845096437480E-1));
#12037=DIRECTION('',(0.E0,0.E0,1.E0));
#12038=DIRECTION('',(0.E0,1.E0,0.E0));
#12039=AXIS2_PLACEMENT_3D('',#12036,#12037,#12038);
#12040=CONICAL_SURFACE('',#12039,4.010686053469E0,4.4E1);
#12041=ORIENTED_EDGE('',*,*,#12026,.F.);
#12042=ORIENTED_EDGE('',*,*,#12003,.F.);
#12043=ORIENTED_EDGE('',*,*,#12030,.T.);
#12045=ORIENTED_EDGE('',*,*,#12044,.T.);
#12047=ORIENTED_EDGE('',*,*,#12046,.T.);
#12049=ORIENTED_EDGE('',*,*,#12048,.T.);
#12050=EDGE_LOOP('',(#12041,#12042,#12043,#12045,#12047,#12049));
#12051=FACE_OUTER_BOUND('',#12050,.F.);
#12052=ADVANCED_FACE('',(#12051),#12040,.T.);
#12053=CARTESIAN_POINT('',(0.E0,0.E0,-9.405371218661E-1));
#12054=DIRECTION('',(0.E0,0.E0,1.E0));
#12055=DIRECTION('',(0.E0,1.E0,0.E0));
#12056=AXIS2_PLACEMENT_3D('',#12053,#12054,#12055);
#12057=CYLINDRICAL_SURFACE('',#12056,4.064E0);
#12058=ORIENTED_EDGE('',*,*,#11916,.F.);
#12060=ORIENTED_EDGE('',*,*,#12059,.T.);
#12061=ORIENTED_EDGE('',*,*,#12044,.F.);
#12062=ORIENTED_EDGE('',*,*,#12028,.F.);
#12063=ORIENTED_EDGE('',*,*,#12048,.F.);
#12065=ORIENTED_EDGE('',*,*,#12064,.T.);
#12066=ORIENTED_EDGE('',*,*,#11912,.F.);
#12067=ORIENTED_EDGE('',*,*,#11938,.T.);
#12069=ORIENTED_EDGE('',*,*,#12068,.F.);
#12071=ORIENTED_EDGE('',*,*,#12070,.F.);
#12073=ORIENTED_EDGE('',*,*,#12072,.F.);
#12075=ORIENTED_EDGE('',*,*,#12074,.F.);
#12077=ORIENTED_EDGE('',*,*,#12076,.T.);
#12078=EDGE_LOOP('',(#12058,#12060,#12061,#12062,#12063,#12065,#12066,#12067,
#12069,#12071,#12073,#12075,#12077));
#12079=FACE_OUTER_BOUND('',#12078,.F.);
#12080=ADVANCED_FACE('',(#12079),#12057,.F.);
#12081=CARTESIAN_POINT('',(-3.886525000011E0,-1.256588252386E0,
-1.128683988891E0));
#12082=DIRECTION('',(-1.E0,0.E0,0.E0));
#12083=DIRECTION('',(0.E0,0.E0,1.E0));
#12084=AXIS2_PLACEMENT_3D('',#12081,#12082,#12083);
#12085=PLANE('',#12084);
#12086=ORIENTED_EDGE('',*,*,#12064,.F.);
#12087=ORIENTED_EDGE('',*,*,#12046,.F.);
#12088=ORIENTED_EDGE('',*,*,#12059,.F.);
#12089=ORIENTED_EDGE('',*,*,#11914,.F.);
#12090=EDGE_LOOP('',(#12086,#12087,#12088,#12089));
#12091=FACE_OUTER_BOUND('',#12090,.F.);
#12092=ADVANCED_FACE('',(#12091),#12085,.F.);
#12093=CARTESIAN_POINT('',(8.129659595073E0,8.389773380867E0,
-4.800000000007E-1));
#12094=DIRECTION('',(0.E0,0.E0,-1.E0));
#12095=DIRECTION('',(0.E0,-1.E0,0.E0));
#12096=AXIS2_PLACEMENT_3D('',#12093,#12094,#12095);
#12097=PLANE('',#12096);
#12098=ORIENTED_EDGE('',*,*,#12074,.T.);
#12099=ORIENTED_EDGE('',*,*,#12072,.T.);
#12100=ORIENTED_EDGE('',*,*,#12070,.T.);
#12101=ORIENTED_EDGE('',*,*,#12068,.T.);
#12102=ORIENTED_EDGE('',*,*,#11936,.F.);
#12104=ORIENTED_EDGE('',*,*,#12103,.T.);
#12106=ORIENTED_EDGE('',*,*,#12105,.T.);
#12108=ORIENTED_EDGE('',*,*,#12107,.T.);
#12110=ORIENTED_EDGE('',*,*,#12109,.T.);
#12112=ORIENTED_EDGE('',*,*,#12111,.F.);
#12113=EDGE_LOOP('',(#12098,#12099,#12100,#12101,#12102,#12104,#12106,#12108,
#12110,#12112));
#12114=FACE_OUTER_BOUND('',#12113,.F.);
#12115=ADVANCED_FACE('',(#12114),#12097,.F.);
#12116=CARTESIAN_POINT('',(0.E0,0.E0,1.200315000002E-2));
#12117=DIRECTION('',(0.E0,0.E0,-1.E0));
#12118=DIRECTION('',(0.E0,-1.E0,0.E0));
#12119=AXIS2_PLACEMENT_3D('',#12116,#12117,#12118);
#12120=CYLINDRICAL_SURFACE('',#12119,4.673474999989E0);
#12121=ORIENTED_EDGE('',*,*,#11934,.T.);
#12123=ORIENTED_EDGE('',*,*,#12122,.F.);
#12125=ORIENTED_EDGE('',*,*,#12124,.F.);
#12127=ORIENTED_EDGE('',*,*,#12126,.F.);
#12129=ORIENTED_EDGE('',*,*,#12128,.T.);
#12130=ORIENTED_EDGE('',*,*,#12109,.F.);
#12131=ORIENTED_EDGE('',*,*,#12107,.F.);
#12132=ORIENTED_EDGE('',*,*,#12105,.F.);
#12133=ORIENTED_EDGE('',*,*,#12103,.F.);
#12134=EDGE_LOOP('',(#12121,#12123,#12125,#12127,#12129,#12130,#12131,#12132,
#12133));
#12135=FACE_OUTER_BOUND('',#12134,.F.);
#12136=ADVANCED_FACE('',(#12135),#12120,.F.);
#12137=CARTESIAN_POINT('',(8.189712652289E0,8.469274342746E0,0.E0));
#12138=DIRECTION('',(0.E0,0.E0,-1.E0));
#12139=DIRECTION('',(0.E0,-1.E0,0.E0));
#12140=AXIS2_PLACEMENT_3D('',#12137,#12138,#12139);
#12141=PLANE('',#12140);
#12142=ORIENTED_EDGE('',*,*,#12126,.T.);
#12143=ORIENTED_EDGE('',*,*,#12124,.T.);
#12144=ORIENTED_EDGE('',*,*,#12122,.T.);
#12145=ORIENTED_EDGE('',*,*,#11932,.F.);
#12146=ORIENTED_EDGE('',*,*,#11966,.T.);
#12147=ORIENTED_EDGE('',*,*,#11964,.T.);
#12148=ORIENTED_EDGE('',*,*,#11962,.T.);
#12149=ORIENTED_EDGE('',*,*,#11960,.T.);
#12151=ORIENTED_EDGE('',*,*,#12150,.F.);
#12152=EDGE_LOOP('',(#12142,#12143,#12144,#12145,#12146,#12147,#12148,#12149,
#12151));
#12153=FACE_OUTER_BOUND('',#12152,.F.);
#12154=ADVANCED_FACE('',(#12153),#12141,.F.);
#12155=CARTESIAN_POINT('',(-3.84E0,-1.293964912416E0,-6.150031500134E-1));
#12156=DIRECTION('',(1.E0,0.E0,0.E0));
#12157=DIRECTION('',(0.E0,0.E0,1.E0));
#12158=AXIS2_PLACEMENT_3D('',#12155,#12156,#12157);
#12159=PLANE('',#12158);
#12160=ORIENTED_EDGE('',*,*,#12111,.T.);
#12161=ORIENTED_EDGE('',*,*,#12128,.F.);
#12162=ORIENTED_EDGE('',*,*,#12150,.T.);
#12163=ORIENTED_EDGE('',*,*,#11958,.F.);
#12164=ORIENTED_EDGE('',*,*,#11978,.F.);
#12165=ORIENTED_EDGE('',*,*,#11918,.F.);
#12166=ORIENTED_EDGE('',*,*,#12076,.F.);
#12167=EDGE_LOOP('',(#12160,#12161,#12162,#12163,#12164,#12165,#12166));
#12168=FACE_OUTER_BOUND('',#12167,.F.);
#12169=ADVANCED_FACE('',(#12168),#12159,.F.);
#12170=CLOSED_SHELL('',(#11924,#11945,#11970,#11990,#12007,#12020,#12035,#12052,
#12080,#12092,#12115,#12136,#12154,#12169));
#12171=ORIENTED_CLOSED_SHELL('',*,#11591,.F.);
#12172=ORIENTED_CLOSED_SHELL('',*,#12170,.F.);
#12173=BREP_WITH_VOIDS('',#11012,(#12171,#12172));
#12174=CARTESIAN_POINT('',(0.E0,0.E0,0.E0));
#12175=DIRECTION('',(0.E0,0.E0,1.E0));
#12176=DIRECTION('',(1.E0,0.E0,0.E0));
#12177=AXIS2_PLACEMENT_3D('CM-73415-398',#12174,#12175,#12176);
#12178=CARTESIAN_POINT('',(0.E0,-6.399999999994E0,-1.97E1));
#12179=DIRECTION('',(0.E0,-1.E0,0.E0));
#12180=DIRECTION('',(1.E0,0.E0,0.E0));
#12181=AXIS2_PLACEMENT_3D('',#12178,#12179,#12180);
#12185=CARTESIAN_POINT('',(0.E0,-6.399999999994E0,-1.97E1));
#12186=DIRECTION('',(0.E0,-1.E0,0.E0));
#12187=DIRECTION('',(-1.E0,0.E0,0.E0));
#12188=AXIS2_PLACEMENT_3D('',#12185,#12186,#12187);
#12194=CARTESIAN_POINT('',(0.E0,-6.399999999994E0,-1.71E1));
#12195=DIRECTION('',(0.E0,-1.E0,0.E0));
#12196=DIRECTION('',(1.E0,0.E0,0.E0));
#12197=AXIS2_PLACEMENT_3D('',#12194,#12195,#12196);
#12201=CARTESIAN_POINT('',(0.E0,-6.399999999994E0,-1.71E1));
#12202=DIRECTION('',(0.E0,-1.E0,0.E0));
#12203=DIRECTION('',(-1.E0,0.E0,0.E0));
#12204=AXIS2_PLACEMENT_3D('',#12201,#12202,#12203);
#12209=DIRECTION('',(0.E0,0.E0,-1.E0));
#12210=VECTOR('',#12209,3.E0);
#12211=CARTESIAN_POINT('',(-9.E0,-6.399999999994E0,-1.25E1));
#12212=LINE('',#12211,#12210);
#12215=DIRECTION('',(1.E0,0.E0,0.E0));
#12216=VECTOR('',#12215,1.E0);
#12217=CARTESIAN_POINT('',(-9.E0,-6.399999999994E0,-1.55E1));
#12218=LINE('',#12217,#12216);
#12221=DIRECTION('',(0.E0,0.E0,1.E0));
#12222=VECTOR('',#12221,3.E0);
#12223=CARTESIAN_POINT('',(-8.E0,-6.399999999994E0,-1.55E1));
#12224=LINE('',#12223,#12222);
#12227=DIRECTION('',(-1.E0,0.E0,0.E0));
#12228=VECTOR('',#12227,1.E0);
#12229=CARTESIAN_POINT('',(-8.E0,-6.399999999994E0,-1.25E1));
#12230=LINE('',#12229,#12228);
#12234=DIRECTION('',(0.E0,0.E0,-1.E0));
#12235=VECTOR('',#12234,3.E0);
#12236=CARTESIAN_POINT('',(8.E0,-6.399999999994E0,-1.25E1));
#12237=LINE('',#12236,#12235);
#12240=DIRECTION('',(1.E0,0.E0,0.E0));
#12241=VECTOR('',#12240,1.E0);
#12242=CARTESIAN_POINT('',(8.E0,-6.399999999994E0,-1.55E1));
#12243=LINE('',#12242,#12241);
#12246=DIRECTION('',(0.E0,0.E0,1.E0));
#12247=VECTOR('',#12246,3.E0);
#12248=CARTESIAN_POINT('',(9.E0,-6.399999999994E0,-1.55E1));
#12249=LINE('',#12248,#12247);
#12252=DIRECTION('',(-1.E0,0.E0,0.E0));
#12253=VECTOR('',#12252,1.E0);
#12254=CARTESIAN_POINT('',(9.E0,-6.399999999994E0,-1.25E1));
#12255=LINE('',#12254,#12253);
#12259=DIRECTION('',(0.E0,0.E0,-1.E0));
#12260=VECTOR('',#12259,3.E0);
#12261=CARTESIAN_POINT('',(8.E0,-6.399999999994E0,-2.3E0));
#12262=LINE('',#12261,#12260);
#12265=DIRECTION('',(1.E0,0.E0,0.E0));
#12266=VECTOR('',#12265,1.E0);
#12267=CARTESIAN_POINT('',(8.E0,-6.399999999994E0,-5.3E0));
#12268=LINE('',#12267,#12266);
#12271=DIRECTION('',(0.E0,0.E0,1.E0));
#12272=VECTOR('',#12271,3.E0);
#12273=CARTESIAN_POINT('',(9.E0,-6.399999999994E0,-5.3E0));
#12274=LINE('',#12273,#12272);
#12277=DIRECTION('',(-1.E0,0.E0,0.E0));
#12278=VECTOR('',#12277,1.E0);
#12279=CARTESIAN_POINT('',(9.E0,-6.399999999994E0,-2.3E0));
#12280=LINE('',#12279,#12278);
#12284=DIRECTION('',(0.E0,0.E0,-1.E0));
#12285=VECTOR('',#12284,3.E0);
#12286=CARTESIAN_POINT('',(-9.E0,-6.399999999994E0,-2.3E0));
#12287=LINE('',#12286,#12285);
#12290=DIRECTION('',(1.E0,0.E0,0.E0));
#12291=VECTOR('',#12290,1.E0);
#12292=CARTESIAN_POINT('',(-9.E0,-6.399999999994E0,-5.3E0));
#12293=LINE('',#12292,#12291);
#12296=DIRECTION('',(0.E0,0.E0,1.E0));
#12297=VECTOR('',#12296,3.E0);
#12298=CARTESIAN_POINT('',(-8.E0,-6.399999999994E0,-5.3E0));
#12299=LINE('',#12298,#12297);
#12302=DIRECTION('',(-1.E0,0.E0,0.E0));
#12303=VECTOR('',#12302,1.E0);
#12304=CARTESIAN_POINT('',(-8.E0,-6.399999999994E0,-2.3E0));
#12305=LINE('',#12304,#12303);
#12310=DIMENSIONAL_EXPONENTS(0.E0,0.E0,0.E0,0.E0,0.E0,0.E0,0.E0);
#12312=PLANE_ANGLE_MEASURE_WITH_UNIT(PLANE_ANGLE_MEASURE(1.745329251994E-2),
#12311);
#12313=(CONVERSION_BASED_UNIT('DEGREE',#12312)NAMED_UNIT(*)PLANE_ANGLE_UNIT());
#12315=UNCERTAINTY_MEASURE_WITH_UNIT(LENGTH_MEASURE(5.199431215554E-3),#12309,
'closure',
'Maximum model space distance between geometric entities at asserted connectivities');
#12316=(GEOMETRIC_REPRESENTATION_CONTEXT(3)GLOBAL_UNCERTAINTY_ASSIGNED_CONTEXT((
#12315))GLOBAL_UNIT_ASSIGNED_CONTEXT((#12309,#12313,#12314))REPRESENTATION_CONTEXT('ID1','3'));
#12193=GEOMETRIC_SET('',(#12192,#12208,#12233,#12258,#12283,#12308));
#12320=SHAPE_REPRESENTATION_RELATIONSHIP('','',#12319,#12317);
#12321=SHAPE_REPRESENTATION_RELATIONSHIP('','',#12319,#12318);
#12322=APPLICATION_CONTEXT(
'CONFIGURATION CONTROLLED 3D DESIGNS OF MECHANICAL PARTS AND ASSEMBLIES');
#12323=APPLICATION_PROTOCOL_DEFINITION('international standard',
'config_control_design',1994,#12322);
#12324=DESIGN_CONTEXT('',#12322,'design');
#12325=MECHANICAL_CONTEXT('',#12322,'mechanical');
#12326=PRODUCT('734153980','734153980','NOT SPECIFIED',(#12325));
#12327=PRODUCT_DEFINITION_FORMATION_WITH_SPECIFIED_SOURCE('1','LAST_VERSION',
#12326,.MADE.);
#12331=PRODUCT_CATEGORY('part','');
#12332=PRODUCT_RELATED_PRODUCT_CATEGORY('detail','',(#12326));
#12333=PRODUCT_CATEGORY_RELATIONSHIP('','',#12331,#12332);
#12334=SECURITY_CLASSIFICATION_LEVEL('unclassified');
#12335=SECURITY_CLASSIFICATION('','',#12334);
#12336=CC_DESIGN_SECURITY_CLASSIFICATION(#12335,(#12327));
#12337=APPROVAL_STATUS('approved');
#12338=APPROVAL(#12337,'');
#12339=CC_DESIGN_APPROVAL(#12338,(#12335,#12327,#12328));
#12340=CALENDAR_DATE(116,15,12);
#12341=COORDINATED_UNIVERSAL_TIME_OFFSET(5,30,.AHEAD.);
#12342=LOCAL_TIME(9,58,1.E1,#12341);
#12343=DATE_AND_TIME(#12340,#12342);
#12344=APPROVAL_DATE_TIME(#12343,#12338);
#12345=DATE_TIME_ROLE('creation_date');
#12346=CC_DESIGN_DATE_AND_TIME_ASSIGNMENT(#12343,#12345,(#12328));
#12347=DATE_TIME_ROLE('classification_date');
#12348=CC_DESIGN_DATE_AND_TIME_ASSIGNMENT(#12343,#12347,(#12335));
#12349=PERSON('UNSPECIFIED','UNSPECIFIED',$,$,$,$);
#12350=ORGANIZATION('UNSPECIFIED','UNSPECIFIED','UNSPECIFIED');
#12351=PERSON_AND_ORGANIZATION(#12349,#12350);
#12352=APPROVAL_ROLE('approver');
#12353=APPROVAL_PERSON_ORGANIZATION(#12351,#12338,#12352);
#12354=PERSON_AND_ORGANIZATION_ROLE('creator');
#12355=CC_DESIGN_PERSON_AND_ORGANIZATION_ASSIGNMENT(#12351,#12354,(#12327,
#12328));
#12356=PERSON_AND_ORGANIZATION_ROLE('design_supplier');
#12357=CC_DESIGN_PERSON_AND_ORGANIZATION_ASSIGNMENT(#12351,#12356,(#12327));
#12358=PERSON_AND_ORGANIZATION_ROLE('classification_officer');
#12359=CC_DESIGN_PERSON_AND_ORGANIZATION_ASSIGNMENT(#12351,#12358,(#12335));
#12360=PERSON_AND_ORGANIZATION_ROLE('design_owner');
#12361=CC_DESIGN_PERSON_AND_ORGANIZATION_ASSIGNMENT(#12351,#12360,(#12326));
#5=CIRCLE('',#4,7.649999999994E-1);
#10=CIRCLE('',#9,7.649999999994E-1);
#15=CIRCLE('',#14,7.5E-1);
#20=CIRCLE('',#19,7.5E-1);
#25=CIRCLE('',#24,7.5E-1);
#38=CIRCLE('',#37,2.48E0);
#43=CIRCLE('',#42,2.48E0);
#48=CIRCLE('',#47,7.649999999994E-1);
#53=CIRCLE('',#52,7.649999999994E-1);
#62=CIRCLE('',#61,2.68E0);
#67=CIRCLE('',#66,2.68E0);
#76=CIRCLE('',#75,2.68E0);
#89=CIRCLE('',#88,3.910000000003E0);
#94=CIRCLE('',#93,3.910000000003E0);
#99=CIRCLE('',#98,3.910000000003E0);
#104=CIRCLE('',#103,3.910000000003E0);
#109=CIRCLE('',#108,2.68E0);
#114=CIRCLE('',#113,2.68E0);
#119=CIRCLE('',#118,2.68E0);
#132=CIRCLE('',#131,4.064E0);
#137=CIRCLE('',#136,4.064E0);
#144=B_SPLINE_CURVE_WITH_KNOTS('',3,(#138,#139,#140,#141,#142,#143),
.UNSPECIFIED.,.F.,.F.,(4,1,1,4),(0.E0,3.333333333333E-1,6.666666666667E-1,1.E0),
.UNSPECIFIED.);
#149=CIRCLE('',#148,3.910000000003E0);
#154=CIRCLE('',#153,3.910000000003E0);
#159=CIRCLE('',#158,3.910000000003E0);
#166=B_SPLINE_CURVE_WITH_KNOTS('',3,(#160,#161,#162,#163,#164,#165),
.UNSPECIFIED.,.F.,.F.,(4,1,1,4),(0.E0,3.333333333333E-1,6.666666666667E-1,1.E0),
.UNSPECIFIED.);
#171=CIRCLE('',#170,4.064E0);
#176=CIRCLE('',#175,4.064E0);
#181=CIRCLE('',#180,3.910000000003E0);
#210=CIRCLE('',#209,4.064E0);
#215=CIRCLE('',#214,4.064657937458E0);
#220=CIRCLE('',#219,4.064E0);
#225=CIRCLE('',#224,4.064E0);
#234=CIRCLE('',#233,4.064E0);
#239=CIRCLE('',#238,4.259015015603E0);
#244=CIRCLE('',#243,8.382E-1);
#249=CIRCLE('',#248,8.382E-1);
#254=CIRCLE('',#253,4.259015015603E0);
#259=CIRCLE('',#258,5.5499E0);
#264=CIRCLE('',#263,5.5499E0);
#269=CIRCLE('',#268,5.5499E0);
#274=CIRCLE('',#273,4.861965636247E0);
#279=CIRCLE('',#278,4.861965636247E0);
#304=CIRCLE('',#303,1.524E0);
#309=CIRCLE('',#308,1.524E0);
#314=CIRCLE('',#313,1.524E0);
#319=CIRCLE('',#318,1.524E0);
#324=CIRCLE('',#323,1.524E0);
#329=CIRCLE('',#328,1.524E0);
#334=CIRCLE('',#333,5.5499E0);
#339=CIRCLE('',#338,5.5499E0);
#344=CIRCLE('',#343,5.5499E0);
#349=CIRCLE('',#348,5.5499E0);
#354=CIRCLE('',#353,5.5499E0);
#371=CIRCLE('',#370,1.25E0);
#376=CIRCLE('',#375,1.25E0);
#457=CIRCLE('',#456,6.31E0);
#462=CIRCLE('',#461,6.31E0);
#467=CIRCLE('',#466,6.31E0);
#472=CIRCLE('',#471,1.14554E0);
#477=CIRCLE('',#476,1.14554E0);
#482=CIRCLE('',#481,6.31E0);
#487=CIRCLE('',#486,6.31E0);
#492=CIRCLE('',#491,6.31E0);
#497=CIRCLE('',#496,1.14554E0);
#502=CIRCLE('',#501,1.14554E0);
#551=CIRCLE('',#550,1.25E0);
#568=CIRCLE('',#567,1.25E0);
#589=CIRCLE('',#588,1.25E0);
#594=CIRCLE('',#593,1.25E0);
#619=CIRCLE('',#618,1.25E0);
#636=CIRCLE('',#635,1.25E0);
#725=CIRCLE('',#724,6.31E0);
#730=CIRCLE('',#729,6.31E0);
#735=CIRCLE('',#734,6.31E0);
#740=CIRCLE('',#739,4.825E0);
#745=CIRCLE('',#744,4.825E0);
#750=CIRCLE('',#749,4.825E0);
#779=CIRCLE('',#778,4.825E0);
#784=CIRCLE('',#783,4.825E0);
#792=B_SPLINE_CURVE_WITH_KNOTS('',3,(#785,#786,#787,#788,#789,#790,#791),
.UNSPECIFIED.,.F.,.F.,(4,1,1,1,4),(0.E0,2.5E-1,5.E-1,7.5E-1,1.E0),
.UNSPECIFIED.);
#800=B_SPLINE_CURVE_WITH_KNOTS('',3,(#793,#794,#795,#796,#797,#798,#799),
.UNSPECIFIED.,.F.,.F.,(4,1,1,1,4),(0.E0,2.5E-1,5.E-1,7.5E-1,1.E0),
.UNSPECIFIED.);
#805=CIRCLE('',#804,4.825E0);
#810=CIRCLE('',#809,4.825E0);
#839=CIRCLE('',#838,4.825E0);
#844=CIRCLE('',#843,4.825E0);
#849=CIRCLE('',#848,4.825E0);
#854=CIRCLE('',#853,4.825E0);
#862=B_SPLINE_CURVE_WITH_KNOTS('',3,(#855,#856,#857,#858,#859,#860,#861),
.UNSPECIFIED.,.F.,.F.,(4,1,1,1,4),(0.E0,2.5E-1,5.E-1,7.5E-1,1.E0),
.UNSPECIFIED.);
#870=B_SPLINE_CURVE_WITH_KNOTS('',3,(#863,#864,#865,#866,#867,#868,#869),
.UNSPECIFIED.,.F.,.F.,(4,1,1,1,4),(0.E0,2.5E-1,5.E-1,7.5E-1,1.E0),
.UNSPECIFIED.);
#875=CIRCLE('',#874,2.375E0);
#880=CIRCLE('',#879,2.375E0);
#888=B_SPLINE_CURVE_WITH_KNOTS('',3,(#881,#882,#883,#884,#885,#886,#887),
.UNSPECIFIED.,.F.,.F.,(4,1,1,1,4),(0.E0,2.5E-1,5.E-1,7.5E-1,1.E0),
.UNSPECIFIED.);
#896=B_SPLINE_CURVE_WITH_KNOTS('',3,(#889,#890,#891,#892,#893,#894,#895),
.UNSPECIFIED.,.F.,.F.,(4,1,1,1,4),(0.E0,2.5E-1,5.E-1,7.5E-1,1.E0),
.UNSPECIFIED.);
#901=CIRCLE('',#900,2.375E0);
#906=CIRCLE('',#905,2.375E0);
#914=B_SPLINE_CURVE_WITH_KNOTS('',3,(#907,#908,#909,#910,#911,#912,#913),
.UNSPECIFIED.,.F.,.F.,(4,1,1,1,4),(0.E0,2.5E-1,5.E-1,7.5E-1,1.E0),
.UNSPECIFIED.);
#922=B_SPLINE_CURVE_WITH_KNOTS('',3,(#915,#916,#917,#918,#919,#920,#921),
.UNSPECIFIED.,.F.,.F.,(4,1,1,1,4),(0.E0,2.5E-1,5.E-1,7.5E-1,1.E0),
.UNSPECIFIED.);
#927=CIRCLE('',#926,9.9E-1);
#932=CIRCLE('',#931,9.9E-1);
#937=CIRCLE('',#936,9.9E-1);
#942=CIRCLE('',#941,9.9E-1);
#950=B_SPLINE_CURVE_WITH_KNOTS('',3,(#943,#944,#945,#946,#947,#948,#949),
.UNSPECIFIED.,.F.,.F.,(4,1,1,1,4),(0.E0,2.5E-1,5.E-1,7.5E-1,1.E0),
.UNSPECIFIED.);
#958=B_SPLINE_CURVE_WITH_KNOTS('',3,(#951,#952,#953,#954,#955,#956,#957),
.UNSPECIFIED.,.F.,.F.,(4,1,1,1,4),(0.E0,2.5E-1,5.E-1,7.5E-1,1.E0),
.UNSPECIFIED.);
#966=B_SPLINE_CURVE_WITH_KNOTS('',3,(#959,#960,#961,#962,#963,#964,#965),
.UNSPECIFIED.,.F.,.F.,(4,1,1,1,4),(0.E0,2.5E-1,5.E-1,7.5E-1,1.E0),
.UNSPECIFIED.);
#974=B_SPLINE_CURVE_WITH_KNOTS('',3,(#967,#968,#969,#970,#971,#972,#973),
.UNSPECIFIED.,.F.,.F.,(4,1,1,1,4),(0.E0,2.5E-1,5.E-1,7.5E-1,1.E0),
.UNSPECIFIED.);
#992=B_SPLINE_CURVE_WITH_KNOTS('',3,(#983,#984,#985,#986,#987,#988,#989,#990,
#991),.UNSPECIFIED.,.F.,.F.,(4,1,1,1,1,1,4),(0.E0,1.666666666667E-1,
3.333333333333E-1,5.E-1,6.666666666667E-1,8.333333333333E-1,1.E0),
.UNSPECIFIED.);
#1002=B_SPLINE_CURVE_WITH_KNOTS('',3,(#993,#994,#995,#996,#997,#998,#999,#1000,
#1001),.UNSPECIFIED.,.F.,.F.,(4,1,1,1,1,1,4),(0.E0,1.666666666667E-1,
3.333333333333E-1,5.E-1,6.666666666667E-1,8.333333333333E-1,1.E0),
.UNSPECIFIED.);
#1012=B_SPLINE_CURVE_WITH_KNOTS('',3,(#1003,#1004,#1005,#1006,#1007,#1008,#1009,
#1010,#1011),.UNSPECIFIED.,.F.,.F.,(4,1,1,1,1,1,4),(0.E0,1.666666666667E-1,
3.333333333333E-1,5.E-1,6.666666666667E-1,8.333333333333E-1,1.E0),
.UNSPECIFIED.);
#1022=B_SPLINE_CURVE_WITH_KNOTS('',3,(#1013,#1014,#1015,#1016,#1017,#1018,#1019,
#1020,#1021),.UNSPECIFIED.,.F.,.F.,(4,1,1,1,1,1,4),(0.E0,1.666666666667E-1,
3.333333333333E-1,5.E-1,6.666666666667E-1,8.333333333333E-1,1.E0),
.UNSPECIFIED.);
#1027=CIRCLE('',#1026,2.375E0);
#1032=CIRCLE('',#1031,2.375E0);
#1037=CIRCLE('',#1036,2.375E0);
#1042=CIRCLE('',#1041,9.9E-1);
#1047=CIRCLE('',#1046,9.9E-1);
#1052=CIRCLE('',#1051,9.9E-1);
#1063=B_SPLINE_CURVE_WITH_KNOTS('',3,(#1053,#1054,#1055,#1056,#1057,#1058,#1059,
#1060,#1061,#1062),.UNSPECIFIED.,.F.,.F.,(4,1,1,1,1,1,1,4),(0.E0,
1.428571428571E-1,2.857142857143E-1,4.285714285714E-1,5.714285714286E-1,
7.142857142857E-1,8.571428571429E-1,1.E0),.UNSPECIFIED.);
#1074=B_SPLINE_CURVE_WITH_KNOTS('',3,(#1064,#1065,#1066,#1067,#1068,#1069,#1070,
#1071,#1072,#1073),.UNSPECIFIED.,.F.,.F.,(4,1,1,1,1,1,1,4),(0.E0,
1.428571428571E-1,2.857142857143E-1,4.285714285714E-1,5.714285714286E-1,
7.142857142857E-1,8.571428571429E-1,1.E0),.UNSPECIFIED.);
#1088=B_SPLINE_CURVE_WITH_KNOTS('',3,(#1079,#1080,#1081,#1082,#1083,#1084,#1085,
#1086,#1087),.UNSPECIFIED.,.F.,.F.,(4,1,1,1,1,1,4),(0.E0,1.666666666667E-1,
3.333333333333E-1,5.E-1,6.666666666667E-1,8.333333333333E-1,1.E0),
.UNSPECIFIED.);
#1104=B_SPLINE_CURVE_WITH_KNOTS('',3,(#1089,#1090,#1091,#1092,#1093,#1094,#1095,
#1096,#1097,#1098,#1099,#1100,#1101,#1102,#1103),.UNSPECIFIED.,.F.,.F.,(4,1,1,1,
1,1,1,1,1,1,1,1,4),(0.E0,8.333333333333E-2,1.666666666667E-1,2.5E-1,
3.333333333333E-1,4.166666666667E-1,5.E-1,5.833333333333E-1,6.666666666667E-1,
7.5E-1,8.333333333333E-1,9.166666666667E-1,1.E0),.UNSPECIFIED.);
#1114=B_SPLINE_CURVE_WITH_KNOTS('',3,(#1105,#1106,#1107,#1108,#1109,#1110,#1111,
#1112,#1113),.UNSPECIFIED.,.F.,.F.,(4,1,1,1,1,1,4),(0.E0,1.666666666667E-1,
3.333333333333E-1,5.E-1,6.666666666667E-1,8.333333333333E-1,1.E0),
.UNSPECIFIED.);
#1127=CIRCLE('',#1126,4.825E0);
#1132=CIRCLE('',#1131,4.825E0);
#1141=CIRCLE('',#1140,4.825E0);
#1146=CIRCLE('',#1145,4.825E0);
#1151=CIRCLE('',#1150,4.675E0);
#1156=CIRCLE('',#1155,4.675E0);
#1161=CIRCLE('',#1160,4.675E0);
#1166=CIRCLE('',#1165,4.675E0);
#1171=CIRCLE('',#1170,4.461469054868E0);
#1176=CIRCLE('',#1175,4.461469054868E0);
#1185=CIRCLE('',#1184,4.189495442742E0);
#1190=CIRCLE('',#1189,4.189495442742E0);
#1195=CIRCLE('',#1194,4.189495442742E0);
#1208=CIRCLE('',#1207,4.064E0);
#1213=CIRCLE('',#1212,4.064E0);
#1218=CIRCLE('',#1217,4.064E0);
#1223=CIRCLE('',#1222,1.524000000001E0);
#1228=CIRCLE('',#1227,1.524000000001E0);
#1245=CIRCLE('',#1244,1.524000000001E0);
#1250=CIRCLE('',#1249,1.524000000001E0);
#1255=CIRCLE('',#1254,1.079500000001E0);
#1260=CIRCLE('',#1259,1.079500000001E0);
#1275=B_SPLINE_CURVE_WITH_KNOTS('',3,(#1269,#1270,#1271,#1272,#1273,#1274),
.UNSPECIFIED.,.F.,.F.,(4,1,1,4),(0.E0,3.333333333333E-1,6.666666666667E-1,1.E0),
.UNSPECIFIED.);
#1282=B_SPLINE_CURVE_WITH_KNOTS('',3,(#1276,#1277,#1278,#1279,#1280,#1281),
.UNSPECIFIED.,.F.,.F.,(4,1,1,4),(0.E0,3.333333333333E-1,6.666666666667E-1,1.E0),
.UNSPECIFIED.);
#1297=B_SPLINE_CURVE_WITH_KNOTS('',3,(#1291,#1292,#1293,#1294,#1295,#1296),
.UNSPECIFIED.,.F.,.F.,(4,1,1,4),(0.E0,3.333333333333E-1,6.666666666667E-1,1.E0),
.UNSPECIFIED.);
#1306=CIRCLE('',#1305,1.079500000001E0);
#1315=CIRCLE('',#1314,7.112E-1);
#1328=CIRCLE('',#1327,7.112E-1);
#1337=CIRCLE('',#1336,1.079500000001E0);
#1342=CIRCLE('',#1341,1.079500000001E0);
#1351=CIRCLE('',#1350,7.112E-1);
#1364=CIRCLE('',#1363,7.112E-1);
#1373=CIRCLE('',#1372,1.079500000001E0);
#1384=B_SPLINE_CURVE_WITH_KNOTS('',3,(#1378,#1379,#1380,#1381,#1382,#1383),
.UNSPECIFIED.,.F.,.F.,(4,1,1,4),(0.E0,3.333333333333E-1,6.666666666667E-1,1.E0),
.UNSPECIFIED.);
#1398=B_SPLINE_CURVE_WITH_KNOTS('',3,(#1393,#1394,#1395,#1396,#1397),
.UNSPECIFIED.,.F.,.F.,(4,1,4),(0.E0,5.E-1,1.E0),.UNSPECIFIED.);
#1404=B_SPLINE_CURVE_WITH_KNOTS('',3,(#1399,#1400,#1401,#1402,#1403),
.UNSPECIFIED.,.F.,.F.,(4,1,4),(0.E0,5.E-1,1.E0),.UNSPECIFIED.);
#1409=CIRCLE('',#1408,7.111999999999E-1);
#1414=CIRCLE('',#1413,7.111999999999E-1);
#1419=CIRCLE('',#1418,9.651999999999E-1);
#1424=CIRCLE('',#1423,1.0795E0);
#1429=CIRCLE('',#1428,1.0795E0);
#1434=CIRCLE('',#1433,9.652E-1);
#1444=B_SPLINE_CURVE_WITH_KNOTS('',3,(#1435,#1436,#1437,#1438,#1439,#1440,#1441,
#1442,#1443),.UNSPECIFIED.,.F.,.F.,(4,1,1,1,1,1,4),(0.E0,1.666666666667E-1,
3.333333333333E-1,5.E-1,6.666666666667E-1,8.333333333333E-1,1.E0),
.UNSPECIFIED.);
#1459=B_SPLINE_CURVE_WITH_KNOTS('',3,(#1453,#1454,#1455,#1456,#1457,#1458),
.UNSPECIFIED.,.F.,.F.,(4,1,1,4),(0.E0,3.333333333333E-1,6.666666666667E-1,1.E0),
.UNSPECIFIED.);
#1474=B_SPLINE_CURVE_WITH_KNOTS('',3,(#1468,#1469,#1470,#1471,#1472,#1473),
.UNSPECIFIED.,.F.,.F.,(4,1,1,4),(0.E0,3.333333333333E-1,6.666666666667E-1,1.E0),
.UNSPECIFIED.);
#1485=B_SPLINE_CURVE_WITH_KNOTS('',3,(#1479,#1480,#1481,#1482,#1483,#1484),
.UNSPECIFIED.,.F.,.F.,(4,1,1,4),(0.E0,3.333333333333E-1,6.666666666667E-1,1.E0),
.UNSPECIFIED.);
#1494=CIRCLE('',#1493,7.112E-1);
#1503=CIRCLE('',#1502,7.112E-1);
#1508=CIRCLE('',#1507,1.743034389933E-1);
#1513=CIRCLE('',#1512,1.743034389933E-1);
#1528=B_SPLINE_CURVE_WITH_KNOTS('',3,(#1522,#1523,#1524,#1525,#1526,#1527),
.UNSPECIFIED.,.F.,.F.,(4,1,1,4),(0.E0,3.333333333333E-1,6.666666666667E-1,1.E0),
.UNSPECIFIED.);
#1539=B_SPLINE_CURVE_WITH_KNOTS('',3,(#1533,#1534,#1535,#1536,#1537,#1538),
.UNSPECIFIED.,.F.,.F.,(4,1,1,4),(0.E0,3.333333333333E-1,6.666666666667E-1,1.E0),
.UNSPECIFIED.);
#1546=B_SPLINE_CURVE_WITH_KNOTS('',3,(#1540,#1541,#1542,#1543,#1544,#1545),
.UNSPECIFIED.,.F.,.F.,(4,1,1,4),(0.E0,3.333333333333E-1,6.666666666667E-1,1.E0),
.UNSPECIFIED.);
#1561=B_SPLINE_CURVE_WITH_KNOTS('',3,(#1555,#1556,#1557,#1558,#1559,#1560),
.UNSPECIFIED.,.F.,.F.,(4,1,1,4),(0.E0,3.333333333333E-1,6.666666666667E-1,1.E0),
.UNSPECIFIED.);
#1568=B_SPLINE_CURVE_WITH_KNOTS('',3,(#1562,#1563,#1564,#1565,#1566,#1567),
.UNSPECIFIED.,.F.,.F.,(4,1,1,4),(0.E0,3.333333333333E-1,6.666666666667E-1,1.E0),
.UNSPECIFIED.);
#1577=CIRCLE('',#1576,7.111999999999E-1);
#1582=CIRCLE('',#1581,7.111999999999E-1);
#1587=CIRCLE('',#1586,9.651999999999E-1);
#1592=CIRCLE('',#1591,1.0795E0);
#1597=CIRCLE('',#1596,1.0795E0);
#1602=CIRCLE('',#1601,9.651999999998E-1);
#1616=B_SPLINE_CURVE_WITH_KNOTS('',3,(#1611,#1612,#1613,#1614,#1615),
.UNSPECIFIED.,.F.,.F.,(4,1,4),(0.E0,5.E-1,1.E0),.UNSPECIFIED.);
#1622=B_SPLINE_CURVE_WITH_KNOTS('',3,(#1617,#1618,#1619,#1620,#1621),
.UNSPECIFIED.,.F.,.F.,(4,1,4),(0.E0,5.E-1,1.E0),.UNSPECIFIED.);
#1633=B_SPLINE_CURVE_WITH_KNOTS('',3,(#1627,#1628,#1629,#1630,#1631,#1632),
.UNSPECIFIED.,.F.,.F.,(4,1,1,4),(0.E0,3.333333333333E-1,6.666666666667E-1,1.E0),
.UNSPECIFIED.);
#1643=B_SPLINE_CURVE_WITH_KNOTS('',3,(#1634,#1635,#1636,#1637,#1638,#1639,#1640,
#1641,#1642),.UNSPECIFIED.,.F.,.F.,(4,1,1,1,1,1,4),(0.E0,1.666666666667E-1,
3.333333333333E-1,5.E-1,6.666666666667E-1,8.333333333333E-1,1.E0),
.UNSPECIFIED.);
#1658=B_SPLINE_CURVE_WITH_KNOTS('',3,(#1652,#1653,#1654,#1655,#1656,#1657),
.UNSPECIFIED.,.F.,.F.,(4,1,1,4),(0.E0,3.333333333333E-1,6.666666666667E-1,1.E0),
.UNSPECIFIED.);
#1667=CIRCLE('',#1666,7.111999999999E-1);
#1672=CIRCLE('',#1671,7.111999999999E-1);
#1677=CIRCLE('',#1676,9.651999999999E-1);
#1682=CIRCLE('',#1681,1.0795E0);
#1687=CIRCLE('',#1686,1.0795E0);
#1692=CIRCLE('',#1691,9.652E-1);
#1707=B_SPLINE_CURVE_WITH_KNOTS('',3,(#1701,#1702,#1703,#1704,#1705,#1706),
.UNSPECIFIED.,.F.,.F.,(4,1,1,4),(0.E0,3.333333333333E-1,6.666666666667E-1,1.E0),
.UNSPECIFIED.);
#1718=B_SPLINE_CURVE_WITH_KNOTS('',3,(#1712,#1713,#1714,#1715,#1716,#1717),
.UNSPECIFIED.,.F.,.F.,(4,1,1,4),(0.E0,3.333333333333E-1,6.666666666667E-1,1.E0),
.UNSPECIFIED.);
#1723=CIRCLE('',#1722,9.652E-1);
#1728=CIRCLE('',#1727,1.0795E0);
#1733=CIRCLE('',#1732,1.0795E0);
#1738=CIRCLE('',#1737,9.652E-1);
#1743=CIRCLE('',#1742,7.112E-1);
#1748=CIRCLE('',#1747,7.111999999999E-1);
#1757=CIRCLE('',#1756,1.0922E0);
#1766=B_SPLINE_CURVE_WITH_KNOTS('',3,(#1758,#1759,#1760,#1761,#1762,#1763,#1764,
#1765),.UNSPECIFIED.,.F.,.F.,(4,1,1,1,1,4),(0.E0,2.E-1,4.E-1,6.E-1,8.E-1,1.E0),
.UNSPECIFIED.);
#1771=CIRCLE('',#1770,8.9154E-1);
#1776=CIRCLE('',#1775,8.9154E-1);
#1790=B_SPLINE_CURVE_WITH_KNOTS('',3,(#1781,#1782,#1783,#1784,#1785,#1786,#1787,
#1788,#1789),.UNSPECIFIED.,.F.,.F.,(4,1,1,1,1,1,4),(0.E0,1.666666666667E-1,
3.333333333333E-1,5.E-1,6.666666666667E-1,8.333333333333E-1,1.E0),
.UNSPECIFIED.);
#1805=B_SPLINE_CURVE_WITH_KNOTS('',3,(#1791,#1792,#1793,#1794,#1795,#1796,#1797,
#1798,#1799,#1800,#1801,#1802,#1803,#1804),.UNSPECIFIED.,.F.,.F.,(4,1,1,1,1,1,1,
1,1,1,1,4),(0.E0,9.090909090909E-2,1.818181818182E-1,2.727272727273E-1,
3.636363636364E-1,4.545454545455E-1,5.454545454545E-1,6.363636363636E-1,
7.272727272727E-1,8.181818181818E-1,9.090909090909E-1,1.E0),.UNSPECIFIED.);
#1820=B_SPLINE_CURVE_WITH_KNOTS('',3,(#1806,#1807,#1808,#1809,#1810,#1811,#1812,
#1813,#1814,#1815,#1816,#1817,#1818,#1819),.UNSPECIFIED.,.F.,.F.,(4,1,1,1,1,1,1,
1,1,1,1,4),(0.E0,9.090909090909E-2,1.818181818182E-1,2.727272727273E-1,
3.636363636364E-1,4.545454545455E-1,5.454545454545E-1,6.363636363636E-1,
7.272727272727E-1,8.181818181818E-1,9.090909090909E-1,1.E0),.UNSPECIFIED.);
#1835=B_SPLINE_CURVE_WITH_KNOTS('',3,(#1821,#1822,#1823,#1824,#1825,#1826,#1827,
#1828,#1829,#1830,#1831,#1832,#1833,#1834),.UNSPECIFIED.,.F.,.F.,(4,1,1,1,1,1,1,
1,1,1,1,4),(0.E0,9.090909090909E-2,1.818181818182E-1,2.727272727273E-1,
3.636363636364E-1,4.545454545455E-1,5.454545454545E-1,6.363636363636E-1,
7.272727272727E-1,8.181818181818E-1,9.090909090909E-1,1.E0),.UNSPECIFIED.);
#1842=B_SPLINE_CURVE_WITH_KNOTS('',3,(#1836,#1837,#1838,#1839,#1840,#1841),
.UNSPECIFIED.,.F.,.F.,(4,1,1,4),(0.E0,3.333333333333E-1,6.666666666667E-1,1.E0),
.UNSPECIFIED.);
#1852=B_SPLINE_CURVE_WITH_KNOTS('',3,(#1843,#1844,#1845,#1846,#1847,#1848,#1849,
#1850,#1851),.UNSPECIFIED.,.F.,.F.,(4,1,1,1,1,1,4),(0.E0,1.666666666667E-1,
3.333333333333E-1,5.E-1,6.666666666667E-1,8.333333333333E-1,1.E0),
.UNSPECIFIED.);
#1861=B_SPLINE_CURVE_WITH_KNOTS('',3,(#1853,#1854,#1855,#1856,#1857,#1858,#1859,
#1860),.UNSPECIFIED.,.F.,.F.,(4,1,1,1,1,4),(0.E0,2.E-1,4.E-1,6.E-1,8.E-1,1.E0),
.UNSPECIFIED.);
#1876=B_SPLINE_CURVE_WITH_KNOTS('',3,(#1862,#1863,#1864,#1865,#1866,#1867,#1868,
#1869,#1870,#1871,#1872,#1873,#1874,#1875),.UNSPECIFIED.,.F.,.F.,(4,1,1,1,1,1,1,
1,1,1,1,4),(0.E0,9.090909090909E-2,1.818181818182E-1,2.727272727273E-1,
3.636363636364E-1,4.545454545455E-1,5.454545454545E-1,6.363636363636E-1,
7.272727272727E-1,8.181818181818E-1,9.090909090909E-1,1.E0),.UNSPECIFIED.);
#1883=B_SPLINE_CURVE_WITH_KNOTS('',3,(#1877,#1878,#1879,#1880,#1881,#1882),
.UNSPECIFIED.,.F.,.F.,(4,1,1,4),(0.E0,3.333333333333E-1,6.666666666667E-1,1.E0),
.UNSPECIFIED.);
#1893=B_SPLINE_CURVE_WITH_KNOTS('',3,(#1884,#1885,#1886,#1887,#1888,#1889,#1890,
#1891,#1892),.UNSPECIFIED.,.F.,.F.,(4,1,1,1,1,1,4),(0.E0,1.666666666667E-1,
3.333333333333E-1,5.E-1,6.666666666667E-1,8.333333333333E-1,1.E0),
.UNSPECIFIED.);
#1900=B_SPLINE_CURVE_WITH_KNOTS('',3,(#1894,#1895,#1896,#1897,#1898,#1899),
.UNSPECIFIED.,.F.,.F.,(4,1,1,4),(0.E0,3.784697418903E-1,7.569394837699E-1,1.E0),
.UNSPECIFIED.);
#1920=B_SPLINE_CURVE_WITH_KNOTS('',3,(#1905,#1906,#1907,#1908,#1909,#1910,#1911,
#1912,#1913,#1914,#1915,#1916,#1917,#1918,#1919),.UNSPECIFIED.,.F.,.F.,(4,1,1,1,
1,1,1,1,1,1,1,1,4),(0.E0,8.333333333333E-2,1.666666666667E-1,2.5E-1,
3.333333333333E-1,4.166666666667E-1,5.E-1,5.833333333333E-1,6.666666666667E-1,
7.5E-1,8.333333333333E-1,9.166666666667E-1,1.E0),.UNSPECIFIED.);
#1936=B_SPLINE_CURVE_WITH_KNOTS('',3,(#1921,#1922,#1923,#1924,#1925,#1926,#1927,
#1928,#1929,#1930,#1931,#1932,#1933,#1934,#1935),.UNSPECIFIED.,.F.,.F.,(4,1,1,1,
1,1,1,1,1,1,1,1,4),(0.E0,8.333333333333E-2,1.666666666667E-1,2.5E-1,
3.333333333333E-1,4.166666666667E-1,5.E-1,5.833333333333E-1,6.666666666667E-1,
7.5E-1,8.333333333333E-1,9.166666666667E-1,1.E0),.UNSPECIFIED.);
#1952=B_SPLINE_CURVE_WITH_KNOTS('',3,(#1937,#1938,#1939,#1940,#1941,#1942,#1943,
#1944,#1945,#1946,#1947,#1948,#1949,#1950,#1951),.UNSPECIFIED.,.F.,.F.,(4,1,1,1,
1,1,1,1,1,1,1,1,4),(0.E0,8.333333333333E-2,1.666666666667E-1,2.5E-1,
3.333333333333E-1,4.166666666667E-1,5.E-1,5.833333333333E-1,6.666666666667E-1,
7.5E-1,8.333333333333E-1,9.166666666667E-1,1.E0),.UNSPECIFIED.);
#1968=B_SPLINE_CURVE_WITH_KNOTS('',3,(#1953,#1954,#1955,#1956,#1957,#1958,#1959,
#1960,#1961,#1962,#1963,#1964,#1965,#1966,#1967),.UNSPECIFIED.,.F.,.F.,(4,1,1,1,
1,1,1,1,1,1,1,1,4),(0.E0,8.333333333333E-2,1.666666666667E-1,2.5E-1,
3.333333333333E-1,4.166666666667E-1,5.E-1,5.833333333333E-1,6.666666666667E-1,
7.5E-1,8.333333333333E-1,9.166666666667E-1,1.E0),.UNSPECIFIED.);
#1977=B_SPLINE_CURVE_WITH_KNOTS('',3,(#1969,#1970,#1971,#1972,#1973,#1974,#1975,
#1976),.UNSPECIFIED.,.F.,.F.,(4,1,1,1,1,4),(0.E0,2.E-1,4.E-1,6.E-1,8.E-1,1.E0),
.UNSPECIFIED.);
#1982=CIRCLE('',#1981,1.524E0);
#1987=CIRCLE('',#1986,1.524E0);
#1992=CIRCLE('',#1991,1.524E0);
#1997=CIRCLE('',#1996,8.9154E-1);
#2007=B_SPLINE_CURVE_WITH_KNOTS('',3,(#1998,#1999,#2000,#2001,#2002,#2003,#2004,
#2005,#2006),.UNSPECIFIED.,.F.,.F.,(4,1,1,1,1,1,4),(0.E0,1.666666666667E-1,
3.333333333333E-1,5.E-1,6.666666666667E-1,8.333333333333E-1,1.E0),
.UNSPECIFIED.);
#2012=CIRCLE('',#2011,1.0922E0);
#2034=B_SPLINE_CURVE_WITH_KNOTS('',3,(#2021,#2022,#2023,#2024,#2025,#2026,#2027,
#2028,#2029,#2030,#2031,#2032,#2033),.UNSPECIFIED.,.F.,.F.,(4,1,1,1,1,1,1,1,1,1,
4),(0.E0,1.E-1,2.E-1,3.E-1,4.E-1,5.E-1,6.E-1,7.E-1,8.E-1,9.E-1,1.E0),
.UNSPECIFIED.);
#2049=B_SPLINE_CURVE_WITH_KNOTS('',3,(#2035,#2036,#2037,#2038,#2039,#2040,#2041,
#2042,#2043,#2044,#2045,#2046,#2047,#2048),.UNSPECIFIED.,.F.,.F.,(4,1,1,1,1,1,1,
1,1,1,1,4),(0.E0,9.090909090909E-2,1.818181818182E-1,2.727272727273E-1,
3.636363636364E-1,4.545454545455E-1,5.454545454545E-1,6.363636363636E-1,
7.272727272727E-1,8.181818181818E-1,9.090909090909E-1,1.E0),.UNSPECIFIED.);
#2072=B_SPLINE_CURVE_WITH_KNOTS('',3,(#2058,#2059,#2060,#2061,#2062,#2063,#2064,
#2065,#2066,#2067,#2068,#2069,#2070,#2071),.UNSPECIFIED.,.F.,.F.,(4,1,1,1,1,1,1,
1,1,1,1,4),(0.E0,9.090909090909E-2,1.818181818182E-1,2.727272727273E-1,
3.636363636364E-1,4.545454545455E-1,5.454545454545E-1,6.363636363636E-1,
7.272727272727E-1,8.181818181818E-1,9.090909090909E-1,1.E0),.UNSPECIFIED.);
#2087=B_SPLINE_CURVE_WITH_KNOTS('',3,(#2073,#2074,#2075,#2076,#2077,#2078,#2079,
#2080,#2081,#2082,#2083,#2084,#2085,#2086),.UNSPECIFIED.,.F.,.F.,(4,1,1,1,1,1,1,
1,1,1,1,4),(0.E0,9.090909090909E-2,1.818181818182E-1,2.727272727273E-1,
3.636363636364E-1,4.545454545455E-1,5.454545454545E-1,6.363636363636E-1,
7.272727272727E-1,8.181818181818E-1,9.090909090909E-1,1.E0),.UNSPECIFIED.);
#2103=B_SPLINE_CURVE_WITH_KNOTS('',3,(#2092,#2093,#2094,#2095,#2096,#2097,#2098,
#2099,#2100,#2101,#2102),.UNSPECIFIED.,.F.,.F.,(4,1,1,1,1,1,1,1,4),(0.E0,
1.25E-1,2.5E-1,3.75E-1,5.E-1,6.25E-1,7.5E-1,8.75E-1,1.E0),.UNSPECIFIED.);
#2123=B_SPLINE_CURVE_WITH_KNOTS('',3,(#2108,#2109,#2110,#2111,#2112,#2113,#2114,
#2115,#2116,#2117,#2118,#2119,#2120,#2121,#2122),.UNSPECIFIED.,.F.,.F.,(4,1,1,1,
1,1,1,1,1,1,1,1,4),(0.E0,8.333333333333E-2,1.666666666667E-1,2.5E-1,
3.333333333333E-1,4.166666666667E-1,5.E-1,5.833333333333E-1,6.666666666667E-1,
7.5E-1,8.333333333333E-1,9.166666666667E-1,1.E0),.UNSPECIFIED.);
#2139=B_SPLINE_CURVE_WITH_KNOTS('',3,(#2124,#2125,#2126,#2127,#2128,#2129,#2130,
#2131,#2132,#2133,#2134,#2135,#2136,#2137,#2138),.UNSPECIFIED.,.F.,.F.,(4,1,1,1,
1,1,1,1,1,1,1,1,4),(0.E0,8.333333333333E-2,1.666666666667E-1,2.5E-1,
3.333333333333E-1,4.166666666667E-1,5.E-1,5.833333333333E-1,6.666666666667E-1,
7.5E-1,8.333333333333E-1,9.166666666667E-1,1.E0),.UNSPECIFIED.);
#2163=B_SPLINE_CURVE_WITH_KNOTS('',3,(#2148,#2149,#2150,#2151,#2152,#2153,#2154,
#2155,#2156,#2157,#2158,#2159,#2160,#2161,#2162),.UNSPECIFIED.,.F.,.F.,(4,1,1,1,
1,1,1,1,1,1,1,1,4),(0.E0,8.333333333333E-2,1.666666666667E-1,2.5E-1,
3.333333333333E-1,4.166666666667E-1,5.E-1,5.833333333333E-1,6.666666666667E-1,
7.5E-1,8.333333333333E-1,9.166666666667E-1,1.E0),.UNSPECIFIED.);
#2179=B_SPLINE_CURVE_WITH_KNOTS('',3,(#2164,#2165,#2166,#2167,#2168,#2169,#2170,
#2171,#2172,#2173,#2174,#2175,#2176,#2177,#2178),.UNSPECIFIED.,.F.,.F.,(4,1,1,1,
1,1,1,1,1,1,1,1,4),(0.E0,8.333333333333E-2,1.666666666667E-1,2.5E-1,
3.333333333333E-1,4.166666666667E-1,5.E-1,5.833333333333E-1,6.666666666667E-1,
7.5E-1,8.333333333333E-1,9.166666666667E-1,1.E0),.UNSPECIFIED.);
#2199=B_SPLINE_CURVE_WITH_KNOTS('',3,(#2188,#2189,#2190,#2191,#2192,#2193,#2194,
#2195,#2196,#2197,#2198),.UNSPECIFIED.,.F.,.F.,(4,1,1,1,1,1,1,1,4),(0.E0,
1.25E-1,2.5E-1,3.75E-1,5.E-1,6.25E-1,7.5E-1,8.75E-1,1.E0),.UNSPECIFIED.);
#2208=B_SPLINE_CURVE_WITH_KNOTS('',3,(#2200,#2201,#2202,#2203,#2204,#2205,#2206,
#2207),.UNSPECIFIED.,.F.,.F.,(4,1,1,1,1,4),(0.E0,1.308774343822E-1,
2.617548687653E-1,5.235097375316E-1,7.852646062979E-1,1.E0),.UNSPECIFIED.);
#2221=CIRCLE('',#2220,6.31E0);
#2226=CIRCLE('',#2225,6.31E0);
#2231=CIRCLE('',#2230,6.31E0);
#2236=CIRCLE('',#2235,4.825E0);
#2241=CIRCLE('',#2240,4.825E0);
#2246=CIRCLE('',#2245,4.825E0);
#2275=CIRCLE('',#2274,4.825E0);
#2280=CIRCLE('',#2279,4.825E0);
#2288=B_SPLINE_CURVE_WITH_KNOTS('',3,(#2281,#2282,#2283,#2284,#2285,#2286,
#2287),.UNSPECIFIED.,.F.,.F.,(4,1,1,1,4),(0.E0,2.5E-1,5.E-1,7.5E-1,1.E0),
.UNSPECIFIED.);
#2296=B_SPLINE_CURVE_WITH_KNOTS('',3,(#2289,#2290,#2291,#2292,#2293,#2294,
#2295),.UNSPECIFIED.,.F.,.F.,(4,1,1,1,4),(0.E0,2.5E-1,5.E-1,7.5E-1,1.E0),
.UNSPECIFIED.);
#2301=CIRCLE('',#2300,4.825E0);
#2306=CIRCLE('',#2305,4.825E0);
#2335=CIRCLE('',#2334,4.825E0);
#2340=CIRCLE('',#2339,4.825E0);
#2345=CIRCLE('',#2344,4.825E0);
#2350=CIRCLE('',#2349,4.825E0);
#2358=B_SPLINE_CURVE_WITH_KNOTS('',3,(#2351,#2352,#2353,#2354,#2355,#2356,
#2357),.UNSPECIFIED.,.F.,.F.,(4,1,1,1,4),(0.E0,2.5E-1,5.E-1,7.5E-1,1.E0),
.UNSPECIFIED.);
#2366=B_SPLINE_CURVE_WITH_KNOTS('',3,(#2359,#2360,#2361,#2362,#2363,#2364,
#2365),.UNSPECIFIED.,.F.,.F.,(4,1,1,1,4),(0.E0,2.5E-1,5.E-1,7.5E-1,1.E0),
.UNSPECIFIED.);
#2371=CIRCLE('',#2370,2.375E0);
#2376=CIRCLE('',#2375,2.375E0);
#2384=B_SPLINE_CURVE_WITH_KNOTS('',3,(#2377,#2378,#2379,#2380,#2381,#2382,
#2383),.UNSPECIFIED.,.F.,.F.,(4,1,1,1,4),(0.E0,2.5E-1,5.E-1,7.5E-1,1.E0),
.UNSPECIFIED.);
#2392=B_SPLINE_CURVE_WITH_KNOTS('',3,(#2385,#2386,#2387,#2388,#2389,#2390,
#2391),.UNSPECIFIED.,.F.,.F.,(4,1,1,1,4),(0.E0,2.5E-1,5.E-1,7.5E-1,1.E0),
.UNSPECIFIED.);
#2397=CIRCLE('',#2396,2.375E0);
#2402=CIRCLE('',#2401,2.375E0);
#2410=B_SPLINE_CURVE_WITH_KNOTS('',3,(#2403,#2404,#2405,#2406,#2407,#2408,
#2409),.UNSPECIFIED.,.F.,.F.,(4,1,1,1,4),(0.E0,2.5E-1,5.E-1,7.5E-1,1.E0),
.UNSPECIFIED.);
#2418=B_SPLINE_CURVE_WITH_KNOTS('',3,(#2411,#2412,#2413,#2414,#2415,#2416,
#2417),.UNSPECIFIED.,.F.,.F.,(4,1,1,1,4),(0.E0,2.5E-1,5.E-1,7.5E-1,1.E0),
.UNSPECIFIED.);
#2423=CIRCLE('',#2422,9.9E-1);
#2428=CIRCLE('',#2427,9.9E-1);
#2433=CIRCLE('',#2432,9.9E-1);
#2438=CIRCLE('',#2437,9.9E-1);
#2446=B_SPLINE_CURVE_WITH_KNOTS('',3,(#2439,#2440,#2441,#2442,#2443,#2444,
#2445),.UNSPECIFIED.,.F.,.F.,(4,1,1,1,4),(0.E0,2.5E-1,5.E-1,7.5E-1,1.E0),
.UNSPECIFIED.);
#2454=B_SPLINE_CURVE_WITH_KNOTS('',3,(#2447,#2448,#2449,#2450,#2451,#2452,
#2453),.UNSPECIFIED.,.F.,.F.,(4,1,1,1,4),(0.E0,2.5E-1,5.E-1,7.5E-1,1.E0),
.UNSPECIFIED.);
#2462=B_SPLINE_CURVE_WITH_KNOTS('',3,(#2455,#2456,#2457,#2458,#2459,#2460,
#2461),.UNSPECIFIED.,.F.,.F.,(4,1,1,1,4),(0.E0,2.5E-1,5.E-1,7.5E-1,1.E0),
.UNSPECIFIED.);
#2470=B_SPLINE_CURVE_WITH_KNOTS('',3,(#2463,#2464,#2465,#2466,#2467,#2468,
#2469),.UNSPECIFIED.,.F.,.F.,(4,1,1,1,4),(0.E0,2.5E-1,5.E-1,7.5E-1,1.E0),
.UNSPECIFIED.);
#2494=B_SPLINE_CURVE_WITH_KNOTS('',3,(#2479,#2480,#2481,#2482,#2483,#2484,#2485,
#2486,#2487,#2488,#2489,#2490,#2491,#2492,#2493),.UNSPECIFIED.,.F.,.F.,(4,1,1,1,
1,1,1,1,1,1,1,1,4),(0.E0,8.333333333333E-2,1.666666666667E-1,2.5E-1,
3.333333333333E-1,4.166666666667E-1,5.E-1,5.833333333333E-1,6.666666666667E-1,
7.5E-1,8.333333333333E-1,9.166666666667E-1,1.E0),.UNSPECIFIED.);
#2504=B_SPLINE_CURVE_WITH_KNOTS('',3,(#2495,#2496,#2497,#2498,#2499,#2500,#2501,
#2502,#2503),.UNSPECIFIED.,.F.,.F.,(4,1,1,1,1,1,4),(0.E0,1.666666666667E-1,
3.333333333333E-1,5.E-1,6.666666666667E-1,8.333333333333E-1,1.E0),
.UNSPECIFIED.);
#2514=B_SPLINE_CURVE_WITH_KNOTS('',3,(#2505,#2506,#2507,#2508,#2509,#2510,#2511,
#2512,#2513),.UNSPECIFIED.,.F.,.F.,(4,1,1,1,1,1,4),(0.E0,1.666666666667E-1,
3.333333333333E-1,5.E-1,6.666666666667E-1,8.333333333333E-1,1.E0),
.UNSPECIFIED.);
#2519=CIRCLE('',#2518,2.375E0);
#2524=CIRCLE('',#2523,2.375E0);
#2529=CIRCLE('',#2528,2.375E0);
#2534=CIRCLE('',#2533,2.375E0);
#2539=CIRCLE('',#2538,9.9E-1);
#2544=CIRCLE('',#2543,9.9E-1);
#2549=CIRCLE('',#2548,9.9E-1);
#2554=CIRCLE('',#2553,9.9E-1);
#2565=B_SPLINE_CURVE_WITH_KNOTS('',3,(#2555,#2556,#2557,#2558,#2559,#2560,#2561,
#2562,#2563,#2564),.UNSPECIFIED.,.F.,.F.,(4,1,1,1,1,1,1,4),(0.E0,
1.428571428571E-1,2.857142857143E-1,4.285714285714E-1,5.714285714286E-1,
7.142857142857E-1,8.571428571429E-1,1.E0),.UNSPECIFIED.);
#2573=B_SPLINE_CURVE_WITH_KNOTS('',3,(#2566,#2567,#2568,#2569,#2570,#2571,
#2572),.UNSPECIFIED.,.F.,.F.,(4,1,1,1,4),(0.E0,2.5E-1,5.E-1,7.5E-1,1.E0),
.UNSPECIFIED.);
#2581=B_SPLINE_CURVE_WITH_KNOTS('',3,(#2574,#2575,#2576,#2577,#2578,#2579,
#2580),.UNSPECIFIED.,.F.,.F.,(4,1,1,1,4),(0.E0,2.5E-1,5.E-1,7.5E-1,1.E0),
.UNSPECIFIED.);
#2595=B_SPLINE_CURVE_WITH_KNOTS('',3,(#2586,#2587,#2588,#2589,#2590,#2591,#2592,
#2593,#2594),.UNSPECIFIED.,.F.,.F.,(4,1,1,1,1,1,4),(0.E0,1.666666666667E-1,
3.333333333333E-1,5.E-1,6.666666666667E-1,8.333333333333E-1,1.E0),
.UNSPECIFIED.);
#2611=B_SPLINE_CURVE_WITH_KNOTS('',3,(#2596,#2597,#2598,#2599,#2600,#2601,#2602,
#2603,#2604,#2605,#2606,#2607,#2608,#2609,#2610),.UNSPECIFIED.,.F.,.F.,(4,1,1,1,
1,1,1,1,1,1,1,1,4),(0.E0,8.333333333333E-2,1.666666666667E-1,2.5E-1,
3.333333333333E-1,4.166666666667E-1,5.E-1,5.833333333333E-1,6.666666666667E-1,
7.5E-1,8.333333333333E-1,9.166666666667E-1,1.E0),.UNSPECIFIED.);
#2621=B_SPLINE_CURVE_WITH_KNOTS('',3,(#2612,#2613,#2614,#2615,#2616,#2617,#2618,
#2619,#2620),.UNSPECIFIED.,.F.,.F.,(4,1,1,1,1,1,4),(0.E0,1.666666666667E-1,
3.333333333333E-1,5.E-1,6.666666666667E-1,8.333333333333E-1,1.E0),
.UNSPECIFIED.);
#2634=CIRCLE('',#2633,4.825E0);
#2643=CIRCLE('',#2642,4.825E0);
#2648=CIRCLE('',#2647,4.825E0);
#2653=CIRCLE('',#2652,4.675E0);
#2658=CIRCLE('',#2657,4.675E0);
#2663=CIRCLE('',#2662,4.675E0);
#2668=CIRCLE('',#2667,4.461469054868E0);
#2673=CIRCLE('',#2672,4.461469054868E0);
#2682=CIRCLE('',#2681,4.189495442742E0);
#2687=CIRCLE('',#2686,4.189495442742E0);
#2692=CIRCLE('',#2691,4.189495442742E0);
#2705=CIRCLE('',#2704,4.064E0);
#2710=CIRCLE('',#2709,4.064E0);
#2715=CIRCLE('',#2714,4.064E0);
#2720=CIRCLE('',#2719,1.524000000001E0);
#2725=CIRCLE('',#2724,1.524000000001E0);
#2742=CIRCLE('',#2741,1.524000000001E0);
#2747=CIRCLE('',#2746,1.524000000001E0);
#2752=CIRCLE('',#2751,1.079500000001E0);
#2757=CIRCLE('',#2756,1.079500000001E0);
#2772=B_SPLINE_CURVE_WITH_KNOTS('',3,(#2766,#2767,#2768,#2769,#2770,#2771),
.UNSPECIFIED.,.F.,.F.,(4,1,1,4),(0.E0,3.333333333333E-1,6.666666666667E-1,1.E0),
.UNSPECIFIED.);
#2779=B_SPLINE_CURVE_WITH_KNOTS('',3,(#2773,#2774,#2775,#2776,#2777,#2778),
.UNSPECIFIED.,.F.,.F.,(4,1,1,4),(0.E0,3.333333333333E-1,6.666666666667E-1,1.E0),
.UNSPECIFIED.);
#2794=B_SPLINE_CURVE_WITH_KNOTS('',3,(#2788,#2789,#2790,#2791,#2792,#2793),
.UNSPECIFIED.,.F.,.F.,(4,1,1,4),(0.E0,3.333333333333E-1,6.666666666667E-1,1.E0),
.UNSPECIFIED.);
#2803=CIRCLE('',#2802,1.079500000001E0);
#2812=CIRCLE('',#2811,7.112E-1);
#2825=CIRCLE('',#2824,7.112E-1);
#2834=CIRCLE('',#2833,1.079500000001E0);
#2839=CIRCLE('',#2838,1.079500000001E0);
#2848=CIRCLE('',#2847,7.112E-1);
#2861=CIRCLE('',#2860,7.112E-1);
#2870=CIRCLE('',#2869,1.079500000001E0);
#2881=B_SPLINE_CURVE_WITH_KNOTS('',3,(#2875,#2876,#2877,#2878,#2879,#2880),
.UNSPECIFIED.,.F.,.F.,(4,1,1,4),(0.E0,3.333333333333E-1,6.666666666667E-1,1.E0),
.UNSPECIFIED.);
#2895=B_SPLINE_CURVE_WITH_KNOTS('',3,(#2890,#2891,#2892,#2893,#2894),
.UNSPECIFIED.,.F.,.F.,(4,1,4),(0.E0,5.E-1,1.E0),.UNSPECIFIED.);
#2901=B_SPLINE_CURVE_WITH_KNOTS('',3,(#2896,#2897,#2898,#2899,#2900),
.UNSPECIFIED.,.F.,.F.,(4,1,4),(0.E0,5.E-1,1.E0),.UNSPECIFIED.);
#2906=CIRCLE('',#2905,7.111999999999E-1);
#2911=CIRCLE('',#2910,7.111999999999E-1);
#2916=CIRCLE('',#2915,9.651999999999E-1);
#2921=CIRCLE('',#2920,1.0795E0);
#2926=CIRCLE('',#2925,1.0795E0);
#2931=CIRCLE('',#2930,9.651999999999E-1);
#2941=B_SPLINE_CURVE_WITH_KNOTS('',3,(#2932,#2933,#2934,#2935,#2936,#2937,#2938,
#2939,#2940),.UNSPECIFIED.,.F.,.F.,(4,1,1,1,1,1,4),(0.E0,1.666666666667E-1,
3.333333333333E-1,5.E-1,6.666666666667E-1,8.333333333333E-1,1.E0),
.UNSPECIFIED.);
#2956=B_SPLINE_CURVE_WITH_KNOTS('',3,(#2950,#2951,#2952,#2953,#2954,#2955),
.UNSPECIFIED.,.F.,.F.,(4,1,1,4),(0.E0,3.333333333333E-1,6.666666666667E-1,1.E0),
.UNSPECIFIED.);
#2971=B_SPLINE_CURVE_WITH_KNOTS('',3,(#2965,#2966,#2967,#2968,#2969,#2970),
.UNSPECIFIED.,.F.,.F.,(4,1,1,4),(0.E0,3.333333333333E-1,6.666666666667E-1,1.E0),
.UNSPECIFIED.);
#2982=B_SPLINE_CURVE_WITH_KNOTS('',3,(#2976,#2977,#2978,#2979,#2980,#2981),
.UNSPECIFIED.,.F.,.F.,(4,1,1,4),(0.E0,3.333333333333E-1,6.666666666667E-1,1.E0),
.UNSPECIFIED.);
#2991=CIRCLE('',#2990,7.112E-1);
#3000=CIRCLE('',#2999,7.112E-1);
#3005=CIRCLE('',#3004,1.743034389933E-1);
#3010=CIRCLE('',#3009,1.743034389933E-1);
#3025=B_SPLINE_CURVE_WITH_KNOTS('',3,(#3019,#3020,#3021,#3022,#3023,#3024),
.UNSPECIFIED.,.F.,.F.,(4,1,1,4),(0.E0,3.333333333333E-1,6.666666666667E-1,1.E0),
.UNSPECIFIED.);
#3036=B_SPLINE_CURVE_WITH_KNOTS('',3,(#3030,#3031,#3032,#3033,#3034,#3035),
.UNSPECIFIED.,.F.,.F.,(4,1,1,4),(0.E0,3.333333333333E-1,6.666666666667E-1,1.E0),
.UNSPECIFIED.);
#3043=B_SPLINE_CURVE_WITH_KNOTS('',3,(#3037,#3038,#3039,#3040,#3041,#3042),
.UNSPECIFIED.,.F.,.F.,(4,1,1,4),(0.E0,3.333333333333E-1,6.666666666667E-1,1.E0),
.UNSPECIFIED.);
#3058=B_SPLINE_CURVE_WITH_KNOTS('',3,(#3052,#3053,#3054,#3055,#3056,#3057),
.UNSPECIFIED.,.F.,.F.,(4,1,1,4),(0.E0,3.333333333333E-1,6.666666666667E-1,1.E0),
.UNSPECIFIED.);
#3065=B_SPLINE_CURVE_WITH_KNOTS('',3,(#3059,#3060,#3061,#3062,#3063,#3064),
.UNSPECIFIED.,.F.,.F.,(4,1,1,4),(0.E0,3.333333333333E-1,6.666666666667E-1,1.E0),
.UNSPECIFIED.);
#3074=CIRCLE('',#3073,7.112000000001E-1);
#3079=CIRCLE('',#3078,7.112000000001E-1);
#3084=CIRCLE('',#3083,9.652000000002E-1);
#3089=CIRCLE('',#3088,1.0795E0);
#3094=CIRCLE('',#3093,1.0795E0);
#3099=CIRCLE('',#3098,9.652000000001E-1);
#3113=B_SPLINE_CURVE_WITH_KNOTS('',3,(#3108,#3109,#3110,#3111,#3112),
.UNSPECIFIED.,.F.,.F.,(4,1,4),(0.E0,5.E-1,1.E0),.UNSPECIFIED.);
#3119=B_SPLINE_CURVE_WITH_KNOTS('',3,(#3114,#3115,#3116,#3117,#3118),
.UNSPECIFIED.,.F.,.F.,(4,1,4),(0.E0,5.E-1,1.E0),.UNSPECIFIED.);
#3130=B_SPLINE_CURVE_WITH_KNOTS('',3,(#3124,#3125,#3126,#3127,#3128,#3129),
.UNSPECIFIED.,.F.,.F.,(4,1,1,4),(0.E0,3.333333333333E-1,6.666666666667E-1,1.E0),
.UNSPECIFIED.);
#3140=B_SPLINE_CURVE_WITH_KNOTS('',3,(#3131,#3132,#3133,#3134,#3135,#3136,#3137,
#3138,#3139),.UNSPECIFIED.,.F.,.F.,(4,1,1,1,1,1,4),(0.E0,1.666666666667E-1,
3.333333333333E-1,5.E-1,6.666666666667E-1,8.333333333333E-1,1.E0),
.UNSPECIFIED.);
#3155=B_SPLINE_CURVE_WITH_KNOTS('',3,(#3149,#3150,#3151,#3152,#3153,#3154),
.UNSPECIFIED.,.F.,.F.,(4,1,1,4),(0.E0,3.333333333333E-1,6.666666666667E-1,1.E0),
.UNSPECIFIED.);
#3164=CIRCLE('',#3163,7.111999999997E-1);
#3169=CIRCLE('',#3168,7.111999999997E-1);
#3174=CIRCLE('',#3173,9.651999999997E-1);
#3179=CIRCLE('',#3178,1.0795E0);
#3184=CIRCLE('',#3183,1.0795E0);
#3189=CIRCLE('',#3188,9.651999999997E-1);
#3204=B_SPLINE_CURVE_WITH_KNOTS('',3,(#3198,#3199,#3200,#3201,#3202,#3203),
.UNSPECIFIED.,.F.,.F.,(4,1,1,4),(0.E0,3.333333333333E-1,6.666666666667E-1,1.E0),
.UNSPECIFIED.);
#3215=B_SPLINE_CURVE_WITH_KNOTS('',3,(#3209,#3210,#3211,#3212,#3213,#3214),
.UNSPECIFIED.,.F.,.F.,(4,1,1,4),(0.E0,3.333333333333E-1,6.666666666667E-1,1.E0),
.UNSPECIFIED.);
#3220=CIRCLE('',#3219,9.652000000004E-1);
#3225=CIRCLE('',#3224,1.0795E0);
#3230=CIRCLE('',#3229,1.0795E0);
#3235=CIRCLE('',#3234,9.652000000003E-1);
#3240=CIRCLE('',#3239,7.112000000003E-1);
#3245=CIRCLE('',#3244,7.112000000003E-1);
#3254=CIRCLE('',#3253,1.0922E0);
#3259=CIRCLE('',#3258,1.0922E0);
#3268=B_SPLINE_CURVE_WITH_KNOTS('',3,(#3260,#3261,#3262,#3263,#3264,#3265,#3266,
#3267),.UNSPECIFIED.,.F.,.F.,(4,1,1,1,1,4),(0.E0,2.E-1,4.E-1,6.E-1,8.E-1,1.E0),
.UNSPECIFIED.);
#3273=CIRCLE('',#3272,8.9154E-1);
#3278=CIRCLE('',#3277,8.9154E-1);
#3292=B_SPLINE_CURVE_WITH_KNOTS('',3,(#3283,#3284,#3285,#3286,#3287,#3288,#3289,
#3290,#3291),.UNSPECIFIED.,.F.,.F.,(4,1,1,1,1,1,4),(0.E0,1.666666666667E-1,
3.333333333333E-1,5.E-1,6.666666666667E-1,8.333333333333E-1,1.E0),
.UNSPECIFIED.);
#3307=B_SPLINE_CURVE_WITH_KNOTS('',3,(#3293,#3294,#3295,#3296,#3297,#3298,#3299,
#3300,#3301,#3302,#3303,#3304,#3305,#3306),.UNSPECIFIED.,.F.,.F.,(4,1,1,1,1,1,1,
1,1,1,1,4),(0.E0,9.090909090909E-2,1.818181818182E-1,2.727272727273E-1,
3.636363636364E-1,4.545454545455E-1,5.454545454545E-1,6.363636363636E-1,
7.272727272727E-1,8.181818181818E-1,9.090909090909E-1,1.E0),.UNSPECIFIED.);
#3322=B_SPLINE_CURVE_WITH_KNOTS('',3,(#3308,#3309,#3310,#3311,#3312,#3313,#3314,
#3315,#3316,#3317,#3318,#3319,#3320,#3321),.UNSPECIFIED.,.F.,.F.,(4,1,1,1,1,1,1,
1,1,1,1,4),(0.E0,9.090909090909E-2,1.818181818182E-1,2.727272727273E-1,
3.636363636364E-1,4.545454545455E-1,5.454545454545E-1,6.363636363636E-1,
7.272727272727E-1,8.181818181818E-1,9.090909090909E-1,1.E0),.UNSPECIFIED.);
#3337=B_SPLINE_CURVE_WITH_KNOTS('',3,(#3323,#3324,#3325,#3326,#3327,#3328,#3329,
#3330,#3331,#3332,#3333,#3334,#3335,#3336),.UNSPECIFIED.,.F.,.F.,(4,1,1,1,1,1,1,
1,1,1,1,4),(0.E0,9.090909090909E-2,1.818181818182E-1,2.727272727273E-1,
3.636363636364E-1,4.545454545455E-1,5.454545454545E-1,6.363636363636E-1,
7.272727272727E-1,8.181818181818E-1,9.090909090909E-1,1.E0),.UNSPECIFIED.);
#3344=B_SPLINE_CURVE_WITH_KNOTS('',3,(#3338,#3339,#3340,#3341,#3342,#3343),
.UNSPECIFIED.,.F.,.F.,(4,1,1,4),(0.E0,3.333333333333E-1,6.666666666667E-1,1.E0),
.UNSPECIFIED.);
#3354=B_SPLINE_CURVE_WITH_KNOTS('',3,(#3345,#3346,#3347,#3348,#3349,#3350,#3351,
#3352,#3353),.UNSPECIFIED.,.F.,.F.,(4,1,1,1,1,1,4),(0.E0,1.666666666667E-1,
3.333333333333E-1,5.E-1,6.666666666667E-1,8.333333333333E-1,1.E0),
.UNSPECIFIED.);
#3363=B_SPLINE_CURVE_WITH_KNOTS('',3,(#3355,#3356,#3357,#3358,#3359,#3360,#3361,
#3362),.UNSPECIFIED.,.F.,.F.,(4,1,1,1,1,4),(0.E0,2.E-1,4.E-1,6.E-1,8.E-1,1.E0),
.UNSPECIFIED.);
#3378=B_SPLINE_CURVE_WITH_KNOTS('',3,(#3364,#3365,#3366,#3367,#3368,#3369,#3370,
#3371,#3372,#3373,#3374,#3375,#3376,#3377),.UNSPECIFIED.,.F.,.F.,(4,1,1,1,1,1,1,
1,1,1,1,4),(0.E0,9.090909090909E-2,1.818181818182E-1,2.727272727273E-1,
3.636363636364E-1,4.545454545455E-1,5.454545454545E-1,6.363636363636E-1,
7.272727272727E-1,8.181818181818E-1,9.090909090909E-1,1.E0),.UNSPECIFIED.);
#3385=B_SPLINE_CURVE_WITH_KNOTS('',3,(#3379,#3380,#3381,#3382,#3383,#3384),
.UNSPECIFIED.,.F.,.F.,(4,1,1,4),(0.E0,3.333333333333E-1,6.666666666667E-1,1.E0),
.UNSPECIFIED.);
#3395=B_SPLINE_CURVE_WITH_KNOTS('',3,(#3386,#3387,#3388,#3389,#3390,#3391,#3392,
#3393,#3394),.UNSPECIFIED.,.F.,.F.,(4,1,1,1,1,1,4),(0.E0,1.666666666667E-1,
3.333333333333E-1,5.E-1,6.666666666667E-1,8.333333333333E-1,1.E0),
.UNSPECIFIED.);
#3402=B_SPLINE_CURVE_WITH_KNOTS('',3,(#3396,#3397,#3398,#3399,#3400,#3401),
.UNSPECIFIED.,.F.,.F.,(4,1,1,4),(0.E0,3.784697418902E-1,7.569394837698E-1,1.E0),
.UNSPECIFIED.);
#3413=B_SPLINE_CURVE_WITH_KNOTS('',3,(#3407,#3408,#3409,#3410,#3411,#3412),
.UNSPECIFIED.,.F.,.F.,(4,1,1,4),(0.E0,3.333333333333E-1,6.666666666667E-1,1.E0),
.UNSPECIFIED.);
#3423=B_SPLINE_CURVE_WITH_KNOTS('',3,(#3414,#3415,#3416,#3417,#3418,#3419,#3420,
#3421,#3422),.UNSPECIFIED.,.F.,.F.,(4,1,1,1,1,1,4),(0.E0,1.666666666667E-1,
3.333333333333E-1,5.E-1,6.666666666667E-1,8.333333333333E-1,1.E0),
.UNSPECIFIED.);
#3439=B_SPLINE_CURVE_WITH_KNOTS('',3,(#3424,#3425,#3426,#3427,#3428,#3429,#3430,
#3431,#3432,#3433,#3434,#3435,#3436,#3437,#3438),.UNSPECIFIED.,.F.,.F.,(4,1,1,1,
1,1,1,1,1,1,1,1,4),(0.E0,8.333333333333E-2,1.666666666667E-1,2.5E-1,
3.333333333333E-1,4.166666666667E-1,5.E-1,5.833333333333E-1,6.666666666667E-1,
7.5E-1,8.333333333333E-1,9.166666666667E-1,1.E0),.UNSPECIFIED.);
#3449=B_SPLINE_CURVE_WITH_KNOTS('',3,(#3440,#3441,#3442,#3443,#3444,#3445,#3446,
#3447,#3448),.UNSPECIFIED.,.F.,.F.,(4,1,1,1,1,1,4),(0.E0,1.666666666667E-1,
3.333333333333E-1,5.E-1,6.666666666667E-1,8.333333333333E-1,1.E0),
.UNSPECIFIED.);
#3459=B_SPLINE_CURVE_WITH_KNOTS('',3,(#3450,#3451,#3452,#3453,#3454,#3455,#3456,
#3457,#3458),.UNSPECIFIED.,.F.,.F.,(4,1,1,1,1,1,4),(0.E0,1.666666666667E-1,
3.333333333333E-1,5.E-1,6.666666666667E-1,8.333333333333E-1,1.E0),
.UNSPECIFIED.);
#3475=B_SPLINE_CURVE_WITH_KNOTS('',3,(#3460,#3461,#3462,#3463,#3464,#3465,#3466,
#3467,#3468,#3469,#3470,#3471,#3472,#3473,#3474),.UNSPECIFIED.,.F.,.F.,(4,1,1,1,
1,1,1,1,1,1,1,1,4),(0.E0,8.333333333333E-2,1.666666666667E-1,2.5E-1,
3.333333333333E-1,4.166666666667E-1,5.E-1,5.833333333333E-1,6.666666666667E-1,
7.5E-1,8.333333333333E-1,9.166666666667E-1,1.E0),.UNSPECIFIED.);
#3491=B_SPLINE_CURVE_WITH_KNOTS('',3,(#3476,#3477,#3478,#3479,#3480,#3481,#3482,
#3483,#3484,#3485,#3486,#3487,#3488,#3489,#3490),.UNSPECIFIED.,.F.,.F.,(4,1,1,1,
1,1,1,1,1,1,1,1,4),(0.E0,8.333333333333E-2,1.666666666667E-1,2.5E-1,
3.333333333333E-1,4.166666666667E-1,5.E-1,5.833333333333E-1,6.666666666667E-1,
7.5E-1,8.333333333333E-1,9.166666666667E-1,1.E0),.UNSPECIFIED.);
#3500=B_SPLINE_CURVE_WITH_KNOTS('',3,(#3492,#3493,#3494,#3495,#3496,#3497,#3498,
#3499),.UNSPECIFIED.,.F.,.F.,(4,1,1,1,1,4),(0.E0,2.E-1,4.E-1,6.E-1,8.E-1,1.E0),
.UNSPECIFIED.);
#3505=CIRCLE('',#3504,1.524E0);
#3510=CIRCLE('',#3509,1.524E0);
#3515=CIRCLE('',#3514,1.524E0);
#3520=CIRCLE('',#3519,8.9154E-1);
#3530=B_SPLINE_CURVE_WITH_KNOTS('',3,(#3521,#3522,#3523,#3524,#3525,#3526,#3527,
#3528,#3529),.UNSPECIFIED.,.F.,.F.,(4,1,1,1,1,1,4),(0.E0,1.666666666667E-1,
3.333333333333E-1,5.E-1,6.666666666667E-1,8.333333333333E-1,1.E0),
.UNSPECIFIED.);
#3535=CIRCLE('',#3534,1.0922E0);
#3557=B_SPLINE_CURVE_WITH_KNOTS('',3,(#3544,#3545,#3546,#3547,#3548,#3549,#3550,
#3551,#3552,#3553,#3554,#3555,#3556),.UNSPECIFIED.,.F.,.F.,(4,1,1,1,1,1,1,1,1,1,
4),(0.E0,1.E-1,2.E-1,3.E-1,4.E-1,5.E-1,6.E-1,7.E-1,8.E-1,9.E-1,1.E0),
.UNSPECIFIED.);
#3572=B_SPLINE_CURVE_WITH_KNOTS('',3,(#3558,#3559,#3560,#3561,#3562,#3563,#3564,
#3565,#3566,#3567,#3568,#3569,#3570,#3571),.UNSPECIFIED.,.F.,.F.,(4,1,1,1,1,1,1,
1,1,1,1,4),(0.E0,9.090909090909E-2,1.818181818182E-1,2.727272727273E-1,
3.636363636364E-1,4.545454545455E-1,5.454545454545E-1,6.363636363636E-1,
7.272727272727E-1,8.181818181818E-1,9.090909090909E-1,1.E0),.UNSPECIFIED.);
#3595=B_SPLINE_CURVE_WITH_KNOTS('',3,(#3581,#3582,#3583,#3584,#3585,#3586,#3587,
#3588,#3589,#3590,#3591,#3592,#3593,#3594),.UNSPECIFIED.,.F.,.F.,(4,1,1,1,1,1,1,
1,1,1,1,4),(0.E0,9.090909090909E-2,1.818181818182E-1,2.727272727273E-1,
3.636363636364E-1,4.545454545455E-1,5.454545454545E-1,6.363636363636E-1,
7.272727272727E-1,8.181818181818E-1,9.090909090909E-1,1.E0),.UNSPECIFIED.);
#3610=B_SPLINE_CURVE_WITH_KNOTS('',3,(#3596,#3597,#3598,#3599,#3600,#3601,#3602,
#3603,#3604,#3605,#3606,#3607,#3608,#3609),.UNSPECIFIED.,.F.,.F.,(4,1,1,1,1,1,1,
1,1,1,1,4),(0.E0,9.090909090909E-2,1.818181818182E-1,2.727272727273E-1,
3.636363636364E-1,4.545454545455E-1,5.454545454545E-1,6.363636363636E-1,
7.272727272727E-1,8.181818181818E-1,9.090909090909E-1,1.E0),.UNSPECIFIED.);
#3626=B_SPLINE_CURVE_WITH_KNOTS('',3,(#3615,#3616,#3617,#3618,#3619,#3620,#3621,
#3622,#3623,#3624,#3625),.UNSPECIFIED.,.F.,.F.,(4,1,1,1,1,1,1,1,4),(0.E0,
1.25E-1,2.5E-1,3.75E-1,5.E-1,6.25E-1,7.5E-1,8.75E-1,1.E0),.UNSPECIFIED.);
#3646=B_SPLINE_CURVE_WITH_KNOTS('',3,(#3631,#3632,#3633,#3634,#3635,#3636,#3637,
#3638,#3639,#3640,#3641,#3642,#3643,#3644,#3645),.UNSPECIFIED.,.F.,.F.,(4,1,1,1,
1,1,1,1,1,1,1,1,4),(0.E0,8.333333333333E-2,1.666666666667E-1,2.5E-1,
3.333333333333E-1,4.166666666667E-1,5.E-1,5.833333333333E-1,6.666666666667E-1,
7.5E-1,8.333333333333E-1,9.166666666667E-1,1.E0),.UNSPECIFIED.);
#3662=B_SPLINE_CURVE_WITH_KNOTS('',3,(#3647,#3648,#3649,#3650,#3651,#3652,#3653,
#3654,#3655,#3656,#3657,#3658,#3659,#3660,#3661),.UNSPECIFIED.,.F.,.F.,(4,1,1,1,
1,1,1,1,1,1,1,1,4),(0.E0,8.333333333333E-2,1.666666666667E-1,2.5E-1,
3.333333333333E-1,4.166666666667E-1,5.E-1,5.833333333333E-1,6.666666666667E-1,
7.5E-1,8.333333333333E-1,9.166666666667E-1,1.E0),.UNSPECIFIED.);
#3680=B_SPLINE_CURVE_WITH_KNOTS('',3,(#3671,#3672,#3673,#3674,#3675,#3676,#3677,
#3678,#3679),.UNSPECIFIED.,.F.,.F.,(4,1,1,1,1,1,4),(0.E0,1.666666666667E-1,
3.333333333333E-1,5.E-1,6.666666666667E-1,8.333333333333E-1,1.E0),
.UNSPECIFIED.);
#3690=B_SPLINE_CURVE_WITH_KNOTS('',3,(#3681,#3682,#3683,#3684,#3685,#3686,#3687,
#3688,#3689),.UNSPECIFIED.,.F.,.F.,(4,1,1,1,1,1,4),(0.E0,1.666666666667E-1,
3.333333333333E-1,5.E-1,6.666666666667E-1,8.333333333333E-1,1.E0),
.UNSPECIFIED.);
#3706=B_SPLINE_CURVE_WITH_KNOTS('',3,(#3691,#3692,#3693,#3694,#3695,#3696,#3697,
#3698,#3699,#3700,#3701,#3702,#3703,#3704,#3705),.UNSPECIFIED.,.F.,.F.,(4,1,1,1,
1,1,1,1,1,1,1,1,4),(0.E0,8.333333333333E-2,1.666666666667E-1,2.5E-1,
3.333333333333E-1,4.166666666667E-1,5.E-1,5.833333333333E-1,6.666666666667E-1,
7.5E-1,8.333333333333E-1,9.166666666667E-1,1.E0),.UNSPECIFIED.);
#3723=B_SPLINE_CURVE_WITH_KNOTS('',3,(#3715,#3716,#3717,#3718,#3719,#3720,#3721,
#3722),.UNSPECIFIED.,.F.,.F.,(4,1,1,1,1,4),(0.E0,1.308774343833E-1,
2.617548687663E-1,5.235097375322E-1,7.852646062981E-1,1.E0),.UNSPECIFIED.);
#3732=CIRCLE('',#3731,5.5499E0);
#3737=CIRCLE('',#3736,5.5499E0);
#3742=CIRCLE('',#3741,4.861965636247E0);
#3747=CIRCLE('',#3746,4.861965636247E0);
#3756=CIRCLE('',#3755,8.382E-1);
#3761=CIRCLE('',#3760,4.259015015603E0);
#3766=CIRCLE('',#3765,4.259015015603E0);
#3771=CIRCLE('',#3770,8.382E-1);
#3776=CIRCLE('',#3775,4.064657937458E0);
#3801=CIRCLE('',#3800,4.064E0);
#3806=CIRCLE('',#3805,4.064E0);
#3813=B_SPLINE_CURVE_WITH_KNOTS('',3,(#3807,#3808,#3809,#3810,#3811,#3812),
.UNSPECIFIED.,.F.,.F.,(4,1,1,4),(0.E0,3.333333333333E-1,6.666666666667E-1,1.E0),
.UNSPECIFIED.);
#3818=CIRCLE('',#3817,3.910000000003E0);
#3823=CIRCLE('',#3822,3.910000000003E0);
#3828=CIRCLE('',#3827,3.910000000003E0);
#3835=B_SPLINE_CURVE_WITH_KNOTS('',3,(#3829,#3830,#3831,#3832,#3833,#3834),
.UNSPECIFIED.,.F.,.F.,(4,1,1,4),(0.E0,3.333333333333E-1,6.666666666667E-1,1.E0),
.UNSPECIFIED.);
#3840=CIRCLE('',#3839,4.064E0);
#3845=CIRCLE('',#3844,4.064E0);
#3850=CIRCLE('',#3849,3.910000000003E0);
#3867=CIRCLE('',#3866,3.910000000003E0);
#3872=CIRCLE('',#3871,3.910000000003E0);
#3877=CIRCLE('',#3876,3.910000000003E0);
#3882=CIRCLE('',#3881,3.910000000003E0);
#3887=CIRCLE('',#3886,2.68E0);
#3892=CIRCLE('',#3891,2.68E0);
#3897=CIRCLE('',#3896,2.68E0);
#3914=CIRCLE('',#3913,2.68E0);
#3919=CIRCLE('',#3918,2.68E0);
#3928=CIRCLE('',#3927,2.68E0);
#3933=CIRCLE('',#3932,2.48E0);
#3938=CIRCLE('',#3937,2.48E0);
#3943=CIRCLE('',#3942,7.649999999994E-1);
#3948=CIRCLE('',#3947,7.649999999994E-1);
#3961=CIRCLE('',#3960,7.649999999994E-1);
#3966=CIRCLE('',#3965,7.649999999994E-1);
#3971=CIRCLE('',#3970,7.5E-1);
#3976=CIRCLE('',#3975,7.5E-1);
#3981=CIRCLE('',#3980,7.5E-1);
#4002=CIRCLE('',#4001,7.5E-1);
#4007=CIRCLE('',#4006,7.5E-1);
#4012=CIRCLE('',#4011,7.5E-1);
#4017=CIRCLE('',#4016,5.249999999996E-1);
#4022=CIRCLE('',#4021,5.249999999996E-1);
#4036=B_SPLINE_CURVE_WITH_KNOTS('',3,(#4027,#4028,#4029,#4030,#4031,#4032,#4033,
#4034,#4035),.UNSPECIFIED.,.F.,.F.,(4,1,1,1,1,1,4),(0.E0,1.666666666667E-1,
3.333333333333E-1,5.E-1,6.666666666667E-1,8.333333333333E-1,1.E0),
.UNSPECIFIED.);
#4051=B_SPLINE_CURVE_WITH_KNOTS('',3,(#4041,#4042,#4043,#4044,#4045,#4046,#4047,
#4048,#4049,#4050),.UNSPECIFIED.,.F.,.F.,(4,1,1,1,1,1,1,4),(0.E0,
1.428571428571E-1,2.857142857143E-1,4.285714285714E-1,5.714285714286E-1,
7.142857142857E-1,8.571428571429E-1,1.E0),.UNSPECIFIED.);
#4062=B_SPLINE_CURVE_WITH_KNOTS('',3,(#4052,#4053,#4054,#4055,#4056,#4057,#4058,
#4059,#4060,#4061),.UNSPECIFIED.,.F.,.F.,(4,1,1,1,1,1,1,4),(0.E0,
1.428571428571E-1,2.857142857143E-1,4.285714285714E-1,5.714285714286E-1,
7.142857142857E-1,8.571428571429E-1,1.E0),.UNSPECIFIED.);
#4076=B_SPLINE_CURVE_WITH_KNOTS('',3,(#4067,#4068,#4069,#4070,#4071,#4072,#4073,
#4074,#4075),.UNSPECIFIED.,.F.,.F.,(4,1,1,1,1,1,4),(0.E0,1.666666666667E-1,
3.333333333333E-1,5.E-1,6.666666666667E-1,8.333333333333E-1,1.E0),
.UNSPECIFIED.);
#4097=CIRCLE('',#4096,5.249999999996E-1);
#4102=CIRCLE('',#4101,5.249999999996E-1);
#4107=CIRCLE('',#4106,5.E-1);
#4112=CIRCLE('',#4111,5.E-1);
#4117=CIRCLE('',#4116,5.E-1);
#4130=CIRCLE('',#4129,5.E-1);
#4135=CIRCLE('',#4134,2.E0);
#4140=CIRCLE('',#4139,5.E-1);
#4145=CIRCLE('',#4144,5.E-1);
#4150=CIRCLE('',#4149,5.E-1);
#4155=CIRCLE('',#4154,5.E-1);
#4160=CIRCLE('',#4159,2.E0);
#4165=CIRCLE('',#4164,5.E-1);
#4170=CIRCLE('',#4169,5.E-1);
#4175=CIRCLE('',#4174,5.E-1);
#4188=CIRCLE('',#4187,5.E-1);
#4193=CIRCLE('',#4192,5.E-1);
#4198=CIRCLE('',#4197,5.E-1);
#4210=B_SPLINE_CURVE_WITH_KNOTS('',3,(#4203,#4204,#4205,#4206,#4207,#4208,
#4209),.UNSPECIFIED.,.F.,.F.,(4,1,1,1,4),(0.E0,2.5E-1,5.E-1,7.5E-1,1.E0),
.UNSPECIFIED.);
#4219=CIRCLE('',#4218,4.064E0);
#4224=CIRCLE('',#4223,4.064657937458E0);
#4229=CIRCLE('',#4228,4.064E0);
#4237=B_SPLINE_CURVE_WITH_KNOTS('',3,(#4230,#4231,#4232,#4233,#4234,#4235,
#4236),.UNSPECIFIED.,.F.,.F.,(4,1,1,1,4),(0.E0,2.5E-1,5.E-1,7.5E-1,1.E0),
.UNSPECIFIED.);
#4263=B_SPLINE_CURVE_WITH_KNOTS('',3,(#4254,#4255,#4256,#4257,#4258,#4259,#4260,
#4261,#4262),.UNSPECIFIED.,.F.,.F.,(4,1,1,1,1,1,4),(0.E0,1.666666666667E-1,
3.333333333333E-1,5.E-1,6.666666666667E-1,8.333333333333E-1,1.E0),
.UNSPECIFIED.);
#4278=B_SPLINE_CURVE_WITH_KNOTS('',3,(#4268,#4269,#4270,#4271,#4272,#4273,#4274,
#4275,#4276,#4277),.UNSPECIFIED.,.F.,.F.,(4,1,1,1,1,1,1,4),(0.E0,
1.428571428571E-1,2.857142857143E-1,4.285714285714E-1,5.714285714286E-1,
7.142857142857E-1,8.571428571429E-1,1.E0),.UNSPECIFIED.);
#4289=B_SPLINE_CURVE_WITH_KNOTS('',3,(#4279,#4280,#4281,#4282,#4283,#4284,#4285,
#4286,#4287,#4288),.UNSPECIFIED.,.F.,.F.,(4,1,1,1,1,1,1,4),(0.E0,
1.428571428571E-1,2.857142857143E-1,4.285714285714E-1,5.714285714286E-1,
7.142857142857E-1,8.571428571429E-1,1.E0),.UNSPECIFIED.);
#4303=B_SPLINE_CURVE_WITH_KNOTS('',3,(#4294,#4295,#4296,#4297,#4298,#4299,#4300,
#4301,#4302),.UNSPECIFIED.,.F.,.F.,(4,1,1,1,1,1,4),(0.E0,1.666666666667E-1,
3.333333333333E-1,5.E-1,6.666666666667E-1,8.333333333333E-1,1.E0),
.UNSPECIFIED.);
#4324=CIRCLE('',#4323,5.249999999996E-1);
#4329=CIRCLE('',#4328,5.249999999996E-1);
#4334=CIRCLE('',#4333,5.249999999996E-1);
#4339=CIRCLE('',#4338,5.E-1);
#4344=CIRCLE('',#4343,5.E-1);
#4349=CIRCLE('',#4348,5.E-1);
#4354=CIRCLE('',#4353,5.E-1);
#4367=CIRCLE('',#4366,5.E-1);
#4372=CIRCLE('',#4371,2.E0);
#4377=CIRCLE('',#4376,5.E-1);
#4382=CIRCLE('',#4381,5.E-1);
#4387=CIRCLE('',#4386,5.E-1);
#4392=CIRCLE('',#4391,5.E-1);
#4397=CIRCLE('',#4396,2.E0);
#4402=CIRCLE('',#4401,5.E-1);
#4407=CIRCLE('',#4406,5.E-1);
#4412=CIRCLE('',#4411,5.E-1);
#4425=CIRCLE('',#4424,5.E-1);
#4430=CIRCLE('',#4429,5.E-1);
#4435=CIRCLE('',#4434,5.E-1);
#4440=CIRCLE('',#4439,5.E-1);
#4449=CIRCLE('',#4448,7.5E-1);
#4454=CIRCLE('',#4453,7.5E-1);
#4459=CIRCLE('',#4458,7.5E-1);
#4464=CIRCLE('',#4463,5.249999999996E-1);
#4469=CIRCLE('',#4468,5.249999999996E-1);
#4474=CIRCLE('',#4473,5.249999999996E-1);
#5476=EDGE_CURVE('',#5146,#5144,#5,.T.);
#5478=EDGE_CURVE('',#5144,#5146,#10,.T.);
#5482=EDGE_CURVE('',#5149,#5150,#15,.T.);
#5484=EDGE_CURVE('',#5152,#5149,#20,.T.);
#5486=EDGE_CURVE('',#5150,#5152,#25,.T.);
#5496=EDGE_CURVE('',#5144,#5142,#33,.T.);
#5498=EDGE_CURVE('',#5142,#5141,#53,.T.);
#5500=EDGE_CURVE('',#5146,#5141,#29,.T.);
#5514=EDGE_CURVE('',#5141,#5142,#48,.T.);
#5524=EDGE_CURVE('',#5136,#5138,#38,.T.);
#5526=EDGE_CURVE('',#5138,#5136,#43,.T.);
#5540=EDGE_CURVE('',#5134,#5136,#71,.T.);
#5543=EDGE_CURVE('',#5130,#5138,#57,.T.);
#5545=EDGE_CURVE('',#5132,#5130,#62,.T.);
#5547=EDGE_CURVE('',#5134,#5132,#67,.T.);
#5558=EDGE_CURVE('',#5130,#5134,#76,.T.);
#5570=EDGE_CURVE('',#5130,#5126,#80,.T.);
#5573=EDGE_CURVE('',#5134,#5125,#84,.T.);
#5575=EDGE_CURVE('',#5125,#5126,#109,.T.);
#5586=EDGE_CURVE('',#5126,#5128,#119,.T.);
#5588=EDGE_CURVE('',#5128,#5125,#114,.T.);
#5601=EDGE_CURVE('',#5111,#5113,#123,.T.);
#5603=EDGE_CURVE('',#5122,#5113,#89,.T.);
#5605=EDGE_CURVE('',#5120,#5122,#94,.T.);
#5607=EDGE_CURVE('',#5119,#5120,#99,.T.);
#5609=EDGE_CURVE('',#5111,#5119,#104,.T.);
#5624=EDGE_CURVE('',#5108,#5109,#144,.T.);
#5626=EDGE_CURVE('',#5109,#5106,#197,.T.);
#5628=EDGE_CURVE('',#5106,#5107,#4237,.T.);
#5630=EDGE_CURVE('',#5107,#5116,#201,.T.);
#5632=EDGE_CURVE('',#5116,#5115,#166,.T.);
#5634=EDGE_CURVE('',#5115,#5113,#185,.T.);
#5637=EDGE_CURVE('',#5111,#5108,#193,.T.);
#5647=EDGE_CURVE('',#5195,#5460,#127,.T.);
#5649=EDGE_CURVE('',#5197,#5195,#132,.T.);
#5651=EDGE_CURVE('',#5109,#5197,#137,.T.);
#5654=EDGE_CURVE('',#5464,#5108,#149,.T.);
#5656=EDGE_CURVE('',#5460,#5464,#154,.T.);
#5666=EDGE_CURVE('',#5115,#5462,#159,.T.);
#5669=EDGE_CURVE('',#5193,#5116,#171,.T.);
#5671=EDGE_CURVE('',#5195,#5193,#176,.T.);
#5674=EDGE_CURVE('',#5462,#5460,#181,.T.);
#5684=EDGE_CURVE('',#5460,#5120,#189,.T.);
#5719=EDGE_CURVE('',#5107,#5105,#210,.T.);
#5721=EDGE_CURVE('',#5105,#5470,#225,.T.);
#5723=EDGE_CURVE('',#5470,#5103,#234,.T.);
#5725=EDGE_CURVE('',#5103,#5106,#220,.T.);
#5735=EDGE_CURVE('',#5099,#5103,#205,.T.);
#5737=EDGE_CURVE('',#5099,#5101,#254,.T.);
#5739=EDGE_CURVE('',#5101,#5105,#229,.T.);
#5742=EDGE_CURVE('',#5106,#5107,#215,.T.);
#5755=EDGE_CURVE('',#5101,#5099,#239,.T.);
#5768=EDGE_CURVE('',#5101,#5097,#249,.T.);
#5770=EDGE_CURVE('',#5097,#5096,#279,.T.);
#5772=EDGE_CURVE('',#5099,#5096,#244,.T.);
#5783=EDGE_CURVE('',#5096,#5097,#274,.T.);
#5795=EDGE_CURVE('',#5091,#5089,#259,.T.);
#5797=EDGE_CURVE('',#5093,#5091,#264,.T.);
#5799=EDGE_CURVE('',#5089,#5093,#269,.T.);
#5814=EDGE_CURVE('',#4953,#5089,#283,.T.);
#5816=EDGE_CURVE('',#4953,#4954,#344,.T.);
#5818=EDGE_CURVE('',#4954,#5091,#287,.T.);
#5832=EDGE_CURVE('',#4954,#4956,#354,.T.);
#5834=EDGE_CURVE('',#4956,#4953,#349,.T.);
#5844=EDGE_CURVE('',#4928,#4938,#291,.T.);
#5846=EDGE_CURVE('',#4916,#4928,#295,.T.);
#5848=EDGE_CURVE('',#4918,#4916,#299,.T.);
#5850=EDGE_CURVE('',#4918,#4938,#436,.T.);
#5854=EDGE_CURVE('',#4944,#4941,#304,.T.);
#5856=EDGE_CURVE('',#4942,#4944,#309,.T.);
#5858=EDGE_CURVE('',#4941,#4942,#314,.T.);
#5862=EDGE_CURVE('',#4950,#4947,#319,.T.);
#5864=EDGE_CURVE('',#4948,#4950,#324,.T.);
#5866=EDGE_CURVE('',#4947,#4948,#329,.T.);
#5870=EDGE_CURVE('',#4871,#4874,#334,.T.);
#5872=EDGE_CURVE('',#4874,#4871,#339,.T.);
#5887=EDGE_CURVE('',#5064,#5062,#380,.T.);
#5889=EDGE_CURVE('',#5062,#4860,#534,.T.);
#5891=EDGE_CURVE('',#4562,#4860,#358,.T.);
#5893=EDGE_CURVE('',#4558,#4562,#362,.T.);
#5895=EDGE_CURVE('',#4928,#4558,#366,.T.);
#5898=EDGE_CURVE('',#4938,#4864,#432,.T.);
#5900=EDGE_CURVE('',#4864,#4649,#428,.T.);
#5902=EDGE_CURVE('',#4592,#4649,#371,.T.);
#5904=EDGE_CURVE('',#4592,#4593,#412,.T.);
#5906=EDGE_CURVE('',#4593,#5068,#408,.T.);
#5908=EDGE_CURVE('',#5068,#5066,#400,.T.);
#5910=EDGE_CURVE('',#5064,#5066,#376,.T.);
#5921=EDGE_CURVE('',#5064,#4934,#388,.T.);
#5923=EDGE_CURVE('',#4934,#4936,#546,.T.);
#5925=EDGE_CURVE('',#5062,#4936,#384,.T.);
#5937=EDGE_CURVE('',#4932,#5066,#392,.T.);
#5939=EDGE_CURVE('',#4932,#4934,#551,.T.);
#5949=EDGE_CURVE('',#4930,#5068,#396,.T.);
#5951=EDGE_CURVE('',#4930,#4932,#555,.T.);
#5963=EDGE_CURVE('',#4595,#4593,#404,.T.);
#5965=EDGE_CURVE('',#4595,#4930,#559,.T.);
#5978=EDGE_CURVE('',#4592,#4597,#416,.T.);
#5980=EDGE_CURVE('',#4597,#4595,#563,.T.);
#5993=EDGE_CURVE('',#4647,#4649,#420,.T.);
#5995=EDGE_CURVE('',#4647,#4597,#568,.T.);
#6005=EDGE_CURVE('',#4863,#4864,#424,.T.);
#6007=EDGE_CURVE('',#4863,#4647,#572,.T.);
#6019=EDGE_CURVE('',#4850,#4892,#448,.T.);
#6021=EDGE_CURVE('',#4892,#4863,#576,.T.);
#6026=EDGE_CURVE('',#4920,#4918,#440,.T.);
#6028=EDGE_CURVE('',#4920,#4848,#614,.T.);
#6030=EDGE_CURVE('',#4850,#4848,#444,.T.);
#6040=EDGE_CURVE('',#4830,#4890,#514,.T.);
#6042=EDGE_CURVE('',#4890,#4892,#580,.T.);
#6045=EDGE_CURVE('',#4830,#4850,#452,.T.);
#6049=EDGE_CURVE('',#4614,#4612,#457,.T.);
#6051=EDGE_CURVE('',#4894,#4614,#462,.T.);
#6053=EDGE_CURVE('',#4612,#4894,#467,.T.);
#6057=EDGE_CURVE('',#4897,#4898,#472,.T.);
#6059=EDGE_CURVE('',#4898,#4897,#477,.T.);
#6063=EDGE_CURVE('',#4901,#4902,#482,.T.);
#6065=EDGE_CURVE('',#4904,#4901,#487,.T.);
#6067=EDGE_CURVE('',#4902,#4904,#492,.T.);
#6071=EDGE_CURVE('',#4907,#4908,#497,.T.);
#6073=EDGE_CURVE('',#4908,#4907,#502,.T.);
#6083=EDGE_CURVE('',#4557,#4558,#506,.T.);
#6085=EDGE_CURVE('',#4890,#4557,#510,.T.);
#6088=EDGE_CURVE('',#4830,#4568,#584,.T.);
#6090=EDGE_CURVE('',#4570,#4568,#518,.T.);
#6092=EDGE_CURVE('',#4570,#4916,#623,.T.);
#6106=EDGE_CURVE('',#4562,#4560,#522,.T.);
#6108=EDGE_CURVE('',#4560,#4557,#538,.T.);
#6120=EDGE_CURVE('',#4858,#4860,#526,.T.);
#6122=EDGE_CURVE('',#4560,#4858,#530,.T.);
#6134=EDGE_CURVE('',#4936,#4858,#542,.T.);
#6169=EDGE_CURVE('',#4848,#4846,#610,.T.);
#6171=EDGE_CURVE('',#4844,#4846,#589,.T.);
#6173=EDGE_CURVE('',#4844,#4842,#704,.T.);
#6175=EDGE_CURVE('',#4842,#4840,#692,.T.);
#6177=EDGE_CURVE('',#4840,#4838,#644,.T.);
#6179=EDGE_CURVE('',#4836,#4838,#594,.T.);
#6181=EDGE_CURVE('',#4836,#4834,#668,.T.);
#6183=EDGE_CURVE('',#4834,#4832,#672,.T.);
#6185=EDGE_CURVE('',#4565,#4832,#598,.T.);
#6187=EDGE_CURVE('',#4568,#4565,#602,.T.);
#6197=EDGE_CURVE('',#4922,#4920,#606,.T.);
#6199=EDGE_CURVE('',#4922,#4846,#712,.T.);
#6211=EDGE_CURVE('',#4911,#4912,#640,.T.);
#6213=EDGE_CURVE('',#4912,#4926,#688,.T.);
#6215=EDGE_CURVE('',#4926,#4924,#700,.T.);
#6217=EDGE_CURVE('',#4922,#4924,#619,.T.);
#6223=EDGE_CURVE('',#4566,#4570,#627,.T.);
#6225=EDGE_CURVE('',#4914,#4566,#631,.T.);
#6227=EDGE_CURVE('',#4914,#4868,#676,.T.);
#6229=EDGE_CURVE('',#4868,#4866,#660,.T.);
#6231=EDGE_CURVE('',#4911,#4866,#636,.T.);
#6242=EDGE_CURVE('',#4911,#4838,#656,.T.);
#6245=EDGE_CURVE('',#4912,#4840,#648,.T.);
#6255=EDGE_CURVE('',#4836,#4866,#652,.T.);
#6270=EDGE_CURVE('',#4834,#4868,#664,.T.);
#6281=EDGE_CURVE('',#4914,#4832,#680,.T.);
#6296=EDGE_CURVE('',#4565,#4566,#684,.T.);
#6322=EDGE_CURVE('',#4926,#4842,#696,.T.);
#6332=EDGE_CURVE('',#4844,#4924,#708,.T.);
#6357=EDGE_CURVE('',#4612,#4601,#720,.T.);
#6359=EDGE_CURVE('',#4601,#4603,#730,.T.);
#6361=EDGE_CURVE('',#4614,#4603,#716,.T.);
#6376=EDGE_CURVE('',#4603,#4600,#725,.T.);
#6378=EDGE_CURVE('',#4600,#4601,#735,.T.);
#6393=EDGE_CURVE('',#4494,#4486,#740,.T.);
#6395=EDGE_CURVE('',#4496,#4494,#745,.T.);
#6397=EDGE_CURVE('',#4486,#4496,#750,.T.);
#6407=EDGE_CURVE('',#4485,#4486,#754,.T.);
#6409=EDGE_CURVE('',#4485,#4620,#849,.T.);
#6411=EDGE_CURVE('',#4606,#4620,#758,.T.);
#6413=EDGE_CURVE('',#4606,#4610,#974,.T.);
#6415=EDGE_CURVE('',#4610,#4609,#966,.T.);
#6417=EDGE_CURVE('',#4622,#4609,#762,.T.);
#6419=EDGE_CURVE('',#4622,#4492,#810,.T.);
#6421=EDGE_CURVE('',#4492,#4494,#766,.T.);
#6436=EDGE_CURVE('',#4492,#4490,#805,.T.);
#6438=EDGE_CURVE('',#4481,#4490,#770,.T.);
#6440=EDGE_CURVE('',#4481,#4482,#1074,.T.);
#6442=EDGE_CURVE('',#4488,#4482,#774,.T.);
#6444=EDGE_CURVE('',#4488,#4485,#854,.T.);
#6454=EDGE_CURVE('',#4653,#4624,#779,.T.);
#6456=EDGE_CURVE('',#4578,#4653,#784,.T.);
#6458=EDGE_CURVE('',#4579,#4578,#792,.T.);
#6460=EDGE_CURVE('',#4490,#4579,#800,.T.);
#6464=EDGE_CURVE('',#4622,#4623,#896,.T.);
#6466=EDGE_CURVE('',#4623,#4624,#888,.T.);
#6476=EDGE_CURVE('',#4513,#4651,#814,.T.);
#6478=EDGE_CURVE('',#4513,#5446,#1146,.T.);
#6480=EDGE_CURVE('',#5446,#4520,#1141,.T.);
#6482=EDGE_CURVE('',#4520,#4653,#834,.T.);
#6485=EDGE_CURVE('',#4626,#4624,#818,.T.);
#6487=EDGE_CURVE('',#4626,#4637,#958,.T.);
#6489=EDGE_CURVE('',#4637,#4618,#950,.T.);
#6491=EDGE_CURVE('',#4617,#4618,#822,.T.);
#6493=EDGE_CURVE('',#4617,#4651,#844,.T.);
#6504=EDGE_CURVE('',#4651,#4581,#839,.T.);
#6506=EDGE_CURVE('',#4576,#4581,#826,.T.);
#6508=EDGE_CURVE('',#4576,#4574,#1063,.T.);
#6510=EDGE_CURVE('',#4578,#4574,#830,.T.);
#6514=EDGE_CURVE('',#4520,#4522,#1132,.T.);
#6516=EDGE_CURVE('',#4522,#4513,#1127,.T.);
#6528=EDGE_CURVE('',#4617,#4619,#922,.T.);
#6530=EDGE_CURVE('',#4619,#4620,#914,.T.);
#6534=EDGE_CURVE('',#4580,#4488,#862,.T.);
#6536=EDGE_CURVE('',#4581,#4580,#870,.T.);
#6547=EDGE_CURVE('',#4628,#4618,#875,.T.);
#6549=EDGE_CURVE('',#4626,#4628,#880,.T.);
#6555=EDGE_CURVE('',#4607,#4609,#901,.T.);
#6557=EDGE_CURVE('',#4606,#4607,#906,.T.);
#6564=EDGE_CURVE('',#4634,#4631,#927,.T.);
#6566=EDGE_CURVE('',#4636,#4634,#932,.T.);
#6568=EDGE_CURVE('',#4632,#4636,#937,.T.);
#6570=EDGE_CURVE('',#4631,#4632,#942,.T.);
#6604=EDGE_CURVE('',#4498,#4634,#982,.T.);
#6608=EDGE_CURVE('',#4499,#4632,#978,.T.);
#6610=EDGE_CURVE('',#4499,#4497,#992,.T.);
#6612=EDGE_CURVE('',#4497,#4498,#1022,.T.);
#6623=EDGE_CURVE('',#4498,#4500,#1012,.T.);
#6625=EDGE_CURVE('',#4500,#4499,#1002,.T.);
#6650=EDGE_CURVE('',#4576,#4573,#1027,.T.);
#6656=EDGE_CURVE('',#4481,#4482,#1032,.T.);
#6662=EDGE_CURVE('',#4573,#4574,#1037,.T.);
#6666=EDGE_CURVE('',#4584,#4585,#1042,.T.);
#6668=EDGE_CURVE('',#4587,#4584,#1047,.T.);
#6670=EDGE_CURVE('',#4585,#4587,#1052,.T.);
#6701=EDGE_CURVE('',#4654,#4655,#1114,.T.);
#6703=EDGE_CURVE('',#4584,#4655,#1078,.T.);
#6707=EDGE_CURVE('',#4587,#4656,#1118,.T.);
#6709=EDGE_CURVE('',#4656,#4654,#1088,.T.);
#6720=EDGE_CURVE('',#4656,#4655,#1104,.T.);
#6743=EDGE_CURVE('',#4513,#4514,#1122,.T.);
#6747=EDGE_CURVE('',#4520,#4518,#1136,.T.);
#6749=EDGE_CURVE('',#4518,#4516,#1161,.T.);
#6751=EDGE_CURVE('',#4516,#4514,#1156,.T.);
#6762=EDGE_CURVE('',#4514,#4589,#1151,.T.);
#6764=EDGE_CURVE('',#4589,#4518,#1166,.T.);
#6783=EDGE_CURVE('',#4540,#4544,#1171,.T.);
#6785=EDGE_CURVE('',#4544,#4540,#1176,.T.);
#6795=EDGE_CURVE('',#4540,#4536,#1180,.T.);
#6798=EDGE_CURVE('',#4544,#4538,#1199,.T.);
#6800=EDGE_CURVE('',#4542,#4538,#1185,.T.);
#6802=EDGE_CURVE('',#4536,#4542,#1190,.T.);
#6813=EDGE_CURVE('',#4538,#4536,#1195,.T.);
#6825=EDGE_CURVE('',#4503,#4504,#1208,.T.);
#6827=EDGE_CURVE('',#4538,#4504,#1203,.T.);
#6830=EDGE_CURVE('',#4536,#4503,#1232,.T.);
#6841=EDGE_CURVE('',#4506,#4503,#1213,.T.);
#6843=EDGE_CURVE('',#4504,#4506,#1218,.T.);
#6847=EDGE_CURVE('',#4509,#4510,#1223,.T.);
#6849=EDGE_CURVE('',#4510,#4509,#1228,.T.);
#6873=EDGE_CURVE('',#4510,#4672,#1240,.T.);
#6875=EDGE_CURVE('',#4672,#4674,#1250,.T.);
#6877=EDGE_CURVE('',#4509,#4674,#1236,.T.);
#6888=EDGE_CURVE('',#4674,#4672,#1245,.T.);
#6905=EDGE_CURVE('',#4677,#4678,#1255,.T.);
#6907=EDGE_CURVE('',#4678,#4677,#1260,.T.);
#6917=EDGE_CURVE('',#4680,#4677,#1268,.T.);
#6920=EDGE_CURVE('',#4682,#4678,#1264,.T.);
#6922=EDGE_CURVE('',#4682,#4708,#1561,.T.);
#6924=EDGE_CURVE('',#4708,#4703,#1373,.T.);
#6926=EDGE_CURVE('',#4703,#4700,#1444,.T.);
#6928=EDGE_CURVE('',#4700,#4695,#1306,.T.);
#6930=EDGE_CURVE('',#4695,#4680,#1282,.T.);
#6941=EDGE_CURVE('',#4692,#4680,#1275,.T.);
#6943=EDGE_CURVE('',#4692,#4718,#1337,.T.);
#6945=EDGE_CURVE('',#4718,#4716,#1643,.T.);
#6947=EDGE_CURVE('',#4716,#4711,#1342,.T.);
#6949=EDGE_CURVE('',#4711,#4682,#1546,.T.);
#6963=EDGE_CURVE('',#4770,#4695,#1286,.T.);
#6965=EDGE_CURVE('',#4770,#4779,#1733,.T.);
#6967=EDGE_CURVE('',#4779,#4781,#1728,.T.);
#6969=EDGE_CURVE('',#4692,#4781,#1290,.T.);
#6979=EDGE_CURVE('',#4695,#4696,#1319,.T.);
#6981=EDGE_CURVE('',#4696,#4773,#1700,.T.);
#6983=EDGE_CURVE('',#4772,#4773,#1297,.T.);
#6985=EDGE_CURVE('',#4770,#4772,#1301,.T.);
#6997=EDGE_CURVE('',#4698,#4700,#1310,.T.);
#6999=EDGE_CURVE('',#4696,#4698,#1315,.T.);
#7010=EDGE_CURVE('',#4690,#4692,#1323,.T.);
#7012=EDGE_CURVE('',#4689,#4690,#1328,.T.);
#7014=EDGE_CURVE('',#4718,#4689,#1332,.T.);
#7026=EDGE_CURVE('',#4714,#4716,#1346,.T.);
#7028=EDGE_CURVE('',#4712,#4714,#1351,.T.);
#7030=EDGE_CURVE('',#4711,#4712,#1355,.T.);
#7040=EDGE_CURVE('',#4706,#4708,#1359,.T.);
#7042=EDGE_CURVE('',#4704,#4706,#1364,.T.);
#7044=EDGE_CURVE('',#4703,#4704,#1368,.T.);
#7055=EDGE_CURVE('',#4751,#4698,#1388,.T.);
#7058=EDGE_CURVE('',#4700,#4749,#1452,.T.);
#7060=EDGE_CURVE('',#4745,#4749,#1377,.T.);
#7062=EDGE_CURVE('',#4751,#4745,#1384,.T.);
#7073=EDGE_CURVE('',#4751,#4753,#1414,.T.);
#7075=EDGE_CURVE('',#4753,#4741,#1409,.T.);
#7077=EDGE_CURVE('',#4704,#4741,#1392,.T.);
#7079=EDGE_CURVE('',#5465,#4704,#1398,.T.);
#7081=EDGE_CURVE('',#4698,#5465,#1404,.T.);
#7092=EDGE_CURVE('',#4745,#4743,#1419,.T.);
#7094=EDGE_CURVE('',#4743,#4740,#1434,.T.);
#7096=EDGE_CURVE('',#4740,#4741,#1459,.T.);
#7110=EDGE_CURVE('',#4747,#4749,#1424,.T.);
#7112=EDGE_CURVE('',#4738,#4747,#1429,.T.);
#7114=EDGE_CURVE('',#4738,#4740,#1463,.T.);
#7126=EDGE_CURVE('',#4738,#4703,#1448,.T.);
#7152=EDGE_CURVE('',#4727,#4728,#1467,.T.);
#7154=EDGE_CURVE('',#4696,#4727,#1474,.T.);
#7160=EDGE_CURVE('',#4706,#4732,#1528,.T.);
#7162=EDGE_CURVE('',#4732,#4730,#1478,.T.);
#7164=EDGE_CURVE('',#4730,#4728,#1503,.T.);
#7175=EDGE_CURVE('',#4728,#4730,#1494,.T.);
#7178=EDGE_CURVE('',#4712,#4732,#1485,.T.);
#7181=EDGE_CURVE('',#4714,#5466,#1622,.T.);
#7183=EDGE_CURVE('',#5466,#4689,#1616,.T.);
#7186=EDGE_CURVE('',#4690,#4727,#1707,.T.);
#7196=EDGE_CURVE('',#4728,#4736,#1498,.T.);
#7198=EDGE_CURVE('',#4736,#4735,#1513,.T.);
#7200=EDGE_CURVE('',#4730,#4735,#1489,.T.);
#7211=EDGE_CURVE('',#4735,#4736,#1508,.T.);
#7234=EDGE_CURVE('',#4720,#4706,#1517,.T.);
#7236=EDGE_CURVE('',#4720,#4724,#1582,.T.);
#7238=EDGE_CURVE('',#4724,#4722,#1577,.T.);
#7240=EDGE_CURVE('',#4712,#4722,#1521,.T.);
#7254=EDGE_CURVE('',#4708,#4787,#1554,.T.);
#7256=EDGE_CURVE('',#4792,#4787,#1532,.T.);
#7258=EDGE_CURVE('',#4720,#4792,#1539,.T.);
#7269=EDGE_CURVE('',#4790,#4711,#1550,.T.);
#7271=EDGE_CURVE('',#4790,#4791,#1597,.T.);
#7273=EDGE_CURVE('',#4791,#4787,#1592,.T.);
#7287=EDGE_CURVE('',#4793,#4722,#1568,.T.);
#7289=EDGE_CURVE('',#4790,#4793,#1572,.T.);
#7301=EDGE_CURVE('',#4792,#4795,#1587,.T.);
#7303=EDGE_CURVE('',#4795,#4793,#1602,.T.);
#7330=EDGE_CURVE('',#4754,#4714,#1606,.T.);
#7332=EDGE_CURVE('',#4754,#4758,#1672,.T.);
#7334=EDGE_CURVE('',#4758,#4759,#1667,.T.);
#7336=EDGE_CURVE('',#4689,#4759,#1610,.T.);
#7350=EDGE_CURVE('',#4716,#4768,#1651,.T.);
#7352=EDGE_CURVE('',#4755,#4768,#1626,.T.);
#7354=EDGE_CURVE('',#4754,#4755,#1633,.T.);
#7365=EDGE_CURVE('',#4764,#4718,#1647,.T.);
#7367=EDGE_CURVE('',#4764,#4766,#1687,.T.);
#7369=EDGE_CURVE('',#4766,#4768,#1682,.T.);
#7382=EDGE_CURVE('',#4760,#4759,#1658,.T.);
#7384=EDGE_CURVE('',#4764,#4760,#1662,.T.);
#7396=EDGE_CURVE('',#4755,#4762,#1677,.T.);
#7398=EDGE_CURVE('',#4762,#4760,#1692,.T.);
#7425=EDGE_CURVE('',#4783,#4690,#1696,.T.);
#7427=EDGE_CURVE('',#4783,#4785,#1748,.T.);
#7429=EDGE_CURVE('',#4785,#4773,#1743,.T.);
#7445=EDGE_CURVE('',#4777,#4781,#1711,.T.);
#7447=EDGE_CURVE('',#4783,#4777,#1718,.T.);
#7457=EDGE_CURVE('',#4777,#4775,#1723,.T.);
#7463=EDGE_CURVE('',#4775,#4772,#1738,.T.);
#7487=EDGE_CURVE('',#4897,#5035,#1752,.T.);
#7490=EDGE_CURVE('',#4898,#5039,#1780,.T.);
#7492=EDGE_CURVE('',#5039,#5020,#1861,.T.);
#7494=EDGE_CURVE('',#5022,#5020,#1757,.T.);
#7496=EDGE_CURVE('',#5030,#5022,#1766,.T.);
#7498=EDGE_CURVE('',#5038,#5030,#1771,.T.);
#7500=EDGE_CURVE('',#5036,#5038,#1776,.T.);
#7502=EDGE_CURVE('',#5036,#5035,#1883,.T.);
#7513=EDGE_CURVE('',#5035,#5039,#1876,.T.);
#7753=EDGE_CURVE('',#5041,#5040,#1790,.T.);
#7755=EDGE_CURVE('',#5047,#5041,#1805,.T.);
#7757=EDGE_CURVE('',#5046,#5047,#1820,.T.);
#7759=EDGE_CURVE('',#5025,#5046,#1835,.T.);
#7761=EDGE_CURVE('',#5012,#5025,#1842,.T.);
#7763=EDGE_CURVE('',#5011,#5012,#1852,.T.);
#7765=EDGE_CURVE('',#5011,#5045,#2103,.T.);
#7767=EDGE_CURVE('',#5045,#5044,#2123,.T.);
#7769=EDGE_CURVE('',#5044,#5043,#2139,.T.);
#7771=EDGE_CURVE('',#5043,#5042,#2163,.T.);
#7773=EDGE_CURVE('',#5042,#5019,#2179,.T.);
#7775=EDGE_CURVE('',#5019,#5020,#2208,.T.);
#7780=EDGE_CURVE('',#5040,#5036,#1893,.T.);
#7793=EDGE_CURVE('',#5031,#5030,#1900,.T.);
#7795=EDGE_CURVE('',#5041,#5031,#1904,.T.);
#8014=EDGE_CURVE('',#5014,#5015,#2007,.T.);
#8016=EDGE_CURVE('',#5015,#5023,#2034,.T.);
#8018=EDGE_CURVE('',#5023,#5033,#2049,.T.);
#8020=EDGE_CURVE('',#5033,#5032,#2072,.T.);
#8022=EDGE_CURVE('',#5032,#5031,#2087,.T.);
#8026=EDGE_CURVE('',#5022,#5018,#2199,.T.);
#8028=EDGE_CURVE('',#5029,#5018,#1920,.T.);
#8030=EDGE_CURVE('',#5028,#5029,#1936,.T.);
#8032=EDGE_CURVE('',#5027,#5028,#1952,.T.);
#8034=EDGE_CURVE('',#5026,#5027,#1968,.T.);
#8036=EDGE_CURVE('',#5014,#5026,#1977,.T.);
#8046=EDGE_CURVE('',#5006,#5010,#1982,.T.);
#8048=EDGE_CURVE('',#5008,#5006,#1987,.T.);
#8050=EDGE_CURVE('',#5010,#5008,#1992,.T.);
#8055=EDGE_CURVE('',#5015,#5012,#1997,.T.);
#8058=EDGE_CURVE('',#5011,#5014,#2012,.T.);
#8068=EDGE_CURVE('',#5006,#4948,#2016,.T.);
#8072=EDGE_CURVE('',#5008,#4950,#2020,.T.);
#8098=EDGE_CURVE('',#5025,#5023,#2053,.T.);
#8112=EDGE_CURVE('',#5046,#5033,#2057,.T.);
#8124=EDGE_CURVE('',#5047,#5032,#2091,.T.);
#8150=EDGE_CURVE('',#5026,#5045,#2107,.T.);
#8162=EDGE_CURVE('',#5027,#5044,#2143,.T.);
#8176=EDGE_CURVE('',#5028,#5043,#2147,.T.);
#8188=EDGE_CURVE('',#5029,#5042,#2183,.T.);
#8202=EDGE_CURVE('',#5018,#5019,#2187,.T.);
#8224=EDGE_CURVE('',#4902,#5199,#2216,.T.);
#8226=EDGE_CURVE('',#5199,#5201,#2226,.T.);
#8228=EDGE_CURVE('',#4901,#5201,#2212,.T.);
#8243=EDGE_CURVE('',#5201,#5203,#2221,.T.);
#8245=EDGE_CURVE('',#5203,#5199,#2231,.T.);
#8260=EDGE_CURVE('',#5206,#5207,#2236,.T.);
#8262=EDGE_CURVE('',#5209,#5206,#2241,.T.);
#8264=EDGE_CURVE('',#5207,#5209,#2246,.T.);
#8274=EDGE_CURVE('',#5076,#5207,#2250,.T.);
#8276=EDGE_CURVE('',#5076,#5078,#2345,.T.);
#8278=EDGE_CURVE('',#5083,#5078,#2254,.T.);
#8280=EDGE_CURVE('',#5083,#5087,#2470,.T.);
#8282=EDGE_CURVE('',#5087,#5086,#2462,.T.);
#8284=EDGE_CURVE('',#5390,#5086,#2258,.T.);
#8286=EDGE_CURVE('',#5390,#5217,#2306,.T.);
#8288=EDGE_CURVE('',#5217,#5206,#2262,.T.);
#8303=EDGE_CURVE('',#5217,#5215,#2301,.T.);
#8305=EDGE_CURVE('',#5213,#5215,#2266,.T.);
#8307=EDGE_CURVE('',#5213,#5212,#2581,.T.);
#8309=EDGE_CURVE('',#5212,#5211,#2573,.T.);
#8311=EDGE_CURVE('',#5074,#5211,#2270,.T.);
#8313=EDGE_CURVE('',#5074,#5076,#2350,.T.);
#8323=EDGE_CURVE('',#5239,#5388,#2275,.T.);
#8325=EDGE_CURVE('',#5219,#5239,#2280,.T.);
#8327=EDGE_CURVE('',#5220,#5219,#2288,.T.);
#8329=EDGE_CURVE('',#5215,#5220,#2296,.T.);
#8333=EDGE_CURVE('',#5390,#5389,#2392,.T.);
#8335=EDGE_CURVE('',#5389,#5388,#2384,.T.);
#8345=EDGE_CURVE('',#5235,#5071,#2310,.T.);
#8347=EDGE_CURVE('',#5235,#5448,#2648,.T.);
#8349=EDGE_CURVE('',#5448,#5237,#2643,.T.);
#8351=EDGE_CURVE('',#5237,#5239,#2330,.T.);
#8354=EDGE_CURVE('',#5056,#5388,#2314,.T.);
#8356=EDGE_CURVE('',#5056,#5060,#2454,.T.);
#8358=EDGE_CURVE('',#5060,#5059,#2446,.T.);
#8360=EDGE_CURVE('',#5080,#5059,#2318,.T.);
#8362=EDGE_CURVE('',#5080,#5071,#2340,.T.);
#8373=EDGE_CURVE('',#5071,#5072,#2335,.T.);
#8375=EDGE_CURVE('',#5053,#5072,#2322,.T.);
#8377=EDGE_CURVE('',#5053,#5051,#2565,.T.);
#8379=EDGE_CURVE('',#5219,#5051,#2326,.T.);
#8383=EDGE_CURVE('',#5237,#5235,#2634,.T.);
#8395=EDGE_CURVE('',#5080,#5079,#2418,.T.);
#8397=EDGE_CURVE('',#5079,#5078,#2410,.T.);
#8401=EDGE_CURVE('',#5073,#5074,#2358,.T.);
#8403=EDGE_CURVE('',#5072,#5073,#2366,.T.);
#8414=EDGE_CURVE('',#5057,#5059,#2371,.T.);
#8416=EDGE_CURVE('',#5056,#5057,#2376,.T.);
#8422=EDGE_CURVE('',#5084,#5086,#2397,.T.);
#8424=EDGE_CURVE('',#5083,#5084,#2402,.T.);
#8431=EDGE_CURVE('',#5396,#5393,#2423,.T.);
#8433=EDGE_CURVE('',#5398,#5396,#2428,.T.);
#8435=EDGE_CURVE('',#5394,#5398,#2433,.T.);
#8437=EDGE_CURVE('',#5393,#5394,#2438,.T.);
#8471=EDGE_CURVE('',#5400,#5396,#2478,.T.);
#8475=EDGE_CURVE('',#5401,#5394,#2474,.T.);
#8477=EDGE_CURVE('',#5401,#5400,#2494,.T.);
#8488=EDGE_CURVE('',#5400,#5402,#2514,.T.);
#8490=EDGE_CURVE('',#5402,#5401,#2504,.T.);
#8514=EDGE_CURVE('',#5053,#5050,#2519,.T.);
#8520=EDGE_CURVE('',#5222,#5211,#2524,.T.);
#8522=EDGE_CURVE('',#5213,#5222,#2529,.T.);
#8528=EDGE_CURVE('',#5050,#5051,#2534,.T.);
#8532=EDGE_CURVE('',#5225,#5226,#2539,.T.);
#8534=EDGE_CURVE('',#5230,#5225,#2544,.T.);
#8536=EDGE_CURVE('',#5228,#5230,#2549,.T.);
#8538=EDGE_CURVE('',#5226,#5228,#2554,.T.);
#8571=EDGE_CURVE('',#5231,#5232,#2621,.T.);
#8573=EDGE_CURVE('',#5225,#5232,#2585,.T.);
#8577=EDGE_CURVE('',#5228,#5233,#2625,.T.);
#8579=EDGE_CURVE('',#5233,#5231,#2595,.T.);
#8590=EDGE_CURVE('',#5233,#5232,#2611,.T.);
#8614=EDGE_CURVE('',#5235,#5241,#2629,.T.);
#8617=EDGE_CURVE('',#5237,#5243,#2638,.T.);
#8619=EDGE_CURVE('',#5243,#5241,#2658,.T.);
#8630=EDGE_CURVE('',#5241,#5245,#2653,.T.);
#8632=EDGE_CURVE('',#5245,#5243,#2663,.T.);
#8650=EDGE_CURVE('',#5248,#5249,#2668,.T.);
#8652=EDGE_CURVE('',#5249,#5248,#2673,.T.);
#8662=EDGE_CURVE('',#5248,#5251,#2677,.T.);
#8665=EDGE_CURVE('',#5249,#5255,#2696,.T.);
#8667=EDGE_CURVE('',#5254,#5255,#2682,.T.);
#8669=EDGE_CURVE('',#5251,#5254,#2687,.T.);
#8680=EDGE_CURVE('',#5255,#5251,#2692,.T.);
#8692=EDGE_CURVE('',#5258,#5259,#2705,.T.);
#8694=EDGE_CURVE('',#5255,#5259,#2700,.T.);
#8697=EDGE_CURVE('',#5251,#5258,#2729,.T.);
#8708=EDGE_CURVE('',#5261,#5258,#2710,.T.);
#8710=EDGE_CURVE('',#5259,#5261,#2715,.T.);
#8714=EDGE_CURVE('',#5264,#5265,#2720,.T.);
#8716=EDGE_CURVE('',#5265,#5264,#2725,.T.);
#8740=EDGE_CURVE('',#5265,#5267,#2737,.T.);
#8742=EDGE_CURVE('',#5267,#5269,#2747,.T.);
#8744=EDGE_CURVE('',#5264,#5269,#2733,.T.);
#8755=EDGE_CURVE('',#5269,#5267,#2742,.T.);
#8772=EDGE_CURVE('',#5272,#5273,#2752,.T.);
#8774=EDGE_CURVE('',#5273,#5272,#2757,.T.);
#8784=EDGE_CURVE('',#5275,#5272,#2765,.T.);
#8787=EDGE_CURVE('',#5277,#5273,#2761,.T.);
#8789=EDGE_CURVE('',#5277,#5299,#3058,.T.);
#8791=EDGE_CURVE('',#5299,#5294,#2870,.T.);
#8793=EDGE_CURVE('',#5294,#5291,#2941,.T.);
#8795=EDGE_CURVE('',#5291,#5286,#2803,.T.);
#8797=EDGE_CURVE('',#5286,#5275,#2779,.T.);
#8808=EDGE_CURVE('',#5283,#5275,#2772,.T.);
#8810=EDGE_CURVE('',#5283,#5309,#2834,.T.);
#8812=EDGE_CURVE('',#5309,#5307,#3140,.T.);
#8814=EDGE_CURVE('',#5307,#5302,#2839,.T.);
#8816=EDGE_CURVE('',#5302,#5277,#3043,.T.);
#8830=EDGE_CURVE('',#5361,#5286,#2783,.T.);
#8832=EDGE_CURVE('',#5361,#5370,#3230,.T.);
#8834=EDGE_CURVE('',#5370,#5372,#3225,.T.);
#8836=EDGE_CURVE('',#5283,#5372,#2787,.T.);
#8846=EDGE_CURVE('',#5286,#5287,#2816,.T.);
#8848=EDGE_CURVE('',#5287,#5364,#3197,.T.);
#8850=EDGE_CURVE('',#5363,#5364,#2794,.T.);
#8852=EDGE_CURVE('',#5361,#5363,#2798,.T.);
#8864=EDGE_CURVE('',#5289,#5291,#2807,.T.);
#8866=EDGE_CURVE('',#5287,#5289,#2812,.T.);
#8877=EDGE_CURVE('',#5281,#5283,#2820,.T.);
#8879=EDGE_CURVE('',#5280,#5281,#2825,.T.);
#8881=EDGE_CURVE('',#5309,#5280,#2829,.T.);
#8893=EDGE_CURVE('',#5305,#5307,#2843,.T.);
#8895=EDGE_CURVE('',#5303,#5305,#2848,.T.);
#8897=EDGE_CURVE('',#5302,#5303,#2852,.T.);
#8907=EDGE_CURVE('',#5297,#5299,#2856,.T.);
#8909=EDGE_CURVE('',#5295,#5297,#2861,.T.);
#8911=EDGE_CURVE('',#5294,#5295,#2865,.T.);
#8922=EDGE_CURVE('',#5342,#5289,#2885,.T.);
#8925=EDGE_CURVE('',#5291,#5340,#2949,.T.);
#8927=EDGE_CURVE('',#5336,#5340,#2874,.T.);
#8929=EDGE_CURVE('',#5342,#5336,#2881,.T.);
#8940=EDGE_CURVE('',#5342,#5344,#2911,.T.);
#8942=EDGE_CURVE('',#5344,#5332,#2906,.T.);
#8944=EDGE_CURVE('',#5295,#5332,#2889,.T.);
#8946=EDGE_CURVE('',#5467,#5295,#2895,.T.);
#8948=EDGE_CURVE('',#5289,#5467,#2901,.T.);
#8959=EDGE_CURVE('',#5336,#5334,#2916,.T.);
#8961=EDGE_CURVE('',#5334,#5331,#2931,.T.);
#8963=EDGE_CURVE('',#5331,#5332,#2956,.T.);
#8977=EDGE_CURVE('',#5338,#5340,#2921,.T.);
#8979=EDGE_CURVE('',#5329,#5338,#2926,.T.);
#8981=EDGE_CURVE('',#5329,#5331,#2960,.T.);
#8993=EDGE_CURVE('',#5329,#5294,#2945,.T.);
#9019=EDGE_CURVE('',#5318,#5319,#2964,.T.);
#9021=EDGE_CURVE('',#5287,#5318,#2971,.T.);
#9027=EDGE_CURVE('',#5297,#5323,#3025,.T.);
#9029=EDGE_CURVE('',#5323,#5321,#2975,.T.);
#9031=EDGE_CURVE('',#5321,#5319,#3000,.T.);
#9042=EDGE_CURVE('',#5319,#5321,#2991,.T.);
#9045=EDGE_CURVE('',#5303,#5323,#2982,.T.);
#9048=EDGE_CURVE('',#5305,#5468,#3119,.T.);
#9050=EDGE_CURVE('',#5468,#5280,#3113,.T.);
#9053=EDGE_CURVE('',#5281,#5318,#3204,.T.);
#9063=EDGE_CURVE('',#5319,#5327,#2995,.T.);
#9065=EDGE_CURVE('',#5327,#5326,#3010,.T.);
#9067=EDGE_CURVE('',#5321,#5326,#2986,.T.);
#9078=EDGE_CURVE('',#5326,#5327,#3005,.T.);
#9101=EDGE_CURVE('',#5311,#5297,#3014,.T.);
#9103=EDGE_CURVE('',#5311,#5315,#3079,.T.);
#9105=EDGE_CURVE('',#5315,#5313,#3074,.T.);
#9107=EDGE_CURVE('',#5303,#5313,#3018,.T.);
#9121=EDGE_CURVE('',#5299,#5378,#3051,.T.);
#9123=EDGE_CURVE('',#5383,#5378,#3029,.T.);
#9125=EDGE_CURVE('',#5311,#5383,#3036,.T.);
#9136=EDGE_CURVE('',#5381,#5302,#3047,.T.);
#9138=EDGE_CURVE('',#5381,#5382,#3094,.T.);
#9140=EDGE_CURVE('',#5382,#5378,#3089,.T.);
#9154=EDGE_CURVE('',#5384,#5313,#3065,.T.);
#9156=EDGE_CURVE('',#5381,#5384,#3069,.T.);
#9168=EDGE_CURVE('',#5383,#5386,#3084,.T.);
#9170=EDGE_CURVE('',#5386,#5384,#3099,.T.);
#9197=EDGE_CURVE('',#5345,#5305,#3103,.T.);
#9199=EDGE_CURVE('',#5345,#5349,#3169,.T.);
#9201=EDGE_CURVE('',#5349,#5350,#3164,.T.);
#9203=EDGE_CURVE('',#5280,#5350,#3107,.T.);
#9217=EDGE_CURVE('',#5307,#5359,#3148,.T.);
#9219=EDGE_CURVE('',#5346,#5359,#3123,.T.);
#9221=EDGE_CURVE('',#5345,#5346,#3130,.T.);
#9232=EDGE_CURVE('',#5355,#5309,#3144,.T.);
#9234=EDGE_CURVE('',#5355,#5357,#3184,.T.);
#9236=EDGE_CURVE('',#5357,#5359,#3179,.T.);
#9249=EDGE_CURVE('',#5351,#5350,#3155,.T.);
#9251=EDGE_CURVE('',#5355,#5351,#3159,.T.);
#9263=EDGE_CURVE('',#5346,#5353,#3174,.T.);
#9265=EDGE_CURVE('',#5353,#5351,#3189,.T.);
#9292=EDGE_CURVE('',#5374,#5281,#3193,.T.);
#9294=EDGE_CURVE('',#5374,#5376,#3245,.T.);
#9296=EDGE_CURVE('',#5376,#5364,#3240,.T.);
#9312=EDGE_CURVE('',#5368,#5372,#3208,.T.);
#9314=EDGE_CURVE('',#5374,#5368,#3215,.T.);
#9324=EDGE_CURVE('',#5368,#5366,#3220,.T.);
#9330=EDGE_CURVE('',#5366,#5363,#3235,.T.);
#9354=EDGE_CURVE('',#4907,#4991,#3249,.T.);
#9357=EDGE_CURVE('',#4908,#4995,#3282,.T.);
#9359=EDGE_CURVE('',#4995,#4972,#3363,.T.);
#9361=EDGE_CURVE('',#4974,#4972,#3254,.T.);
#9363=EDGE_CURVE('',#4976,#4974,#3259,.T.);
#9365=EDGE_CURVE('',#4986,#4976,#3268,.T.);
#9367=EDGE_CURVE('',#4994,#4986,#3273,.T.);
#9369=EDGE_CURVE('',#4992,#4994,#3278,.T.);
#9371=EDGE_CURVE('',#4992,#4991,#3385,.T.);
#9382=EDGE_CURVE('',#4991,#4995,#3378,.T.);
#9622=EDGE_CURVE('',#4997,#4996,#3292,.T.);
#9624=EDGE_CURVE('',#5004,#4997,#3307,.T.);
#9626=EDGE_CURVE('',#5003,#5004,#3322,.T.);
#9628=EDGE_CURVE('',#4980,#5003,#3337,.T.);
#9630=EDGE_CURVE('',#4964,#4980,#3344,.T.);
#9632=EDGE_CURVE('',#4963,#4964,#3354,.T.);
#9634=EDGE_CURVE('',#4963,#5002,#3626,.T.);
#9636=EDGE_CURVE('',#5002,#5001,#3646,.T.);
#9638=EDGE_CURVE('',#5001,#5000,#3662,.T.);
#9640=EDGE_CURVE('',#5000,#4999,#3690,.T.);
#9642=EDGE_CURVE('',#4999,#4998,#3680,.T.);
#9644=EDGE_CURVE('',#4998,#4971,#3706,.T.);
#9646=EDGE_CURVE('',#4971,#4972,#3723,.T.);
#9651=EDGE_CURVE('',#4996,#4992,#3395,.T.);
#9664=EDGE_CURVE('',#4987,#4986,#3402,.T.);
#9666=EDGE_CURVE('',#4997,#4987,#3406,.T.);
#9885=EDGE_CURVE('',#4966,#4967,#3530,.T.);
#9887=EDGE_CURVE('',#4967,#4978,#3557,.T.);
#9889=EDGE_CURVE('',#4978,#4989,#3572,.T.);
#9891=EDGE_CURVE('',#4989,#4988,#3595,.T.);
#9893=EDGE_CURVE('',#4988,#4987,#3610,.T.);
#9897=EDGE_CURVE('',#4977,#4976,#3413,.T.);
#9899=EDGE_CURVE('',#4970,#4977,#3423,.T.);
#9901=EDGE_CURVE('',#4985,#4970,#3439,.T.);
#9903=EDGE_CURVE('',#4984,#4985,#3449,.T.);
#9905=EDGE_CURVE('',#4983,#4984,#3459,.T.);
#9907=EDGE_CURVE('',#4982,#4983,#3475,.T.);
#9909=EDGE_CURVE('',#4981,#4982,#3491,.T.);
#9911=EDGE_CURVE('',#4966,#4981,#3500,.T.);
#9921=EDGE_CURVE('',#4958,#4962,#3505,.T.);
#9923=EDGE_CURVE('',#4960,#4958,#3510,.T.);
#9925=EDGE_CURVE('',#4962,#4960,#3515,.T.);
#9930=EDGE_CURVE('',#4967,#4964,#3520,.T.);
#9933=EDGE_CURVE('',#4963,#4966,#3535,.T.);
#9943=EDGE_CURVE('',#4958,#4942,#3539,.T.);
#9947=EDGE_CURVE('',#4960,#4944,#3543,.T.);
#9973=EDGE_CURVE('',#4980,#4978,#3576,.T.);
#9987=EDGE_CURVE('',#5003,#4989,#3580,.T.);
#9999=EDGE_CURVE('',#5004,#4988,#3614,.T.);
#10025=EDGE_CURVE('',#4981,#5002,#3630,.T.);
#10037=EDGE_CURVE('',#4982,#5001,#3666,.T.);
#10048=EDGE_CURVE('',#4983,#5000,#3670,.T.);
#10064=EDGE_CURVE('',#4985,#4998,#3710,.T.);
#10079=EDGE_CURVE('',#4970,#4971,#3714,.T.);
#10103=EDGE_CURVE('',#4876,#4872,#3732,.T.);
#10105=EDGE_CURVE('',#4871,#4872,#3727,.T.);
#10108=EDGE_CURVE('',#4874,#4876,#3751,.T.);
#10119=EDGE_CURVE('',#4872,#4876,#3737,.T.);
#10123=EDGE_CURVE('',#4879,#4880,#3742,.T.);
#10125=EDGE_CURVE('',#4880,#4879,#3747,.T.);
#10147=EDGE_CURVE('',#4882,#4879,#3771,.T.);
#10150=EDGE_CURVE('',#4884,#4880,#3756,.T.);
#10152=EDGE_CURVE('',#4882,#4884,#3761,.T.);
#10162=EDGE_CURVE('',#4884,#4882,#3766,.T.);
#10175=EDGE_CURVE('',#4888,#4886,#3776,.T.);
#10177=EDGE_CURVE('',#4884,#4888,#3780,.T.);
#10180=EDGE_CURVE('',#4882,#4886,#4214,.T.);
#10190=EDGE_CURVE('',#4639,#4645,#3784,.T.);
#10192=EDGE_CURVE('',#4639,#4856,#3806,.T.);
#10194=EDGE_CURVE('',#4856,#4854,#3801,.T.);
#10196=EDGE_CURVE('',#4854,#4852,#3845,.T.);
#10198=EDGE_CURVE('',#4852,#4642,#3840,.T.);
#10200=EDGE_CURVE('',#4644,#4642,#3788,.T.);
#10202=EDGE_CURVE('',#4644,#4888,#4219,.T.);
#10205=EDGE_CURVE('',#4886,#4645,#4229,.T.);
#10215=EDGE_CURVE('',#4638,#4639,#3813,.T.);
#10218=EDGE_CURVE('',#4645,#4644,#4210,.T.);
#10221=EDGE_CURVE('',#4642,#4641,#3835,.T.);
#10223=EDGE_CURVE('',#4641,#4548,#3854,.T.);
#10225=EDGE_CURVE('',#4547,#4548,#3792,.T.);
#10227=EDGE_CURVE('',#4547,#4638,#3862,.T.);
#10237=EDGE_CURVE('',#4854,#5454,#3796,.T.);
#10242=EDGE_CURVE('',#5458,#4638,#3818,.T.);
#10244=EDGE_CURVE('',#5454,#5458,#3823,.T.);
#10254=EDGE_CURVE('',#4641,#5456,#3828,.T.);
#10260=EDGE_CURVE('',#5456,#5454,#3850,.T.);
#10270=EDGE_CURVE('',#5454,#4552,#3858,.T.);
#10272=EDGE_CURVE('',#4552,#4554,#3872,.T.);
#10274=EDGE_CURVE('',#4554,#4548,#3867,.T.);
#10287=EDGE_CURVE('',#4551,#4552,#3877,.T.);
#10293=EDGE_CURVE('',#4547,#4551,#3882,.T.);
#10310=EDGE_CURVE('',#4532,#4526,#3887,.T.);
#10312=EDGE_CURVE('',#4534,#4532,#3892,.T.);
#10314=EDGE_CURVE('',#4526,#4534,#3897,.T.);
#10324=EDGE_CURVE('',#4525,#4526,#3901,.T.);
#10326=EDGE_CURVE('',#4525,#4530,#3928,.T.);
#10328=EDGE_CURVE('',#4530,#4532,#3905,.T.);
#10343=EDGE_CURVE('',#4530,#4528,#3919,.T.);
#10345=EDGE_CURVE('',#4528,#4525,#3914,.T.);
#10355=EDGE_CURVE('',#4530,#4658,#3923,.T.);
#10357=EDGE_CURVE('',#4658,#4660,#3933,.T.);
#10359=EDGE_CURVE('',#4525,#4660,#3909,.T.);
#10374=EDGE_CURVE('',#4660,#4658,#3938,.T.);
#10388=EDGE_CURVE('',#4686,#4684,#3943,.T.);
#10390=EDGE_CURVE('',#4684,#4686,#3948,.T.);
#10400=EDGE_CURVE('',#4664,#4684,#3952,.T.);
#10402=EDGE_CURVE('',#4664,#4663,#3966,.T.);
#10404=EDGE_CURVE('',#4663,#4686,#3956,.T.);
#10418=EDGE_CURVE('',#4663,#4664,#3961,.T.);
#10432=EDGE_CURVE('',#4670,#4667,#3971,.T.);
#10434=EDGE_CURVE('',#4668,#4670,#3976,.T.);
#10436=EDGE_CURVE('',#4667,#4668,#3981,.T.);
#10446=EDGE_CURVE('',#4668,#4797,#3993,.T.);
#10448=EDGE_CURVE('',#4797,#4810,#4051,.T.);
#10450=EDGE_CURVE('',#4805,#4810,#3985,.T.);
#10452=EDGE_CURVE('',#4805,#4818,#4012,.T.);
#10454=EDGE_CURVE('',#4818,#4802,#4007,.T.);
#10456=EDGE_CURVE('',#4670,#4802,#3989,.T.);
#10471=EDGE_CURVE('',#4802,#4800,#4002,.T.);
#10473=EDGE_CURVE('',#4798,#4800,#3997,.T.);
#10475=EDGE_CURVE('',#4798,#4797,#4062,.T.);
#10488=EDGE_CURVE('',#4805,#4806,#4026,.T.);
#10490=EDGE_CURVE('',#4816,#4806,#4017,.T.);
#10492=EDGE_CURVE('',#4814,#4816,#4022,.T.);
#10494=EDGE_CURVE('',#4814,#4800,#4202,.T.);
#10506=EDGE_CURVE('',#4810,#4808,#4040,.T.);
#10508=EDGE_CURVE('',#4808,#4806,#4084,.T.);
#10518=EDGE_CURVE('',#4808,#4811,#4036,.T.);
#10523=EDGE_CURVE('',#4812,#4798,#4066,.T.);
#10525=EDGE_CURVE('',#4811,#4812,#4076,.T.);
#10535=EDGE_CURVE('',#4816,#4820,#4080,.T.);
#10540=EDGE_CURVE('',#4811,#4822,#4088,.T.);
#10542=EDGE_CURVE('',#4822,#4820,#4097,.T.);
#10553=EDGE_CURVE('',#4820,#4822,#4102,.T.);
#10557=EDGE_CURVE('',#4814,#4812,#4092,.T.);
#10572=EDGE_CURVE('',#4825,#4826,#4107,.T.);
#10574=EDGE_CURVE('',#4828,#4825,#4112,.T.);
#10576=EDGE_CURVE('',#4826,#4828,#4117,.T.);
#10586=EDGE_CURVE('',#5404,#4825,#4125,.T.);
#10589=EDGE_CURVE('',#5407,#4826,#4121,.T.);
#10591=EDGE_CURVE('',#5407,#5408,#4155,.T.);
#10593=EDGE_CURVE('',#5408,#5404,#4175,.T.);
#10604=EDGE_CURVE('',#5404,#5452,#4130,.T.);
#10606=EDGE_CURVE('',#5452,#5407,#4150,.T.);
#10620=EDGE_CURVE('',#5410,#5404,#4135,.T.);
#10622=EDGE_CURVE('',#5450,#5410,#4140,.T.);
#10624=EDGE_CURVE('',#5414,#5450,#4145,.T.);
#10626=EDGE_CURVE('',#5414,#5407,#4160,.T.);
#10639=EDGE_CURVE('',#5413,#5414,#4165,.T.);
#10641=EDGE_CURVE('',#5410,#5413,#4170,.T.);
#10653=EDGE_CURVE('',#5416,#5410,#4183,.T.);
#10657=EDGE_CURVE('',#5418,#5414,#4179,.T.);
#10659=EDGE_CURVE('',#5418,#5416,#4188,.T.);
#10670=EDGE_CURVE('',#5416,#5420,#4198,.T.);
#10672=EDGE_CURVE('',#5420,#5418,#4193,.T.);
#10708=EDGE_CURVE('',#4645,#4644,#4224,.T.);
#10743=EDGE_CURVE('',#5149,#5179,#4241,.T.);
#10746=EDGE_CURVE('',#5150,#5182,#4253,.T.);
#10748=EDGE_CURVE('',#5182,#5183,#4449,.T.);
#10750=EDGE_CURVE('',#5178,#5183,#4245,.T.);
#10752=EDGE_CURVE('',#5178,#5179,#4289,.T.);
#10763=EDGE_CURVE('',#5179,#5174,#4278,.T.);
#10765=EDGE_CURVE('',#5169,#5174,#4249,.T.);
#10767=EDGE_CURVE('',#5169,#5191,#4459,.T.);
#10769=EDGE_CURVE('',#5191,#5182,#4454,.T.);
#10782=EDGE_CURVE('',#5172,#5175,#4263,.T.);
#10784=EDGE_CURVE('',#5174,#5172,#4267,.T.);
#10788=EDGE_CURVE('',#5176,#5178,#4293,.T.);
#10790=EDGE_CURVE('',#5175,#5176,#4303,.T.);
#10800=EDGE_CURVE('',#5187,#5158,#4307,.T.);
#10802=EDGE_CURVE('',#5187,#5189,#4469,.T.);
#10804=EDGE_CURVE('',#5189,#5170,#4464,.T.);
#10806=EDGE_CURVE('',#5172,#5170,#4311,.T.);
#10809=EDGE_CURVE('',#5175,#5155,#4315,.T.);
#10811=EDGE_CURVE('',#5155,#5156,#4324,.T.);
#10813=EDGE_CURVE('',#5156,#5158,#4334,.T.);
#10824=EDGE_CURVE('',#5158,#5155,#4329,.T.);
#10828=EDGE_CURVE('',#5185,#5176,#4319,.T.);
#10830=EDGE_CURVE('',#5185,#5187,#4474,.T.);
#10845=EDGE_CURVE('',#5164,#5161,#4339,.T.);
#10847=EDGE_CURVE('',#5166,#5164,#4344,.T.);
#10849=EDGE_CURVE('',#5162,#5166,#4349,.T.);
#10851=EDGE_CURVE('',#5161,#5162,#4354,.T.);
#10861=EDGE_CURVE('',#5422,#5164,#4362,.T.);
#10865=EDGE_CURVE('',#5425,#5162,#4358,.T.);
#10867=EDGE_CURVE('',#5425,#5426,#4392,.T.);
#10869=EDGE_CURVE('',#5426,#5422,#4412,.T.);
#10880=EDGE_CURVE('',#5422,#5428,#4367,.T.);
#10882=EDGE_CURVE('',#5428,#5425,#4387,.T.);
#10896=EDGE_CURVE('',#5434,#5422,#4372,.T.);
#10898=EDGE_CURVE('',#5433,#5434,#4377,.T.);
#10900=EDGE_CURVE('',#5430,#5433,#4382,.T.);
#10902=EDGE_CURVE('',#5430,#5425,#4397,.T.);
#10915=EDGE_CURVE('',#5442,#5430,#4402,.T.);
#10917=EDGE_CURVE('',#5434,#5442,#4407,.T.);
#10929=EDGE_CURVE('',#5436,#5434,#4420,.T.);
#10933=EDGE_CURVE('',#5439,#5430,#4416,.T.);
#10935=EDGE_CURVE('',#5439,#5440,#4425,.T.);
#10937=EDGE_CURVE('',#5440,#5436,#4440,.T.);
#10949=EDGE_CURVE('',#5436,#5444,#4435,.T.);
#10951=EDGE_CURVE('',#5444,#5439,#4430,.T.);
#10977=EDGE_CURVE('',#5185,#5183,#4444,.T.);
#10991=EDGE_CURVE('',#5169,#5170,#4478,.T.);
#11021=CIRCLE('',#11020,4.064E0);
#11030=CIRCLE('',#11029,4.064E0);
#11038=B_SPLINE_CURVE_WITH_KNOTS('',3,(#11031,#11032,#11033,#11034,#11035,
#11036,#11037),.UNSPECIFIED.,.F.,.F.,(4,1,1,1,4),(0.E0,2.5E-1,5.E-1,7.5E-1,
1.E0),.UNSPECIFIED.);
#11043=CIRCLE('',#11042,4.064E0);
#11048=CIRCLE('',#11047,8.382E-1);
#11053=CIRCLE('',#11052,4.134846870532E0);
#11058=CIRCLE('',#11057,4.134846870532E0);
#11063=CIRCLE('',#11062,8.382E-1);
#11068=CIRCLE('',#11067,4.737797491175E0);
#11073=CIRCLE('',#11072,4.75E0);
#11078=CIRCLE('',#11077,4.75E0);
#11083=CIRCLE('',#11082,4.75E0);
#11088=CIRCLE('',#11087,4.737797491175E0);
#11093=CIRCLE('',#11092,4.737797491175E0);
#11122=CIRCLE('',#11121,4.064E0);
#11127=CIRCLE('',#11126,4.064E0);
#11136=CIRCLE('',#11135,4.737797491175E0);
#11153=CIRCLE('',#11152,4.673474999989E0);
#11158=CIRCLE('',#11157,4.673474999989E0);
#11163=CIRCLE('',#11162,4.673474999989E0);
#11172=CIRCLE('',#11171,4.75E0);
#11177=CIRCLE('',#11176,4.75E0);
#11182=CIRCLE('',#11181,4.75E0);
#11187=CIRCLE('',#11186,4.75E0);
#11204=CIRCLE('',#11203,4.673474999989E0);
#11209=CIRCLE('',#11208,4.673474999989E0);
#11214=CIRCLE('',#11213,4.673474999989E0);
#11219=CIRCLE('',#11218,4.673474999989E0);
#11228=CIRCLE('',#11227,4.064E0);
#11233=CIRCLE('',#11232,4.064E0);
#11238=CIRCLE('',#11237,4.064E0);
#11243=CIRCLE('',#11242,4.064E0);
#11331=EDGE_CURVE('',#11319,#11313,#11016,.T.);
#11333=EDGE_CURVE('',#11313,#11311,#11021,.T.);
#11335=EDGE_CURVE('',#11321,#11311,#11025,.T.);
#11337=EDGE_CURVE('',#11319,#11321,#11058,.T.);
#11348=EDGE_CURVE('',#11321,#11319,#11053,.T.);
#11351=EDGE_CURVE('',#11311,#11309,#11030,.T.);
#11353=EDGE_CURVE('',#11309,#11315,#11038,.T.);
#11355=EDGE_CURVE('',#11315,#11313,#11043,.T.);
#11365=EDGE_CURVE('',#11319,#11323,#11048,.T.);
#11367=EDGE_CURVE('',#11279,#11323,#11088,.T.);
#11369=EDGE_CURVE('',#11293,#11279,#11136,.T.);
#11371=EDGE_CURVE('',#11325,#11293,#11068,.T.);
#11373=EDGE_CURVE('',#11321,#11325,#11063,.T.);
#11387=EDGE_CURVE('',#11323,#11325,#11093,.T.);
#11398=EDGE_CURVE('',#11285,#11293,#11097,.T.);
#11400=EDGE_CURVE('',#11285,#11283,#11073,.T.);
#11402=EDGE_CURVE('',#11283,#11281,#11078,.T.);
#11404=EDGE_CURVE('',#11281,#11271,#11083,.T.);
#11406=EDGE_CURVE('',#11279,#11271,#11140,.T.);
#11418=EDGE_CURVE('',#11288,#11289,#11113,.T.);
#11420=EDGE_CURVE('',#11291,#11288,#11223,.T.);
#11422=EDGE_CURVE('',#11259,#11291,#11199,.T.);
#11424=EDGE_CURVE('',#11269,#11259,#11191,.T.);
#11426=EDGE_CURVE('',#11285,#11269,#11148,.T.);
#11429=EDGE_CURVE('',#11289,#11293,#11131,.T.);
#11439=EDGE_CURVE('',#11307,#11289,#11127,.T.);
#11441=EDGE_CURVE('',#11307,#11309,#11101,.T.);
#11446=EDGE_CURVE('',#11315,#11317,#11105,.T.);
#11448=EDGE_CURVE('',#11277,#11317,#11122,.T.);
#11450=EDGE_CURVE('',#11277,#11275,#11109,.T.);
#11452=EDGE_CURVE('',#11305,#11275,#11243,.T.);
#11454=EDGE_CURVE('',#11303,#11305,#11238,.T.);
#11456=EDGE_CURVE('',#11301,#11303,#11233,.T.);
#11458=EDGE_CURVE('',#11288,#11301,#11228,.T.);
#11469=EDGE_CURVE('',#11279,#11277,#11117,.T.);
#11472=EDGE_CURVE('',#11307,#11317,#11251,.T.);
#11485=EDGE_CURVE('',#11261,#11271,#11144,.T.);
#11487=EDGE_CURVE('',#11255,#11261,#11167,.T.);
#11489=EDGE_CURVE('',#11273,#11255,#11195,.T.);
#11491=EDGE_CURVE('',#11275,#11273,#11247,.T.);
#11509=EDGE_CURVE('',#11267,#11269,#11187,.T.);
#11511=EDGE_CURVE('',#11265,#11267,#11182,.T.);
#11513=EDGE_CURVE('',#11263,#11265,#11177,.T.);
#11515=EDGE_CURVE('',#11261,#11263,#11172,.T.);
#11525=EDGE_CURVE('',#11259,#11257,#11153,.T.);
#11527=EDGE_CURVE('',#11257,#11254,#11158,.T.);
#11529=EDGE_CURVE('',#11254,#11255,#11163,.T.);
#11550=EDGE_CURVE('',#11299,#11291,#11219,.T.);
#11552=EDGE_CURVE('',#11297,#11299,#11214,.T.);
#11554=EDGE_CURVE('',#11295,#11297,#11209,.T.);
#11556=EDGE_CURVE('',#11273,#11295,#11204,.T.);
#11600=CIRCLE('',#11599,4.064E0);
#11609=CIRCLE('',#11608,4.064E0);
#11618=CIRCLE('',#11617,4.737797491175E0);
#11639=CIRCLE('',#11638,4.737797491175E0);
#11648=CIRCLE('',#11647,4.749999999992E0);
#11653=CIRCLE('',#11652,4.749999999992E0);
#11658=CIRCLE('',#11657,4.749999999992E0);
#11667=CIRCLE('',#11666,4.737797491175E0);
#11672=CIRCLE('',#11671,4.737797491175E0);
#11677=CIRCLE('',#11676,8.382E-1);
#11682=CIRCLE('',#11681,4.134846870532E0);
#11687=CIRCLE('',#11686,4.134846870532E0);
#11692=CIRCLE('',#11691,8.382E-1);
#11701=CIRCLE('',#11700,4.064E0);
#11710=CIRCLE('',#11709,4.064E0);
#11718=B_SPLINE_CURVE_WITH_KNOTS('',3,(#11711,#11712,#11713,#11714,#11715,
#11716,#11717),.UNSPECIFIED.,.F.,.F.,(4,1,1,1,4),(0.E0,2.5E-1,5.E-1,7.5E-1,
1.E0),.UNSPECIFIED.);
#11723=CIRCLE('',#11722,4.064E0);
#11744=CIRCLE('',#11743,4.064E0);
#11749=CIRCLE('',#11748,4.064E0);
#11754=CIRCLE('',#11753,4.064E0);
#11759=CIRCLE('',#11758,4.064E0);
#11764=CIRCLE('',#11763,4.673474999989E0);
#11769=CIRCLE('',#11768,4.673474999989E0);
#11774=CIRCLE('',#11773,4.673474999989E0);
#11779=CIRCLE('',#11778,4.673474999989E0);
#11792=CIRCLE('',#11791,4.673474999989E0);
#11797=CIRCLE('',#11796,4.673474999989E0);
#11802=CIRCLE('',#11801,4.673474999989E0);
#11807=CIRCLE('',#11806,4.749999999992E0);
#11812=CIRCLE('',#11811,4.749999999992E0);
#11817=CIRCLE('',#11816,4.749999999992E0);
#11822=CIRCLE('',#11821,4.749999999992E0);
#11910=EDGE_CURVE('',#11864,#11862,#11595,.T.);
#11912=EDGE_CURVE('',#11862,#11894,#11600,.T.);
#11914=EDGE_CURVE('',#11894,#11883,#11604,.T.);
#11916=EDGE_CURVE('',#11883,#11884,#11609,.T.);
#11918=EDGE_CURVE('',#11884,#11896,#11613,.T.);
#11920=EDGE_CURVE('',#11896,#11864,#11618,.T.);
#11930=EDGE_CURVE('',#11833,#11834,#11630,.T.);
#11932=EDGE_CURVE('',#11833,#11852,#11622,.T.);
#11934=EDGE_CURVE('',#11858,#11852,#11783,.T.);
#11936=EDGE_CURVE('',#11858,#11860,#11626,.T.);
#11938=EDGE_CURVE('',#11862,#11860,#11735,.T.);
#11941=EDGE_CURVE('',#11834,#11864,#11662,.T.);
#11952=EDGE_CURVE('',#11836,#11834,#11658,.T.);
#11954=EDGE_CURVE('',#11838,#11836,#11653,.T.);
#11956=EDGE_CURVE('',#11840,#11838,#11648,.T.);
#11958=EDGE_CURVE('',#11840,#11842,#11634,.T.);
#11960=EDGE_CURVE('',#11848,#11842,#11822,.T.);
#11962=EDGE_CURVE('',#11846,#11848,#11817,.T.);
#11964=EDGE_CURVE('',#11844,#11846,#11812,.T.);
#11966=EDGE_CURVE('',#11833,#11844,#11807,.T.);
#11976=EDGE_CURVE('',#11902,#11896,#11639,.T.);
#11978=EDGE_CURVE('',#11896,#11840,#11643,.T.);
#11984=EDGE_CURVE('',#11864,#11900,#11667,.T.);
#11986=EDGE_CURVE('',#11900,#11902,#11672,.T.);
#11996=EDGE_CURVE('',#11899,#11900,#11677,.T.);
#12001=EDGE_CURVE('',#11904,#11902,#11692,.T.);
#12003=EDGE_CURVE('',#11904,#11899,#11682,.T.);
#12014=EDGE_CURVE('',#11899,#11904,#11687,.T.);
#12026=EDGE_CURVE('',#11899,#11890,#11696,.T.);
#12028=EDGE_CURVE('',#11890,#11888,#11701,.T.);
#12030=EDGE_CURVE('',#11904,#11888,#11705,.T.);
#12044=EDGE_CURVE('',#11888,#11886,#11710,.T.);
#12046=EDGE_CURVE('',#11886,#11892,#11718,.T.);
#12048=EDGE_CURVE('',#11892,#11890,#11723,.T.);
#12059=EDGE_CURVE('',#11883,#11886,#11727,.T.);
#12064=EDGE_CURVE('',#11892,#11894,#11731,.T.);
#12068=EDGE_CURVE('',#11880,#11860,#11759,.T.);
#12070=EDGE_CURVE('',#11878,#11880,#11754,.T.);
#12072=EDGE_CURVE('',#11876,#11878,#11749,.T.);
#12074=EDGE_CURVE('',#11875,#11876,#11744,.T.);
#12076=EDGE_CURVE('',#11875,#11884,#11739,.T.);
#12103=EDGE_CURVE('',#11858,#11868,#11764,.T.);
#12105=EDGE_CURVE('',#11868,#11870,#11769,.T.);
#12107=EDGE_CURVE('',#11870,#11872,#11774,.T.);
#12109=EDGE_CURVE('',#11872,#11866,#11779,.T.);
#12111=EDGE_CURVE('',#11875,#11866,#11826,.T.);
#12122=EDGE_CURVE('',#11851,#11852,#11802,.T.);
#12124=EDGE_CURVE('',#11854,#11851,#11797,.T.);
#12126=EDGE_CURVE('',#11856,#11854,#11792,.T.);
#12128=EDGE_CURVE('',#11856,#11866,#11787,.T.);
#12150=EDGE_CURVE('',#11856,#11842,#11830,.T.);
#12182=CIRCLE('',#12181,6.E-1);
#12183=TRIMMED_CURVE('',#12182,(PARAMETER_VALUE(0.E0)),(PARAMETER_VALUE(1.8E2)),
.T.,.UNSPECIFIED.);
#12184=COMPOSITE_CURVE_SEGMENT(.CONTINUOUS.,.T.,#12183);
#12189=CIRCLE('',#12188,6.E-1);
#12190=TRIMMED_CURVE('',#12189,(PARAMETER_VALUE(0.E0)),(PARAMETER_VALUE(1.8E2)),
.T.,.UNSPECIFIED.);
#12191=COMPOSITE_CURVE_SEGMENT(.CONTINUOUS.,.T.,#12190);
#12192=COMPOSITE_CURVE('',(#12184,#12191),.F.);
#12198=CIRCLE('',#12197,6.E-1);
#12199=TRIMMED_CURVE('',#12198,(PARAMETER_VALUE(0.E0)),(PARAMETER_VALUE(1.8E2)),
.T.,.UNSPECIFIED.);
#12200=COMPOSITE_CURVE_SEGMENT(.CONTINUOUS.,.T.,#12199);
#12205=CIRCLE('',#12204,6.E-1);
#12206=TRIMMED_CURVE('',#12205,(PARAMETER_VALUE(0.E0)),(PARAMETER_VALUE(1.8E2)),
.T.,.UNSPECIFIED.);
#12207=COMPOSITE_CURVE_SEGMENT(.CONTINUOUS.,.T.,#12206);
#12208=COMPOSITE_CURVE('',(#12200,#12207),.F.);
#12213=TRIMMED_CURVE('',#12212,(PARAMETER_VALUE(0.E0)),(PARAMETER_VALUE(1.E0)),
.T.,.UNSPECIFIED.);
#12214=COMPOSITE_CURVE_SEGMENT(.CONTINUOUS.,.T.,#12213);
#12219=TRIMMED_CURVE('',#12218,(PARAMETER_VALUE(0.E0)),(PARAMETER_VALUE(1.E0)),
.T.,.UNSPECIFIED.);
#12220=COMPOSITE_CURVE_SEGMENT(.CONTINUOUS.,.T.,#12219);
#12225=TRIMMED_CURVE('',#12224,(PARAMETER_VALUE(0.E0)),(PARAMETER_VALUE(1.E0)),
.T.,.UNSPECIFIED.);
#12226=COMPOSITE_CURVE_SEGMENT(.CONTINUOUS.,.T.,#12225);
#12231=TRIMMED_CURVE('',#12230,(PARAMETER_VALUE(0.E0)),(PARAMETER_VALUE(1.E0)),
.T.,.UNSPECIFIED.);
#12232=COMPOSITE_CURVE_SEGMENT(.CONTINUOUS.,.T.,#12231);
#12233=COMPOSITE_CURVE('',(#12214,#12220,#12226,#12232),.F.);
#12238=TRIMMED_CURVE('',#12237,(PARAMETER_VALUE(0.E0)),(PARAMETER_VALUE(1.E0)),
.T.,.UNSPECIFIED.);
#12239=COMPOSITE_CURVE_SEGMENT(.CONTINUOUS.,.T.,#12238);
#12244=TRIMMED_CURVE('',#12243,(PARAMETER_VALUE(0.E0)),(PARAMETER_VALUE(1.E0)),
.T.,.UNSPECIFIED.);
#12245=COMPOSITE_CURVE_SEGMENT(.CONTINUOUS.,.T.,#12244);
#12250=TRIMMED_CURVE('',#12249,(PARAMETER_VALUE(0.E0)),(PARAMETER_VALUE(1.E0)),
.T.,.UNSPECIFIED.);
#12251=COMPOSITE_CURVE_SEGMENT(.CONTINUOUS.,.T.,#12250);
#12256=TRIMMED_CURVE('',#12255,(PARAMETER_VALUE(0.E0)),(PARAMETER_VALUE(1.E0)),
.T.,.UNSPECIFIED.);
#12257=COMPOSITE_CURVE_SEGMENT(.CONTINUOUS.,.T.,#12256);
#12258=COMPOSITE_CURVE('',(#12239,#12245,#12251,#12257),.F.);
#12263=TRIMMED_CURVE('',#12262,(PARAMETER_VALUE(0.E0)),(PARAMETER_VALUE(1.E0)),
.T.,.UNSPECIFIED.);
#12264=COMPOSITE_CURVE_SEGMENT(.CONTINUOUS.,.T.,#12263);
#12269=TRIMMED_CURVE('',#12268,(PARAMETER_VALUE(0.E0)),(PARAMETER_VALUE(1.E0)),
.T.,.UNSPECIFIED.);
#12270=COMPOSITE_CURVE_SEGMENT(.CONTINUOUS.,.T.,#12269);
#12275=TRIMMED_CURVE('',#12274,(PARAMETER_VALUE(0.E0)),(PARAMETER_VALUE(1.E0)),
.T.,.UNSPECIFIED.);
#12276=COMPOSITE_CURVE_SEGMENT(.CONTINUOUS.,.T.,#12275);
#12281=TRIMMED_CURVE('',#12280,(PARAMETER_VALUE(0.E0)),(PARAMETER_VALUE(1.E0)),
.T.,.UNSPECIFIED.);
#12282=COMPOSITE_CURVE_SEGMENT(.CONTINUOUS.,.T.,#12281);
#12283=COMPOSITE_CURVE('',(#12264,#12270,#12276,#12282),.F.);
#12288=TRIMMED_CURVE('',#12287,(PARAMETER_VALUE(0.E0)),(PARAMETER_VALUE(1.E0)),
.T.,.UNSPECIFIED.);
#12289=COMPOSITE_CURVE_SEGMENT(.CONTINUOUS.,.T.,#12288);
#12294=TRIMMED_CURVE('',#12293,(PARAMETER_VALUE(0.E0)),(PARAMETER_VALUE(1.E0)),
.T.,.UNSPECIFIED.);
#12295=COMPOSITE_CURVE_SEGMENT(.CONTINUOUS.,.T.,#12294);
#12300=TRIMMED_CURVE('',#12299,(PARAMETER_VALUE(0.E0)),(PARAMETER_VALUE(1.E0)),
.T.,.UNSPECIFIED.);
#12301=COMPOSITE_CURVE_SEGMENT(.CONTINUOUS.,.T.,#12300);
#12306=TRIMMED_CURVE('',#12305,(PARAMETER_VALUE(0.E0)),(PARAMETER_VALUE(1.E0)),
.T.,.UNSPECIFIED.);
#12307=COMPOSITE_CURVE_SEGMENT(.CONTINUOUS.,.T.,#12306);
#12308=COMPOSITE_CURVE('',(#12289,#12295,#12301,#12307),.F.);
#12309=(LENGTH_UNIT()NAMED_UNIT(*)SI_UNIT(.MILLI.,.METRE.));
#12311=(NAMED_UNIT(*)PLANE_ANGLE_UNIT()SI_UNIT($,.RADIAN.));
#12314=(NAMED_UNIT(*)SI_UNIT($,.STERADIAN.)SOLID_ANGLE_UNIT());
#12317=ADVANCED_BREP_SHAPE_REPRESENTATION('',(#12173),#12316);
#12318=GEOMETRICALLY_BOUNDED_SURFACE_SHAPE_REPRESENTATION('',(#12193),#12316);
#12319=SHAPE_REPRESENTATION('',(#12177),#12316);
#12328=PRODUCT_DEFINITION('design','',#12327,#12324);
#12329=PRODUCT_DEFINITION_SHAPE('','SHAPE FOR 734153980.',#12328);
#12330=SHAPE_DEFINITION_REPRESENTATION(#12329,#12319);
ENDSEC;
END-ISO-10303-21;
