ISO-10303-21;
HEADER;
FILE_DESCRIPTION (( 'STEP AP214' ),
    '1' );
FILE_NAME ('BRX1-2450-SM.STEP',
    '2020-02-10T20:38:14',
    ( '' ),
    ( '' ),
    'SwSTEP 2.0',
    'SolidWorks 2017',
    '' );
FILE_SCHEMA (( 'AUTOMOTIVE_DESIGN' ));
ENDSEC;

DATA;
#1 = ORIENTED_EDGE ( 'NONE', *, *, #2199, .T. ) ;
#2 = DIRECTION ( 'NONE',  ( 1.000000000000000000, 0.0000000000000000000, 0.0000000000000000000 ) ) ;
#3 = CARTESIAN_POINT ( 'NONE',  ( -13.29999999999999900, 5.600000000000003200, 4.399999999999999500 ) ) ;
#4 = DIRECTION ( 'NONE',  ( 1.000000000000000000, 0.0000000000000000000, 0.0000000000000000000 ) ) ;
#5 = CARTESIAN_POINT ( 'NONE',  ( 14.71000000000000100, 9.523179994706850900E-015, -3.850000000000028500 ) ) ;
#6 = DIRECTION ( 'NONE',  ( 3.491481338843133400E-015, -1.000000000000000000, 4.092401786774402600E-031 ) ) ;
#7 = ORIENTED_EDGE ( 'NONE', *, *, #2059, .F. ) ;
#8 = CYLINDRICAL_SURFACE ( 'NONE', #76, 0.1000000000000000500 ) ;
#9 = ORIENTED_EDGE ( 'NONE', *, *, #3766, .F. ) ;
#10 = AXIS2_PLACEMENT_3D ( 'NONE', #3663, #1061, #3998 ) ;
#11 = PLANE ( 'NONE',  #3401 ) ;
#12 = DIRECTION ( 'NONE',  ( 0.0000000000000000000, 0.0000000000000000000, -1.000000000000000000 ) ) ;
#13 = LINE ( 'NONE', #619, #1103 ) ;
#14 = ORIENTED_EDGE ( 'NONE', *, *, #1593, .F. ) ;
#15 = DIRECTION ( 'NONE',  ( 0.9176698110926622100, -0.0000000000000000000, 0.3973438282006626100 ) ) ;
#16 = ADVANCED_FACE ( 'NONE', ( #865 ), #2661, .F. ) ;
#17 = EDGE_LOOP ( 'NONE', ( #1491, #1789, #4600, #7 ) ) ;
#18 = PLANE ( 'NONE',  #4589 ) ;
#19 = ORIENTED_EDGE ( 'NONE', *, *, #4468, .F. ) ;
#20 = EDGE_CURVE ( 'NONE', #1283, #384, #2156, .T. ) ;
#21 = CIRCLE ( 'NONE', #1775, 0.09999999999999939500 ) ;
#22 = ORIENTED_EDGE ( 'NONE', *, *, #300, .F. ) ;
#23 = FILL_AREA_STYLE_COLOUR ( '', #3447 ) ;
#24 = DIRECTION ( 'NONE',  ( 1.000000000000000000, 0.0000000000000000000, 0.0000000000000000000 ) ) ;
#25 = ORIENTED_EDGE ( 'NONE', *, *, #692, .T. ) ;
#26 = DIRECTION ( 'NONE',  ( 1.000000000000000000, -0.0000000000000000000, -0.0000000000000000000 ) ) ;
#27 = VECTOR ( 'NONE', #2083, 1000.000000000000000 ) ;
#28 = EDGE_CURVE ( 'NONE', #1046, #2906, #1978, .T. ) ;
#29 = ORIENTED_EDGE ( 'NONE', *, *, #4575, .T. ) ;
#30 = CARTESIAN_POINT ( 'NONE',  ( -4.999999999999996400, 5.778499608869254600, 3.449592267325072300 ) ) ;
#31 = CARTESIAN_POINT ( 'NONE',  ( 4.400000000000001200, 5.700000000000001100, -14.50000000000000000 ) ) ;
#32 = VECTOR ( 'NONE', #79, 1000.000000000000000 ) ;
#33 = CARTESIAN_POINT ( 'NONE',  ( 4.400000000000001200, 5.700000000000001100, -14.50000000000000000 ) ) ;
#34 = FACE_OUTER_BOUND ( 'NONE', #180, .T. ) ;
#35 = DIRECTION ( 'NONE',  ( -8.572527594031492900E-017, 1.000000000000000000, 0.0000000000000000000 ) ) ;
#36 = ORIENTED_EDGE ( 'NONE', *, *, #277, .F. ) ;
#37 = CARTESIAN_POINT ( 'NONE',  ( 4.999999999999996400, 5.700000000000001100, 4.376422909250776700 ) ) ;
#38 = ADVANCED_FACE ( 'NONE', ( #4720 ), #3494, .T. ) ;
#39 = EDGE_CURVE ( 'NONE', #589, #2665, #3996, .T. ) ;
#40 = PLANE ( 'NONE',  #1861 ) ;
#41 = FACE_OUTER_BOUND ( 'NONE', #2764, .T. ) ;
#42 = AXIS2_PLACEMENT_3D ( 'NONE', #4064, #2553, #2592 ) ;
#43 = DIRECTION ( 'NONE',  ( 0.0000000000000000000, -0.0000000000000000000, 1.000000000000000000 ) ) ;
#44 = VERTEX_POINT ( 'NONE', #3562 ) ;
#45 = LINE ( 'NONE', #2216, #1428 ) ;
#46 = CARTESIAN_POINT ( 'NONE',  ( -3.809999999999999200, 0.2000000000000398400, -14.90000000000002000 ) ) ;
#47 = EDGE_LOOP ( 'NONE', ( #3076, #4625, #4685, #1373 ) ) ;
#48 = EDGE_CURVE ( 'NONE', #3072, #1907, #2278, .T. ) ;
#49 = LINE ( 'NONE', #3695, #4346 ) ;
#50 = EDGE_LOOP ( 'NONE', ( #3031, #4471, #1, #3898 ) ) ;
#51 = VERTEX_POINT ( 'NONE', #3579 ) ;
#52 = CARTESIAN_POINT ( 'NONE',  ( 13.40000000000001300, 1.700000000000000200, -10.40000000000000200 ) ) ;
#53 = CARTESIAN_POINT ( 'NONE',  ( -13.40000000000000600, 0.3000000000000066500, -5.740000000000026000 ) ) ;
#54 = DIRECTION ( 'NONE',  ( -0.0000000000000000000, -1.000000000000000000, -0.0000000000000000000 ) ) ;
#55 = CARTESIAN_POINT ( 'NONE',  ( -13.59999999999999800, 5.600000000000005000, -10.40000000000000200 ) ) ;
#56 = EDGE_CURVE ( 'NONE', #996, #4234, #1269, .T. ) ;
#57 = ORIENTED_EDGE ( 'NONE', *, *, #20, .T. ) ;
#58 = VECTOR ( 'NONE', #507, 1000.000000000000000 ) ;
#59 = DIRECTION ( 'NONE',  ( 0.0000000000000000000, -2.891205793294678200E-015, 1.000000000000000000 ) ) ;
#60 = ORIENTED_EDGE ( 'NONE', *, *, #3006, .F. ) ;
#61 = DIRECTION ( 'NONE',  ( 0.0000000000000000000, 0.0000000000000000000, 1.000000000000000000 ) ) ;
#62 = DIRECTION ( 'NONE',  ( 0.0000000000000000000, 1.000000000000000000, 0.0000000000000000000 ) ) ;
#63 = ADVANCED_FACE ( 'NONE', ( #4480 ), #2088, .T. ) ;
#64 = PLANE ( 'NONE',  #1796 ) ;
#65 = ORIENTED_EDGE ( 'NONE', *, *, #3032, .T. ) ;
#66 = FACE_OUTER_BOUND ( 'NONE', #252, .T. ) ;
#67 = DIRECTION ( 'NONE',  ( 0.0000000000000000000, 0.0000000000000000000, -1.000000000000000000 ) ) ;
#68 = DIRECTION ( 'NONE',  ( 1.000000000000000000, -0.0000000000000000000, -0.0000000000000000000 ) ) ;
#69 = ORIENTED_EDGE ( 'NONE', *, *, #1315, .T. ) ;
#70 = CIRCLE ( 'NONE', #2360, 1.000000000000004400 ) ;
#71 = ORIENTED_EDGE ( 'NONE', *, *, #3237, .T. ) ;
#72 = CARTESIAN_POINT ( 'NONE',  ( 13.40000000000000900, 1.699999999999998400, 2.539999999999972900 ) ) ;
#73 = PLANE ( 'NONE',  #958 ) ;
#74 = VERTEX_POINT ( 'NONE', #4697 ) ;
#75 = ORIENTED_EDGE ( 'NONE', *, *, #228, .T. ) ;
#76 = AXIS2_PLACEMENT_3D ( 'NONE', #3229, #1702, #3571 ) ;
#77 = EDGE_CURVE ( 'NONE', #3906, #338, #2401, .T. ) ;
#78 = VECTOR ( 'NONE', #4221, 1000.000000000000000 ) ;
#79 = DIRECTION ( 'NONE',  ( 3.061276722312026800E-015, -1.000000000000000000, 0.0000000000000000000 ) ) ;
#80 = ORIENTED_EDGE ( 'NONE', *, *, #2917, .F. ) ;
#81 = CARTESIAN_POINT ( 'NONE',  ( -13.60000000000001200, 1.700000000000000800, -10.40000000000000200 ) ) ;
#82 = VERTEX_POINT ( 'NONE', #4291 ) ;
#83 = LINE ( 'NONE', #2730, #3446 ) ;
#84 = FACE_OUTER_BOUND ( 'NONE', #870, .T. ) ;
#85 = DIRECTION ( 'NONE',  ( 0.0000000000000000000, 1.000000000000000000, 0.0000000000000000000 ) ) ;
#86 = EDGE_CURVE ( 'NONE', #2420, #2607, #982, .T. ) ;
#87 = CARTESIAN_POINT ( 'NONE',  ( 10.63305127170896500, 1.900000000000002100, -11.10000000000001900 ) ) ;
#88 = ORIENTED_EDGE ( 'NONE', *, *, #3443, .F. ) ;
#89 = CARTESIAN_POINT ( 'NONE',  ( 14.71000000000000100, 9.523179994706850900E-015, 0.6499999999999712700 ) ) ;
#90 = CARTESIAN_POINT ( 'NONE',  ( -13.59999999999999800, 5.700000000000002000, -10.40000000000000200 ) ) ;
#91 = CIRCLE ( 'NONE', #3520, 0.3000000000000000400 ) ;
#92 = DIRECTION ( 'NONE',  ( -1.000000000000000000, 0.0000000000000000000, 0.0000000000000000000 ) ) ;
#93 = CARTESIAN_POINT ( 'NONE',  ( 13.29999999999999900, 5.600000000000003200, 4.399999999999999500 ) ) ;
#94 = ADVANCED_FACE ( 'NONE', ( #1033 ), #4114, .F. ) ;
#95 = DIRECTION ( 'NONE',  ( 0.0000000000000000000, 0.0000000000000000000, 1.000000000000000000 ) ) ;
#96 = ORIENTED_EDGE ( 'NONE', *, *, #2691, .F. ) ;
#97 = EDGE_CURVE ( 'NONE', #51, #4529, #239, .T. ) ;
#98 = LINE ( 'NONE', #522, #1826 ) ;
#99 = ORIENTED_EDGE ( 'NONE', *, *, #3518, .T. ) ;
#100 = DIRECTION ( 'NONE',  ( 1.000000000000000000, 5.546767395661957300E-018, -4.553079989440438700E-016 ) ) ;
#101 = VECTOR ( 'NONE', #4196, 1000.000000000000000 ) ;
#102 = AXIS2_PLACEMENT_3D ( 'NONE', #2561, #1479, #4431 ) ;
#103 = ORIENTED_EDGE ( 'NONE', *, *, #2292, .F. ) ;
#104 = DIRECTION ( 'NONE',  ( 1.000000000000000000, 3.252606517456504600E-015, 0.0000000000000000000 ) ) ;
#105 = CARTESIAN_POINT ( 'NONE',  ( 4.999999999999996400, 4.521306437175210700, -1.276180276523490400 ) ) ;
#106 = LINE ( 'NONE', #4079, #2379 ) ;
#107 = DIRECTION ( 'NONE',  ( 0.0000000000000000000, 1.000000000000000000, 0.0000000000000000000 ) ) ;
#108 = ORIENTED_EDGE ( 'NONE', *, *, #4377, .F. ) ;
#109 = CARTESIAN_POINT ( 'NONE',  ( -12.70462891345259300, 5.700000000000000200, -10.80000000000000600 ) ) ;
#110 = EDGE_CURVE ( 'NONE', #4655, #1072, #298, .T. ) ;
#111 = DIRECTION ( 'NONE',  ( 0.0000000000000000000, 1.000000000000000000, 0.0000000000000000000 ) ) ;
#112 = VECTOR ( 'NONE', #4779, 1000.000000000000000 ) ;
#113 = ORIENTED_EDGE ( 'NONE', *, *, #4285, .T. ) ;
#114 = ORIENTED_EDGE ( 'NONE', *, *, #785, .F. ) ;
#115 = DIRECTION ( 'NONE',  ( 0.0000000000000000000, 1.000000000000000000, 0.0000000000000000000 ) ) ;
#116 = PLANE ( 'NONE',  #2989 ) ;
#117 = ORIENTED_EDGE ( 'NONE', *, *, #4377, .T. ) ;
#118 = ADVANCED_FACE ( 'NONE', ( #2510 ), #3180, .F. ) ;
#119 = CIRCLE ( 'NONE', #4797, 0.8400000000000005200 ) ;
#120 = EDGE_CURVE ( 'NONE', #577, #4664, #2036, .T. ) ;
#121 = DIRECTION ( 'NONE',  ( -0.0000000000000000000, -0.0000000000000000000, -1.000000000000000000 ) ) ;
#122 = ORIENTED_EDGE ( 'NONE', *, *, #1664, .F. ) ;
#123 = FACE_OUTER_BOUND ( 'NONE', #621, .T. ) ;
#124 = PLANE ( 'NONE',  #2389 ) ;
#125 = DIRECTION ( 'NONE',  ( 1.172110456741085800E-016, -0.0000000000000000000, -1.000000000000000000 ) ) ;
#126 = EDGE_CURVE ( 'NONE', #2435, #855, #2957, .T. ) ;
#127 = ORIENTED_EDGE ( 'NONE', *, *, #4035, .F. ) ;
#128 = DIRECTION ( 'NONE',  ( -1.000000000000000000, 0.0000000000000000000, 0.0000000000000000000 ) ) ;
#129 = ORIENTED_EDGE ( 'NONE', *, *, #939, .T. ) ;
#130 = DIRECTION ( 'NONE',  ( -0.0000000000000000000, -0.2577550931996183100, -0.9662102834940518000 ) ) ;
#131 = DIRECTION ( 'NONE',  ( 0.0000000000000000000, 0.0000000000000000000, 1.000000000000000000 ) ) ;
#132 = AXIS2_PLACEMENT_3D ( 'NONE', #3141, #3437, #377 ) ;
#133 = FACE_OUTER_BOUND ( 'NONE', #203, .T. ) ;
#134 = VERTEX_POINT ( 'NONE', #219 ) ;
#135 = CIRCLE ( 'NONE', #3768, 1.000000000000004400 ) ;
#136 = DIRECTION ( 'NONE',  ( 0.0000000000000000000, 0.0000000000000000000, 1.000000000000000000 ) ) ;
#137 = ORIENTED_EDGE ( 'NONE', *, *, #3154, .T. ) ;
#138 = DIRECTION ( 'NONE',  ( -1.000000000000000000, 3.252606517456504600E-015, 0.0000000000000000000 ) ) ;
#139 = AXIS2_PLACEMENT_3D ( 'NONE', #792, #420, #809 ) ;
#140 = ORIENTED_EDGE ( 'NONE', *, *, #126, .T. ) ;
#141 = DIRECTION ( 'NONE',  ( 0.0000000000000000000, -3.491481338843133400E-015, 1.000000000000000000 ) ) ;
#142 = ADVANCED_FACE ( 'NONE', ( #4355, #1741, #4716 ), #948, .T. ) ;
#143 = ORIENTED_EDGE ( 'NONE', *, *, #2698, .T. ) ;
#144 = DIRECTION ( 'NONE',  ( 0.9176698110926622100, -0.0000000000000000000, 0.3973438282006626100 ) ) ;
#145 = CIRCLE ( 'NONE', #4206, 0.1000000000000011300 ) ;
#146 = AXIS2_PLACEMENT_3D ( 'NONE', #2502, #322, #635 ) ;
#147 = ORIENTED_EDGE ( 'NONE', *, *, #1912, .F. ) ;
#148 = EDGE_CURVE ( 'NONE', #3651, #2559, #3538, .T. ) ;
#149 = PLANE ( 'NONE',  #3697 ) ;
#150 = CARTESIAN_POINT ( 'NONE',  ( -13.60000000000001000, 1.699999999999997700, 2.539999999999972900 ) ) ;
#151 = LINE ( 'NONE', #3949, #27 ) ;
#152 = ORIENTED_EDGE ( 'NONE', *, *, #1437, .F. ) ;
#153 = FACE_OUTER_BOUND ( 'NONE', #930, .T. ) ;
#154 = PLANE ( 'NONE',  #750 ) ;
#155 = EDGE_CURVE ( 'NONE', #4265, #624, #3361, .T. ) ;
#156 = DIRECTION ( 'NONE',  ( 3.469446951953613400E-015, -1.000000000000000000, -2.168404344971008600E-016 ) ) ;
#157 = ORIENTED_EDGE ( 'NONE', *, *, #2539, .T. ) ;
#158 = PLANE ( 'NONE',  #1519 ) ;
#159 = DIRECTION ( 'NONE',  ( -1.000000000000000000, 0.0000000000000000000, 0.0000000000000000000 ) ) ;
#160 = LINE ( 'NONE', #1671, #4511 ) ;
#161 = EDGE_LOOP ( 'NONE', ( #3390, #3131, #1104, #2520 ) ) ;
#162 = FACE_OUTER_BOUND ( 'NONE', #171, .T. ) ;
#163 = PLANE ( 'NONE',  #1898 ) ;
#164 = PLANE ( 'NONE',  #2061 ) ;
#165 = VERTEX_POINT ( 'NONE', #3257 ) ;
#166 = ADVANCED_FACE ( 'NONE', ( #3714 ), #212, .T. ) ;
#167 = CIRCLE ( 'NONE', #3855, 0.8400000000000005200 ) ;
#168 = ORIENTED_EDGE ( 'NONE', *, *, #1664, .T. ) ;
#169 = VERTEX_POINT ( 'NONE', #3582 ) ;
#170 = CIRCLE ( 'NONE', #4227, 0.2999999999999981600 ) ;
#171 = EDGE_LOOP ( 'NONE', ( #2792, #1280, #4832, #2461 ) ) ;
#172 = ORIENTED_EDGE ( 'NONE', *, *, #2848, .T. ) ;
#173 = CARTESIAN_POINT ( 'NONE',  ( 4.999999999999996400, 5.778499608869254600, 3.449592267325072300 ) ) ;
#174 = VERTEX_POINT ( 'NONE', #3899 ) ;
#175 = LINE ( 'NONE', #4767, #1910 ) ;
#176 = CARTESIAN_POINT ( 'NONE',  ( 7.999999999999996400, 4.321306437175211500, -1.276180276523490400 ) ) ;
#177 = CARTESIAN_POINT ( 'NONE',  ( -12.70462891345259500, 5.600000000000003200, -11.10000000000000500 ) ) ;
#178 = EDGE_CURVE ( 'NONE', #134, #1710, #3597, .T. ) ;
#179 = ORIENTED_EDGE ( 'NONE', *, *, #1636, .F. ) ;
#180 = EDGE_LOOP ( 'NONE', ( #245, #4406, #890, #1589 ) ) ;
#181 = CARTESIAN_POINT ( 'NONE',  ( 12.70462891345259500, 5.700000000000002000, -11.10000000000000500 ) ) ;
#182 = VERTEX_POINT ( 'NONE', #4698 ) ;
#183 = DIRECTION ( 'NONE',  ( 0.0000000000000000000, 1.000000000000000000, 0.0000000000000000000 ) ) ;
#184 = VECTOR ( 'NONE', #1025, 999.9999999999998900 ) ;
#185 = DIRECTION ( 'NONE',  ( 1.000000000000000000, 9.680376540049140900E-017, 0.0000000000000000000 ) ) ;
#186 = EDGE_CURVE ( 'NONE', #2665, #2395, #4661, .T. ) ;
#187 = ADVANCED_FACE ( 'NONE', ( #1211 ), #3941, .T. ) ;
#188 = ORIENTED_EDGE ( 'NONE', *, *, #2367, .T. ) ;
#189 = CIRCLE ( 'NONE', #491, 0.2999999999999999300 ) ;
#190 = VERTEX_POINT ( 'NONE', #1676 ) ;
#191 = DIRECTION ( 'NONE',  ( 1.000000000000000000, 0.0000000000000000000, -0.0000000000000000000 ) ) ;
#192 = ORIENTED_EDGE ( 'NONE', *, *, #374, .F. ) ;
#193 = EDGE_LOOP ( 'NONE', ( #1772, #4176 ) ) ;
#194 = LINE ( 'NONE', #3863, #2979 ) ;
#195 = ORIENTED_EDGE ( 'NONE', *, *, #28, .F. ) ;
#196 = DIRECTION ( 'NONE',  ( 1.868706573620127700E-016, -1.000000000000000000, 0.0000000000000000000 ) ) ;
#197 = EDGE_CURVE ( 'NONE', #1471, #1905, #2839, .T. ) ;
#198 = EDGE_LOOP ( 'NONE', ( #4787, #617, #933, #3230 ) ) ;
#199 = AXIS2_PLACEMENT_3D ( 'NONE', #3359, #4422, #4458 ) ;
#200 = VECTOR ( 'NONE', #1287, 1000.000000000000100 ) ;
#201 = CARTESIAN_POINT ( 'NONE',  ( -13.70000000000000600, 0.2000000000000057300, -5.740000000000026000 ) ) ;
#202 = VECTOR ( 'NONE', #4565, 1000.000000000000000 ) ;
#203 = EDGE_LOOP ( 'NONE', ( #566, #3770, #3090, #2838 ) ) ;
#204 = VECTOR ( 'NONE', #4004, 1000.000000000000000 ) ;
#205 = CARTESIAN_POINT ( 'NONE',  ( -8.024999999999998600, 5.700000000000001100, -1.236852576628402200 ) ) ;
#206 = EDGE_CURVE ( 'NONE', #2895, #913, #3298, .T. ) ;
#207 = EDGE_LOOP ( 'NONE', ( #1010, #4607, #14, #2133 ) ) ;
#208 = DIRECTION ( 'NONE',  ( -0.0000000000000000000, -1.000000000000000000, -0.0000000000000000000 ) ) ;
#209 = ADVANCED_FACE ( 'NONE', ( #583 ), #2823, .F. ) ;
#210 = VECTOR ( 'NONE', #183, 1000.000000000000000 ) ;
#211 = DIRECTION ( 'NONE',  ( -1.000000000000000000, 0.0000000000000000000, 0.0000000000000000000 ) ) ;
#212 = PLANE ( 'NONE',  #2440 ) ;
#213 = VERTEX_POINT ( 'NONE', #2121 ) ;
#214 = CARTESIAN_POINT ( 'NONE',  ( -3.809999999999999200, 5.900000000000000400, -14.49999999999999800 ) ) ;
#215 = EDGE_CURVE ( 'NONE', #2536, #1693, #4238, .T. ) ;
#216 = DIRECTION ( 'NONE',  ( 1.172110456741081900E-016, 1.172110456741085800E-016, -1.000000000000000000 ) ) ;
#217 = ORIENTED_EDGE ( 'NONE', *, *, #1538, .F. ) ;
#218 = CARTESIAN_POINT ( 'NONE',  ( -4.974999999999995200, 5.900000000000000400, -1.236852576628402200 ) ) ;
#219 = CARTESIAN_POINT ( 'NONE',  ( 13.70000000000000600, 0.2000000000000057300, 2.539999999999972900 ) ) ;
#220 = CARTESIAN_POINT ( 'NONE',  ( 7.999999999999996400, 4.524685408825805900, -1.250404767203528800 ) ) ;
#221 = LINE ( 'NONE', #1670, #620 ) ;
#222 = ORIENTED_EDGE ( 'NONE', *, *, #340, .F. ) ;
#223 = DIRECTION ( 'NONE',  ( 8.572527594031492900E-017, 1.000000000000000000, -0.0000000000000000000 ) ) ;
#224 = CARTESIAN_POINT ( 'NONE',  ( -13.40000000000000900, 1.699999999999998400, 2.539999999999972900 ) ) ;
#225 = FACE_OUTER_BOUND ( 'NONE', #373, .T. ) ;
#226 = CARTESIAN_POINT ( 'NONE',  ( -17.55000000000000100, 4.975917338986202000E-015, 2.539999999999972900 ) ) ;
#227 = ORIENTED_EDGE ( 'NONE', *, *, #2624, .F. ) ;
#228 = EDGE_CURVE ( 'NONE', #1517, #4187, #4415, .T. ) ;
#229 = AXIS2_PLACEMENT_3D ( 'NONE', #4546, #1512, #3051 ) ;
#230 = CARTESIAN_POINT ( 'NONE',  ( 12.69999999999999900, 5.700000000000001100, 4.399999999999999500 ) ) ;
#231 = ORIENTED_EDGE ( 'NONE', *, *, #1371, .F. ) ;
#232 = FACE_OUTER_BOUND ( 'NONE', #1515, .T. ) ;
#233 = PLANE ( 'NONE',  #1352 ) ;
#234 = ADVANCED_FACE ( 'NONE', ( #3656 ), #271, .F. ) ;
#235 = CARTESIAN_POINT ( 'NONE',  ( 3.810000000000000900, 4.235907665587535000E-014, -14.90000000000002200 ) ) ;
#236 = DIRECTION ( 'NONE',  ( 8.572527594031491700E-017, -1.000000000000000000, -0.0000000000000000000 ) ) ;
#237 = VECTOR ( 'NONE', #4307, 1000.000000000000000 ) ;
#238 = EDGE_CURVE ( 'NONE', #2086, #1997, #1381, .T. ) ;
#239 = CIRCLE ( 'NONE', #1987, 0.8400000000000005200 ) ;
#240 = DIRECTION ( 'NONE',  ( 1.000000000000000000, -1.868706573620127700E-016, 0.0000000000000000000 ) ) ;
#241 = DIRECTION ( 'NONE',  ( -1.000000000000000000, 0.0000000000000000000, 0.0000000000000000000 ) ) ;
#242 = CARTESIAN_POINT ( 'NONE',  ( -4.999999999999996400, 4.521306437175210700, -1.276180276523490400 ) ) ;
#243 = EDGE_CURVE ( 'NONE', #1453, #1481, #2397, .T. ) ;
#244 = ORIENTED_EDGE ( 'NONE', *, *, #3622, .F. ) ;
#245 = ORIENTED_EDGE ( 'NONE', *, *, #4704, .F. ) ;
#246 = CARTESIAN_POINT ( 'NONE',  ( 4.999999999999996400, 4.321306437175211500, -1.276180276523490400 ) ) ;
#247 = ORIENTED_EDGE ( 'NONE', *, *, #3097, .T. ) ;
#248 = DIRECTION ( 'NONE',  ( -1.000000000000000000, 0.0000000000000000000, 0.0000000000000000000 ) ) ;
#249 = CYLINDRICAL_SURFACE ( 'NONE', #4241, 3.395780127642022100 ) ;
#250 = VERTEX_POINT ( 'NONE', #2072 ) ;
#251 = ORIENTED_EDGE ( 'NONE', *, *, #4161, .F. ) ;
#252 = EDGE_LOOP ( 'NONE', ( #3481, #1827, #4146, #2740 ) ) ;
#253 = CARTESIAN_POINT ( 'NONE',  ( 12.70462891345259500, 5.700000000000001100, -11.10000000000000500 ) ) ;
#254 = DIRECTION ( 'NONE',  ( 1.529099306256869600E-030, -3.652049423109067200E-015, 1.000000000000000000 ) ) ;
#255 = AXIS2_PLACEMENT_3D ( 'NONE', #2531, #2140, #616 ) ;
#256 = DIRECTION ( 'NONE',  ( 0.0000000000000000000, 0.0000000000000000000, 1.000000000000000000 ) ) ;
#257 = CIRCLE ( 'NONE', #1114, 3.595780127642022300 ) ;
#258 = ADVANCED_FACE ( 'NONE', ( #2674 ), #4665, .T. ) ;
#259 = LINE ( 'NONE', #352, #4444 ) ;
#260 = ORIENTED_EDGE ( 'NONE', *, *, #3599, .F. ) ;
#261 = LINE ( 'NONE', #4493, #3094 ) ;
#262 = DIRECTION ( 'NONE',  ( 0.0000000000000000000, -2.891205793294678200E-015, 1.000000000000000000 ) ) ;
#263 = DIRECTION ( 'NONE',  ( 0.0000000000000000000, 0.0000000000000000000, 1.000000000000000000 ) ) ;
#264 = ORIENTED_EDGE ( 'NONE', *, *, #2999, .F. ) ;
#265 = DIRECTION ( 'NONE',  ( -1.000000000000000000, 0.0000000000000000000, 0.0000000000000000000 ) ) ;
#266 = DIRECTION ( 'NONE',  ( 1.868706573620127700E-016, -1.000000000000000000, 0.0000000000000000000 ) ) ;
#267 = CIRCLE ( 'NONE', #1144, 3.395780127642022100 ) ;
#268 = FACE_OUTER_BOUND ( 'NONE', #3415, .T. ) ;
#269 = DIRECTION ( 'NONE',  ( 0.0000000000000000000, 1.437693676598009900E-016, 1.000000000000000000 ) ) ;
#270 = EDGE_CURVE ( 'NONE', #3617, #1261, #689, .T. ) ;
#271 = PLANE ( 'NONE',  #2348 ) ;
#272 = EDGE_LOOP ( 'NONE', ( #2373, #359, #276, #645 ) ) ;
#273 = FACE_OUTER_BOUND ( 'NONE', #2982, .T. ) ;
#274 = CARTESIAN_POINT ( 'NONE',  ( -7.999999999999996400, 4.521306437175210700, -1.276180276523490400 ) ) ;
#275 = CARTESIAN_POINT ( 'NONE',  ( -4.999999999999996400, 4.621306437175211300, -1.276180276523490400 ) ) ;
#276 = ORIENTED_EDGE ( 'NONE', *, *, #3080, .F. ) ;
#277 = EDGE_CURVE ( 'NONE', #74, #2787, #1505, .T. ) ;
#278 = CARTESIAN_POINT ( 'NONE',  ( 13.59999999999999800, 5.600000000000004100, 2.250452076942879700E-015 ) ) ;
#279 = LINE ( 'NONE', #4672, #1665 ) ;
#280 = DIRECTION ( 'NONE',  ( 0.0000000000000000000, -0.0000000000000000000, 1.000000000000000000 ) ) ;
#281 = ADVANCED_FACE ( 'NONE', ( #123 ), #1441, .T. ) ;
#282 = CARTESIAN_POINT ( 'NONE',  ( 13.42469905667219800, 1.700000000000002000, 4.519203148460198000 ) ) ;
#283 = CARTESIAN_POINT ( 'NONE',  ( -4.974999999999997000, 5.700000000000001100, 4.376422909250778500 ) ) ;
#284 = ORIENTED_EDGE ( 'NONE', *, *, #1870, .T. ) ;
#285 = ORIENTED_EDGE ( 'NONE', *, *, #3055, .T. ) ;
#286 = LINE ( 'NONE', #2667, #963 ) ;
#287 = AXIS2_PLACEMENT_3D ( 'NONE', #351, #1493, #1528 ) ;
#288 = ORIENTED_EDGE ( 'NONE', *, *, #2794, .F. ) ;
#289 = CARTESIAN_POINT ( 'NONE',  ( 13.40000000000001100, 1.700000000000000200, 4.399999999999998600 ) ) ;
#290 = DIRECTION ( 'NONE',  ( -0.0000000000000000000, -0.0000000000000000000, -1.000000000000000000 ) ) ;
#291 = DIRECTION ( 'NONE',  ( -1.000000000000000000, 0.0000000000000000000, 0.0000000000000000000 ) ) ;
#292 = ORIENTED_EDGE ( 'NONE', *, *, #2544, .T. ) ;
#293 = EDGE_CURVE ( 'NONE', #4653, #1760, #3423, .T. ) ;
#294 = LINE ( 'NONE', #2023, #969 ) ;
#295 = PLANE ( 'NONE',  #4723 ) ;
#297 = CARTESIAN_POINT ( 'NONE',  ( -17.55000000000000100, 4.975917338986202000E-015, -5.740000000000026000 ) ) ;
#296 = CARTESIAN_POINT ( 'NONE',  ( 15.55000000000000100, 9.595189226496714200E-015, -3.850000000000028500 ) ) ;
#298 = CIRCLE ( 'NONE', #346, 0.09999999999999766000 ) ;
#299 = CARTESIAN_POINT ( 'NONE',  ( 7.999999999999996400, 4.524685408825805900, -1.250404767203528800 ) ) ;
#300 = EDGE_CURVE ( 'NONE', #2559, #768, #2340, .T. ) ;
#301 = ORIENTED_EDGE ( 'NONE', *, *, #333, .F. ) ;
#302 = CARTESIAN_POINT ( 'NONE',  ( 3.810000000000000900, 5.700000000000002000, -14.80000000000000100 ) ) ;
#303 = CARTESIAN_POINT ( 'NONE',  ( -10.63305127170896500, 5.899999999999999500, -10.80000000000000600 ) ) ;
#304 = LINE ( 'NONE', #2884, #4122 ) ;
#305 = CARTESIAN_POINT ( 'NONE',  ( -13.40000000000001100, 1.700000000000000200, 4.399999999999998600 ) ) ;
#306 = ORIENTED_EDGE ( 'NONE', *, *, #3154, .F. ) ;
#307 = VECTOR ( 'NONE', #1768, 1000.000000000000000 ) ;
#308 = ORIENTED_EDGE ( 'NONE', *, *, #387, .F. ) ;
#309 = EDGE_CURVE ( 'NONE', #74, #2170, #4601, .T. ) ;
#310 = CARTESIAN_POINT ( 'NONE',  ( -13.70000000000000600, 0.3000000000000057600, 2.539999999999972900 ) ) ;
#311 = ORIENTED_EDGE ( 'NONE', *, *, #4254, .T. ) ;
#312 = VERTEX_POINT ( 'NONE', #1821 ) ;
#314 = PLANE ( 'NONE',  #3633 ) ;
#313 =( LENGTH_UNIT ( ) NAMED_UNIT ( * ) SI_UNIT ( .MILLI., .METRE. ) );
#315 = ADVANCED_FACE ( 'NONE', ( #414 ), #4772, .T. ) ;
#316 = LINE ( 'NONE', #3778, #435 ) ;
#317 = DIRECTION ( 'NONE',  ( 0.0000000000000000000, -1.000000000000000000, 0.0000000000000000000 ) ) ;
#318 = CARTESIAN_POINT ( 'NONE',  ( -4.999999999999996400, 5.585257552170444800, 3.501143285964995600 ) ) ;
#319 = ORIENTED_EDGE ( 'NONE', *, *, #3683, .F. ) ;
#320 = CARTESIAN_POINT ( 'NONE',  ( 13.60823301889072900, 1.700000000000000800, 4.439734382820063300 ) ) ;
#321 = LINE ( 'NONE', #1973, #943 ) ;
#322 = DIRECTION ( 'NONE',  ( -1.000000000000000000, 0.0000000000000000000, 0.0000000000000000000 ) ) ;
#323 = DIRECTION ( 'NONE',  ( -3.491481338843133400E-015, 1.000000000000000000, -4.092401786774402600E-031 ) ) ;
#324 = ORIENTED_EDGE ( 'NONE', *, *, #4643, .T. ) ;
#325 = AXIS2_PLACEMENT_3D ( 'NONE', #425, #12, #378 ) ;
#326 = CARTESIAN_POINT ( 'NONE',  ( 3.810000000000000900, 0.2000000000000423700, -14.90000000000002200 ) ) ;
#327 = VECTOR ( 'NONE', #4375, 1000.000000000000000 ) ;
#328 = CARTESIAN_POINT ( 'NONE',  ( -8.024999999999996800, 5.700000000000001100, 4.376422909250778500 ) ) ;
#329 = LINE ( 'NONE', #4058, #3745 ) ;
#330 = AXIS2_PLACEMENT_3D ( 'NONE', #1086, #4432, #2178 ) ;
#332 = DIRECTION ( 'NONE',  ( 0.0000000000000000000, -1.000000000000000000, -0.0000000000000000000 ) ) ;
#331 = APPLICATION_PROTOCOL_DEFINITION ( 'draft international standard', 'automotive_design', 1998, #2886 ) ;
#333 = EDGE_CURVE ( 'NONE', #1471, #3779, #861, .T. ) ;
#334 = VERTEX_POINT ( 'NONE', #2860 ) ;
#335 = CARTESIAN_POINT ( 'NONE',  ( -4.399999999999997700, 5.900000000000000400, -14.49999999999999800 ) ) ;
#336 = VECTOR ( 'NONE', #2446, 1000.000000000000000 ) ;
#337 = DIRECTION ( 'NONE',  ( -1.172110456741085800E-016, 4.066575051493318400E-031, -1.000000000000000000 ) ) ;
#338 = VERTEX_POINT ( 'NONE', #305 ) ;
#339 = CARTESIAN_POINT ( 'NONE',  ( -13.29999999999999900, 5.900000000000000400, -10.40000000000000200 ) ) ;
#340 = EDGE_CURVE ( 'NONE', #4071, #2298, #2455, .T. ) ;
#341 = ADVANCED_FACE ( 'NONE', ( #1318 ), #1871, .T. ) ;
#342 = VECTOR ( 'NONE', #4040, 1000.000000000000000 ) ;
#343 = CARTESIAN_POINT ( 'NONE',  ( 3.198827857764211800E-016, 0.2000000000000421400, -16.36000000000001000 ) ) ;
#344 = ORIENTED_EDGE ( 'NONE', *, *, #3808, .F. ) ;
#345 = CIRCLE ( 'NONE', #3129, 0.09999999999999939500 ) ;
#346 = AXIS2_PLACEMENT_3D ( 'NONE', #2810, #3939, #592 ) ;
#347 = ORIENTED_EDGE ( 'NONE', *, *, #2292, .T. ) ;
#348 = CARTESIAN_POINT ( 'NONE',  ( 6.987958991245730700, 5.700000000000001100, 10.84314482547739500 ) ) ;
#349 = EDGE_LOOP ( 'NONE', ( #1950, #965, #3694, #260, #3033, #114, #3984, #2783, #3971 ) ) ;
#350 = CIRCLE ( 'NONE', #3038, 0.2999999999999999300 ) ;
#351 = CARTESIAN_POINT ( 'NONE',  ( -3.323748392291524900E-015, 4.954613717351343600E-014, -14.60000000000001900 ) ) ;
#352 = CARTESIAN_POINT ( 'NONE',  ( 12.69999999999999900, 5.700000000000001100, 5.699999999999999300 ) ) ;
#353 = VERTEX_POINT ( 'NONE', #4068 ) ;
#354 = VECTOR ( 'NONE', #3688, 1000.000000000000000 ) ;
#355 = DIRECTION ( 'NONE',  ( 1.172110456741085800E-016, -0.0000000000000000000, -1.000000000000000000 ) ) ;
#356 = EDGE_CURVE ( 'NONE', #4413, #3287, #4177, .T. ) ;
#357 = LINE ( 'NONE', #2554, #1037 ) ;
#358 = AXIS2_PLACEMENT_3D ( 'NONE', #4031, #1814, #4416 ) ;
#359 = ORIENTED_EDGE ( 'NONE', *, *, #911, .T. ) ;
#360 = CARTESIAN_POINT ( 'NONE',  ( 14.09637171368696200, 1.700000000000002000, 6.070438316928878000 ) ) ;
#361 = ADVANCED_FACE ( 'NONE', ( #4295 ), #3322, .F. ) ;
#362 = VERTEX_POINT ( 'NONE', #4445 ) ;
#363 = CARTESIAN_POINT ( 'NONE',  ( -13.70000000000000600, 5.695369369829950200E-015, 2.539999999999972900 ) ) ;
#364 = LINE ( 'NONE', #3517, #4304 ) ;
#365 = ORIENTED_EDGE ( 'NONE', *, *, #2398, .T. ) ;
#366 = EDGE_CURVE ( 'NONE', #1151, #250, #3936, .T. ) ;
#367 = CARTESIAN_POINT ( 'NONE',  ( -13.69999999999999900, 2.600000000000003200, 4.399999999999999500 ) ) ;
#368 = LINE ( 'NONE', #3632, #3554 ) ;
#369 = EDGE_LOOP ( 'NONE', ( #390, #2107, #935, #1626 ) ) ;
#370 = DIRECTION ( 'NONE',  ( 0.0000000000000000000, 0.0000000000000000000, 1.000000000000000000 ) ) ;
#371 = DIRECTION ( 'NONE',  ( 1.000000000000000000, -9.680376540049140900E-017, 0.0000000000000000000 ) ) ;
#372 = DIRECTION ( 'NONE',  ( 0.0000000000000000000, 0.0000000000000000000, 1.000000000000000000 ) ) ;
#373 = EDGE_LOOP ( 'NONE', ( #4127, #4469, #1187, #519 ) ) ;
#374 = EDGE_CURVE ( 'NONE', #4237, #3591, #1976, .T. ) ;
#375 = ORIENTED_EDGE ( 'NONE', *, *, #2333, .T. ) ;
#376 = CIRCLE ( 'NONE', #3046, 0.2999999999999981600 ) ;
#377 = DIRECTION ( 'NONE',  ( 1.000000000000000000, 0.0000000000000000000, -0.0000000000000000000 ) ) ;
#378 = DIRECTION ( 'NONE',  ( -1.000000000000000000, 2.891205793294696400E-015, 0.0000000000000000000 ) ) ;
#379 = VECTOR ( 'NONE', #2573, 1000.000000000000000 ) ;
#380 = DIRECTION ( 'NONE',  ( 0.0000000000000000000, 1.000000000000000000, 0.0000000000000000000 ) ) ;
#381 = VERTEX_POINT ( 'NONE', #4459 ) ;
#382 = AXIS2_PLACEMENT_3D ( 'NONE', #1639, #2017, #4674 ) ;
#383 = LINE ( 'NONE', #1903, #2868 ) ;
#384 = VERTEX_POINT ( 'NONE', #4826 ) ;
#385 = CARTESIAN_POINT ( 'NONE',  ( -12.69999999999999900, 5.900000000000000400, 5.699999999999999300 ) ) ;
#386 = LINE ( 'NONE', #1745, #2243 ) ;
#387 = EDGE_CURVE ( 'NONE', #2395, #82, #633, .T. ) ;
#388 = CARTESIAN_POINT ( 'NONE',  ( 13.70000000000000600, 0.2000000000000057300, -5.740000000000026000 ) ) ;
#389 = CARTESIAN_POINT ( 'NONE',  ( -4.999999999999996400, 5.900000000000000400, 4.376422909250778500 ) ) ;
#390 = ORIENTED_EDGE ( 'NONE', *, *, #2911, .T. ) ;
#391 = FACE_OUTER_BOUND ( 'NONE', #3008, .T. ) ;
#392 = CARTESIAN_POINT ( 'NONE',  ( 15.55000000000000100, 9.595189226496714200E-015, 0.6499999999999713800 ) ) ;
#393 = ORIENTED_EDGE ( 'NONE', *, *, #777, .T. ) ;
#394 = CARTESIAN_POINT ( 'NONE',  ( -10.63305127170896500, 1.900000000000002100, -11.10000000000001900 ) ) ;
#395 = AXIS2_PLACEMENT_3D ( 'NONE', #4777, #2162, #2193 ) ;
#396 = DIRECTION ( 'NONE',  ( 0.0000000000000000000, 0.0000000000000000000, -1.000000000000000000 ) ) ;
#397 = FACE_OUTER_BOUND ( 'NONE', #3021, .T. ) ;
#398 = EDGE_CURVE ( 'NONE', #334, #1278, #3479, .T. ) ;
#399 = ORIENTED_EDGE ( 'NONE', *, *, #3909, .T. ) ;
#400 = VECTOR ( 'NONE', #3572, 1000.000000000000000 ) ;
#401 = ORIENTED_EDGE ( 'NONE', *, *, #3927, .F. ) ;
#402 = SURFACE_SIDE_STYLE ('',( #2303 ) ) ;
#403 = EDGE_CURVE ( 'NONE', #2086, #2420, #1088, .T. ) ;
#404 = DIRECTION ( 'NONE',  ( -8.758115402030108600E-047, -1.000000000000000000, -3.347711971183336500E-015 ) ) ;
#405 = FACE_OUTER_BOUND ( 'NONE', #3796, .T. ) ;
#406 = ORIENTED_EDGE ( 'NONE', *, *, #403, .T. ) ;
#407 = LINE ( 'NONE', #2391, #4286 ) ;
#408 = ORIENTED_EDGE ( 'NONE', *, *, #3942, .T. ) ;
#409 = DIRECTION ( 'NONE',  ( 1.000000000000000000, 0.0000000000000000000, -0.0000000000000000000 ) ) ;
#410 = DIRECTION ( 'NONE',  ( 5.546767395662001900E-018, -1.000000000000000000, 6.123233995736766000E-017 ) ) ;
#411 = ORIENTED_EDGE ( 'NONE', *, *, #2068, .T. ) ;
#412 = PLANE ( 'NONE',  #796 ) ;
#413 = ADVANCED_FACE ( 'NONE', ( #857 ), #4513, .T. ) ;
#414 = FACE_OUTER_BOUND ( 'NONE', #1295, .T. ) ;
#415 = DIRECTION ( 'NONE',  ( 3.469446951953613400E-015, 1.000000000000000000, 8.758115402030106700E-047 ) ) ;
#416 = ORIENTED_EDGE ( 'NONE', *, *, #3715, .F. ) ;
#417 = ORIENTED_EDGE ( 'NONE', *, *, #2142, .T. ) ;
#418 = AXIS2_PLACEMENT_3D ( 'NONE', #1252, #942, #2432 ) ;
#419 =( NAMED_UNIT ( * ) PLANE_ANGLE_UNIT ( ) SI_UNIT ( $, .RADIAN. ) );
#420 = DIRECTION ( 'NONE',  ( 0.0000000000000000000, 1.000000000000000000, 0.0000000000000000000 ) ) ;
#421 = ORIENTED_EDGE ( 'NONE', *, *, #2768, .T. ) ;
#422 = DIRECTION ( 'NONE',  ( 1.000000000000000000, 0.0000000000000000000, -0.0000000000000000000 ) ) ;
#423 = LINE ( 'NONE', #328, #1569 ) ;
#424 = ORIENTED_EDGE ( 'NONE', *, *, #758, .F. ) ;
#425 = CARTESIAN_POINT ( 'NONE',  ( -13.29999999999999900, 5.600000000000003200, -10.40000000000000200 ) ) ;
#426 = PLANE ( 'NONE',  #4482 ) ;
#427 = VECTOR ( 'NONE', #104, 1000.000000000000000 ) ;
#428 = ORIENTED_EDGE ( 'NONE', *, *, #1683, .F. ) ;
#429 = DIRECTION ( 'NONE',  ( 1.000000000000000000, -0.0000000000000000000, -0.0000000000000000000 ) ) ;
#430 = ORIENTED_EDGE ( 'NONE', *, *, #4761, .T. ) ;
#431 = CARTESIAN_POINT ( 'NONE',  ( -13.29999999999999900, 5.900000000000000400, 4.399999999999999500 ) ) ;
#432 = ORIENTED_EDGE ( 'NONE', *, *, #777, .F. ) ;
#433 = EDGE_CURVE ( 'NONE', #4664, #1090, #4712, .T. ) ;
#434 = DIRECTION ( 'NONE',  ( 0.0000000000000000000, 0.0000000000000000000, 1.000000000000000000 ) ) ;
#435 = VECTOR ( 'NONE', #68, 1000.000000000000000 ) ;
#436 = ORIENTED_EDGE ( 'NONE', *, *, #1935, .F. ) ;
#437 = ADVANCED_FACE ( 'NONE', ( #3533 ), #3418, .F. ) ;
#438 = CARTESIAN_POINT ( 'NONE',  ( -17.55000000000000100, 0.2000000000000050100, 2.539999999999972900 ) ) ;
#439 = ORIENTED_EDGE ( 'NONE', *, *, #4340, .T. ) ;
#440 = DIRECTION ( 'NONE',  ( -0.0000000000000000000, 1.000000000000000000, -0.0000000000000000000 ) ) ;
#441 = LINE ( 'NONE', #4637, #4143 ) ;
#442 = EDGE_CURVE ( 'NONE', #384, #362, #2832, .T. ) ;
#443 = FACE_OUTER_BOUND ( 'NONE', #4642, .T. ) ;
#444 = ORIENTED_EDGE ( 'NONE', *, *, #2496, .F. ) ;
#445 = CARTESIAN_POINT ( 'NONE',  ( -13.59999999999999800, 5.600000000000003200, 4.399999999999999500 ) ) ;
#446 = CARTESIAN_POINT ( 'NONE',  ( -15.55000000000000100, 9.595189226496714200E-015, -3.850000000000028500 ) ) ;
#447 = AXIS2_PLACEMENT_3D ( 'NONE', #1890, #3614, #128 ) ;
#448 = DIRECTION ( 'NONE',  ( -3.061276722312026400E-015, -1.000000000000000000, 0.0000000000000000000 ) ) ;
#449 = CARTESIAN_POINT ( 'NONE',  ( 13.70000000000000600, 0.2000000000000057300, -5.740000000000026000 ) ) ;
#450 = VERTEX_POINT ( 'NONE', #4622 ) ;
#451 = DIRECTION ( 'NONE',  ( 1.000000000000000000, 8.572527594031398000E-017, 0.0000000000000000000 ) ) ;
#452 = EDGE_CURVE ( 'NONE', #2588, #4619, #2337, .T. ) ;
#453 = CARTESIAN_POINT ( 'NONE',  ( -4.974999999999997000, 5.700000000000001100, 4.376422909250778500 ) ) ;
#454 = EDGE_LOOP ( 'NONE', ( #1008, #1831, #60, #4305 ) ) ;
#455 = LINE ( 'NONE', #2754, #1894 ) ;
#456 = CARTESIAN_POINT ( 'NONE',  ( -4.999999999999996400, 4.524685408825805900, -1.250404767203528800 ) ) ;
#457 = ORIENTED_EDGE ( 'NONE', *, *, #1839, .F. ) ;
#458 = CARTESIAN_POINT ( 'NONE',  ( 3.810000000000000900, 5.699999999999997500, -14.50000000000000200 ) ) ;
#459 = EDGE_CURVE ( 'NONE', #3615, #2620, #1312, .T. ) ;
#460 = FACE_OUTER_BOUND ( 'NONE', #3758, .T. ) ;
#461 = CARTESIAN_POINT ( 'NONE',  ( -7.999999999999996400, 4.331443352126995300, -1.198853748563604800 ) ) ;
#462 = CARTESIAN_POINT ( 'NONE',  ( -4.999999999999996400, 5.585257552170444800, 3.501143285964996000 ) ) ;
#463 = ORIENTED_EDGE ( 'NONE', *, *, #4575, .F. ) ;
#464 = CARTESIAN_POINT ( 'NONE',  ( 12.70462891345259500, 1.900000000000001500, -11.10000000000001900 ) ) ;
#465 = ORIENTED_EDGE ( 'NONE', *, *, #1920, .T. ) ;
#466 = CARTESIAN_POINT ( 'NONE',  ( -7.999999999999996400, 4.521306437175210700, -1.236852576628402200 ) ) ;
#467 = EDGE_CURVE ( 'NONE', #3679, #2086, #4411, .T. ) ;
#468 = CARTESIAN_POINT ( 'NONE',  ( -8.673617379884035500E-015, 5.900000000000000400, 60.70703911356945100 ) ) ;
#469 = VECTOR ( 'NONE', #3610, 1000.000000000000000 ) ;
#470 = AXIS2_PLACEMENT_3D ( 'NONE', #2637, #1850, #2966 ) ;
#471 = DIRECTION ( 'NONE',  ( 8.572527594031491700E-017, 1.000000000000000000, 0.0000000000000000000 ) ) ;
#472 = CIRCLE ( 'NONE', #631, 0.09999999999999939500 ) ;
#473 = ORIENTED_EDGE ( 'NONE', *, *, #836, .F. ) ;
#474 = DIRECTION ( 'NONE',  ( 1.000000000000000000, 0.0000000000000000000, 0.0000000000000000000 ) ) ;
#475 = FACE_OUTER_BOUND ( 'NONE', #3025, .T. ) ;
#476 = CARTESIAN_POINT ( 'NONE',  ( 13.40000000000000900, 1.699999999999998400, -5.740000000000026000 ) ) ;
#477 = EDGE_CURVE ( 'NONE', #1924, #1055, #3176, .T. ) ;
#478 = DIRECTION ( 'NONE',  ( 0.0000000000000000000, 1.000000000000000000, 0.0000000000000000000 ) ) ;
#479 = DIRECTION ( 'NONE',  ( 1.000000000000000000, 0.0000000000000000000, 0.0000000000000000000 ) ) ;
#480 = AXIS2_PLACEMENT_3D ( 'NONE', #1163, #1549, #4142 ) ;
#481 = ORIENTED_EDGE ( 'NONE', *, *, #3168, .T. ) ;
#482 = DIRECTION ( 'NONE',  ( -1.000000000000000000, 3.491481338843133400E-015, 0.0000000000000000000 ) ) ;
#483 = FACE_OUTER_BOUND ( 'NONE', #1603, .T. ) ;
#484 = DIRECTION ( 'NONE',  ( 0.0000000000000000000, 0.0000000000000000000, -1.000000000000000000 ) ) ;
#485 = PLANE ( 'NONE',  #2834 ) ;
#486 = ADVANCED_FACE ( 'NONE', ( #232 ), #149, .F. ) ;
#487 = CARTESIAN_POINT ( 'NONE',  ( -7.999999999999996400, 5.900000000000000400, 4.376422909250776700 ) ) ;
#488 = ORIENTED_EDGE ( 'NONE', *, *, #3808, .T. ) ;
#489 = FACE_OUTER_BOUND ( 'NONE', #3445, .T. ) ;
#490 = ORIENTED_EDGE ( 'NONE', *, *, #1066, .F. ) ;
#491 = AXIS2_PLACEMENT_3D ( 'NONE', #1763, #3216, #3616 ) ;
#492 = EDGE_CURVE ( 'NONE', #2356, #3243, #294, .T. ) ;
#493 = ORIENTED_EDGE ( 'NONE', *, *, #3182, .T. ) ;
#494 = DIRECTION ( 'NONE',  ( -1.172110456741085800E-016, 0.0000000000000000000, -1.000000000000000000 ) ) ;
#495 = EDGE_LOOP ( 'NONE', ( #4495, #2351 ) ) ;
#496 = CYLINDRICAL_SURFACE ( 'NONE', #4717, 0.09999999999999766000 ) ;
#497 = LINE ( 'NONE', #1591, #202 ) ;
#498 = DIRECTION ( 'NONE',  ( 0.0000000000000000000, 0.0000000000000000000, 1.000000000000000000 ) ) ;
#499 = EDGE_CURVE ( 'NONE', #2697, #2891, #3708, .T. ) ;
#500 = ORIENTED_EDGE ( 'NONE', *, *, #1952, .F. ) ;
#501 = CARTESIAN_POINT ( 'NONE',  ( -4.999999999999996400, 5.778499608869254600, 3.449592267325071800 ) ) ;
#502 = VECTOR ( 'NONE', #3306, 1000.000000000000000 ) ;
#503 = DIRECTION ( 'NONE',  ( 0.0000000000000000000, 1.437693676597936700E-016, 1.000000000000000000 ) ) ;
#504 = CARTESIAN_POINT ( 'NONE',  ( -14.27990567590549500, 2.600000000000003200, 5.990969551288745100 ) ) ;
#505 = EDGE_CURVE ( 'NONE', #1283, #3110, #2152, .T. ) ;
#506 = VECTOR ( 'NONE', #1267, 1000.000000000000000 ) ;
#507 = DIRECTION ( 'NONE',  ( 2.710505431213774400E-016, 1.437693676597985000E-016, 1.000000000000000000 ) ) ;
#508 = VERTEX_POINT ( 'NONE', #3854 ) ;
#509 = ADVANCED_FACE ( 'NONE', ( #3010 ), #3495, .T. ) ;
#510 = CARTESIAN_POINT ( 'NONE',  ( 12.70462891345259300, 5.900000000000000400, -10.80000000000000600 ) ) ;
#511 = CIRCLE ( 'NONE', #3352, 0.2999999999999999300 ) ;
#512 = LINE ( 'NONE', #2772, #1302 ) ;
#513 = DIRECTION ( 'NONE',  ( 0.0000000000000000000, -0.2577550931996182600, -0.9662102834940519100 ) ) ;
#514 = ORIENTED_EDGE ( 'NONE', *, *, #4539, .F. ) ;
#515 = DIRECTION ( 'NONE',  ( -1.529099306256869600E-030, -3.652049423109067200E-015, 1.000000000000000000 ) ) ;
#516 = AXIS2_PLACEMENT_3D ( 'NONE', #181, #1666, #1257 ) ;
#517 = DIRECTION ( 'NONE',  ( -0.0000000000000000000, -0.0000000000000000000, 1.000000000000000000 ) ) ;
#518 = VECTOR ( 'NONE', #1722, 1000.000000000000000 ) ;
#519 = ORIENTED_EDGE ( 'NONE', *, *, #1695, .T. ) ;
#520 = ORIENTED_EDGE ( 'NONE', *, *, #4181, .F. ) ;
#521 = CARTESIAN_POINT ( 'NONE',  ( -3.809999999999999200, 0.3000000000000424000, -14.90000000000002200 ) ) ;
#522 = CARTESIAN_POINT ( 'NONE',  ( -13.29999999999999900, 5.700000000000001100, 4.399999999999999500 ) ) ;
#523 = ORIENTED_EDGE ( 'NONE', *, *, #398, .T. ) ;
#524 = VECTOR ( 'NONE', #3795, 1000.000000000000000 ) ;
#525 = ORIENTED_EDGE ( 'NONE', *, *, #3443, .T. ) ;
#526 = EDGE_CURVE ( 'NONE', #2516, #3432, #350, .T. ) ;
#527 = CARTESIAN_POINT ( 'NONE',  ( -13.29999999999999900, 5.600000000000003200, -10.40000000000000200 ) ) ;
#528 = CARTESIAN_POINT ( 'NONE',  ( -4.999999999999996400, 5.700000000000001100, 4.376422909250776700 ) ) ;
#529 = DIRECTION ( 'NONE',  ( 0.0000000000000000000, 0.0000000000000000000, -1.000000000000000000 ) ) ;
#530 = EDGE_CURVE ( 'NONE', #2250, #3173, #3065, .T. ) ;
#531 = ADVANCED_FACE ( 'NONE', ( #4174 ), #426, .T. ) ;
#532 = ORIENTED_EDGE ( 'NONE', *, *, #946, .F. ) ;
#533 = VERTEX_POINT ( 'NONE', #31 ) ;
#534 = UNCERTAINTY_MEASURE_WITH_UNIT (LENGTH_MEASURE( 1.000000000000000100E-005 ), #2938, 'distance_accuracy_value', 'NONE');
#535 = ORIENTED_EDGE ( 'NONE', *, *, #2840, .T. ) ;
#536 = AXIS2_PLACEMENT_3D ( 'NONE', #93, #484, #4616 ) ;
#537 = CARTESIAN_POINT ( 'NONE',  ( 13.40000000000000400, 5.751430567038554200E-015, 2.539999999999972900 ) ) ;
#538 = CIRCLE ( 'NONE', #2163, 5.557769798733283500 ) ;
#539 = ORIENTED_EDGE ( 'NONE', *, *, #1945, .F. ) ;
#540 = VECTOR ( 'NONE', #3421, 1000.000000000000000 ) ;
#541 = CARTESIAN_POINT ( 'NONE',  ( -13.40000000000000400, 0.2000000000000057800, 2.539999999999972900 ) ) ;
#542 = EDGE_LOOP ( 'NONE', ( #2723, #3316, #3027, #673 ) ) ;
#543 = EDGE_CURVE ( 'NONE', #996, #1383, #4766, .T. ) ;
#544 = VERTEX_POINT ( 'NONE', #4191 ) ;
#545 = DIRECTION ( 'NONE',  ( 0.0000000000000000000, 4.462506489046080100E-015, -1.000000000000000000 ) ) ;
#546 = EDGE_LOOP ( 'NONE', ( #9, #794, #3904, #69 ) ) ;
#547 = CARTESIAN_POINT ( 'NONE',  ( -10.63305127170896500, 1.900000000000002100, -11.10000000000001900 ) ) ;
#548 = VECTOR ( 'NONE', #35, 1000.000000000000000 ) ;
#549 = VERTEX_POINT ( 'NONE', #1214 ) ;
#550 = EDGE_CURVE ( 'NONE', #1846, #956, #2672, .T. ) ;
#551 = CARTESIAN_POINT ( 'NONE',  ( 13.60000000000000700, 0.3000000000000060400, 2.539999999999972900 ) ) ;
#552 = LINE ( 'NONE', #588, #2114 ) ;
#553 = ADVANCED_FACE ( 'NONE', ( #1148 ), #1554, .F. ) ;
#554 = FACE_OUTER_BOUND ( 'NONE', #3849, .T. ) ;
#555 = ORIENTED_EDGE ( 'NONE', *, *, #1608, .F. ) ;
#556 = LINE ( 'NONE', #3595, #4386 ) ;
#557 = EDGE_CURVE ( 'NONE', #4237, #4446, #1675, .T. ) ;
#558 = DIRECTION ( 'NONE',  ( 0.0000000000000000000, 1.000000000000000000, 0.0000000000000000000 ) ) ;
#559 = CARTESIAN_POINT ( 'NONE',  ( 1.697300229945129200E-029, 4.123604486427936700E-014, -11.10000000000002600 ) ) ;
#560 = FACE_OUTER_BOUND ( 'NONE', #2422, .T. ) ;
#561 = VERTEX_POINT ( 'NONE', #2676 ) ;
#562 = VECTOR ( 'NONE', #415, 1000.000000000000000 ) ;
#563 = ORIENTED_EDGE ( 'NONE', *, *, #3299, .T. ) ;
#564 = VECTOR ( 'NONE', #1694, 1000.000000000000000 ) ;
#565 = AXIS2_PLACEMENT_3D ( 'NONE', #1009, #4744, #1713 ) ;
#566 = ORIENTED_EDGE ( 'NONE', *, *, #1273, .T. ) ;
#567 = VECTOR ( 'NONE', #3170, 1000.000000000000100 ) ;
#568 = ADVANCED_FACE ( 'NONE', ( #2208 ), #2552, .F. ) ;
#569 = CARTESIAN_POINT ( 'NONE',  ( -7.999999999999996400, 2.304219872357979000, 4.376422909250776700 ) ) ;
#570 = DIRECTION ( 'NONE',  ( 0.0000000000000000000, 0.0000000000000000000, 1.000000000000000000 ) ) ;
#571 = VERTEX_POINT ( 'NONE', #2708 ) ;
#572 = ADVANCED_FACE ( 'NONE', ( #4829 ), #64, .T. ) ;
#573 = ORIENTED_EDGE ( 'NONE', *, *, #1780, .T. ) ;
#574 = AXIS2_PLACEMENT_3D ( 'NONE', #2120, #3973, #269 ) ;
#575 = DIRECTION ( 'NONE',  ( 3.090394334539071700E-016, 0.0000000000000000000, 1.000000000000000000 ) ) ;
#576 = EDGE_CURVE ( 'NONE', #2356, #381, #1436, .T. ) ;
#577 = VERTEX_POINT ( 'NONE', #4111 ) ;
#578 = VECTOR ( 'NONE', #130, 1000.000000000000100 ) ;
#579 = DIRECTION ( 'NONE',  ( 1.000000000000000000, 0.0000000000000000000, 0.0000000000000000000 ) ) ;
#580 = DIRECTION ( 'NONE',  ( 1.529099306256869600E-030, -3.652049423109067200E-015, 1.000000000000000000 ) ) ;
#581 = EDGE_CURVE ( 'NONE', #1891, #2168, #2725, .T. ) ;
#582 = ORIENTED_EDGE ( 'NONE', *, *, #1855, .F. ) ;
#583 = FACE_OUTER_BOUND ( 'NONE', #1468, .T. ) ;
#584 = CARTESIAN_POINT ( 'NONE',  ( -7.999999999999996400, 4.621306437175211300, -1.276180276523490400 ) ) ;
#585 = EDGE_LOOP ( 'NONE', ( #2774, #1142, #3455, #2097 ) ) ;
#586 = FACE_OUTER_BOUND ( 'NONE', #644, .T. ) ;
#587 = CARTESIAN_POINT ( 'NONE',  ( -4.999999999999996400, 2.304219872357979000, 4.376422909250776700 ) ) ;
#588 = CARTESIAN_POINT ( 'NONE',  ( 12.70462891345259500, 5.700000000000002000, -11.10000000000000500 ) ) ;
#589 = VERTEX_POINT ( 'NONE', #783 ) ;
#590 = CIRCLE ( 'NONE', #2936, 0.1000000000000020000 ) ;
#591 = ORIENTED_EDGE ( 'NONE', *, *, #1198, .F. ) ;
#592 = DIRECTION ( 'NONE',  ( -1.000000000000000000, 0.0000000000000000000, 0.0000000000000000000 ) ) ;
#593 = CARTESIAN_POINT ( 'NONE',  ( 3.809999999999999600, 4.168757353206764500E-014, -19.59999999999999800 ) ) ;
#594 = DIRECTION ( 'NONE',  ( -0.0000000000000000000, -0.0000000000000000000, -1.000000000000000000 ) ) ;
#595 = ORIENTED_EDGE ( 'NONE', *, *, #1456, .T. ) ;
#596 = VECTOR ( 'NONE', #2511, 1000.000000000000000 ) ;
#597 = VERTEX_POINT ( 'NONE', #2663 ) ;
#598 = CIRCLE ( 'NONE', #2713, 1.500000000000000000 ) ;
#599 = ORIENTED_EDGE ( 'NONE', *, *, #110, .T. ) ;
#600 = EDGE_CURVE ( 'NONE', #3486, #944, #119, .T. ) ;
#601 = ORIENTED_EDGE ( 'NONE', *, *, #4668, .T. ) ;
#602 = AXIS2_PLACEMENT_3D ( 'NONE', #318, #2940, #4437 ) ;
#603 = DIRECTION ( 'NONE',  ( 0.0000000000000000000, 0.0000000000000000000, 1.000000000000000000 ) ) ;
#604 = LINE ( 'NONE', #504, #1407 ) ;
#605 = CARTESIAN_POINT ( 'NONE',  ( 4.999999999999996400, 4.321306437175211500, -1.236852576628402200 ) ) ;
#606 = LINE ( 'NONE', #1576, #1586 ) ;
#607 = ORIENTED_EDGE ( 'NONE', *, *, #1329, .T. ) ;
#608 = FACE_OUTER_BOUND ( 'NONE', #3354, .T. ) ;
#609 = EDGE_CURVE ( 'NONE', #1288, #2395, #1971, .T. ) ;
#610 = DIRECTION ( 'NONE',  ( -1.000000000000000000, 8.572527594031398000E-017, 0.0000000000000000000 ) ) ;
#611 = DIRECTION ( 'NONE',  ( 1.000000000000000000, -0.0000000000000000000, -0.0000000000000000000 ) ) ;
#612 = LINE ( 'NONE', #2675, #2430 ) ;
#613 = ORIENTED_EDGE ( 'NONE', *, *, #2955, .F. ) ;
#614 = EDGE_CURVE ( 'NONE', #1090, #1107, #914, .T. ) ;
#615 = CIRCLE ( 'NONE', #2618, 50.00000000000000000 ) ;
#616 = DIRECTION ( 'NONE',  ( -1.000000000000000000, 0.0000000000000000000, -0.0000000000000000000 ) ) ;
#617 = ORIENTED_EDGE ( 'NONE', *, *, #4805, .F. ) ;
#618 = ADVANCED_FACE ( 'NONE', ( #3823 ), #1239, .F. ) ;
#619 = CARTESIAN_POINT ( 'NONE',  ( -13.60000000000001000, 1.700000000000000800, 4.399999999999998600 ) ) ;
#620 = VECTOR ( 'NONE', #1688, 1000.000000000000000 ) ;
#621 = EDGE_LOOP ( 'NONE', ( #2228, #898, #2309, #2266 ) ) ;
#622 = CYLINDRICAL_SURFACE ( 'NONE', #447, 0.09999999999999766000 ) ;
#623 = CARTESIAN_POINT ( 'NONE',  ( 7.999999999999996400, 4.321306437175211500, -1.276180276523490400 ) ) ;
#624 = VERTEX_POINT ( 'NONE', #3417 ) ;
#625 = EDGE_CURVE ( 'NONE', #855, #4619, #1847, .T. ) ;
#626 = ORIENTED_EDGE ( 'NONE', *, *, #3932, .F. ) ;
#627 = LINE ( 'NONE', #1883, #1616 ) ;
#628 = ORIENTED_EDGE ( 'NONE', *, *, #2711, .T. ) ;
#629 = CARTESIAN_POINT ( 'NONE',  ( -4.399999999999998600, 5.700000000000001100, -8.942230201266717400 ) ) ;
#630 = CARTESIAN_POINT ( 'NONE',  ( -13.42469905667219800, 1.700000000000000800, 4.519203148460198000 ) ) ;
#631 = AXIS2_PLACEMENT_3D ( 'NONE', #3476, #3029, #3981 ) ;
#632 = ORIENTED_EDGE ( 'NONE', *, *, #2333, .F. ) ;
#633 = LINE ( 'NONE', #2608, #4477 ) ;
#634 = EDGE_CURVE ( 'NONE', #4792, #312, #2031, .T. ) ;
#635 = DIRECTION ( 'NONE',  ( 0.0000000000000000000, 0.0000000000000000000, 1.000000000000000000 ) ) ;
#636 = EDGE_LOOP ( 'NONE', ( #3125, #3867, #3641, #1735 ) ) ;
#637 = DIRECTION ( 'NONE',  ( 8.572527594031492900E-017, 1.000000000000000000, -0.0000000000000000000 ) ) ;
#638 = VERTEX_POINT ( 'NONE', #510 ) ;
#639 = DIRECTION ( 'NONE',  ( 0.0000000000000000000, 0.0000000000000000000, 1.000000000000000000 ) ) ;
#640 = ADVANCED_FACE ( 'NONE', ( #1734 ), #1799, .T. ) ;
#641 = EDGE_CURVE ( 'NONE', #752, #4413, #175, .T. ) ;
#642 = ORIENTED_EDGE ( 'NONE', *, *, #3545, .F. ) ;
#643 = FACE_OUTER_BOUND ( 'NONE', #1798, .T. ) ;
#644 = EDGE_LOOP ( 'NONE', ( #1711, #4097, #4052, #2987 ) ) ;
#645 = ORIENTED_EDGE ( 'NONE', *, *, #1887, .F. ) ;
#646 = DIRECTION ( 'NONE',  ( 0.0000000000000000000, -9.035018104045872900E-016, 1.000000000000000000 ) ) ;
#647 = AXIS2_PLACEMENT_3D ( 'NONE', #388, #1457, #24 ) ;
#648 = LINE ( 'NONE', #235, #2467 ) ;
#649 = ORIENTED_EDGE ( 'NONE', *, *, #477, .T. ) ;
#650 = ORIENTED_EDGE ( 'NONE', *, *, #1254, .T. ) ;
#651 = ORIENTED_EDGE ( 'NONE', *, *, #39, .F. ) ;
#652 = DIRECTION ( 'NONE',  ( 1.000000000000000000, 0.0000000000000000000, 0.0000000000000000000 ) ) ;
#653 = AXIS2_PLACEMENT_3D ( 'NONE', #923, #1679, #4666 ) ;
#654 = CARTESIAN_POINT ( 'NONE',  ( -4.999999999999996400, 4.521306437175210700, -1.236852576628402200 ) ) ;
#655 = LINE ( 'NONE', #4185, #1644 ) ;
#656 = ORIENTED_EDGE ( 'NONE', *, *, #2513, .T. ) ;
#657 = ORIENTED_EDGE ( 'NONE', *, *, #1036, .F. ) ;
#658 = FACE_OUTER_BOUND ( 'NONE', #2939, .T. ) ;
#659 = DIRECTION ( 'NONE',  ( 0.0000000000000000000, 1.000000000000000000, 0.0000000000000000000 ) ) ;
#660 = ORIENTED_EDGE ( 'NONE', *, *, #4783, .F. ) ;
#661 = DIRECTION ( 'NONE',  ( 0.0000000000000000000, 2.891205793294679000E-015, -1.000000000000000000 ) ) ;
#662 = CARTESIAN_POINT ( 'NONE',  ( -9.763181178145382300, 5.900000000000000400, -10.40000000000000200 ) ) ;
#663 = VECTOR ( 'NONE', #2530, 1000.000000000000000 ) ;
#664 = ORIENTED_EDGE ( 'NONE', *, *, #3963, .T. ) ;
#665 = CARTESIAN_POINT ( 'NONE',  ( 14.27990567590549500, 2.600000000000003200, 5.990969551288745100 ) ) ;
#666 = VECTOR ( 'NONE', #3022, 1000.000000000000100 ) ;
#667 = DIRECTION ( 'NONE',  ( -1.000000000000000000, 0.0000000000000000000, 0.0000000000000000000 ) ) ;
#668 = EDGE_CURVE ( 'NONE', #82, #589, #683, .T. ) ;
#669 = DIRECTION ( 'NONE',  ( 1.000000000000000000, 0.0000000000000000000, 0.0000000000000000000 ) ) ;
#670 = ORIENTED_EDGE ( 'NONE', *, *, #4348, .T. ) ;
#671 = VECTOR ( 'NONE', #1321, 1000.000000000000000 ) ;
#672 = DIRECTION ( 'NONE',  ( 0.0000000000000000000, 0.0000000000000000000, 1.000000000000000000 ) ) ;
#673 = ORIENTED_EDGE ( 'NONE', *, *, #2962, .T. ) ;
#674 = CIRCLE ( 'NONE', #4769, 0.8400000000000005200 ) ;
#675 = PLANE ( 'NONE',  #1425 ) ;
#676 = ORIENTED_EDGE ( 'NONE', *, *, #2519, .T. ) ;
#677 = FACE_BOUND ( 'NONE', #788, .T. ) ;
#678 = DIRECTION ( 'NONE',  ( 0.0000000000000000000, 0.0000000000000000000, -1.000000000000000000 ) ) ;
#679 = AXIS2_PLACEMENT_3D ( 'NONE', #4030, #2380, #843 ) ;
#680 = ORIENTED_EDGE ( 'NONE', *, *, #4359, .F. ) ;
#681 = EDGE_LOOP ( 'NONE', ( #1403, #19, #3394, #3725 ) ) ;
#682 = EDGE_CURVE ( 'NONE', #1527, #134, #1790, .T. ) ;
#683 = CIRCLE ( 'NONE', #2981, 0.2999999999999981600 ) ;
#684 = CARTESIAN_POINT ( 'NONE',  ( -12.69999999999999900, 5.900000000000000400, 4.399999999999999500 ) ) ;
#685 = DIRECTION ( 'NONE',  ( -5.512424680677073100E-016, -1.000000000000000000, 1.273100362043328900E-015 ) ) ;
#687 = CARTESIAN_POINT ( 'NONE',  ( 3.209921392555535700E-016, 4.201283418381329700E-014, -17.20000000000001000 ) ) ;
#686 = DIRECTION ( 'NONE',  ( 0.0000000000000000000, 0.0000000000000000000, 1.000000000000000000 ) ) ;
#688 = ADVANCED_FACE ( 'NONE', ( #2901 ), #2877, .T. ) ;
#689 = CIRCLE ( 'NONE', #1417, 0.09999999999999939500 ) ;
#690 = DIRECTION ( 'NONE',  ( 0.0000000000000000000, 0.0000000000000000000, -1.000000000000000000 ) ) ;
#691 = LINE ( 'NONE', #2930, #3071 ) ;
#692 = EDGE_CURVE ( 'NONE', #544, #1693, #1498, .T. ) ;
#693 = EDGE_LOOP ( 'NONE', ( #3002, #4430, #2417, #2501 ) ) ;
#694 = PLANE ( 'NONE',  #1967 ) ;
#695 = CYLINDRICAL_SURFACE ( 'NONE', #1215, 0.2999999999999999300 ) ;
#696 = DIRECTION ( 'NONE',  ( 0.0000000000000000000, 1.000000000000000000, 0.0000000000000000000 ) ) ;
#697 = DIRECTION ( 'NONE',  ( 0.0000000000000000000, 1.000000000000000000, 0.0000000000000000000 ) ) ;
#698 = FACE_OUTER_BOUND ( 'NONE', #4621, .T. ) ;
#699 = ORIENTED_EDGE ( 'NONE', *, *, #2358, .T. ) ;
#700 = EDGE_CURVE ( 'NONE', #3173, #3613, #627, .T. ) ;
#701 = ORIENTED_EDGE ( 'NONE', *, *, #4046, .F. ) ;
#702 = DIRECTION ( 'NONE',  ( 2.710505431213774400E-016, 0.0000000000000000000, 1.000000000000000000 ) ) ;
#703 = CIRCLE ( 'NONE', #4269, 3.395780127642022100 ) ;
#704 = VERTEX_POINT ( 'NONE', #2200 ) ;
#705 = CARTESIAN_POINT ( 'NONE',  ( -13.29999999999999900, 5.600000000000003200, -10.40000000000000200 ) ) ;
#706 = LINE ( 'NONE', #3735, #3147 ) ;
#707 = AXIS2_PLACEMENT_3D ( 'NONE', #1466, #2902, #4044 ) ;
#708 = ORIENTED_EDGE ( 'NONE', *, *, #4428, .T. ) ;
#709 = EDGE_LOOP ( 'NONE', ( #3952, #1761, #2918, #4709 ) ) ;
#710 = CARTESIAN_POINT ( 'NONE',  ( 14.27990567590549500, -0.1880143455903308900, 5.990969551288745100 ) ) ;
#711 = LINE ( 'NONE', #2454, #2177 ) ;
#712 = DIRECTION ( 'NONE',  ( 1.000000000000000000, 0.0000000000000000000, 0.0000000000000000000 ) ) ;
#713 = ADVANCED_FACE ( 'NONE', ( #2612 ), #4596, .F. ) ;
#714 = EDGE_CURVE ( 'NONE', #4029, #3323, #3474, .T. ) ;
#715 = ORIENTED_EDGE ( 'NONE', *, *, #366, .T. ) ;
#716 = AXIS2_PLACEMENT_3D ( 'NONE', #4479, #2275, #765 ) ;
#717 = CARTESIAN_POINT ( 'NONE',  ( -13.60823301889072900, -0.1880143455903308900, 4.439734382820065900 ) ) ;
#718 = CARTESIAN_POINT ( 'NONE',  ( -7.999999999999996400, 5.778499608869254600, 3.449592267325072300 ) ) ;
#719 = LINE ( 'NONE', #3324, #204 ) ;
#720 = CARTESIAN_POINT ( 'NONE',  ( 3.810000000000000900, 5.599999999999999600, -14.50000000000000200 ) ) ;
#721 = LINE ( 'NONE', #3165, #4452 ) ;
#722 = AXIS2_PLACEMENT_3D ( 'NONE', #3293, #4811, #1462 ) ;
#723 = DIRECTION ( 'NONE',  ( -1.000000000000000000, 0.0000000000000000000, 0.0000000000000000000 ) ) ;
#724 = EDGE_CURVE ( 'NONE', #752, #4345, #4350, .T. ) ;
#725 = ORIENTED_EDGE ( 'NONE', *, *, #3683, .T. ) ;
#726 = CARTESIAN_POINT ( 'NONE',  ( -4.999999999999996400, 4.521306437175210700, -3.217856110194154100 ) ) ;
#727 = LINE ( 'NONE', #2328, #4581 ) ;
#728 = CARTESIAN_POINT ( 'NONE',  ( 4.999999999999996400, 5.585257552170444800, 3.501143285964995600 ) ) ;
#729 = ORIENTED_EDGE ( 'NONE', *, *, #2367, .F. ) ;
#730 = PLANE ( 'NONE',  #679 ) ;
#731 = DIRECTION ( 'NONE',  ( 0.0000000000000000000, 1.000000000000000000, 0.0000000000000000000 ) ) ;
#732 = EDGE_CURVE ( 'NONE', #1693, #2053, #2500, .T. ) ;
#733 = DIRECTION ( 'NONE',  ( 0.0000000000000000000, 0.0000000000000000000, -1.000000000000000000 ) ) ;
#734 = CIRCLE ( 'NONE', #1678, 1.000000000000004400 ) ;
#735 = DIRECTION ( 'NONE',  ( 0.0000000000000000000, 0.0000000000000000000, 1.000000000000000000 ) ) ;
#736 = ORIENTED_EDGE ( 'NONE', *, *, #1758, .F. ) ;
#737 = VECTOR ( 'NONE', #1346, 1000.000000000000000 ) ;
#738 = DIRECTION ( 'NONE',  ( 0.0000000000000000000, 1.290716872006552000E-016, 1.000000000000000000 ) ) ;
#739 = AXIS2_PLACEMENT_3D ( 'NONE', #1697, #696, #1411 ) ;
#740 = ORIENTED_EDGE ( 'NONE', *, *, #3525, .T. ) ;
#741 = DIRECTION ( 'NONE',  ( 1.000000000000000000, -1.868706573620127700E-016, 0.0000000000000000000 ) ) ;
#742 = CARTESIAN_POINT ( 'NONE',  ( 7.999999999999996400, 4.321306437175211500, -3.217856110194154100 ) ) ;
#743 = ADVANCED_FACE ( 'NONE', ( #4470 ), #4403, .F. ) ;
#744 = CARTESIAN_POINT ( 'NONE',  ( -12.70462891345259500, 1.900000000000001500, -11.10000000000001900 ) ) ;
#745 = VERTEX_POINT ( 'NONE', #1557 ) ;
#746 = PLANE ( 'NONE',  #2476 ) ;
#747 = AXIS2_PLACEMENT_3D ( 'NONE', #4570, #3163, #263 ) ;
#748 = CARTESIAN_POINT ( 'NONE',  ( 7.999999999999996400, 5.778499608869254600, 3.449592267325072300 ) ) ;
#749 = DIRECTION ( 'NONE',  ( 1.000000000000000000, 0.0000000000000000000, -0.0000000000000000000 ) ) ;
#750 = AXIS2_PLACEMENT_3D ( 'NONE', #541, #196, #1682 ) ;
#751 = ORIENTED_EDGE ( 'NONE', *, *, #1887, .T. ) ;
#752 = VERTEX_POINT ( 'NONE', #1542 ) ;
#753 = DIRECTION ( 'NONE',  ( 0.0000000000000000000, 0.0000000000000000000, 1.000000000000000000 ) ) ;
#754 = DIRECTION ( 'NONE',  ( 5.546767395662022700E-018, -1.000000000000000000, 1.437693676597985000E-016 ) ) ;
#755 = DIRECTION ( 'NONE',  ( 0.9176698110926625500, 0.0000000000000000000, -0.3973438282006617200 ) ) ;
#756 = EDGE_LOOP ( 'NONE', ( #2864, #3264, #2151, #3549 ) ) ;
#757 = LINE ( 'NONE', #1928, #1692 ) ;
#758 = EDGE_CURVE ( 'NONE', #3779, #1369, #2394, .T. ) ;
#759 = CARTESIAN_POINT ( 'NONE',  ( -10.63305127170896500, 5.900000000000000400, -11.10000000000000500 ) ) ;
#760 = ORIENTED_EDGE ( 'NONE', *, *, #4569, .T. ) ;
#761 = CIRCLE ( 'NONE', #3740, 0.8400000000000005200 ) ;
#762 = ORIENTED_EDGE ( 'NONE', *, *, #467, .T. ) ;
#763 =( LENGTH_UNIT ( ) NAMED_UNIT ( * ) SI_UNIT ( .MILLI., .METRE. ) );
#764 = ADVANCED_FACE ( 'NONE', ( #3355 ), #3747, .T. ) ;
#765 = DIRECTION ( 'NONE',  ( 0.0000000000000000000, 0.0000000000000000000, 1.000000000000000000 ) ) ;
#766 = ORIENTED_EDGE ( 'NONE', *, *, #2555, .T. ) ;
#767 = EDGE_CURVE ( 'NONE', #4234, #174, #2770, .T. ) ;
#768 = VERTEX_POINT ( 'NONE', #449 ) ;
#769 = LINE ( 'NONE', #3108, #1525 ) ;
#770 = CARTESIAN_POINT ( 'NONE',  ( 13.60000000000001000, 1.700000000000000800, 4.399999999999998600 ) ) ;
#771 = CARTESIAN_POINT ( 'NONE',  ( -10.63305127170896500, 5.600000000000000500, -10.90000000000000600 ) ) ;
#772 = ORIENTED_EDGE ( 'NONE', *, *, #1920, .F. ) ;
#773 = ORIENTED_EDGE ( 'NONE', *, *, #2403, .T. ) ;
#774 = AXIS2_PLACEMENT_3D ( 'NONE', #4627, #1222, #3569 ) ;
#775 = LINE ( 'NONE', #2558, #4326 ) ;
#776 = LINE ( 'NONE', #1661, #2370 ) ;
#777 = EDGE_CURVE ( 'NONE', #638, #2368, #2264, .T. ) ;
#778 = CARTESIAN_POINT ( 'NONE',  ( -4.999999999999996400, 4.331443352126995300, -1.198853748563604800 ) ) ;
#779 = VECTOR ( 'NONE', #828, 1000.000000000000000 ) ;
#780 = ORIENTED_EDGE ( 'NONE', *, *, #3841, .T. ) ;
#781 = CARTESIAN_POINT ( 'NONE',  ( 12.70462891345259500, 1.900000000000001200, -11.10000000000001900 ) ) ;
#782 = CARTESIAN_POINT ( 'NONE',  ( -14.09637171368696200, -0.1880143455903308900, 6.070438316928877100 ) ) ;
#783 = CARTESIAN_POINT ( 'NONE',  ( -3.809999999999999200, 5.599999999999999600, -14.80000000000000100 ) ) ;
#784 = VECTOR ( 'NONE', #1803, 1000.000000000000000 ) ;
#785 = EDGE_CURVE ( 'NONE', #1069, #2069, #286, .T. ) ;
#786 = VERTEX_POINT ( 'NONE', #87 ) ;
#787 = LINE ( 'NONE', #3603, #3873 ) ;
#788 = EDGE_LOOP ( 'NONE', ( #539, #3167, #1868, #1077, #4440, #918 ) ) ;
#789 = CARTESIAN_POINT ( 'NONE',  ( -4.974999999999997000, 5.700000000000001100, 4.376422909250778500 ) ) ;
#790 = CARTESIAN_POINT ( 'NONE',  ( -3.369279192185929200E-015, 5.024443344128206200E-014, -14.80000000000002000 ) ) ;
#791 = EDGE_CURVE ( 'NONE', #3613, #2516, #3878, .T. ) ;
#792 = CARTESIAN_POINT ( 'NONE',  ( -13.69999999999999900, -0.1880143455903308900, 4.399999999999999500 ) ) ;
#793 = CYLINDRICAL_SURFACE ( 'NONE', #2889, 0.8400000000000005200 ) ;
#794 = ORIENTED_EDGE ( 'NONE', *, *, #110, .F. ) ;
#795 = PLANE ( 'NONE',  #132 ) ;
#796 = AXIS2_PLACEMENT_3D ( 'NONE', #4091, #1878, #3350 ) ;
#797 = DIRECTION ( 'NONE',  ( 1.000000000000000000, -0.0000000000000000000, -0.0000000000000000000 ) ) ;
#798 = ORIENTED_EDGE ( 'NONE', *, *, #581, .T. ) ;
#799 = CARTESIAN_POINT ( 'NONE',  ( -10.63305127170896500, 5.600000000000000500, -10.80000000000000600 ) ) ;
#800 = VECTOR ( 'NONE', #1350, 1000.000000000000000 ) ;
#801 = DIRECTION ( 'NONE',  ( 0.0000000000000000000, 0.0000000000000000000, 1.000000000000000000 ) ) ;
#802 = DIRECTION ( 'NONE',  ( -0.0000000000000000000, -1.000000000000000000, -0.0000000000000000000 ) ) ;
#803 = AXIS2_PLACEMENT_3D ( 'NONE', #804, #1521, #3380 ) ;
#804 = CARTESIAN_POINT ( 'NONE',  ( -13.40000000000000600, 0.3000000000000066500, -5.740000000000026000 ) ) ;
#805 = DIRECTION ( 'NONE',  ( 0.0000000000000000000, 0.0000000000000000000, 1.000000000000000000 ) ) ;
#806 = CARTESIAN_POINT ( 'NONE',  ( 3.209921392555535700E-016, 4.201283418381329700E-014, -17.20000000000001000 ) ) ;
#807 = ADVANCED_FACE ( 'NONE', ( #405 ), #2330, .F. ) ;
#808 = VECTOR ( 'NONE', #3236, 999.9999999999998900 ) ;
#809 = DIRECTION ( 'NONE',  ( 0.0000000000000000000, 0.0000000000000000000, 1.000000000000000000 ) ) ;
#810 = VERTEX_POINT ( 'NONE', #4184 ) ;
#811 = AXIS2_PLACEMENT_3D ( 'NONE', #3623, #1032, #3252 ) ;
#812 = EDGE_CURVE ( 'NONE', #4029, #1997, #3527, .T. ) ;
#813 = ORIENTED_EDGE ( 'NONE', *, *, #3986, .T. ) ;
#814 = DIRECTION ( 'NONE',  ( 4.186962248049520900E-016, -1.000000000000000000, -3.491481338843133400E-015 ) ) ;
#815 = DIRECTION ( 'NONE',  ( 0.0000000000000000000, 0.0000000000000000000, -1.000000000000000000 ) ) ;
#816 = ORIENTED_EDGE ( 'NONE', *, *, #2641, .F. ) ;
#817 = DIRECTION ( 'NONE',  ( -1.000000000000000000, -0.0000000000000000000, -0.0000000000000000000 ) ) ;
#818 = EDGE_LOOP ( 'NONE', ( #4357, #4005, #2678, #465 ) ) ;
#819 = EDGE_CURVE ( 'NONE', #745, #533, #1904, .T. ) ;
#820 = FACE_OUTER_BOUND ( 'NONE', #4669, .T. ) ;
#821 = ORIENTED_EDGE ( 'NONE', *, *, #1935, .T. ) ;
#822 = ORIENTED_EDGE ( 'NONE', *, *, #499, .F. ) ;
#823 = PLANE ( 'NONE',  #869 ) ;
#824 = LINE ( 'NONE', #1627, #1939 ) ;
#825 = AXIS2_PLACEMENT_3D ( 'NONE', #1597, #4123, #3756 ) ;
#826 = CIRCLE ( 'NONE', #2257, 0.09999999999999939500 ) ;
#827 = ORIENTED_EDGE ( 'NONE', *, *, #3905, .F. ) ;
#828 = DIRECTION ( 'NONE',  ( -1.000000000000000000, 0.0000000000000000000, 0.0000000000000000000 ) ) ;
#829 = CIRCLE ( 'NONE', #1080, 3.395780127642022100 ) ;
#830 = ADVANCED_FACE ( 'NONE', ( #677, #4105, #907 ), #4059, .F. ) ;
#831 = ORIENTED_EDGE ( 'NONE', *, *, #77, .T. ) ;
#832 = AXIS2_PLACEMENT_3D ( 'NONE', #2103, #4393, #2913 ) ;
#833 = FACE_BOUND ( 'NONE', #2627, .T. ) ;
#834 = CARTESIAN_POINT ( 'NONE',  ( -12.70462891345259300, 5.600000000000000500, -11.10000000000000500 ) ) ;
#835 = ORIENTED_EDGE ( 'NONE', *, *, #1157, .F. ) ;
#836 = EDGE_CURVE ( 'NONE', #1264, #810, #3058, .T. ) ;
#837 = LINE ( 'NONE', #90, #562 ) ;
#838 = DIRECTION ( 'NONE',  ( 0.0000000000000000000, 1.000000000000000000, 0.0000000000000000000 ) ) ;
#839 = ORIENTED_EDGE ( 'NONE', *, *, #4081, .T. ) ;
#840 = LINE ( 'NONE', #3468, #1604 ) ;
#841 = CARTESIAN_POINT ( 'NONE',  ( -12.69999999999999900, 5.700000000000001100, 5.699999999999999300 ) ) ;
#842 = DIRECTION ( 'NONE',  ( 0.0000000000000000000, 1.000000000000000000, 0.0000000000000000000 ) ) ;
#843 = DIRECTION ( 'NONE',  ( 0.0000000000000000000, 1.437693676597985000E-016, 1.000000000000000000 ) ) ;
#844 = DIRECTION ( 'NONE',  ( 0.0000000000000000000, 1.000000000000000000, 0.0000000000000000000 ) ) ;
#845 = DIRECTION ( 'NONE',  ( 0.0000000000000000000, -1.000000000000000000, 0.0000000000000000000 ) ) ;
#846 = EDGE_LOOP ( 'NONE', ( #4303, #1217, #3702, #4132 ) ) ;
#847 = EDGE_CURVE ( 'NONE', #745, #4426, #3228, .T. ) ;
#848 = VECTOR ( 'NONE', #2871, 1000.000000000000000 ) ;
#849 = VERTEX_POINT ( 'NONE', #4414 ) ;
#850 = CARTESIAN_POINT ( 'NONE',  ( 13.60000000000001000, 1.699999999999997700, -5.740000000000026000 ) ) ;
#851 = CARTESIAN_POINT ( 'NONE',  ( -12.70462891345259300, 5.700000000000000200, -10.80000000000000600 ) ) ;
#852 = DIRECTION ( 'NONE',  ( 0.0000000000000000000, 0.2577550931996182600, 0.9662102834940519100 ) ) ;
#853 = CARTESIAN_POINT ( 'NONE',  ( -13.59999999999999800, 5.600000000000003200, 4.399999999999999500 ) ) ;
#854 = EDGE_CURVE ( 'NONE', #3675, #4733, #170, .T. ) ;
#855 = VERTEX_POINT ( 'NONE', #297 ) ;
#856 = ADVANCED_FACE ( 'NONE', ( #4820 ), #1074, .T. ) ;
#857 = FACE_OUTER_BOUND ( 'NONE', #2383, .T. ) ;
#858 = ORIENTED_EDGE ( 'NONE', *, *, #86, .T. ) ;
#859 = DIRECTION ( 'NONE',  ( 1.000000000000000000, -0.0000000000000000000, -0.0000000000000000000 ) ) ;
#860 = ORIENTED_EDGE ( 'NONE', *, *, #433, .F. ) ;
#861 = CIRCLE ( 'NONE', #1672, 0.2999999999999999300 ) ;
#862 = PLANE ( 'NONE',  #2653 ) ;
#863 = DIRECTION ( 'NONE',  ( 8.572527594031491700E-017, -1.000000000000000000, -0.0000000000000000000 ) ) ;
#864 = LINE ( 'NONE', #1017, #4180 ) ;
#865 = FACE_OUTER_BOUND ( 'NONE', #4108, .T. ) ;
#866 = DIRECTION ( 'NONE',  ( -1.000000000000000000, 0.0000000000000000000, 0.0000000000000000000 ) ) ;
#867 = EDGE_CURVE ( 'NONE', #597, #4066, #1140, .T. ) ;
#868 = DIRECTION ( 'NONE',  ( 0.0000000000000000000, 0.0000000000000000000, 1.000000000000000000 ) ) ;
#869 = AXIS2_PLACEMENT_3D ( 'NONE', #1609, #2717, #4209 ) ;
#870 = EDGE_LOOP ( 'NONE', ( #4534, #2922, #3155, #3222 ) ) ;
#871 = VECTOR ( 'NONE', #4315, 1000.000000000000000 ) ;
#872 = CARTESIAN_POINT ( 'NONE',  ( -13.40000000000001100, 1.700000000000000200, 2.539999999999972900 ) ) ;
#873 = EDGE_LOOP ( 'NONE', ( #3099, #2517, #2346, #3193 ) ) ;
#874 = LINE ( 'NONE', #1753, #2970 ) ;
#875 = ORIENTED_EDGE ( 'NONE', *, *, #724, .T. ) ;
#876 = AXIS2_PLACEMENT_3D ( 'NONE', #296, #1399, #4778 ) ;
#877 = EDGE_CURVE ( 'NONE', #3617, #1471, #2024, .T. ) ;
#878 = CARTESIAN_POINT ( 'NONE',  ( -4.974999999999995200, 5.700000000000001100, -1.236852576628402200 ) ) ;
#879 = ORIENTED_EDGE ( 'NONE', *, *, #1011, .F. ) ;
#880 = ADVANCED_FACE ( 'NONE', ( #1306 ), #793, .F. ) ;
#881 = ORIENTED_EDGE ( 'NONE', *, *, #120, .F. ) ;
#882 = VECTOR ( 'NONE', #2269, 1000.000000000000000 ) ;
#883 = CARTESIAN_POINT ( 'NONE',  ( -3.809999999999999200, 0.3000000000000424000, -14.90000000000002200 ) ) ;
#884 = EDGE_CURVE ( 'NONE', #2050, #3883, #1781, .T. ) ;
#885 = ORIENTED_EDGE ( 'NONE', *, *, #1977, .F. ) ;
#886 = CYLINDRICAL_SURFACE ( 'NONE', #832, 50.00000000000000000 ) ;
#887 = CARTESIAN_POINT ( 'NONE',  ( -3.809999999999999200, 0.3000000000000413400, -14.60000000000002100 ) ) ;
#888 = CARTESIAN_POINT ( 'NONE',  ( 4.999999999999996400, 4.521306437175210700, -1.236852576628402200 ) ) ;
#889 = DIRECTION ( 'NONE',  ( 1.000000000000000000, 0.0000000000000000000, -0.0000000000000000000 ) ) ;
#890 = ORIENTED_EDGE ( 'NONE', *, *, #1060, .F. ) ;
#891 = AXIS2_PLACEMENT_3D ( 'NONE', #1172, #1566, #4151 ) ;
#892 = FACE_BOUND ( 'NONE', #2197, .T. ) ;
#893 = CARTESIAN_POINT ( 'NONE',  ( 8.024999999999998600, 5.700000000000001100, -1.236852576628402200 ) ) ;
#894 = CARTESIAN_POINT ( 'NONE',  ( -13.59999999999999800, 5.900000000000000400, 4.399999999999999500 ) ) ;
#895 = DIRECTION ( 'NONE',  ( 1.000000000000000000, 0.0000000000000000000, -0.0000000000000000000 ) ) ;
#896 = CIRCLE ( 'NONE', #1241, 0.2999999999999999300 ) ;
#897 = AXIS2_PLACEMENT_3D ( 'NONE', #3528, #208, #2414 ) ;
#898 = ORIENTED_EDGE ( 'NONE', *, *, #56, .F. ) ;
#899 = DIRECTION ( 'NONE',  ( -0.0000000000000000000, -0.0000000000000000000, 1.000000000000000000 ) ) ;
#900 = LINE ( 'NONE', #3950, #2322 ) ;
#901 = CARTESIAN_POINT ( 'NONE',  ( 3.810000000000000900, 0.3000000000000424000, -14.80000000000002000 ) ) ;
#902 = ADVANCED_FACE ( 'NONE', ( #3983 ), #314, .F. ) ;
#903 = AXIS2_PLACEMENT_3D ( 'NONE', #584, #4702, #262 ) ;
#904 = CARTESIAN_POINT ( 'NONE',  ( 15.55000000000000100, 9.595189226496714200E-015, -3.850000000000028500 ) ) ;
#905 = VECTOR ( 'NONE', #2729, 1000.000000000000000 ) ;
#906 = ORIENTED_EDGE ( 'NONE', *, *, #1732, .T. ) ;
#907 = FACE_OUTER_BOUND ( 'NONE', #1900, .T. ) ;
#908 = PLANE ( 'NONE',  #2352 ) ;
#909 = DIRECTION ( 'NONE',  ( 1.000000000000000000, -0.0000000000000000000, -0.0000000000000000000 ) ) ;
#910 = ORIENTED_EDGE ( 'NONE', *, *, #1022, .T. ) ;
#911 = EDGE_CURVE ( 'NONE', #3243, #213, #49, .T. ) ;
#912 = DIRECTION ( 'NONE',  ( -0.0000000000000000000, 0.0000000000000000000, -1.000000000000000000 ) ) ;
#913 = VERTEX_POINT ( 'NONE', #2195 ) ;
#914 = CIRCLE ( 'NONE', #4649, 0.8400000000000005200 ) ;
#915 = DIRECTION ( 'NONE',  ( 0.0000000000000000000, -0.2577550931996182600, -0.9662102834940519100 ) ) ;
#916 = CARTESIAN_POINT ( 'NONE',  ( 4.999999999999996400, 2.304219872357979000, 4.376422909250776700 ) ) ;
#917 = AXIS2_PLACEMENT_3D ( 'NONE', #253, #2859, #2841 ) ;
#918 = ORIENTED_EDGE ( 'NONE', *, *, #4294, .F. ) ;
#919 = DIRECTION ( 'NONE',  ( 0.0000000000000000000, 0.0000000000000000000, 1.000000000000000000 ) ) ;
#920 = VECTOR ( 'NONE', #3142, 1000.000000000000000 ) ;
#921 = ORIENTED_EDGE ( 'NONE', *, *, #2947, .T. ) ;
#922 = DIRECTION ( 'NONE',  ( 0.0000000000000000000, 0.0000000000000000000, -1.000000000000000000 ) ) ;
#923 = CARTESIAN_POINT ( 'NONE',  ( 4.400000000000002100, 5.700000000000001100, -8.942230201266719200 ) ) ;
#924 = CIRCLE ( 'NONE', #330, 2.500000000000000000 ) ;
#925 = VERTEX_POINT ( 'NONE', #4795 ) ;
#926 = ADVANCED_FACE ( 'NONE', ( #1078 ), #1446, .F. ) ;
#927 = ORIENTED_EDGE ( 'NONE', *, *, #3325, .T. ) ;
#928 = VECTOR ( 'NONE', #1587, 1000.000000000000000 ) ;
#929 = DIRECTION ( 'NONE',  ( 0.0000000000000000000, 0.9662102834940516900, -0.2577550931996187600 ) ) ;
#930 = EDGE_LOOP ( 'NONE', ( #656, #143, #1375, #555 ) ) ;
#931 = EDGE_CURVE ( 'NONE', #549, #4410, #1024, .T. ) ;
#932 = AXIS2_PLACEMENT_3D ( 'NONE', #1473, #2622, #2640 ) ;
#933 = ORIENTED_EDGE ( 'NONE', *, *, #791, .T. ) ;
#934 = DIRECTION ( 'NONE',  ( 1.000000000000000000, -0.0000000000000000000, -0.0000000000000000000 ) ) ;
#935 = ORIENTED_EDGE ( 'NONE', *, *, #3909, .F. ) ;
#936 = DIRECTION ( 'NONE',  ( 3.061276722312026400E-015, -1.000000000000000000, 0.0000000000000000000 ) ) ;
#937 = LINE ( 'NONE', #1590, #2639 ) ;
#938 = ORIENTED_EDGE ( 'NONE', *, *, #3453, .T. ) ;
#939 = EDGE_CURVE ( 'NONE', #4650, #1151, #345, .T. ) ;
#940 = DIRECTION ( 'NONE',  ( -1.000000000000000000, -0.0000000000000000000, -0.0000000000000000000 ) ) ;
#941 = CARTESIAN_POINT ( 'NONE',  ( -10.63305127170896500, 5.600000000000003200, -11.10000000000000500 ) ) ;
#942 = DIRECTION ( 'NONE',  ( -1.000000000000000000, -7.621200193202527100E-031, 2.276539994720219800E-016 ) ) ;
#943 = VECTOR ( 'NONE', #4582, 999.9999999999998900 ) ;
#944 = VERTEX_POINT ( 'NONE', #4382 ) ;
#945 = DIRECTION ( 'NONE',  ( -0.3973438282006626100, 0.0000000000000000000, -0.9176698110926622100 ) ) ;
#946 = EDGE_CURVE ( 'NONE', #1527, #3175, #1372, .T. ) ;
#947 = ORIENTED_EDGE ( 'NONE', *, *, #3567, .F. ) ;
#948 = PLANE ( 'NONE',  #2179 ) ;
#949 = LINE ( 'NONE', #1169, #2534 ) ;
#950 = DIRECTION ( 'NONE',  ( 1.000000000000000000, 0.0000000000000000000, 0.0000000000000000000 ) ) ;
#951 = ORIENTED_EDGE ( 'NONE', *, *, #1602, .F. ) ;
#952 = LINE ( 'NONE', #1245, #2127 ) ;
#953 = ADVANCED_FACE ( 'NONE', ( #2201 ), #4503, .T. ) ;
#954 = CARTESIAN_POINT ( 'NONE',  ( 4.974999999999995200, 5.700000000000001100, -1.236852576628402200 ) ) ;
#955 = DIRECTION ( 'NONE',  ( 0.0000000000000000000, 0.0000000000000000000, 1.000000000000000000 ) ) ;
#956 = VERTEX_POINT ( 'NONE', #3732 ) ;
#957 = VECTOR ( 'NONE', #2225, 1000.000000000000000 ) ;
#958 = AXIS2_PLACEMENT_3D ( 'NONE', #453, #3457, #889 ) ;
#959 = CARTESIAN_POINT ( 'NONE',  ( 13.40000000000000900, 1.699999999999998400, -5.740000000000026000 ) ) ;
#960 = ORIENTED_EDGE ( 'NONE', *, *, #28, .T. ) ;
#961 = ADVANCED_BREP_SHAPE_REPRESENTATION ( 'BRX1-2450-SM', ( #3560, #1629 ), #1465 ) ;
#962 = DIRECTION ( 'NONE',  ( 0.0000000000000000000, 0.0000000000000000000, -1.000000000000000000 ) ) ;
#963 = VECTOR ( 'NONE', #3409, 1000.000000000000000 ) ;
#964 = CARTESIAN_POINT ( 'NONE',  ( -4.974999999999997000, 5.700000000000001100, 4.376422909250778500 ) ) ;
#965 = ORIENTED_EDGE ( 'NONE', *, *, #3344, .F. ) ;
#966 = ORIENTED_EDGE ( 'NONE', *, *, #3963, .F. ) ;
#967 = AXIS2_PLACEMENT_3D ( 'NONE', #2259, #2630, #409 ) ;
#968 = EDGE_CURVE ( 'NONE', #544, #1686, #4651, .T. ) ;
#969 = VECTOR ( 'NONE', #3461, 1000.000000000000000 ) ;
#970 = DIRECTION ( 'NONE',  ( -1.000000000000000000, 0.0000000000000000000, -0.0000000000000000000 ) ) ;
#971 = ORIENTED_EDGE ( 'NONE', *, *, #1303, .T. ) ;
#972 = DIRECTION ( 'NONE',  ( 3.491481338843133400E-015, 1.000000000000000000, -4.092401786774402600E-031 ) ) ;
#973 = DIRECTION ( 'NONE',  ( 1.000000000000000000, 3.061276722312026800E-015, -0.0000000000000000000 ) ) ;
#974 = CARTESIAN_POINT ( 'NONE',  ( 13.29999999999999900, 5.600000000000003200, -10.40000000000000200 ) ) ;
#975 = ADVANCED_FACE ( 'NONE', ( #3928 ), #1484, .F. ) ;
#976 = EDGE_CURVE ( 'NONE', #3432, #4556, #3351, .T. ) ;
#977 = ORIENTED_EDGE ( 'NONE', *, *, #2242, .T. ) ;
#978 = DIRECTION ( 'NONE',  ( -1.000000000000000000, -8.572527594031398000E-017, 0.0000000000000000000 ) ) ;
#979 = CARTESIAN_POINT ( 'NONE',  ( 3.810000000000000100, 0.2000000000000423700, -14.90000000000002200 ) ) ;
#980 = SHAPE_DEFINITION_REPRESENTATION ( #3744, #961 ) ;
#981 = ADVANCED_FACE ( 'NONE', ( #3760 ), #412, .T. ) ;
#982 = CIRCLE ( 'NONE', #3754, 0.3000000000000000400 ) ;
#983 = CARTESIAN_POINT ( 'NONE',  ( -14.71000000000000100, 0.2000000000000095300, 0.6499999999999714900 ) ) ;
#984 = ORIENTED_EDGE ( 'NONE', *, *, #3335, .T. ) ;
#985 = FACE_BOUND ( 'NONE', #193, .T. ) ;
#986 = DIRECTION ( 'NONE',  ( 8.758115402030108600E-047, 1.000000000000000000, 3.347711971183336500E-015 ) ) ;
#987 = DIRECTION ( 'NONE',  ( 0.0000000000000000000, 1.000000000000000000, 0.0000000000000000000 ) ) ;
#988 = CARTESIAN_POINT ( 'NONE',  ( 4.999999999999996400, 4.621306437175211300, -1.276180276523490400 ) ) ;
#989 = AXIS2_PLACEMENT_3D ( 'NONE', #176, #422, #2855 ) ;
#990 = CARTESIAN_POINT ( 'NONE',  ( -10.63305127170896500, 1.900000000000001500, -10.90000000000002000 ) ) ;
#991 = ORIENTED_EDGE ( 'NONE', *, *, #1630, .T. ) ;
#992 = LINE ( 'NONE', #2523, #2853 ) ;
#993 = ORIENTED_EDGE ( 'NONE', *, *, #2597, .T. ) ;
#994 = CARTESIAN_POINT ( 'NONE',  ( 4.999999999999997300, 4.321306437175211500, -3.217856110194154100 ) ) ;
#995 = ORIENTED_EDGE ( 'NONE', *, *, #3289, .F. ) ;
#996 = VERTEX_POINT ( 'NONE', #742 ) ;
#997 = AXIS2_PLACEMENT_3D ( 'NONE', #3980, #2874, #646 ) ;
#998 = LINE ( 'NONE', #2743, #1109 ) ;
#999 = PLANE ( 'NONE',  #2186 ) ;
#1000 = ADVANCED_FACE ( 'NONE', ( #2948 ), #2229, .T. ) ;
#1001 = EDGE_LOOP ( 'NONE', ( #3734, #3593, #3935, #4006 ) ) ;
#1002 = EDGE_LOOP ( 'NONE', ( #3888, #1429 ) ) ;
#1003 = DIRECTION ( 'NONE',  ( 0.0000000000000000000, 0.0000000000000000000, -1.000000000000000000 ) ) ;
#1004 = VECTOR ( 'NONE', #1918, 1000.000000000000000 ) ;
#1005 = CARTESIAN_POINT ( 'NONE',  ( -14.09637171368696200, 2.600000000000003200, 6.070438316928878000 ) ) ;
#1006 = EDGE_CURVE ( 'NONE', #1527, #2952, #4165, .T. ) ;
#1007 = CARTESIAN_POINT ( 'NONE',  ( 12.70462891345259500, 1.900000000000001500, -11.10000000000001900 ) ) ;
#1008 = ORIENTED_EDGE ( 'NONE', *, *, #3919, .T. ) ;
#1009 = CARTESIAN_POINT ( 'NONE',  ( -12.70462891345259500, 5.700000000000001100, -10.40000000000000200 ) ) ;
#1010 = ORIENTED_EDGE ( 'NONE', *, *, #293, .F. ) ;
#1011 = EDGE_CURVE ( 'NONE', #3910, #3985, #1668, .T. ) ;
#1012 = LINE ( 'NONE', #4090, #1656 ) ;
#1013 = ORIENTED_EDGE ( 'NONE', *, *, #1345, .T. ) ;
#1014 = VECTOR ( 'NONE', #115, 1000.000000000000000 ) ;
#1015 = AXIS2_PLACEMENT_3D ( 'NONE', #2466, #236, #3923 ) ;
#1016 = ORIENTED_EDGE ( 'NONE', *, *, #4051, .F. ) ;
#1017 = CARTESIAN_POINT ( 'NONE',  ( -3.809999999999999200, 4.233165969121199700E-014, -14.80000000000002000 ) ) ;
#1018 = VECTOR ( 'NONE', #4823, 1000.000000000000000 ) ;
#1019 = DIRECTION ( 'NONE',  ( -1.000000000000000000, 0.0000000000000000000, 0.0000000000000000000 ) ) ;
#1020 = EDGE_LOOP ( 'NONE', ( #127, #195, #3126, #3430 ) ) ;
#1021 = ORIENTED_EDGE ( 'NONE', *, *, #4731, .F. ) ;
#1022 = EDGE_CURVE ( 'NONE', #3110, #362, #1555, .T. ) ;
#1023 = AXIS2_PLACEMENT_3D ( 'NONE', #4404, #1045, #678 ) ;
#1024 = CIRCLE ( 'NONE', #1137, 1.000000000000004400 ) ;
#1025 = DIRECTION ( 'NONE',  ( -0.9176698110926635500, 0.0000000000000000000, 0.3973438282006596100 ) ) ;
#1026 = ORIENTED_EDGE ( 'NONE', *, *, #270, .T. ) ;
#1027 = ORIENTED_EDGE ( 'NONE', *, *, #3895, .F. ) ;
#1028 = EDGE_LOOP ( 'NONE', ( #2509, #2850, #4290, #157 ) ) ;
#1029 = VECTOR ( 'NONE', #4260, 1000.000000000000000 ) ;
#1030 = EDGE_CURVE ( 'NONE', #3458, #1755, #3413, .T. ) ;
#1031 = CARTESIAN_POINT ( 'NONE',  ( -8.024999999999996800, 5.700000000000001100, 4.376422909250778500 ) ) ;
#1032 = DIRECTION ( 'NONE',  ( -0.0000000000000000000, -0.0000000000000000000, -1.000000000000000000 ) ) ;
#1033 = FACE_OUTER_BOUND ( 'NONE', #2470, .T. ) ;
#1034 = DIRECTION ( 'NONE',  ( 1.172110456741085800E-016, 0.0000000000000000000, -1.000000000000000000 ) ) ;
#1035 = CARTESIAN_POINT ( 'NONE',  ( -7.999999999999996400, 4.521306437175210700, -3.217856110194154100 ) ) ;
#1036 = EDGE_CURVE ( 'NONE', #1997, #2607, #2445, .T. ) ;
#1037 = VECTOR ( 'NONE', #2540, 1000.000000000000000 ) ;
#1038 = ORIENTED_EDGE ( 'NONE', *, *, #403, .F. ) ;
#1039 = DIRECTION ( 'NONE',  ( 0.0000000000000000000, 1.242265319923638400E-014, -1.000000000000000000 ) ) ;
#1041 = CARTESIAN_POINT ( 'NONE',  ( 9.763181178145385900, 5.700000000000001100, -10.40000000000000200 ) ) ;
#1040 =( NAMED_UNIT ( * ) SI_UNIT ( $, .STERADIAN. ) SOLID_ANGLE_UNIT ( ) );
#1042 = VERTEX_POINT ( 'NONE', #3600 ) ;
#1043 = DIRECTION ( 'NONE',  ( -3.090394334539071200E-016, 0.0000000000000000000, -1.000000000000000000 ) ) ;
#1044 = AXIS2_PLACEMENT_3D ( 'NONE', #3305, #1102, #2281 ) ;
#1045 = DIRECTION ( 'NONE',  ( -1.000000000000000000, 0.0000000000000000000, 0.0000000000000000000 ) ) ;
#1046 = VERTEX_POINT ( 'NONE', #4298 ) ;
#1047 = EDGE_LOOP ( 'NONE', ( #2662, #2166, #4213, #1291, #2659, #428 ) ) ;
#1048 = DIRECTION ( 'NONE',  ( -1.000000000000000000, 0.0000000000000000000, 0.0000000000000000000 ) ) ;
#1049 = DIRECTION ( 'NONE',  ( 1.000000000000000000, -3.491481338843133400E-015, -1.172110456741085800E-016 ) ) ;
#1050 = ADVANCED_FACE ( 'NONE', ( #2664, #460 ), #2112, .F. ) ;
#1051 = DIRECTION ( 'NONE',  ( 1.000000000000000000, 0.0000000000000000000, -0.0000000000000000000 ) ) ;
#1052 = DIRECTION ( 'NONE',  ( 8.572527594031491700E-017, 1.000000000000000000, -0.0000000000000000000 ) ) ;
#1053 = CIRCLE ( 'NONE', #4360, 0.8400000000000005200 ) ;
#1054 = ORIENTED_EDGE ( 'NONE', *, *, #2483, .F. ) ;
#1055 = VERTEX_POINT ( 'NONE', #1750 ) ;
#1056 = LINE ( 'NONE', #3146, #3564 ) ;
#1057 = DIRECTION ( 'NONE',  ( -1.000000000000000000, 0.0000000000000000000, 0.0000000000000000000 ) ) ;
#1058 = DIRECTION ( 'NONE',  ( -0.0000000000000000000, 0.0000000000000000000, -1.000000000000000000 ) ) ;
#1059 = VERTEX_POINT ( 'NONE', #4690 ) ;
#1060 = EDGE_CURVE ( 'NONE', #2232, #3675, #2390, .T. ) ;
#1061 = DIRECTION ( 'NONE',  ( 0.0000000000000000000, 0.9662102834940519100, -0.2577550931996182600 ) ) ;
#1062 = FACE_OUTER_BOUND ( 'NONE', #3707, .T. ) ;
#1063 = CARTESIAN_POINT ( 'NONE',  ( -15.55000000000000100, 0.2000000000000096100, -3.850000000000028500 ) ) ;
#1064 = VECTOR ( 'NONE', #797, 1000.000000000000000 ) ;
#1065 = SURFACE_STYLE_USAGE ( .BOTH. , #402 ) ;
#1066 = EDGE_CURVE ( 'NONE', #1860, #1686, #279, .T. ) ;
#1067 = DIRECTION ( 'NONE',  ( 0.0000000000000000000, 0.9662102834940516900, -0.2577550931996187600 ) ) ;
#1068 = DIRECTION ( 'NONE',  ( 0.0000000000000000000, 1.000000000000000000, 0.0000000000000000000 ) ) ;
#1069 = VERTEX_POINT ( 'NONE', #4352 ) ;
#1070 = CYLINDRICAL_SURFACE ( 'NONE', #3586, 3.395780127642022100 ) ;
#1071 = CARTESIAN_POINT ( 'NONE',  ( 13.69999999999999900, 2.600000000000003200, 4.399999999999999500 ) ) ;
#1072 = VERTEX_POINT ( 'NONE', #1766 ) ;
#1073 = AXIS2_PLACEMENT_3D ( 'NONE', #3509, #4259, #579 ) ;
#1074 = PLANE ( 'NONE',  #1388 ) ;
#1075 = LINE ( 'NONE', #684, #957 ) ;
#1076 = CARTESIAN_POINT ( 'NONE',  ( 8.024999999999996800, 5.900000000000000400, 4.376422909250778500 ) ) ;
#1077 = ORIENTED_EDGE ( 'NONE', *, *, #2199, .F. ) ;
#1078 = FACE_OUTER_BOUND ( 'NONE', #846, .T. ) ;
#1079 = DIRECTION ( 'NONE',  ( 0.0000000000000000000, 1.000000000000000000, 0.0000000000000000000 ) ) ;
#1080 = AXIS2_PLACEMENT_3D ( 'NONE', #2189, #3689, #4023 ) ;
#1081 = ORIENTED_EDGE ( 'NONE', *, *, #277, .T. ) ;
#1082 = DIRECTION ( 'NONE',  ( 1.000000000000000000, -0.0000000000000000000, -0.0000000000000000000 ) ) ;
#1083 = ORIENTED_EDGE ( 'NONE', *, *, #2564, .F. ) ;
#1084 = EDGE_CURVE ( 'NONE', #3910, #2767, #3171, .T. ) ;
#1085 = MECHANICAL_DESIGN_GEOMETRIC_PRESENTATION_REPRESENTATION (  '', ( #2599 ), #3676 ) ;
#1086 = CARTESIAN_POINT ( 'NONE',  ( 6.499999999999997300, 5.900000000000000400, -3.217856110194154100 ) ) ;
#1087 = ORIENTED_EDGE ( 'NONE', *, *, #1084, .T. ) ;
#1088 = LINE ( 'NONE', #1112, #4538 ) ;
#1089 = EDGE_CURVE ( 'NONE', #3185, #3948, #3285, .T. ) ;
#1090 = VERTEX_POINT ( 'NONE', #3618 ) ;
#1091 = DIRECTION ( 'NONE',  ( 0.0000000000000000000, 0.0000000000000000000, -1.000000000000000000 ) ) ;
#1092 = PLANE ( 'NONE',  #199 ) ;
#1093 = ADVANCED_FACE ( 'NONE', ( #225 ), #3934, .F. ) ;
#1094 = DIRECTION ( 'NONE',  ( -0.0000000000000000000, -0.0000000000000000000, -1.000000000000000000 ) ) ;
#1095 = DIRECTION ( 'NONE',  ( -0.7431448254773980200, 0.0000000000000000000, 0.6691306063588539100 ) ) ;
#1096 = ORIENTED_EDGE ( 'NONE', *, *, #97, .F. ) ;
#1097 = VECTOR ( 'NONE', #2781, 1000.000000000000000 ) ;
#1098 = EDGE_CURVE ( 'NONE', #4016, #3929, #4588, .T. ) ;
#1099 = ORIENTED_EDGE ( 'NONE', *, *, #2301, .F. ) ;
#1100 = CARTESIAN_POINT ( 'NONE',  ( -4.974999999999997000, 5.700000000000001100, 4.376422909250778500 ) ) ;
#1101 = DIRECTION ( 'NONE',  ( 0.0000000000000000000, 0.0000000000000000000, -1.000000000000000000 ) ) ;
#1102 = DIRECTION ( 'NONE',  ( 1.000000000000000000, -0.0000000000000000000, -0.0000000000000000000 ) ) ;
#1103 = VECTOR ( 'NONE', #4334, 1000.000000000000000 ) ;
#1104 = ORIENTED_EDGE ( 'NONE', *, *, #2882, .T. ) ;
#1105 = DIRECTION ( 'NONE',  ( 0.0000000000000000000, -0.9662102834940521400, 0.2577550931996177600 ) ) ;
#1106 = ORIENTED_EDGE ( 'NONE', *, *, #2634, .T. ) ;
#1107 = VERTEX_POINT ( 'NONE', #3198 ) ;
#1108 = FACE_OUTER_BOUND ( 'NONE', #1173, .T. ) ;
#1109 = VECTOR ( 'NONE', #4617, 1000.000000000000000 ) ;
#1110 = CARTESIAN_POINT ( 'NONE',  ( -13.40000000000000400, 0.2000000000000057800, 2.539999999999972900 ) ) ;
#1111 = EDGE_CURVE ( 'NONE', #3486, #4671, #1841, .T. ) ;
#1112 = CARTESIAN_POINT ( 'NONE',  ( 4.999999999999996400, 4.331443352126995300, -1.198853748563604800 ) ) ;
#1113 = ORIENTED_EDGE ( 'NONE', *, *, #4560, .F. ) ;
#1114 = AXIS2_PLACEMENT_3D ( 'NONE', #1690, #4751, #4768 ) ;
#1115 = DIRECTION ( 'NONE',  ( 0.0000000000000000000, 1.000000000000000000, 0.0000000000000000000 ) ) ;
#1116 = CYLINDRICAL_SURFACE ( 'NONE', #480, 1.000000000000004400 ) ;
#1117 = ORIENTED_EDGE ( 'NONE', *, *, #1084, .F. ) ;
#1118 = DIRECTION ( 'NONE',  ( 0.0000000000000000000, 1.000000000000000000, -0.0000000000000000000 ) ) ;
#1119 = CARTESIAN_POINT ( 'NONE',  ( 14.09637171368696200, -0.1880143455903308900, 6.070438316928877100 ) ) ;
#1120 = LINE ( 'NONE', #3242, #327 ) ;
#1121 = PRESENTATION_LAYER_ASSIGNMENT (  '', '', ( #1974 ) ) ;
#1122 = CARTESIAN_POINT ( 'NONE',  ( 10.63305127170896500, 5.600000000000000500, -10.80000000000000600 ) ) ;
#1123 = ADVANCED_FACE ( 'NONE', ( #4282 ), #233, .T. ) ;
#1124 = EDGE_CURVE ( 'NONE', #3104, #1970, #2824, .T. ) ;
#1125 = EDGE_LOOP ( 'NONE', ( #4419, #2845, #1027, #3365 ) ) ;
#1126 = LINE ( 'NONE', #4831, #1064 ) ;
#1127 = PLANE ( 'NONE',  #4102 ) ;
#1128 = ORIENTED_EDGE ( 'NONE', *, *, #4057, .F. ) ;
#1129 = CARTESIAN_POINT ( 'NONE',  ( 3.810000000000004900, 4.450052730999529300E-014, -3.344063015238290700E-016 ) ) ;
#1130 =( NAMED_UNIT ( * ) SI_UNIT ( $, .STERADIAN. ) SOLID_ANGLE_UNIT ( ) );
#1131 = EDGE_CURVE ( 'NONE', #2155, #44, #3979, .T. ) ;
#1132 = CARTESIAN_POINT ( 'NONE',  ( -4.974999999999997000, 5.700000000000001100, 4.376422909250778500 ) ) ;
#1133 = CYLINDRICAL_SURFACE ( 'NONE', #2381, 0.8400000000000005200 ) ;
#1134 = ORIENTED_EDGE ( 'NONE', *, *, #4475, .T. ) ;
#1135 = FACE_OUTER_BOUND ( 'NONE', #1879, .T. ) ;
#1136 = DIRECTION ( 'NONE',  ( 0.0000000000000000000, 0.0000000000000000000, -1.000000000000000000 ) ) ;
#1137 = AXIS2_PLACEMENT_3D ( 'NONE', #3646, #3743, #2282 ) ;
#1138 = DIRECTION ( 'NONE',  ( -1.000000000000000000, 0.0000000000000000000, -0.0000000000000000000 ) ) ;
#1139 = ORIENTED_EDGE ( 'NONE', *, *, #4212, .F. ) ;
#1140 = LINE ( 'NONE', #3630, #4759 ) ;
#1141 = DIRECTION ( 'NONE',  ( -0.9176698110926638800, -0.0000000000000000000, -0.3973438282006586100 ) ) ;
#1142 = ORIENTED_EDGE ( 'NONE', *, *, #3453, .F. ) ;
#1143 = VERTEX_POINT ( 'NONE', #3095 ) ;
#1144 = AXIS2_PLACEMENT_3D ( 'NONE', #2862, #291, #639 ) ;
#1145 = PLANE ( 'NONE',  #2994 ) ;
#1146 = VERTEX_POINT ( 'NONE', #2669 ) ;
#1147 = ADVANCED_FACE ( 'NONE', ( #3410 ), #4138, .T. ) ;
#1148 = FACE_OUTER_BOUND ( 'NONE', #1020, .T. ) ;
#1149 = DIRECTION ( 'NONE',  ( -1.000000000000000000, 0.0000000000000000000, 0.0000000000000000000 ) ) ;
#1150 = DIRECTION ( 'NONE',  ( -1.000000000000000000, 0.0000000000000000000, 0.0000000000000000000 ) ) ;
#1151 = VERTEX_POINT ( 'NONE', #2326 ) ;
#1152 = VECTOR ( 'NONE', #2790, 1000.000000000000000 ) ;
#1153 = CIRCLE ( 'NONE', #574, 0.8400000000000005200 ) ;
#1154 = ORIENTED_EDGE ( 'NONE', *, *, #1360, .T. ) ;
#1155 = LINE ( 'NONE', #979, #2908 ) ;
#1156 = DIRECTION ( 'NONE',  ( -1.000000000000000000, -0.0000000000000000000, -0.0000000000000000000 ) ) ;
#1157 = EDGE_CURVE ( 'NONE', #182, #1455, #2021, .T. ) ;
#1158 = CARTESIAN_POINT ( 'NONE',  ( -6.499999999999997300, 4.521306437175210700, -3.217856110194154100 ) ) ;
#1159 = EDGE_LOOP ( 'NONE', ( #1161, #4537, #1757, #642 ) ) ;
#1160 = LINE ( 'NONE', #2550, #3439 ) ;
#1161 = ORIENTED_EDGE ( 'NONE', *, *, #2519, .F. ) ;
#1162 = DIRECTION ( 'NONE',  ( 0.0000000000000000000, 0.0000000000000000000, 1.000000000000000000 ) ) ;
#1163 = CARTESIAN_POINT ( 'NONE',  ( 6.318828384886868900, 5.700000000000001100, 10.09999999999999800 ) ) ;
#1164 = VERTEX_POINT ( 'NONE', #887 ) ;
#1165 = AXIS2_PLACEMENT_3D ( 'NONE', #224, #973, #3208 ) ;
#1166 = EDGE_LOOP ( 'NONE', ( #3007, #436, #311, #2842 ) ) ;
#1167 = LINE ( 'NONE', #3472, #1932 ) ;
#1168 = DIRECTION ( 'NONE',  ( -1.000000000000000000, 4.186962248049520900E-016, 0.0000000000000000000 ) ) ;
#1169 = CARTESIAN_POINT ( 'NONE',  ( 13.40000000000000400, 0.2000000000000057800, -5.740000000000026000 ) ) ;
#1170 = ORIENTED_EDGE ( 'NONE', *, *, #614, .T. ) ;
#1171 = ADVANCED_FACE ( 'NONE', ( #2604 ), #3587, .T. ) ;
#1172 = CARTESIAN_POINT ( 'NONE',  ( 10.63305127170896500, 5.600000000000000500, -10.80000000000000600 ) ) ;
#1173 = EDGE_LOOP ( 'NONE', ( #3470, #4186, #2857, #375 ) ) ;
#1174 = AXIS2_PLACEMENT_3D ( 'NONE', #3534, #4615, #2098 ) ;
#1175 = LINE ( 'NONE', #2067, #4074 ) ;
#1176 = VECTOR ( 'NONE', #1529, 1000.000000000000000 ) ;
#1177 = CARTESIAN_POINT ( 'NONE',  ( -13.60000000000001000, 1.699999999999997700, 2.539999999999972900 ) ) ;
#1178 = ORIENTED_EDGE ( 'NONE', *, *, #3557, .T. ) ;
#1179 = CARTESIAN_POINT ( 'NONE',  ( 13.59999999999999800, 2.600000000000003200, 4.399999999999999500 ) ) ;
#1180 = DIRECTION ( 'NONE',  ( 0.0000000000000000000, 1.000000000000000000, 0.0000000000000000000 ) ) ;
#1181 = VECTOR ( 'NONE', #1068, 1000.000000000000000 ) ;
#1182 = CARTESIAN_POINT ( 'NONE',  ( 10.63305127170896500, 5.700000000000001100, -11.10000000000000500 ) ) ;
#1183 = EDGE_CURVE ( 'NONE', #1783, #2546, #3523, .T. ) ;
#1184 = AXIS2_PLACEMENT_3D ( 'NONE', #1951, #2357, #451 ) ;
#1185 = CARTESIAN_POINT ( 'NONE',  ( 10.63305127170896500, 5.900000000000000400, -10.40000000000000200 ) ) ;
#1186 = VECTOR ( 'NONE', #62, 1000.000000000000000 ) ;
#1187 = ORIENTED_EDGE ( 'NONE', *, *, #2840, .F. ) ;
#1188 = VECTOR ( 'NONE', #2761, 1000.000000000000000 ) ;
#1189 = EDGE_CURVE ( 'NONE', #2954, #3957, #4399, .T. ) ;
#1190 = ORIENTED_EDGE ( 'NONE', *, *, #3377, .F. ) ;
#1191 = CARTESIAN_POINT ( 'NONE',  ( -12.70462891345259500, 5.700000000000002000, -11.10000000000000500 ) ) ;
#1192 = VECTOR ( 'NONE', #1539, 1000.000000000000000 ) ;
#1193 = DIRECTION ( 'NONE',  ( 0.0000000000000000000, 0.0000000000000000000, -1.000000000000000000 ) ) ;
#1194 = ORIENTED_EDGE ( 'NONE', *, *, #186, .T. ) ;
#1195 = CARTESIAN_POINT ( 'NONE',  ( -3.809999999999995200, 4.445826094244035200E-014, 1.730998837061066900E-015 ) ) ;
#1196 = CARTESIAN_POINT ( 'NONE',  ( -13.40000000000001600, 4.623038063478195300E-014, 4.399999999999998600 ) ) ;
#1197 = CARTESIAN_POINT ( 'NONE',  ( 3.809999999999999600, 0.2000000000000417000, -19.59999999999999800 ) ) ;
#1198 = EDGE_CURVE ( 'NONE', #913, #2368, #2660, .T. ) ;
#1199 = ADVANCED_FACE ( 'NONE', ( #2442 ), #3552, .T. ) ;
#1200 = DIRECTION ( 'NONE',  ( 0.0000000000000000000, 0.0000000000000000000, -1.000000000000000000 ) ) ;
#1201 = VECTOR ( 'NONE', #216, 1000.000000000000000 ) ;
#1202 = EDGE_LOOP ( 'NONE', ( #3822, #626, #1325, #2224 ) ) ;
#1203 = CARTESIAN_POINT ( 'NONE',  ( -13.60823301889072900, 1.700000000000000800, 4.439734382820063300 ) ) ;
#1204 = AXIS2_PLACEMENT_3D ( 'NONE', #4487, #2, #1487 ) ;
#1205 = DIRECTION ( 'NONE',  ( 0.0000000000000000000, 0.0000000000000000000, 1.000000000000000000 ) ) ;
#1206 = ORIENTED_EDGE ( 'NONE', *, *, #4448, .T. ) ;
#1207 = DIRECTION ( 'NONE',  ( 0.0000000000000000000, 1.000000000000000000, 0.0000000000000000000 ) ) ;
#1208 = VECTOR ( 'NONE', #3132, 1000.000000000000000 ) ;
#1209 = DIRECTION ( 'NONE',  ( 1.000000000000000000, -3.491481338843133400E-015, 0.0000000000000000000 ) ) ;
#1210 = ORIENTED_EDGE ( 'NONE', *, *, #609, .F. ) ;
#1211 = FACE_OUTER_BOUND ( 'NONE', #1166, .T. ) ;
#1212 = LINE ( 'NONE', #2134, #4297 ) ;
#1213 = VECTOR ( 'NONE', #2471, 1000.000000000000000 ) ;
#1214 = CARTESIAN_POINT ( 'NONE',  ( -6.318828384886868900, 5.900000000000000400, 11.10000000000000100 ) ) ;
#1215 = AXIS2_PLACEMENT_3D ( 'NONE', #4347, #3181, #3548 ) ;
#1216 = EDGE_CURVE ( 'NONE', #1059, #1755, #4342, .T. ) ;
#1217 = ORIENTED_EDGE ( 'NONE', *, *, #2917, .T. ) ;
#1218 = CARTESIAN_POINT ( 'NONE',  ( 13.29999999999999900, 5.900000000000000400, -10.40000000000000200 ) ) ;
#1219 = LINE ( 'NONE', #2739, #3945 ) ;
#1220 = ADVANCED_FACE ( 'NONE', ( #1610 ), #2495, .T. ) ;
#1221 = ORIENTED_EDGE ( 'NONE', *, *, #2068, .F. ) ;
#1222 = DIRECTION ( 'NONE',  ( -1.000000000000000000, 0.0000000000000000000, 0.0000000000000000000 ) ) ;
#1223 = CYLINDRICAL_SURFACE ( 'NONE', #2095, 0.2999999999999999300 ) ;
#1224 = EDGE_LOOP ( 'NONE', ( #500, #2210, #1190, #2040 ) ) ;
#1225 = EDGE_CURVE ( 'NONE', #2619, #4650, #787, .T. ) ;
#1226 = DIRECTION ( 'NONE',  ( 3.491481338843133400E-015, 1.000000000000000000, -4.092401786774402600E-031 ) ) ;
#1227 = ORIENTED_EDGE ( 'NONE', *, *, #3518, .F. ) ;
#1228 = CARTESIAN_POINT ( 'NONE',  ( -16.39000000000000100, 0.2000000000000097000, -3.850000000000028500 ) ) ;
#1229 = ORIENTED_EDGE ( 'NONE', *, *, #1379, .F. ) ;
#1230 = CARTESIAN_POINT ( 'NONE',  ( -16.39000000000000100, 9.667198458286577600E-015, -3.850000000000028500 ) ) ;
#1231 = VECTOR ( 'NONE', #4274, 1000.000000000000000 ) ;
#1232 = AXIS2_PLACEMENT_3D ( 'NONE', #3271, #1051, #2576 ) ;
#1233 = VECTOR ( 'NONE', #4804, 1000.000000000000000 ) ;
#1234 = ORIENTED_EDGE ( 'NONE', *, *, #2533, .T. ) ;
#1235 = DIRECTION ( 'NONE',  ( -1.000000000000000000, -0.0000000000000000000, -0.0000000000000000000 ) ) ;
#1236 = DIRECTION ( 'NONE',  ( -3.061276722312027200E-015, 1.000000000000000000, 0.0000000000000000000 ) ) ;
#1237 = DIRECTION ( 'NONE',  ( 0.0000000000000000000, -1.000000000000000000, -0.0000000000000000000 ) ) ;
#1238 = FACE_OUTER_BOUND ( 'NONE', #4229, .T. ) ;
#1239 = PLANE ( 'NONE',  #2646 ) ;
#1240 = ORIENTED_EDGE ( 'NONE', *, *, #1474, .T. ) ;
#1241 = AXIS2_PLACEMENT_3D ( 'NONE', #4536, #1583, #3839 ) ;
#1242 = VECTOR ( 'NONE', #594, 1000.000000000000000 ) ;
#1243 = CARTESIAN_POINT ( 'NONE',  ( -12.70462891345259500, 4.053774859651074000E-014, -10.90000000000002500 ) ) ;
#1244 = CARTESIAN_POINT ( 'NONE',  ( 13.70000000000000600, 0.2000000000000057300, 2.539999999999972900 ) ) ;
#1245 = CARTESIAN_POINT ( 'NONE',  ( -14.27990567590549500, -0.1880143455903308900, 5.990969551288745100 ) ) ;
#1246 = ADVANCED_FACE ( 'NONE', ( #2888 ), #999, .F. ) ;
#1247 = CARTESIAN_POINT ( 'NONE',  ( 12.70462891345259500, 1.900000000000001200, -11.10000000000001900 ) ) ;
#1248 = ORIENTED_EDGE ( 'NONE', *, *, #3024, .T. ) ;
#1249 = LINE ( 'NONE', #744, #1192 ) ;
#1250 = CARTESIAN_POINT ( 'NONE',  ( 8.024999999999996800, 5.700000000000001100, 4.376422909250778500 ) ) ;
#1251 = DIRECTION ( 'NONE',  ( -1.000000000000000000, 0.0000000000000000000, 0.0000000000000000000 ) ) ;
#1252 = CARTESIAN_POINT ( 'NONE',  ( -3.809999999999999200, 4.233165969121199700E-014, -14.80000000000001800 ) ) ;
#1253 = VERTEX_POINT ( 'NONE', #3200 ) ;
#1254 = EDGE_CURVE ( 'NONE', #3287, #1059, #3345, .T. ) ;
#1255 = VECTOR ( 'NONE', #2128, 1000.000000000000100 ) ;
#1256 = EDGE_LOOP ( 'NONE', ( #4129, #347, #3255, #514 ) ) ;
#1257 = DIRECTION ( 'NONE',  ( 0.0000000000000000000, 0.0000000000000000000, 1.000000000000000000 ) ) ;
#1258 = ORIENTED_EDGE ( 'NONE', *, *, #3204, .T. ) ;
#1259 = VECTOR ( 'NONE', #801, 1000.000000000000000 ) ;
#1260 = EDGE_CURVE ( 'NONE', #2536, #3078, #1729, .T. ) ;
#1261 = VERTEX_POINT ( 'NONE', #4013 ) ;
#1262 = ORIENTED_EDGE ( 'NONE', *, *, #4247, .T. ) ;
#1263 = CARTESIAN_POINT ( 'NONE',  ( 8.024999999999998600, 5.900000000000000400, -1.236852576628401300 ) ) ;
#1264 = VERTEX_POINT ( 'NONE', #3997 ) ;
#1265 = CARTESIAN_POINT ( 'NONE',  ( -15.55000000000000100, 9.595189226496714200E-015, 0.6499999999999713800 ) ) ;
#1266 = AXIS2_PLACEMENT_3D ( 'NONE', #3340, #735, #3670 ) ;
#1267 = DIRECTION ( 'NONE',  ( 0.0000000000000000000, 6.982962677686266700E-015, -1.000000000000000000 ) ) ;
#1268 = ADVANCED_FACE ( 'NONE', ( #3638 ), #675, .T. ) ;
#1269 = LINE ( 'NONE', #2879, #3482 ) ;
#1270 = EDGE_LOOP ( 'NONE', ( #2816, #3356, #947, #2685 ) ) ;
#1271 = EDGE_LOOP ( 'NONE', ( #3501, #4657, #4434, #4691 ) ) ;
#1272 = ORIENTED_EDGE ( 'NONE', *, *, #1430, .T. ) ;
#1273 = EDGE_CURVE ( 'NONE', #4008, #3323, #4705, .T. ) ;
#1274 = DIRECTION ( 'NONE',  ( -1.000000000000000000, 0.0000000000000000000, 0.0000000000000000000 ) ) ;
#1275 = CARTESIAN_POINT ( 'NONE',  ( 6.318828384886868900, 5.700000000000001100, 11.10000000000000100 ) ) ;
#1276 = DIRECTION ( 'NONE',  ( 0.0000000000000000000, 2.891205793294696400E-015, -1.000000000000000000 ) ) ;
#1277 = ORIENTED_EDGE ( 'NONE', *, *, #4408, .F. ) ;
#1278 = VERTEX_POINT ( 'NONE', #3280 ) ;
#1279 = VECTOR ( 'NONE', #3014, 1000.000000000000200 ) ;
#1280 = ORIENTED_EDGE ( 'NONE', *, *, #1345, .F. ) ;
#1281 = CARTESIAN_POINT ( 'NONE',  ( 4.999999999999996400, 5.900000000000000400, 4.376422909250778500 ) ) ;
#1282 = EDGE_CURVE ( 'NONE', #3914, #3726, #674, .T. ) ;
#1283 = VERTEX_POINT ( 'NONE', #1401 ) ;
#1284 = VECTOR ( 'NONE', #111, 1000.000000000000000 ) ;
#1285 = ADVANCED_FACE ( 'NONE', ( #1135 ), #1813, .T. ) ;
#1286 = CYLINDRICAL_SURFACE ( 'NONE', #932, 0.1000000000000020000 ) ;
#1287 = DIRECTION ( 'NONE',  ( 0.0000000000000000000, -0.9662102834940521400, 0.2577550931996177600 ) ) ;
#1288 = VERTEX_POINT ( 'NONE', #1794 ) ;
#1289 = AXIS2_PLACEMENT_3D ( 'NONE', #33, #1518, #2633 ) ;
#1290 = FACE_OUTER_BOUND ( 'NONE', #542, .T. ) ;
#1291 = ORIENTED_EDGE ( 'NONE', *, *, #3869, .F. ) ;
#1292 = DIRECTION ( 'NONE',  ( -8.572527594031492900E-017, 1.000000000000000000, 0.0000000000000000000 ) ) ;
#1293 = PLANE ( 'NONE',  #4235 ) ;
#1294 = LINE ( 'NONE', #2733, #1540 ) ;
#1295 = EDGE_LOOP ( 'NONE', ( #2060, #4457, #3157, #3284 ) ) ;
#1296 = DIRECTION ( 'NONE',  ( 0.0000000000000000000, 0.0000000000000000000, 1.000000000000000000 ) ) ;
#1297 = VECTOR ( 'NONE', #986, 1000.000000000000000 ) ;
#1298 = ORIENTED_EDGE ( 'NONE', *, *, #1820, .T. ) ;
#1299 = DIRECTION ( 'NONE',  ( 0.0000000000000000000, 0.0000000000000000000, -1.000000000000000000 ) ) ;
#1300 = AXIS2_PLACEMENT_3D ( 'NONE', #3598, #2144, #3196 ) ;
#1301 = CARTESIAN_POINT ( 'NONE',  ( -13.69999999999999900, -0.1880143455903308900, 4.399999999999999500 ) ) ;
#1302 = VECTOR ( 'NONE', #558, 1000.000000000000000 ) ;
#1303 = EDGE_CURVE ( 'NONE', #944, #3486, #167, .T. ) ;
#1304 = ORIENTED_EDGE ( 'NONE', *, *, #700, .F. ) ;
#1305 = DIRECTION ( 'NONE',  ( 0.0000000000000000000, -2.891205793294678200E-015, 1.000000000000000000 ) ) ;
#1306 = FACE_OUTER_BOUND ( 'NONE', #1929, .T. ) ;
#1307 = ADVANCED_FACE ( 'NONE', ( #2258 ), #622, .F. ) ;
#1308 = ORIENTED_EDGE ( 'NONE', *, *, #2125, .T. ) ;
#1309 = EDGE_CURVE ( 'NONE', #1046, #3149, #4648, .T. ) ;
#1310 = CARTESIAN_POINT ( 'NONE',  ( 9.763181178145385900, 5.900000000000000400, -10.40000000000000200 ) ) ;
#1311 = VERTEX_POINT ( 'NONE', #3937 ) ;
#1312 = LINE ( 'NONE', #2760, #58 ) ;
#1313 = DIRECTION ( 'NONE',  ( -5.546767395662022700E-018, 1.000000000000000000, -1.437693676597985000E-016 ) ) ;
#1314 = CARTESIAN_POINT ( 'NONE',  ( 7.999999999999996400, 2.304219872357979000, 4.376422909250776700 ) ) ;
#1315 = EDGE_CURVE ( 'NONE', #1924, #2232, #1488, .T. ) ;
#1316 = ORIENTED_EDGE ( 'NONE', *, *, #4035, .T. ) ;
#1317 = DIRECTION ( 'NONE',  ( -1.000000000000000000, 0.0000000000000000000, 0.0000000000000000000 ) ) ;
#1318 = FACE_OUTER_BOUND ( 'NONE', #1628, .T. ) ;
#1319 = EDGE_LOOP ( 'NONE', ( #1335, #3019, #2362, #2512 ) ) ;
#1320 = DIRECTION ( 'NONE',  ( 0.0000000000000000000, -1.000000000000000000, -3.652049423109067200E-015 ) ) ;
#1321 = DIRECTION ( 'NONE',  ( -1.172110456741085800E-016, -0.0000000000000000000, -1.000000000000000000 ) ) ;
#1322 = AXIS2_PLACEMENT_3D ( 'NONE', #4053, #749, #2609 ) ;
#1323 = DIRECTION ( 'NONE',  ( 0.0000000000000000000, 0.0000000000000000000, -1.000000000000000000 ) ) ;
#1324 = DIRECTION ( 'NONE',  ( -2.710505431213774400E-016, -1.437693676597985000E-016, -1.000000000000000000 ) ) ;
#1325 = ORIENTED_EDGE ( 'NONE', *, *, #1788, .F. ) ;
#1326 = LINE ( 'NONE', #3138, #4614 ) ;
#1327 = DIRECTION ( 'NONE',  ( 0.3973438282006626100, 0.0000000000000000000, -0.9176698110926622100 ) ) ;
#1328 = ORIENTED_EDGE ( 'NONE', *, *, #530, .T. ) ;
#1329 = EDGE_CURVE ( 'NONE', #4765, #1662, #2385, .T. ) ;
#1330 = DIRECTION ( 'NONE',  ( 0.0000000000000000000, 0.0000000000000000000, 1.000000000000000000 ) ) ;
#1331 = CARTESIAN_POINT ( 'NONE',  ( 13.39999999999999900, 5.600000000000004100, -10.40000000000000200 ) ) ;
#1332 = DIRECTION ( 'NONE',  ( 0.0000000000000000000, 4.462506489046080100E-015, -1.000000000000000000 ) ) ;
#1333 = LINE ( 'NONE', #4676, #596 ) ;
#1334 = ORIENTED_EDGE ( 'NONE', *, *, #682, .F. ) ;
#1335 = ORIENTED_EDGE ( 'NONE', *, *, #3794, .F. ) ;
#1336 = ORIENTED_EDGE ( 'NONE', *, *, #3237, .F. ) ;
#1337 = EDGE_CURVE ( 'NONE', #1517, #1046, #4526, .T. ) ;
#1338 = DIRECTION ( 'NONE',  ( -1.000000000000000000, 8.572527594031398000E-017, 0.0000000000000000000 ) ) ;
#1339 = ADVANCED_FACE ( 'NONE', ( #3000 ), #2929, .F. ) ;
#1340 = PLANE ( 'NONE',  #565 ) ;
#1341 = LINE ( 'NONE', #303, #4201 ) ;
#1342 = LINE ( 'NONE', #3442, #4202 ) ;
#1343 = ORIENTED_EDGE ( 'NONE', *, *, #2564, .T. ) ;
#1344 = LINE ( 'NONE', #717, #1943 ) ;
#1345 = EDGE_CURVE ( 'NONE', #3723, #1691, #4463, .T. ) ;
#1346 = DIRECTION ( 'NONE',  ( -1.172110456741081900E-016, 1.172110456741085800E-016, -1.000000000000000000 ) ) ;
#1347 = CARTESIAN_POINT ( 'NONE',  ( 13.40000000000001800, 4.718447854656921000E-014, -10.40000000000000200 ) ) ;
#1348 = DIRECTION ( 'NONE',  ( -1.000000000000000000, -0.0000000000000000000, -0.0000000000000000000 ) ) ;
#1349 = FACE_OUTER_BOUND ( 'NONE', #756, .T. ) ;
#1350 = DIRECTION ( 'NONE',  ( 0.0000000000000000000, 1.000000000000000000, 0.0000000000000000000 ) ) ;
#1351 = ORIENTED_EDGE ( 'NONE', *, *, #4087, .T. ) ;
#1352 = AXIS2_PLACEMENT_3D ( 'NONE', #1736, #1330, #4317 ) ;
#1353 = FACE_OUTER_BOUND ( 'NONE', #4288, .T. ) ;
#1354 = CARTESIAN_POINT ( 'NONE',  ( -7.999999999999996400, 4.321306437175211500, -1.276180276523490400 ) ) ;
#1355 = CARTESIAN_POINT ( 'NONE',  ( 13.59999999999999800, 5.700000000000001100, 4.399999999999999500 ) ) ;
#1356 = DIRECTION ( 'NONE',  ( 8.572527594031491700E-017, -1.000000000000000000, -0.0000000000000000000 ) ) ;
#1357 = CARTESIAN_POINT ( 'NONE',  ( -13.40000000000000600, 0.3000000000000066500, 2.539999999999972900 ) ) ;
#1358 = ORIENTED_EDGE ( 'NONE', *, *, #2339, .F. ) ;
#1359 = ADVANCED_FACE ( 'NONE', ( #1366 ), #4226, .T. ) ;
#1360 = EDGE_CURVE ( 'NONE', #1481, #3104, #1896, .T. ) ;
#1361 = LINE ( 'NONE', #1718, #2883 ) ;
#1362 = AXIS2_PLACEMENT_3D ( 'NONE', #1301, #4647, #919 ) ;
#1363 = DIRECTION ( 'NONE',  ( 0.0000000000000000000, -0.9662102834940516900, 0.2577550931996187600 ) ) ;
#1364 = ORIENTED_EDGE ( 'NONE', *, *, #2276, .T. ) ;
#1365 = DIRECTION ( 'NONE',  ( 1.000000000000000000, 0.0000000000000000000, 0.0000000000000000000 ) ) ;
#1366 = FACE_OUTER_BOUND ( 'NONE', #369, .T. ) ;
#1367 = CARTESIAN_POINT ( 'NONE',  ( 13.69999999999999900, -0.1880143455903308900, 4.399999999999999500 ) ) ;
#1368 = DIRECTION ( 'NONE',  ( -3.090394334539071700E-016, 0.0000000000000000000, -1.000000000000000000 ) ) ;
#1369 = VERTEX_POINT ( 'NONE', #2656 ) ;
#1370 = AXIS2_PLACEMENT_3D ( 'NONE', #3628, #2518, #1039 ) ;
#1371 = EDGE_CURVE ( 'NONE', #3679, #1497, #45, .T. ) ;
#1372 = LINE ( 'NONE', #1809, #2892 ) ;
#1373 = ORIENTED_EDGE ( 'NONE', *, *, #4761, .F. ) ;
#1374 = VECTOR ( 'NONE', #1948, 1000.000000000000000 ) ;
#1375 = ORIENTED_EDGE ( 'NONE', *, *, #3032, .F. ) ;
#1376 = CARTESIAN_POINT ( 'NONE',  ( 6.194929789104785200, 5.700000000000001100, 11.09229488457979300 ) ) ;
#1377 = CARTESIAN_POINT ( 'NONE',  ( -15.55000000000000100, 9.595189226496714200E-015, 0.6499999999999713800 ) ) ;
#1378 = CARTESIAN_POINT ( 'NONE',  ( -6.318828384886868900, 5.700000000000001100, 11.10000000000000100 ) ) ;
#1379 = EDGE_CURVE ( 'NONE', #571, #2155, #3816, .T. ) ;
#1380 = ORIENTED_EDGE ( 'NONE', *, *, #2831, .T. ) ;
#1381 = CIRCLE ( 'NONE', #2084, 0.3000000000000000400 ) ;
#1382 = DIRECTION ( 'NONE',  ( -0.0000000000000000000, -1.000000000000000000, -3.652049423109067200E-015 ) ) ;
#1383 = VERTEX_POINT ( 'NONE', #994 ) ;
#1384 = ORIENTED_EDGE ( 'NONE', *, *, #4805, .T. ) ;
#1385 = CARTESIAN_POINT ( 'NONE',  ( 13.70000000000000600, 0.3000000000000057600, 2.539999999999972900 ) ) ;
#1386 = ADVANCED_FACE ( 'NONE', ( #4095, #1551 ), #730, .T. ) ;
#1387 = CARTESIAN_POINT ( 'NONE',  ( -14.71000000000000100, 9.523179994706849300E-015, 0.6499999999999714900 ) ) ;
#1388 = AXIS2_PLACEMENT_3D ( 'NONE', #4814, #3297, #4398 ) ;
#1389 = EDGE_LOOP ( 'NONE', ( #813, #4370, #3828, #858 ) ) ;
#1390 = DIRECTION ( 'NONE',  ( -1.000000000000000000, 0.0000000000000000000, 0.0000000000000000000 ) ) ;
#1391 = FACE_OUTER_BOUND ( 'NONE', #1319, .T. ) ;
#1392 = AXIS2_PLACEMENT_3D ( 'NONE', #2825, #3226, #1323 ) ;
#1393 = ORIENTED_EDGE ( 'NONE', *, *, #3016, .F. ) ;
#1394 = LINE ( 'NONE', #1177, #427 ) ;
#1395 = VERTEX_POINT ( 'NONE', #4623 ) ;
#1396 = ORIENTED_EDGE ( 'NONE', *, *, #505, .F. ) ;
#1397 = ORIENTED_EDGE ( 'NONE', *, *, #4294, .T. ) ;
#1398 = AXIS2_PLACEMENT_3D ( 'NONE', #4499, #3727, #2995 ) ;
#1399 = DIRECTION ( 'NONE',  ( 8.572527594031491700E-017, -1.000000000000000000, -0.0000000000000000000 ) ) ;
#1400 = VECTOR ( 'NONE', #2185, 1000.000000000000000 ) ;
#1401 = CARTESIAN_POINT ( 'NONE',  ( -12.69999999999999900, 5.700000000000001100, 5.699999999999999300 ) ) ;
#1402 = DIRECTION ( 'NONE',  ( -1.000000000000000000, -1.868706573620127700E-016, 0.0000000000000000000 ) ) ;
#1403 = ORIENTED_EDGE ( 'NONE', *, *, #4007, .F. ) ;
#1404 = CARTESIAN_POINT ( 'NONE',  ( -15.55000000000000100, 9.595189226496714200E-015, 0.6499999999999713800 ) ) ;
#1405 = ORIENTED_EDGE ( 'NONE', *, *, #4161, .T. ) ;
#1406 = CARTESIAN_POINT ( 'NONE',  ( -4.974999999999995200, 5.700000000000001100, -1.236852576628402200 ) ) ;
#1407 = VECTOR ( 'NONE', #144, 1000.000000000000200 ) ;
#1408 = LINE ( 'NONE', #3376, #1819 ) ;
#1409 = DIRECTION ( 'NONE',  ( 1.000000000000000000, 0.0000000000000000000, -0.0000000000000000000 ) ) ;
#1410 = EDGE_CURVE ( 'NONE', #2170, #1907, #2718, .T. ) ;
#1411 = DIRECTION ( 'NONE',  ( 0.0000000000000000000, 0.0000000000000000000, 1.000000000000000000 ) ) ;
#1412 = EDGE_LOOP ( 'NONE', ( #3337, #4405, #751, #1779 ) ) ;
#1413 = DIRECTION ( 'NONE',  ( -1.000000000000000000, -0.0000000000000000000, -0.0000000000000000000 ) ) ;
#1414 = LINE ( 'NONE', #2514, #2875 ) ;
#1415 = EDGE_LOOP ( 'NONE', ( #2565, #3731, #3872, #1874 ) ) ;
#1416 = CARTESIAN_POINT ( 'NONE',  ( -12.70462891345259500, 5.900000000000000400, -11.10000000000000500 ) ) ;
#1417 = AXIS2_PLACEMENT_3D ( 'NONE', #2896, #290, #669 ) ;
#1418 = LINE ( 'NONE', #46, #3515 ) ;
#1419 = CARTESIAN_POINT ( 'NONE',  ( -8.673617379884035500E-015, 5.900000000000000400, 60.70703911356945100 ) ) ;
#1420 = ADVANCED_FACE ( 'NONE', ( #3755 ), #3339, .T. ) ;
#1421 = ORIENTED_EDGE ( 'NONE', *, *, #2721, .F. ) ;
#1422 = DIRECTION ( 'NONE',  ( -0.0000000000000000000, -1.000000000000000000, -3.652049423109067200E-015 ) ) ;
#1423 = LINE ( 'NONE', #4279, #1188 ) ;
#1424 = DIRECTION ( 'NONE',  ( 0.0000000000000000000, 1.000000000000000000, 0.0000000000000000000 ) ) ;
#1425 = AXIS2_PLACEMENT_3D ( 'NONE', #3648, #1434, #1422 ) ;
#1426 = ORIENTED_EDGE ( 'NONE', *, *, #2727, .F. ) ;
#1427 = CARTESIAN_POINT ( 'NONE',  ( -14.71000000000000100, 0.2000000000000095300, -3.850000000000028500 ) ) ;
#1428 = VECTOR ( 'NONE', #3798, 1000.000000000000000 ) ;
#1429 = ORIENTED_EDGE ( 'NONE', *, *, #2755, .T. ) ;
#1430 = EDGE_CURVE ( 'NONE', #1072, #4730, #3925, .T. ) ;
#1431 = VECTOR ( 'NONE', #3966, 1000.000000000000000 ) ;
#1432 = ORIENTED_EDGE ( 'NONE', *, *, #477, .F. ) ;
#1433 = ORIENTED_EDGE ( 'NONE', *, *, #2782, .F. ) ;
#1434 = DIRECTION ( 'NONE',  ( -1.529099306256869600E-030, -3.652049423109067200E-015, 1.000000000000000000 ) ) ;
#1435 = ORIENTED_EDGE ( 'NONE', *, *, #2320, .T. ) ;
#1436 = LINE ( 'NONE', #1909, #4049 ) ;
#1437 = EDGE_CURVE ( 'NONE', #786, #2619, #2997, .T. ) ;
#1438 = DIRECTION ( 'NONE',  ( 8.572527594031491700E-017, 1.000000000000000000, 0.0000000000000000000 ) ) ;
#1439 = DIRECTION ( 'NONE',  ( 0.0000000000000000000, 0.0000000000000000000, -1.000000000000000000 ) ) ;
#1440 = ADVANCED_FACE ( 'NONE', ( #2014 ), #4564, .T. ) ;
#1441 = CYLINDRICAL_SURFACE ( 'NONE', #739, 1.500000000000000000 ) ;
#1442 = EDGE_CURVE ( 'NONE', #810, #1069, #4701, .T. ) ;
#1443 = EDGE_LOOP ( 'NONE', ( #4501, #3601, #1748, #1054 ) ) ;
#1444 = VECTOR ( 'NONE', #1363, 1000.000000000000100 ) ;
#1445 = CARTESIAN_POINT ( 'NONE',  ( -13.60823301889072900, 1.700000000000000800, 4.439734382820063300 ) ) ;
#1446 = PLANE ( 'NONE',  #707 ) ;
#1447 = VERTEX_POINT ( 'NONE', #2742 ) ;
#1448 = DIRECTION ( 'NONE',  ( -3.090394334539071200E-016, 0.0000000000000000000, 1.000000000000000000 ) ) ;
#1449 = AXIS2_PLACEMENT_3D ( 'NONE', #2563, #1845, #2548 ) ;
#1450 = DIRECTION ( 'NONE',  ( 0.0000000000000000000, 1.000000000000000000, 0.0000000000000000000 ) ) ;
#1451 = LINE ( 'NONE', #1654, #1574 ) ;
#1452 = DIRECTION ( 'NONE',  ( 0.0000000000000000000, 0.0000000000000000000, 1.000000000000000000 ) ) ;
#1453 = VERTEX_POINT ( 'NONE', #528 ) ;
#1454 = LINE ( 'NONE', #2803, #3247 ) ;
#1455 = VERTEX_POINT ( 'NONE', #3111 ) ;
#1456 = EDGE_CURVE ( 'NONE', #2891, #1946, #4036, .T. ) ;
#1457 = DIRECTION ( 'NONE',  ( 0.0000000000000000000, 0.0000000000000000000, -1.000000000000000000 ) ) ;
#1458 = AXIS2_PLACEMENT_3D ( 'NONE', #728, #3286, #3302 ) ;
#1459 = ORIENTED_EDGE ( 'NONE', *, *, #1183, .F. ) ;
#1460 = ORIENTED_EDGE ( 'NONE', *, *, #2755, .F. ) ;
#1461 = LINE ( 'NONE', #3537, #4318 ) ;
#1462 = DIRECTION ( 'NONE',  ( 0.0000000000000000000, 0.0000000000000000000, 1.000000000000000000 ) ) ;
#1463 = DIRECTION ( 'NONE',  ( 0.0000000000000000000, 0.0000000000000000000, -1.000000000000000000 ) ) ;
#1464 = LINE ( 'NONE', #2670, #3036 ) ;
#1465 =( GEOMETRIC_REPRESENTATION_CONTEXT ( 3 ) GLOBAL_UNCERTAINTY_ASSIGNED_CONTEXT ( ( #534 ) ) GLOBAL_UNIT_ASSIGNED_CONTEXT ( ( #2938, #2547, #1040 ) ) REPRESENTATION_CONTEXT ( 'NONE', 'WORKASPACE' ) );
#1466 = CARTESIAN_POINT ( 'NONE',  ( -10.63305127170896500, 5.600000000000000500, -10.80000000000000600 ) ) ;
#1467 = ADVANCED_FACE ( 'NONE', ( #1724 ), #158, .T. ) ;
#1468 = EDGE_LOOP ( 'NONE', ( #4572, #4251, #729, #3880 ) ) ;
#1469 = EDGE_CURVE ( 'NONE', #3173, #956, #512, .T. ) ;
#1470 = CIRCLE ( 'NONE', #3018, 0.09999999999999939500 ) ;
#1471 = VERTEX_POINT ( 'NONE', #2032 ) ;
#1472 = LINE ( 'NONE', #456, #4745 ) ;
#1473 = CARTESIAN_POINT ( 'NONE',  ( 13.69999999999999900, -0.1880143455903308900, 4.399999999999999500 ) ) ;
#1474 = EDGE_CURVE ( 'NONE', #1662, #4410, #221, .T. ) ;
#1475 = DIRECTION ( 'NONE',  ( 1.000000000000000000, 0.0000000000000000000, 0.0000000000000000000 ) ) ;
#1476 = CARTESIAN_POINT ( 'NONE',  ( 13.69999999999999900, 1.700000000000001300, 4.399999999999999500 ) ) ;
#1477 = ORIENTED_EDGE ( 'NONE', *, *, #2474, .T. ) ;
#1478 = VECTOR ( 'NONE', #4106, 1000.000000000000000 ) ;
#1479 = DIRECTION ( 'NONE',  ( -0.0000000000000000000, -0.0000000000000000000, -1.000000000000000000 ) ) ;
#1480 = CARTESIAN_POINT ( 'NONE',  ( 6.318828384886868900, 5.700000000000001100, 10.09999999999999800 ) ) ;
#1481 = VERTEX_POINT ( 'NONE', #964 ) ;
#1482 = AXIS2_PLACEMENT_3D ( 'NONE', #3178, #972, #2071 ) ;
#1483 = CARTESIAN_POINT ( 'NONE',  ( -12.69999999999999900, 5.700000000000001100, 4.399999999999999500 ) ) ;
#1484 = PLANE ( 'NONE',  #4125 ) ;
#1485 = LINE ( 'NONE', #4178, #1014 ) ;
#1486 = ORIENTED_EDGE ( 'NONE', *, *, #3436, .F. ) ;
#1487 = DIRECTION ( 'NONE',  ( 0.0000000000000000000, 0.0000000000000000000, -1.000000000000000000 ) ) ;
#1488 = CIRCLE ( 'NONE', #2926, 0.2999999999999981600 ) ;
#1489 = DIRECTION ( 'NONE',  ( 0.0000000000000000000, 1.000000000000000000, 0.0000000000000000000 ) ) ;
#1490 = AXIS2_PLACEMENT_3D ( 'NONE', #4163, #4603, #1613 ) ;
#1491 = ORIENTED_EDGE ( 'NONE', *, *, #4606, .T. ) ;
#1492 = ORIENTED_EDGE ( 'NONE', *, *, #3525, .F. ) ;
#1493 = DIRECTION ( 'NONE',  ( -2.276539994720219300E-016, 3.347711971183336100E-015, -1.000000000000000000 ) ) ;
#1494 = ADVANCED_FACE ( 'NONE', ( #273 ), #1738, .T. ) ;
#1495 = DIRECTION ( 'NONE',  ( 0.0000000000000000000, 1.000000000000000000, 0.0000000000000000000 ) ) ;
#1496 = CARTESIAN_POINT ( 'NONE',  ( 3.810000000000000900, 0.3000000000000420700, -14.60000000000001900 ) ) ;
#1497 = VERTEX_POINT ( 'NONE', #1752 ) ;
#1498 = CIRCLE ( 'NONE', #1204, 0.1000000000000000500 ) ;
#1499 = ORIENTED_EDGE ( 'NONE', *, *, #4468, .T. ) ;
#1500 = AXIS2_PLACEMENT_3D ( 'NONE', #4283, #899, #4218 ) ;
#1501 = CARTESIAN_POINT ( 'NONE',  ( -17.55000000000000100, 0.2000000000000050100, -5.740000000000026000 ) ) ;
#1502 = CARTESIAN_POINT ( 'NONE',  ( 13.60823301889072900, 1.700000000000001500, 4.439734382820065900 ) ) ;
#1503 = ORIENTED_EDGE ( 'NONE', *, *, #3545, .T. ) ;
#1504 = DIRECTION ( 'NONE',  ( 1.000000000000000000, -1.868706573620127700E-016, 0.0000000000000000000 ) ) ;
#1505 = LINE ( 'NONE', #2931, #2956 ) ;
#1506 = PLANE ( 'NONE',  #2447 ) ;
#1507 = EDGE_CURVE ( 'NONE', #3929, #312, #2196, .T. ) ;
#1508 = ORIENTED_EDGE ( 'NONE', *, *, #1695, .F. ) ;
#1509 = ORIENTED_EDGE ( 'NONE', *, *, #2267, .T. ) ;
#1510 = DIRECTION ( 'NONE',  ( -0.0000000000000000000, -0.0000000000000000000, -1.000000000000000000 ) ) ;
#1511 = CARTESIAN_POINT ( 'NONE',  ( -6.318828384886868900, 5.700000000000001100, 10.09999999999999800 ) ) ;
#1512 = DIRECTION ( 'NONE',  ( -0.0000000000000000000, 1.000000000000000000, -0.0000000000000000000 ) ) ;
#1513 = ORIENTED_EDGE ( 'NONE', *, *, #2320, .F. ) ;
#1514 = AXIS2_PLACEMENT_3D ( 'NONE', #1377, #637, #1338 ) ;
#1515 = EDGE_LOOP ( 'NONE', ( #1513, #2830, #1194, #1210 ) ) ;
#1516 = LINE ( 'NONE', #2710, #540 ) ;
#1517 = VERTEX_POINT ( 'NONE', #3419 ) ;
#1518 = DIRECTION ( 'NONE',  ( 0.0000000000000000000, 0.0000000000000000000, -1.000000000000000000 ) ) ;
#1519 = AXIS2_PLACEMENT_3D ( 'NONE', #2407, #3504, #4252 ) ;
#1520 = EDGE_LOOP ( 'NONE', ( #772, #481, #2004, #2176 ) ) ;
#1521 = DIRECTION ( 'NONE',  ( -0.0000000000000000000, 0.0000000000000000000, -1.000000000000000000 ) ) ;
#1522 = ORIENTED_EDGE ( 'NONE', *, *, #4100, .T. ) ;
#1523 = DIRECTION ( 'NONE',  ( -0.0000000000000000000, 1.000000000000000000, 0.0000000000000000000 ) ) ;
#1524 = CARTESIAN_POINT ( 'NONE',  ( 3.810000000000000900, 0.3000000000000424000, -14.90000000000002200 ) ) ;
#1525 = VECTOR ( 'NONE', #2388, 1000.000000000000000 ) ;
#1526 = DIRECTION ( 'NONE',  ( 0.0000000000000000000, 1.000000000000000000, 0.0000000000000000000 ) ) ;
#1527 = VERTEX_POINT ( 'NONE', #4736 ) ;
#1528 = DIRECTION ( 'NONE',  ( 0.0000000000000000000, 1.000000000000000000, 3.347711971183336100E-015 ) ) ;
#1529 = DIRECTION ( 'NONE',  ( -1.000000000000000000, -2.981555974335129700E-015, 0.0000000000000000000 ) ) ;
#1530 = EDGE_CURVE ( 'NONE', #786, #3238, #1957, .T. ) ;
#1531 = ORIENTED_EDGE ( 'NONE', *, *, #1764, .T. ) ;
#1532 = CARTESIAN_POINT ( 'NONE',  ( -4.999999999999996400, 4.621306437175211300, -1.276180276523490400 ) ) ;
#1533 = CARTESIAN_POINT ( 'NONE',  ( -12.70462891345259500, 5.600000000000001400, -10.90000000000000600 ) ) ;
#1534 = LINE ( 'NONE', #2758, #3152 ) ;
#1535 = DIRECTION ( 'NONE',  ( 0.7431448254773980200, 0.0000000000000000000, 0.6691306063588539100 ) ) ;
#1536 = DIRECTION ( 'NONE',  ( 0.3973438282006626100, -1.387318561267105900E-015, -0.9176698110926622100 ) ) ;
#1537 = FACE_OUTER_BOUND ( 'NONE', #1822, .T. ) ;
#1538 = EDGE_CURVE ( 'NONE', #4595, #4072, #3459, .T. ) ;
#1539 = DIRECTION ( 'NONE',  ( 0.0000000000000000000, -3.491481338843133400E-015, 1.000000000000000000 ) ) ;
#1540 = VECTOR ( 'NONE', #3788, 999.9999999999998900 ) ;
#1541 = PLANE ( 'NONE',  #1937 ) ;
#1542 = CARTESIAN_POINT ( 'NONE',  ( 13.60000000000001000, 1.699999999999997700, -5.740000000000026000 ) ) ;
#1543 = DIRECTION ( 'NONE',  ( 0.0000000000000000000, 0.0000000000000000000, 1.000000000000000000 ) ) ;
#1544 = EDGE_LOOP ( 'NONE', ( #1016, #4354, #740, #701 ) ) ;
#1545 = CARTESIAN_POINT ( 'NONE',  ( 4.999999999999996400, 5.585257552170444800, 3.501143285964996000 ) ) ;
#1546 = EDGE_CURVE ( 'NONE', #810, #1042, #1361, .T. ) ;
#1547 = ADVANCED_FACE ( 'NONE', ( #162 ), #3328, .F. ) ;
#1548 = FACE_OUTER_BOUND ( 'NONE', #3059, .T. ) ;
#1549 = DIRECTION ( 'NONE',  ( 0.0000000000000000000, 1.000000000000000000, 0.0000000000000000000 ) ) ;
#1550 = EDGE_LOOP ( 'NONE', ( #2943, #1405, #1240, #1698 ) ) ;
#1551 = FACE_OUTER_BOUND ( 'NONE', #681, .T. ) ;
#1552 = AXIS2_PLACEMENT_3D ( 'NONE', #4179, #2299, #2315 ) ;
#1553 = ORIENTED_EDGE ( 'NONE', *, *, #1530, .F. ) ;
#1554 = PLANE ( 'NONE',  #1552 ) ;
#1555 = LINE ( 'NONE', #2494, #567 ) ;
#1556 = ORIENTED_EDGE ( 'NONE', *, *, #2464, .F. ) ;
#1557 = CARTESIAN_POINT ( 'NONE',  ( 9.763181178145385900, 5.700000000000001100, -10.40000000000000200 ) ) ;
#1558 = ORIENTED_EDGE ( 'NONE', *, *, #812, .T. ) ;
#1559 = VECTOR ( 'NONE', #2778, 1000.000000000000000 ) ;
#1560 = AXIS2_PLACEMENT_3D ( 'NONE', #4236, #2045, #866 ) ;
#1561 = EDGE_LOOP ( 'NONE', ( #670, #3375, #3197, #217 ) ) ;
#1562 = VECTOR ( 'NONE', #4341, 1000.000000000000000 ) ;
#1563 = EDGE_CURVE ( 'NONE', #1447, #3910, #3696, .T. ) ;
#1564 = DIRECTION ( 'NONE',  ( -0.0000000000000000000, 0.0000000000000000000, -1.000000000000000000 ) ) ;
#1565 = ADVANCED_FACE ( 'NONE', ( #3868 ), #4815, .F. ) ;
#1566 = DIRECTION ( 'NONE',  ( -1.000000000000000000, 0.0000000000000000000, 0.0000000000000000000 ) ) ;
#1567 = PRESENTATION_STYLE_ASSIGNMENT (( #4397 ) ) ;
#1568 = VERTEX_POINT ( 'NONE', #4449 ) ;
#1569 = VECTOR ( 'NONE', #3990, 1000.000000000000000 ) ;
#1570 = DIRECTION ( 'NONE',  ( 0.0000000000000000000, 0.0000000000000000000, -1.000000000000000000 ) ) ;
#1571 = EDGE_CURVE ( 'NONE', #1055, #3110, #1075, .T. ) ;
#1572 = DIRECTION ( 'NONE',  ( 0.0000000000000000000, 0.0000000000000000000, 1.000000000000000000 ) ) ;
#1573 = ORIENTED_EDGE ( 'NONE', *, *, #1282, .T. ) ;
#1574 = VECTOR ( 'NONE', #4630, 1000.000000000000000 ) ;
#1575 = ORIENTED_EDGE ( 'NONE', *, *, #2075, .F. ) ;
#1576 = CARTESIAN_POINT ( 'NONE',  ( -7.999999999999996400, 5.700000000000001100, 4.376422909250776700 ) ) ;
#1577 = DIRECTION ( 'NONE',  ( 0.0000000000000000000, 0.0000000000000000000, 1.000000000000000000 ) ) ;
#1578 = ORIENTED_EDGE ( 'NONE', *, *, #2039, .T. ) ;
#1579 = EDGE_CURVE ( 'NONE', #169, #353, #734, .T. ) ;
#1580 = VECTOR ( 'NONE', #448, 1000.000000000000000 ) ;
#1581 = ORIENTED_EDGE ( 'NONE', *, *, #3194, .T. ) ;
#1582 = CIRCLE ( 'NONE', #1023, 0.09999999999999766000 ) ;
#1583 = DIRECTION ( 'NONE',  ( 0.0000000000000000000, 0.0000000000000000000, 1.000000000000000000 ) ) ;
#1584 = ORIENTED_EDGE ( 'NONE', *, *, #3531, .F. ) ;
#1585 = VECTOR ( 'NONE', #2786, 1000.000000000000200 ) ;
#1586 = VECTOR ( 'NONE', #1969, 1000.000000000000000 ) ;
#1587 = DIRECTION ( 'NONE',  ( -3.061276722312026800E-015, -1.000000000000000000, 0.0000000000000000000 ) ) ;
#1588 = DIRECTION ( 'NONE',  ( 1.000000000000000000, 0.0000000000000000000, 0.0000000000000000000 ) ) ;
#1589 = ORIENTED_EDGE ( 'NONE', *, *, #1315, .F. ) ;
#1590 = CARTESIAN_POINT ( 'NONE',  ( 13.40000000000001600, 4.623038063478195300E-014, 4.399999999999998600 ) ) ;
#1591 = CARTESIAN_POINT ( 'NONE',  ( 17.55000000000000100, 4.975917338986202000E-015, -5.740000000000026000 ) ) ;
#1592 = ADVANCED_FACE ( 'NONE', ( #4584 ), #3583, .F. ) ;
#1593 = EDGE_CURVE ( 'NONE', #2968, #4124, #2602, .T. ) ;
#1594 = AXIS2_PLACEMENT_3D ( 'NONE', #2371, #817, #4524 ) ;
#1595 = DIRECTION ( 'NONE',  ( 0.0000000000000000000, 6.982962677686266700E-015, -1.000000000000000000 ) ) ;
#1596 = FACE_BOUND ( 'NONE', #2325, .T. ) ;
#1597 = CARTESIAN_POINT ( 'NONE',  ( 13.60000000000000100, 4.100000000000003200, 4.399999999999999500 ) ) ;
#1598 = EDGE_LOOP ( 'NONE', ( #1989, #2262, #3853, #3191 ) ) ;
#1599 = CARTESIAN_POINT ( 'NONE',  ( -12.70462891345259500, 1.900000000000001200, -11.10000000000001900 ) ) ;
#1600 = CARTESIAN_POINT ( 'NONE',  ( -17.55000000000000100, 4.975917338986202000E-015, -5.740000000000026000 ) ) ;
#1601 = LINE ( 'NONE', #1669, #4216 ) ;
#1602 = EDGE_CURVE ( 'NONE', #2298, #2619, #4460, .T. ) ;
#1603 = EDGE_LOOP ( 'NONE', ( #117, #222, #2714, #835 ) ) ;
#1604 = VECTOR ( 'NONE', #2012, 1000.000000000000200 ) ;
#1605 = EDGE_LOOP ( 'NONE', ( #4164, #88, #2775, #3406 ) ) ;
#1606 = CARTESIAN_POINT ( 'NONE',  ( -6.499999999999997300, 5.700000000000001100, -3.217856110194154100 ) ) ;
#1607 = PLANE ( 'NONE',  #3326 ) ;
#1608 = EDGE_CURVE ( 'NONE', #1143, #1568, #1485, .T. ) ;
#1609 = CARTESIAN_POINT ( 'NONE',  ( -3.810000000000000500, 4.163336342344337000E-014, -19.59999999999999400 ) ) ;
#1610 = FACE_OUTER_BOUND ( 'NONE', #4645, .T. ) ;
#1611 = EDGE_LOOP ( 'NONE', ( #3846, #430, #4333, #3774 ) ) ;
#1612 = AXIS2_PLACEMENT_3D ( 'NONE', #569, #2082, #545 ) ;
#1613 = DIRECTION ( 'NONE',  ( 0.0000000000000000000, 0.0000000000000000000, -1.000000000000000000 ) ) ;
#1614 = ORIENTED_EDGE ( 'NONE', *, *, #2387, .T. ) ;
#1615 = ADVANCED_FACE ( 'NONE', ( #2253 ), #795, .T. ) ;
#1616 = VECTOR ( 'NONE', #2268, 1000.000000000000000 ) ;
#1617 = ORIENTED_EDGE ( 'NONE', *, *, #1538, .T. ) ;
#1618 = DIRECTION ( 'NONE',  ( 0.0000000000000000000, 0.0000000000000000000, -1.000000000000000000 ) ) ;
#1619 = ORIENTED_EDGE ( 'NONE', *, *, #3869, .T. ) ;
#1620 = VECTOR ( 'NONE', #1902, 1000.000000000000000 ) ;
#1621 = CARTESIAN_POINT ( 'NONE',  ( 13.59999999999999800, 5.600000000000003200, 4.399999999999999500 ) ) ;
#1622 = AXIS2_PLACEMENT_3D ( 'NONE', #4527, #1193, #4488 ) ;
#1623 = CARTESIAN_POINT ( 'NONE',  ( -13.69999999999999900, 1.700000000000001300, 4.399999999999999500 ) ) ;
#1624 = CARTESIAN_POINT ( 'NONE',  ( 12.70462891345259500, 5.700000000000001100, -10.40000000000000200 ) ) ;
#1625 = CARTESIAN_POINT ( 'NONE',  ( -10.63305127170896500, 5.900000000000000400, -10.40000000000000200 ) ) ;
#1626 = ORIENTED_EDGE ( 'NONE', *, *, #442, .F. ) ;
#1627 = CARTESIAN_POINT ( 'NONE',  ( -13.42469905667219800, -0.1880143455903308900, 4.519203148460197100 ) ) ;
#1628 = EDGE_LOOP ( 'NONE', ( #3992, #3698, #1941, #2027 ) ) ;
#1629 = AXIS2_PLACEMENT_3D ( 'NONE', #4364, #686, #2586 ) ;
#1630 = EDGE_CURVE ( 'NONE', #4556, #1783, #1249, .T. ) ;
#1631 = ORIENTED_EDGE ( 'NONE', *, *, #1474, .F. ) ;
#1632 = ORIENTED_EDGE ( 'NONE', *, *, #1371, .T. ) ;
#1633 = CARTESIAN_POINT ( 'NONE',  ( -13.60000000000001400, 1.700000000000000800, -10.40000000000000200 ) ) ;
#1634 = LINE ( 'NONE', #4153, #4489 ) ;
#1635 = ORIENTED_EDGE ( 'NONE', *, *, #2603, .F. ) ;
#1636 = EDGE_CURVE ( 'NONE', #1069, #1059, #106, .T. ) ;
#1637 = DIRECTION ( 'NONE',  ( -1.000000000000000000, 4.336808689941968800E-015, 0.0000000000000000000 ) ) ;
#1638 = VERTEX_POINT ( 'NONE', #1862 ) ;
#1639 = CARTESIAN_POINT ( 'NONE',  ( 10.63305127170896500, 5.600000000000000500, -10.80000000000000600 ) ) ;
#1640 = CARTESIAN_POINT ( 'NONE',  ( 16.39000000000000100, 9.667198458286579200E-015, 0.6499999999999713800 ) ) ;
#1641 = ADVANCED_FACE ( 'NONE', ( #3107 ), #1506, .T. ) ;
#1642 = VERTEX_POINT ( 'NONE', #3353 ) ;
#1643 = DIRECTION ( 'NONE',  ( 1.000000000000000000, 0.0000000000000000000, 0.0000000000000000000 ) ) ;
#1644 = VECTOR ( 'NONE', #3062, 1000.000000000000000 ) ;
#1645 = AXIS2_PLACEMENT_3D ( 'NONE', #3028, #1523, #1915 ) ;
#1646 = ORIENTED_EDGE ( 'NONE', *, *, #4348, .F. ) ;
#1647 = ORIENTED_EDGE ( 'NONE', *, *, #3773, .T. ) ;
#1648 = CARTESIAN_POINT ( 'NONE',  ( -12.70462891345259300, 5.600000000000000500, -10.80000000000000600 ) ) ;
#1649 = CARTESIAN_POINT ( 'NONE',  ( 3.810000000000000900, 5.599999999999999600, -14.50000000000000200 ) ) ;
#1650 = LINE ( 'NONE', #4807, #1181 ) ;
#1651 = ORIENTED_EDGE ( 'NONE', *, *, #4704, .T. ) ;
#1652 = AXIS2_PLACEMENT_3D ( 'NONE', #2844, #4343, #2506 ) ;
#1653 = LINE ( 'NONE', #2898, #663 ) ;
#1654 = CARTESIAN_POINT ( 'NONE',  ( 12.70462891345259500, 5.900000000000000400, -10.40000000000000200 ) ) ;
#1655 = ORIENTED_EDGE ( 'NONE', *, *, #1066, .T. ) ;
#1656 = VECTOR ( 'NONE', #2261, 1000.000000000000000 ) ;
#1657 = AXIS2_PLACEMENT_3D ( 'NONE', #392, #3710, #4481 ) ;
#1658 = ORIENTED_EDGE ( 'NONE', *, *, #4618, .F. ) ;
#1659 = VECTOR ( 'NONE', #2579, 1000.000000000000000 ) ;
#1660 = CARTESIAN_POINT ( 'NONE',  ( 12.69999999999999900, 5.700000000000001100, 5.699999999999999300 ) ) ;
#1661 = CARTESIAN_POINT ( 'NONE',  ( 13.59999999999999800, 5.700000000000001100, 4.399999999999999500 ) ) ;
#1662 = VERTEX_POINT ( 'NONE', #2317 ) ;
#1663 = ADVANCED_FACE ( 'NONE', ( #397 ), #2369, .T. ) ;
#1664 = EDGE_CURVE ( 'NONE', #3591, #849, #2944, .T. ) ;
#1665 = VECTOR ( 'NONE', #2079, 1000.000000000000000 ) ;
#1666 = DIRECTION ( 'NONE',  ( 1.000000000000000000, 0.0000000000000000000, -0.0000000000000000000 ) ) ;
#1667 = ORIENTED_EDGE ( 'NONE', *, *, #86, .F. ) ;
#1668 = LINE ( 'NONE', #1859, #2545 ) ;
#1669 = CARTESIAN_POINT ( 'NONE',  ( 7.999999999999996400, 5.700000000000001100, 4.376422909250776700 ) ) ;
#1670 = CARTESIAN_POINT ( 'NONE',  ( -6.194929789104785200, 5.700000000000001100, 11.09229488457979300 ) ) ;
#1671 = CARTESIAN_POINT ( 'NONE',  ( 3.209921392555535700E-016, 4.213360045264752400E-014, -16.36000000000001000 ) ) ;
#1672 = AXIS2_PLACEMENT_3D ( 'NONE', #2137, #1094, #1475 ) ;
#1673 = ORIENTED_EDGE ( 'NONE', *, *, #3674, .F. ) ;
#1674 = ORIENTED_EDGE ( 'NONE', *, *, #931, .T. ) ;
#1675 = LINE ( 'NONE', #81, #2452 ) ;
#1676 = CARTESIAN_POINT ( 'NONE',  ( -4.999999999999996400, 5.778499608869254600, 3.449592267325072300 ) ) ;
#1677 = CARTESIAN_POINT ( 'NONE',  ( 16.39000000000000100, 9.667198458286577600E-015, -3.850000000000028500 ) ) ;
#1678 = AXIS2_PLACEMENT_3D ( 'NONE', #1857, #3346, #753 ) ;
#1679 = DIRECTION ( 'NONE',  ( 0.0000000000000000000, 1.000000000000000000, 0.0000000000000000000 ) ) ;
#1680 = DIRECTION ( 'NONE',  ( 8.572527594031491700E-017, -1.000000000000000000, -0.0000000000000000000 ) ) ;
#1681 = VECTOR ( 'NONE', #3546, 1000.000000000000000 ) ;
#1682 = DIRECTION ( 'NONE',  ( 1.000000000000000000, 1.868706573620127700E-016, 0.0000000000000000000 ) ) ;
#1683 = EDGE_CURVE ( 'NONE', #4124, #3906, #840, .T. ) ;
#1684 = VECTOR ( 'NONE', #4372, 1000.000000000000000 ) ;
#1685 = AXIS2_PLACEMENT_3D ( 'NONE', #4635, #159, #529 ) ;
#1686 = VERTEX_POINT ( 'NONE', #461 ) ;
#1687 = ADVANCED_FACE ( 'NONE', ( #4750 ), #3040, .T. ) ;
#1688 = DIRECTION ( 'NONE',  ( 0.0000000000000000000, 1.000000000000000000, 0.0000000000000000000 ) ) ;
#1689 = DIRECTION ( 'NONE',  ( 0.0000000000000000000, 0.0000000000000000000, 1.000000000000000000 ) ) ;
#1690 = CARTESIAN_POINT ( 'NONE',  ( 4.999999999999996400, 2.304219872357979000, 4.376422909250776700 ) ) ;
#1691 = VERTEX_POINT ( 'NONE', #3860 ) ;
#1692 = VECTOR ( 'NONE', #929, 1000.000000000000100 ) ;
#1693 = VERTEX_POINT ( 'NONE', #274 ) ;
#1694 = DIRECTION ( 'NONE',  ( -3.090394334539071200E-016, 0.0000000000000000000, 1.000000000000000000 ) ) ;
#1695 = EDGE_CURVE ( 'NONE', #4034, #1946, #4092, .T. ) ;
#1696 = DIRECTION ( 'NONE',  ( 0.0000000000000000000, 1.000000000000000000, 0.0000000000000000000 ) ) ;
#1697 = CARTESIAN_POINT ( 'NONE',  ( 6.499999999999997300, 4.321306437175211500, -3.217856110194154100 ) ) ;
#1698 = ORIENTED_EDGE ( 'NONE', *, *, #931, .F. ) ;
#1699 = ORIENTED_EDGE ( 'NONE', *, *, #1337, .F. ) ;
#1700 = FACE_OUTER_BOUND ( 'NONE', #198, .T. ) ;
#1701 = ORIENTED_EDGE ( 'NONE', *, *, #3773, .F. ) ;
#1702 = DIRECTION ( 'NONE',  ( 1.000000000000000000, -0.0000000000000000000, -0.0000000000000000000 ) ) ;
#1703 = EDGE_CURVE ( 'NONE', #2787, #4506, #2712, .T. ) ;
#1704 = VERTEX_POINT ( 'NONE', #1378 ) ;
#1705 = CARTESIAN_POINT ( 'NONE',  ( -13.59999999999999800, 5.600000000000004100, 2.250452076942879700E-015 ) ) ;
#1706 = FACE_OUTER_BOUND ( 'NONE', #3852, .T. ) ;
#1707 = DIRECTION ( 'NONE',  ( 3.469446951953613400E-015, 1.000000000000000000, 2.168404344971008600E-016 ) ) ;
#1708 = CYLINDRICAL_SURFACE ( 'NONE', #1184, 0.8400000000000005200 ) ;
#1709 = DIRECTION ( 'NONE',  ( -1.000000000000000000, 0.0000000000000000000, 3.090394334539071700E-016 ) ) ;
#1710 = VERTEX_POINT ( 'NONE', #4069 ) ;
#1711 = ORIENTED_EDGE ( 'NONE', *, *, #4696, .F. ) ;
#1712 = CARTESIAN_POINT ( 'NONE',  ( -4.999999999999996400, 5.585257552170444800, 3.501143285964996000 ) ) ;
#1713 = DIRECTION ( 'NONE',  ( -1.000000000000000000, 0.0000000000000000000, -0.0000000000000000000 ) ) ;
#1714 = FACE_OUTER_BOUND ( 'NONE', #1611, .T. ) ;
#1715 = EDGE_CURVE ( 'NONE', #4529, #51, #3976, .T. ) ;
#1716 = AXIS2_PLACEMENT_3D ( 'NONE', #1063, #1438, #1817 ) ;
#1717 = ORIENTED_EDGE ( 'NONE', *, *, #1111, .F. ) ;
#1718 = CARTESIAN_POINT ( 'NONE',  ( 13.29999999999999900, 5.700000000000001100, 4.399999999999999500 ) ) ;
#1719 = LINE ( 'NONE', #3206, #1297 ) ;
#1720 = CARTESIAN_POINT ( 'NONE',  ( -14.71000000000000100, 9.523179994706850900E-015, -3.850000000000028500 ) ) ;
#1721 = ADVANCED_FACE ( 'NONE', ( #4162 ), #40, .F. ) ;
#1722 = DIRECTION ( 'NONE',  ( 1.000000000000000000, 3.469446951953613400E-015, 1.172110456741085800E-016 ) ) ;
#1723 = CARTESIAN_POINT ( 'NONE',  ( 13.70000000000000600, 5.695369369829950200E-015, 2.539999999999972900 ) ) ;
#1724 = FACE_OUTER_BOUND ( 'NONE', #1001, .T. ) ;
#1725 = EDGE_CURVE ( 'NONE', #3602, #2536, #3166, .T. ) ;
#1726 = ORIENTED_EDGE ( 'NONE', *, *, #3043, .F. ) ;
#1727 = DIRECTION ( 'NONE',  ( -0.0000000000000000000, 0.0000000000000000000, 1.000000000000000000 ) ) ;
#1728 = DIRECTION ( 'NONE',  ( 1.000000000000000000, 0.0000000000000000000, -0.0000000000000000000 ) ) ;
#1729 = LINE ( 'NONE', #3680, #3224 ) ;
#1730 = CARTESIAN_POINT ( 'NONE',  ( 4.974999999999997000, 5.900000000000000400, 4.376422909250778500 ) ) ;
#1731 = VERTEX_POINT ( 'NONE', #3590 ) ;
#1732 = EDGE_CURVE ( 'NONE', #1642, #3717, #900, .T. ) ;
#1733 = ORIENTED_EDGE ( 'NONE', *, *, #1410, .T. ) ;
#1734 = FACE_OUTER_BOUND ( 'NONE', #1412, .T. ) ;
#1735 = ORIENTED_EDGE ( 'NONE', *, *, #4285, .F. ) ;
#1736 = CARTESIAN_POINT ( 'NONE',  ( -13.59999999999999800, 5.700000000000001100, 4.399999999999999500 ) ) ;
#1737 = ADVANCED_FACE ( 'NONE', ( #41 ), #1133, .F. ) ;
#1738 = PLANE ( 'NONE',  #2026 ) ;
#1739 = EDGE_CURVE ( 'NONE', #1453, #1278, #3279, .T. ) ;
#1740 = ORIENTED_EDGE ( 'NONE', *, *, #4302, .F. ) ;
#1741 = FACE_BOUND ( 'NONE', #2171, .T. ) ;
#1742 = CARTESIAN_POINT ( 'NONE',  ( -3.809999999999999200, 5.599999999999999600, -14.50000000000000200 ) ) ;
#1743 = ORIENTED_EDGE ( 'NONE', *, *, #4154, .T. ) ;
#1744 = AXIS2_PLACEMENT_3D ( 'NONE', #2763, #895, #3856 ) ;
#1745 = CARTESIAN_POINT ( 'NONE',  ( 10.63305127170896500, 5.700000000000000200, -10.80000000000000600 ) ) ;
#1746 = ORIENTED_EDGE ( 'NONE', *, *, #1773, .T. ) ;
#1747 = FACE_OUTER_BOUND ( 'NONE', #2965, .T. ) ;
#1748 = ORIENTED_EDGE ( 'NONE', *, *, #3905, .T. ) ;
#1749 = AXIS2_PLACEMENT_3D ( 'NONE', #806, #4116, #503 ) ;
#1750 = CARTESIAN_POINT ( 'NONE',  ( -12.69999999999999900, 5.900000000000000400, 4.399999999999999500 ) ) ;
#1751 = ORIENTED_EDGE ( 'NONE', *, *, #2173, .T. ) ;
#1752 = CARTESIAN_POINT ( 'NONE',  ( 7.999999999999996400, 5.585257552170444800, 3.501143285964996000 ) ) ;
#1753 = CARTESIAN_POINT ( 'NONE',  ( -7.999999999999996400, 4.321306437175211500, -3.217856110194154100 ) ) ;
#1754 = VECTOR ( 'NONE', #1448, 1000.000000000000000 ) ;
#1755 = VERTEX_POINT ( 'NONE', #4713 ) ;
#1756 = EDGE_LOOP ( 'NONE', ( #3800, #1746, #4250, #1343 ) ) ;
#1757 = ORIENTED_EDGE ( 'NONE', *, *, #3498, .F. ) ;
#1758 = EDGE_CURVE ( 'NONE', #4506, #134, #3751, .T. ) ;
#1759 = FACE_OUTER_BOUND ( 'NONE', #454, .T. ) ;
#1760 = VERTEX_POINT ( 'NONE', #2861 ) ;
#1761 = ORIENTED_EDGE ( 'NONE', *, *, #300, .T. ) ;
#1762 = LINE ( 'NONE', #3657, #502 ) ;
#1763 = CARTESIAN_POINT ( 'NONE',  ( -3.809999999999999200, 0.3000000000000424000, -14.90000000000002200 ) ) ;
#1764 = EDGE_CURVE ( 'NONE', #3149, #381, #3162, .T. ) ;
#1766 = CARTESIAN_POINT ( 'NONE',  ( -13.39999999999999700, 5.600000000000003200, 4.399999999999999500 ) ) ;
#1765 = APPLICATION_PROTOCOL_DEFINITION ( 'draft international standard', 'automotive_design', 1998, #3978 ) ;
#1767 = ORIENTED_EDGE ( 'NONE', *, *, #340, .T. ) ;
#1768 = DIRECTION ( 'NONE',  ( 1.000000000000000000, -0.0000000000000000000, -0.0000000000000000000 ) ) ;
#1769 = FACE_OUTER_BOUND ( 'NONE', #4200, .T. ) ;
#1770 = LINE ( 'NONE', #4148, #779 ) ;
#1771 = DIRECTION ( 'NONE',  ( -1.000000000000000000, 0.0000000000000000000, 0.0000000000000000000 ) ) ;
#1772 = ORIENTED_EDGE ( 'NONE', *, *, #3471, .F. ) ;
#1773 = EDGE_CURVE ( 'NONE', #638, #1455, #511, .T. ) ;
#1774 = LINE ( 'NONE', #4024, #784 ) ;
#1775 = AXIS2_PLACEMENT_3D ( 'NONE', #1524, #2323, #434 ) ;
#1776 = PLANE ( 'NONE',  #395 ) ;
#1777 = ORIENTED_EDGE ( 'NONE', *, *, #48, .T. ) ;
#1778 = VECTOR ( 'NONE', #3424, 1000.000000000000000 ) ;
#1779 = ORIENTED_EDGE ( 'NONE', *, *, #3006, .T. ) ;
#1780 = EDGE_CURVE ( 'NONE', #353, #4410, #615, .T. ) ;
#1781 = LINE ( 'NONE', #2535, #3005 ) ;
#1782 = PLANE ( 'NONE',  #3363 ) ;
#1783 = VERTEX_POINT ( 'NONE', #1800 ) ;
#1784 = DIRECTION ( 'NONE',  ( 3.469446951953613400E-015, -1.000000000000000000, -2.168404344971008600E-016 ) ) ;
#1785 = ADVANCED_FACE ( 'NONE', ( #2657 ), #2577, .T. ) ;
#1786 = CARTESIAN_POINT ( 'NONE',  ( 3.810000000000000900, 5.600000000000002300, -14.80000000000000200 ) ) ;
#1787 = CARTESIAN_POINT ( 'NONE',  ( 4.233077936443648900E-016, 4.188579473363504900E-014, -18.04000000000001000 ) ) ;
#1788 = EDGE_CURVE ( 'NONE', #2671, #450, #4456, .T. ) ;
#1789 = ORIENTED_EDGE ( 'NONE', *, *, #3256, .T. ) ;
#1790 = LINE ( 'NONE', #4784, #800 ) ;
#1791 = DIRECTION ( 'NONE',  ( 0.0000000000000000000, -0.0000000000000000000, -1.000000000000000000 ) ) ;
#1792 =( NAMED_UNIT ( * ) SI_UNIT ( $, .STERADIAN. ) SOLID_ANGLE_UNIT ( ) );
#1793 = ORIENTED_EDGE ( 'NONE', *, *, #1780, .F. ) ;
#1794 = CARTESIAN_POINT ( 'NONE',  ( 3.810000000000000900, 5.699999999999997500, -14.50000000000000200 ) ) ;
#1795 = DIRECTION ( 'NONE',  ( 0.0000000000000000000, 0.0000000000000000000, 1.000000000000000000 ) ) ;
#1796 = AXIS2_PLACEMENT_3D ( 'NONE', #1925, #2336, #2650 ) ;
#1797 = VECTOR ( 'NONE', #138, 1000.000000000000000 ) ;
#1798 = EDGE_LOOP ( 'NONE', ( #457, #306, #3402, #3624 ) ) ;
#1799 = PLANE ( 'NONE',  #3282 ) ;
#1800 = CARTESIAN_POINT ( 'NONE',  ( -12.70462891345259500, 1.900000000000000600, -10.90000000000002000 ) ) ;
#1801 = CARTESIAN_POINT ( 'NONE',  ( -4.999999999999996400, 4.621306437175211300, -1.276180276523490400 ) ) ;
#1802 = ORIENTED_EDGE ( 'NONE', *, *, #1225, .T. ) ;
#1803 = DIRECTION ( 'NONE',  ( -3.469446951953613400E-015, -1.000000000000000000, -2.168404344971008600E-016 ) ) ;
#1804 = FACE_OUTER_BOUND ( 'NONE', #4311, .T. ) ;
#1805 = EDGE_LOOP ( 'NONE', ( #168, #995, #4822, #1614 ) ) ;
#1806 = CARTESIAN_POINT ( 'NONE',  ( 13.60823301889072900, 1.700000000000000800, 4.439734382820065900 ) ) ;
#1807 = ORIENTED_EDGE ( 'NONE', *, *, #2882, .F. ) ;
#1808 = AXIS2_PLACEMENT_3D ( 'NONE', #2858, #1409, #4389 ) ;
#1809 = CARTESIAN_POINT ( 'NONE',  ( 13.70000000000000600, 5.695369369829950200E-015, 2.539999999999972900 ) ) ;
#1810 = ADVANCED_FACE ( 'NONE', ( #1548 ), #3086, .F. ) ;
#1811 = EDGE_CURVE ( 'NONE', #577, #1107, #3920, .T. ) ;
#1812 = CIRCLE ( 'NONE', #2557, 0.3000000000000016500 ) ;
#1813 = PLANE ( 'NONE',  #2285 ) ;
#1814 = DIRECTION ( 'NONE',  ( 0.0000000000000000000, 1.000000000000000000, 0.0000000000000000000 ) ) ;
#1815 = ORIENTED_EDGE ( 'NONE', *, *, #4606, .F. ) ;
#1816 = VERTEX_POINT ( 'NONE', #1712 ) ;
#1817 = DIRECTION ( 'NONE',  ( -1.000000000000000000, 9.680376540049140900E-017, 0.0000000000000000000 ) ) ;
#1818 = FACE_OUTER_BOUND ( 'NONE', #2459, .T. ) ;
#1819 = VECTOR ( 'NONE', #3412, 1000.000000000000000 ) ;
#1820 = EDGE_CURVE ( 'NONE', #4210, #1891, #3217, .T. ) ;
#1821 = CARTESIAN_POINT ( 'NONE',  ( -16.39000000000000100, 0.2000000000000097000, 0.6499999999999713800 ) ) ;
#1822 = EDGE_LOOP ( 'NONE', ( #2028, #417, #3307, #2355 ) ) ;
#1823 = CARTESIAN_POINT ( 'NONE',  ( -15.55000000000000100, 9.595189226496714200E-015, 0.6499999999999713800 ) ) ;
#1824 = FACE_OUTER_BOUND ( 'NONE', #3387, .T. ) ;
#1825 = DIRECTION ( 'NONE',  ( -0.0000000000000000000, -1.000000000000000000, -0.0000000000000000000 ) ) ;
#1826 = VECTOR ( 'NONE', #3433, 1000.000000000000000 ) ;
#1827 = ORIENTED_EDGE ( 'NONE', *, *, #1683, .T. ) ;
#1828 = DIRECTION ( 'NONE',  ( 8.572527594031491700E-017, 1.000000000000000000, 0.0000000000000000000 ) ) ;
#1829 = DIRECTION ( 'NONE',  ( 8.572527594031492900E-017, 1.000000000000000000, -0.0000000000000000000 ) ) ;
#1830 = VECTOR ( 'NONE', #4136, 1000.000000000000100 ) ;
#1831 = ORIENTED_EDGE ( 'NONE', *, *, #4428, .F. ) ;
#1832 = DIRECTION ( 'NONE',  ( 3.090394334539071200E-016, 0.0000000000000000000, -1.000000000000000000 ) ) ;
#1833 = DIRECTION ( 'NONE',  ( 0.0000000000000000000, 0.0000000000000000000, -1.000000000000000000 ) ) ;
#1834 = ADVANCED_FACE ( 'NONE', ( #1954 ), #908, .T. ) ;
#1835 = CARTESIAN_POINT ( 'NONE',  ( -13.60000000000001000, 1.699999999999997700, -5.740000000000026000 ) ) ;
#1836 = FACE_OUTER_BOUND ( 'NONE', #4015, .T. ) ;
#1837 = DIRECTION ( 'NONE',  ( 1.000000000000000000, -8.572527594031398000E-017, 0.0000000000000000000 ) ) ;
#1838 = ORIENTED_EDGE ( 'NONE', *, *, #976, .F. ) ;
#1839 = EDGE_CURVE ( 'NONE', #1146, #589, #1423, .T. ) ;
#1840 = AXIS2_PLACEMENT_3D ( 'NONE', #4271, #2408, #2049 ) ;
#1841 = LINE ( 'NONE', #1720, #848 ) ;
#1842 = CARTESIAN_POINT ( 'NONE',  ( 16.39000000000000100, 0.2000000000000097000, 0.6499999999999713800 ) ) ;
#1843 = ORIENTED_EDGE ( 'NONE', *, *, #4369, .T. ) ;
#1844 = ORIENTED_EDGE ( 'NONE', *, *, #309, .T. ) ;
#1845 = DIRECTION ( 'NONE',  ( 0.0000000000000000000, 1.000000000000000000, -0.0000000000000000000 ) ) ;
#1846 = VERTEX_POINT ( 'NONE', #941 ) ;
#1847 = LINE ( 'NONE', #1600, #4112 ) ;
#1848 = EDGE_LOOP ( 'NONE', ( #1358, #3414, #1647, #1432 ) ) ;
#1849 = EDGE_CURVE ( 'NONE', #3295, #169, #4395, .T. ) ;
#1850 = DIRECTION ( 'NONE',  ( 0.0000000000000000000, -0.0000000000000000000, -1.000000000000000000 ) ) ;
#1851 = CARTESIAN_POINT ( 'NONE',  ( 8.024999999999996800, 5.900000000000000400, 4.376422909250778500 ) ) ;
#1852 = ORIENTED_EDGE ( 'NONE', *, *, #4277, .F. ) ;
#1853 = LINE ( 'NONE', #853, #3652 ) ;
#1854 = DIRECTION ( 'NONE',  ( 0.0000000000000000000, 0.0000000000000000000, 1.000000000000000000 ) ) ;
#1855 = EDGE_CURVE ( 'NONE', #1816, #4034, #3806, .T. ) ;
#1856 = ORIENTED_EDGE ( 'NONE', *, *, #3369, .F. ) ;
#1857 = CARTESIAN_POINT ( 'NONE',  ( 6.318828384886868900, 5.900000000000000400, 10.09999999999999800 ) ) ;
#1858 = CARTESIAN_POINT ( 'NONE',  ( 4.400000000000002100, 5.900000000000000400, -8.942230201266719200 ) ) ;
#1859 = CARTESIAN_POINT ( 'NONE',  ( -4.399999999999997700, 5.700000000000001100, -14.49999999999999800 ) ) ;
#1860 = VERTEX_POINT ( 'NONE', #3357 ) ;
#1861 = AXIS2_PLACEMENT_3D ( 'NONE', #4597, #2820, #1368 ) ;
#1862 = CARTESIAN_POINT ( 'NONE',  ( 12.69999999999999900, 5.700000000000001100, 4.399999999999999500 ) ) ;
#1863 = CYLINDRICAL_SURFACE ( 'NONE', #1300, 0.8400000000000005200 ) ;
#1864 = DIRECTION ( 'NONE',  ( 0.0000000000000000000, -0.0000000000000000000, 1.000000000000000000 ) ) ;
#1865 = ORIENTED_EDGE ( 'NONE', *, *, #48, .F. ) ;
#1866 = DIRECTION ( 'NONE',  ( 1.000000000000000000, 4.186962248049520900E-016, -0.0000000000000000000 ) ) ;
#1867 = VECTOR ( 'NONE', #3574, 1000.000000000000000 ) ;
#1868 = ORIENTED_EDGE ( 'NONE', *, *, #884, .F. ) ;
#1869 = CARTESIAN_POINT ( 'NONE',  ( -7.999999999999996400, 2.304219872357979000, 4.376422909250776700 ) ) ;
#1870 = EDGE_CURVE ( 'NONE', #2086, #3957, #3456, .T. ) ;
#1871 = PLANE ( 'NONE',  #4385 ) ;
#1872 = AXIS2_PLACEMENT_3D ( 'NONE', #1949, #107, #2703 ) ;
#1873 = DIRECTION ( 'NONE',  ( 0.0000000000000000000, 1.000000000000000000, 0.0000000000000000000 ) ) ;
#1874 = ORIENTED_EDGE ( 'NONE', *, *, #2962, .F. ) ;
#1875 = ORIENTED_EDGE ( 'NONE', *, *, #4539, .T. ) ;
#1876 = LINE ( 'NONE', #89, #548 ) ;
#1877 = CARTESIAN_POINT ( 'NONE',  ( 7.999999999999996400, 4.321306437175211500, -1.236852576628402200 ) ) ;
#1878 = DIRECTION ( 'NONE',  ( -1.000000000000000000, 0.0000000000000000000, -0.0000000000000000000 ) ) ;
#1879 = EDGE_LOOP ( 'NONE', ( #3536, #4021, #2207, #1334 ) ) ;
#1880 = EDGE_CURVE ( 'NONE', #4556, #2239, #2759, .T. ) ;
#1881 = CARTESIAN_POINT ( 'NONE',  ( -4.999999999999996400, 4.521306437175210700, -1.236852576628402200 ) ) ;
#1882 = CYLINDRICAL_SURFACE ( 'NONE', #229, 1.500000000000000000 ) ;
#1883 = CARTESIAN_POINT ( 'NONE',  ( -10.63305127170896500, 5.700000000000000200, -10.80000000000000600 ) ) ;
#1884 = EDGE_LOOP ( 'NONE', ( #2529, #1396, #57, #3317 ) ) ;
#1885 = CARTESIAN_POINT ( 'NONE',  ( 4.974999999999997000, 5.700000000000001100, 4.376422909250778500 ) ) ;
#1886 = FACE_OUTER_BOUND ( 'NONE', #585, .T. ) ;
#1887 = EDGE_CURVE ( 'NONE', #2356, #4265, #3578, .T. ) ;
#1888 = VERTEX_POINT ( 'NONE', #2969 ) ;
#1889 = CYLINDRICAL_SURFACE ( 'NONE', #747, 1.000000000000004400 ) ;
#1890 = CARTESIAN_POINT ( 'NONE',  ( -13.29999999999999900, 5.600000000000003200, -10.40000000000000200 ) ) ;
#1891 = VERTEX_POINT ( 'NONE', #1899 ) ;
#1892 = DIRECTION ( 'NONE',  ( 3.061276722312026400E-015, -1.000000000000000000, 0.0000000000000000000 ) ) ;
#1893 = DIRECTION ( 'NONE',  ( 0.0000000000000000000, -0.0000000000000000000, -1.000000000000000000 ) ) ;
#1894 = VECTOR ( 'NONE', #2773, 1000.000000000000000 ) ;
#1895 = VERTEX_POINT ( 'NONE', #4528 ) ;
#1896 = LINE ( 'NONE', #789, #4756 ) ;
#1897 = DIRECTION ( 'NONE',  ( -0.0000000000000000000, -0.0000000000000000000, -1.000000000000000000 ) ) ;
#1898 = AXIS2_PLACEMENT_3D ( 'NONE', #2722, #3462, #1236 ) ;
#1899 = CARTESIAN_POINT ( 'NONE',  ( -13.40000000000001300, 1.700000000000000200, -10.40000000000000200 ) ) ;
#1900 = EDGE_LOOP ( 'NONE', ( #324, #1206, #4577, #1351, #1380, #1421, #1998, #247, #29, #65, #1651, #649, #2799, #910, #399, #1674, #1793, #2977, #2914, #1426, #3500, #4402, #4626, #1975, #432, #4351, #816, #264 ) ) ;
#1901 = DIRECTION ( 'NONE',  ( -1.000000000000000000, 3.061276722312027200E-015, 0.0000000000000000000 ) ) ;
#1902 = DIRECTION ( 'NONE',  ( 0.0000000000000000000, 1.000000000000000000, 0.0000000000000000000 ) ) ;
#1903 = CARTESIAN_POINT ( 'NONE',  ( -3.809999999999999200, 0.3000000000000420700, -14.80000000000002200 ) ) ;
#1904 = CIRCLE ( 'NONE', #1449, 5.557769798733283500 ) ;
#1905 = VERTEX_POINT ( 'NONE', #53 ) ;
#1906 = CARTESIAN_POINT ( 'NONE',  ( -13.40000000000000900, 1.699999999999998400, -5.740000000000026000 ) ) ;
#1907 = VERTEX_POINT ( 'NONE', #2655 ) ;
#1908 = ADVANCED_FACE ( 'NONE', ( #3519 ), #4115, .F. ) ;
#1909 = CARTESIAN_POINT ( 'NONE',  ( 4.999999999999996400, 5.700000000000001100, 4.376422909250776700 ) ) ;
#1910 = VECTOR ( 'NONE', #2184, 1000.000000000000000 ) ;
#1911 = CARTESIAN_POINT ( 'NONE',  ( -4.999999999999996400, 5.585257552170444800, 3.501143285964995600 ) ) ;
#1912 = EDGE_CURVE ( 'NONE', #4446, #3675, #837, .T. ) ;
#1913 = ORIENTED_EDGE ( 'NONE', *, *, #3715, .T. ) ;
#1914 = ORIENTED_EDGE ( 'NONE', *, *, #1571, .F. ) ;
#1915 = DIRECTION ( 'NONE',  ( 0.0000000000000000000, 0.0000000000000000000, 1.000000000000000000 ) ) ;
#1916 = CARTESIAN_POINT ( 'NONE',  ( -12.70462891345259500, 5.700000000000001100, -11.10000000000000500 ) ) ;
#1917 = DIRECTION ( 'NONE',  ( -1.000000000000000000, -1.868706573620127700E-016, 0.0000000000000000000 ) ) ;
#1918 = DIRECTION ( 'NONE',  ( -1.000000000000000000, -0.0000000000000000000, -0.0000000000000000000 ) ) ;
#1919 = ORIENTED_EDGE ( 'NONE', *, *, #2666, .F. ) ;
#1920 = EDGE_CURVE ( 'NONE', #561, #4653, #3692, .T. ) ;
#1921 = ORIENTED_EDGE ( 'NONE', *, *, #4117, .F. ) ;
#1922 = DIRECTION ( 'NONE',  ( -1.000000000000000000, 0.0000000000000000000, 0.0000000000000000000 ) ) ;
#1923 = LINE ( 'NONE', #850, #928 ) ;
#1924 = VERTEX_POINT ( 'NONE', #431 ) ;
#1925 = CARTESIAN_POINT ( 'NONE',  ( -12.69999999999999900, 5.700000000000001100, 5.699999999999999300 ) ) ;
#1926 = AXIS2_PLACEMENT_3D ( 'NONE', #1606, #2342, #805 ) ;
#1927 = ORIENTED_EDGE ( 'NONE', *, *, #4173, .F. ) ;
#1928 = CARTESIAN_POINT ( 'NONE',  ( 7.999999999999996400, 5.585257552170444800, 3.501143285964996000 ) ) ;
#1929 = EDGE_LOOP ( 'NONE', ( #3922, #2636, #3475, #1460 ) ) ;
#1930 = CARTESIAN_POINT ( 'NONE',  ( 12.70462891345259500, 5.900000000000000400, -11.10000000000000500 ) ) ;
#1931 = CARTESIAN_POINT ( 'NONE',  ( 17.55000000000000100, 0.2000000000000050100, -5.740000000000026000 ) ) ;
#1932 = VECTOR ( 'NONE', #2404, 1000.000000000000000 ) ;
#1933 = DIRECTION ( 'NONE',  ( 0.0000000000000000000, 0.0000000000000000000, -1.000000000000000000 ) ) ;
#1934 = ADVANCED_FACE ( 'NONE', ( #1353 ), #4613, .T. ) ;
#1935 = EDGE_CURVE ( 'NONE', #704, #2250, #2376, .T. ) ;
#1936 = ORIENTED_EDGE ( 'NONE', *, *, #1507, .T. ) ;
#1937 = AXIS2_PLACEMENT_3D ( 'NONE', #363, #2338, #3060 ) ;
#1938 = CARTESIAN_POINT ( 'NONE',  ( -4.999999999999996400, 5.778499608869254600, 3.449592267325072300 ) ) ;
#1939 = VECTOR ( 'NONE', #4599, 1000.000000000000000 ) ;
#1940 = VECTOR ( 'NONE', #2237, 1000.000000000000000 ) ;
#1941 = ORIENTED_EDGE ( 'NONE', *, *, #1260, .F. ) ;
#1942 = DIRECTION ( 'NONE',  ( 0.0000000000000000000, 3.491481338843133400E-015, -1.000000000000000000 ) ) ;
#1943 = VECTOR ( 'NONE', #4827, 1000.000000000000000 ) ;
#1944 = DIRECTION ( 'NONE',  ( 0.0000000000000000000, 0.0000000000000000000, 1.000000000000000000 ) ) ;
#1945 = EDGE_CURVE ( 'NONE', #1731, #2807, #3405, .T. ) ;
#1946 = VERTEX_POINT ( 'NONE', #718 ) ;
#1947 = CYLINDRICAL_SURFACE ( 'NONE', #4392, 0.1000000000000000500 ) ;
#1948 = DIRECTION ( 'NONE',  ( 0.0000000000000000000, 0.0000000000000000000, -1.000000000000000000 ) ) ;
#1949 = CARTESIAN_POINT ( 'NONE',  ( 14.27990567590549500, 2.600000000000003200, 5.990969551288745100 ) ) ;
#1950 = ORIENTED_EDGE ( 'NONE', *, *, #4147, .T. ) ;
#1951 = CARTESIAN_POINT ( 'NONE',  ( 15.55000000000000100, 9.595189226496714200E-015, 0.6499999999999713800 ) ) ;
#1952 = EDGE_CURVE ( 'NONE', #3786, #1956, #2436, .T. ) ;
#1953 = DIRECTION ( 'NONE',  ( 0.0000000000000000000, 0.0000000000000000000, 1.000000000000000000 ) ) ;
#1954 = FACE_OUTER_BOUND ( 'NONE', #3148, .T. ) ;
#1955 = DIRECTION ( 'NONE',  ( 8.572527594031492900E-017, 1.000000000000000000, -0.0000000000000000000 ) ) ;
#1956 = VERTEX_POINT ( 'NONE', #1496 ) ;
#1957 = LINE ( 'NONE', #3716, #4336 ) ;
#1958 = DIRECTION ( 'NONE',  ( 1.000000000000000000, 0.0000000000000000000, -0.0000000000000000000 ) ) ;
#1959 = ORIENTED_EDGE ( 'NONE', *, *, #3055, .F. ) ;
#1960 = ADVANCED_FACE ( 'NONE', ( #391 ), #4306, .T. ) ;
#1961 = VECTOR ( 'NONE', #2919, 1000.000000000000000 ) ;
#1962 = EDGE_LOOP ( 'NONE', ( #2415, #2568, #1995, #1393, #1128, #827, #3013, #147, #2793 ) ) ;
#1963 = PLANE ( 'NONE',  #3428 ) ;
#1964 = EDGE_LOOP ( 'NONE', ( #1843, #1635, #3901, #1655 ) ) ;
#1965 = EDGE_CURVE ( 'NONE', #1956, #3312, #1719, .T. ) ;
#1966 = DIRECTION ( 'NONE',  ( 1.000000000000000000, -8.572527594031398000E-017, 0.0000000000000000000 ) ) ;
#1967 = AXIS2_PLACEMENT_3D ( 'NONE', #2202, #4442, #3700 ) ;
#1968 = CARTESIAN_POINT ( 'NONE',  ( 3.810000000000000900, 5.700000000000002000, -14.80000000000000200 ) ) ;
#1969 = DIRECTION ( 'NONE',  ( 0.0000000000000000000, 1.000000000000000000, 0.0000000000000000000 ) ) ;
#1970 = VERTEX_POINT ( 'NONE', #205 ) ;
#1971 = LINE ( 'NONE', #458, #3767 ) ;
#1972 = ORIENTED_EDGE ( 'NONE', *, *, #3214, .T. ) ;
#1973 = CARTESIAN_POINT ( 'NONE',  ( 13.60823301889072900, 1.700000000000000800, 4.439734382820063300 ) ) ;
#1974 = STYLED_ITEM ( 'NONE', ( #1567 ), #961 ) ;
#1975 = ORIENTED_EDGE ( 'NONE', *, *, #4219, .F. ) ;
#1976 = LINE ( 'NONE', #1835, #3829 ) ;
#1977 = EDGE_CURVE ( 'NONE', #190, #3602, #2941, .T. ) ;
#1978 = LINE ( 'NONE', #893, #1152 ) ;
#1979 = CARTESIAN_POINT ( 'NONE',  ( -13.40000000000000900, 1.699999999999998400, -5.740000000000026000 ) ) ;
#1980 = EDGE_CURVE ( 'NONE', #381, #624, #1601, .T. ) ;
#1981 = CARTESIAN_POINT ( 'NONE',  ( 13.69999999999999900, 2.600000000000003200, 4.399999999999999500 ) ) ;
#1982 = ORIENTED_EDGE ( 'NONE', *, *, #4100, .F. ) ;
#1983 = FACE_OUTER_BOUND ( 'NONE', #2047, .T. ) ;
#1984 = DIRECTION ( 'NONE',  ( -1.000000000000000000, 3.469446951953613400E-015, 1.172110456741086100E-016 ) ) ;
#1985 = ADVANCED_FACE ( 'NONE', ( #2538 ), #4749, .F. ) ;
#1986 = DIRECTION ( 'NONE',  ( 0.0000000000000000000, 0.0000000000000000000, 1.000000000000000000 ) ) ;
#1987 = AXIS2_PLACEMENT_3D ( 'NONE', #3207, #1356, #3912 ) ;
#1988 = FACE_OUTER_BOUND ( 'NONE', #2091, .T. ) ;
#1989 = ORIENTED_EDGE ( 'NONE', *, *, #2782, .T. ) ;
#1990 = DIRECTION ( 'NONE',  ( -0.7431448254773981300, 0.0000000000000000000, 0.6691306063588539100 ) ) ;
#1991 = DIRECTION ( 'NONE',  ( -0.9176698110926622100, 0.0000000000000000000, 0.3973438282006626100 ) ) ;
#1992 = CARTESIAN_POINT ( 'NONE',  ( 12.70462891345259500, 5.900000000000000400, -10.40000000000000200 ) ) ;
#1993 = VERTEX_POINT ( 'NONE', #662 ) ;
#1994 = DIRECTION ( 'NONE',  ( 0.9176698110926622100, -0.0000000000000000000, 0.3973438282006626100 ) ) ;
#1995 = ORIENTED_EDGE ( 'NONE', *, *, #2358, .F. ) ;
#1996 = LINE ( 'NONE', #1244, #78 ) ;
#1997 = VERTEX_POINT ( 'NONE', #3510 ) ;
#1998 = ORIENTED_EDGE ( 'NONE', *, *, #3304, .T. ) ;
#1999 = CARTESIAN_POINT ( 'NONE',  ( -7.999999999999996400, 5.778499608869254600, 3.449592267325071800 ) ) ;
#2000 = CIRCLE ( 'NONE', #3109, 5.557769798733282600 ) ;
#2001 = CARTESIAN_POINT ( 'NONE',  ( 7.999999999999996400, 5.778499608869254600, 3.449592267325071800 ) ) ;
#2002 = AXIS2_PLACEMENT_3D ( 'NONE', #4188, #4579, #1162 ) ;
#2003 = CARTESIAN_POINT ( 'NONE',  ( 12.70462891345259300, 5.700000000000000200, -10.80000000000000600 ) ) ;
#2004 = ORIENTED_EDGE ( 'NONE', *, *, #2483, .T. ) ;
#2005 = LINE ( 'NONE', #3900, #3331 ) ;
#2006 = CARTESIAN_POINT ( 'NONE',  ( -4.999999999999996400, 5.900000000000000400, 4.376422909250776700 ) ) ;
#2007 = CARTESIAN_POINT ( 'NONE',  ( 13.60823301889072900, -0.1880143455903308900, 4.439734382820065900 ) ) ;
#2008 = CARTESIAN_POINT ( 'NONE',  ( -12.70462891345259500, 5.700000000000001100, -10.40000000000000200 ) ) ;
#2009 = ADVANCED_FACE ( 'NONE', ( #3275 ), #163, .F. ) ;
#2010 = FACE_OUTER_BOUND ( 'NONE', #818, .T. ) ;
#2011 = EDGE_CURVE ( 'NONE', #4730, #338, #1774, .T. ) ;
#2012 = DIRECTION ( 'NONE',  ( 0.9176698110926622100, -0.0000000000000000000, 0.3973438282006626100 ) ) ;
#2013 = ORIENTED_EDGE ( 'NONE', *, *, #641, .F. ) ;
#2014 = FACE_OUTER_BOUND ( 'NONE', #4680, .T. ) ;
#2015 = CARTESIAN_POINT ( 'NONE',  ( -10.63305127170896500, 1.900000000000002100, -11.10000000000001900 ) ) ;
#2016 = VERTEX_POINT ( 'NONE', #1787 ) ;
#2017 = DIRECTION ( 'NONE',  ( -1.000000000000000000, 0.0000000000000000000, 0.0000000000000000000 ) ) ;
#2018 = PLANE ( 'NONE',  #1685 ) ;
#2019 = AXIS2_PLACEMENT_3D ( 'NONE', #4755, #3360, #3783 ) ;
#2020 = CARTESIAN_POINT ( 'NONE',  ( -6.318828384886868900, 5.700000000000001100, 10.09999999999999800 ) ) ;
#2021 = LINE ( 'NONE', #3780, #1778 ) ;
#2022 = ORIENTED_EDGE ( 'NONE', *, *, #4181, .T. ) ;
#2023 = CARTESIAN_POINT ( 'NONE',  ( 4.974999999999997000, 5.700000000000001100, 4.376422909250778500 ) ) ;
#2024 = LINE ( 'NONE', #2587, #112 ) ;
#2025 = DIRECTION ( 'NONE',  ( 0.0000000000000000000, 0.0000000000000000000, -1.000000000000000000 ) ) ;
#2026 = AXIS2_PLACEMENT_3D ( 'NONE', #1723, #4321, #248 ) ;
#2027 = ORIENTED_EDGE ( 'NONE', *, *, #1725, .F. ) ;
#2028 = ORIENTED_EDGE ( 'NONE', *, *, #3720, .F. ) ;
#2029 = CARTESIAN_POINT ( 'NONE',  ( -10.63305127170896500, 5.700000000000001100, -11.10000000000000500 ) ) ;
#2030 = EDGE_LOOP ( 'NONE', ( #3343, #2580, #4742, #463 ) ) ;
#2031 = LINE ( 'NONE', #3466, #2087 ) ;
#2032 = CARTESIAN_POINT ( 'NONE',  ( -13.40000000000000600, 0.3000000000000066500, 2.539999999999972900 ) ) ;
#2033 = DIRECTION ( 'NONE',  ( 0.0000000000000000000, -1.000000000000000000, 0.0000000000000000000 ) ) ;
#2034 = ADVANCED_FACE ( 'NONE', ( #4644 ), #3870, .T. ) ;
#2035 = CARTESIAN_POINT ( 'NONE',  ( 13.29999999999999900, 5.600000000000003200, -10.40000000000000200 ) ) ;
#2036 = CIRCLE ( 'NONE', #2019, 0.8400000000000005200 ) ;
#2037 = PRODUCT_DEFINITION_CONTEXT ( 'detailed design', #3978, 'design' ) ;
#2038 = LINE ( 'NONE', #4740, #3130 ) ;
#2039 = EDGE_CURVE ( 'NONE', #4345, #1755, #3634, .T. ) ;
#2040 = ORIENTED_EDGE ( 'NONE', *, *, #1965, .F. ) ;
#2041 = DIRECTION ( 'NONE',  ( -1.000000000000000000, 0.0000000000000000000, 0.0000000000000000000 ) ) ;
#2042 = VECTOR ( 'NONE', #3584, 1000.000000000000000 ) ;
#2043 = EDGE_LOOP ( 'NONE', ( #1553, #2194, #1802, #493 ) ) ;
#2044 = CYLINDRICAL_SURFACE ( 'NONE', #1594, 0.3000000000000000400 ) ;
#2045 = DIRECTION ( 'NONE',  ( 0.0000000000000000000, 0.0000000000000000000, 1.000000000000000000 ) ) ;
#2046 = EDGE_CURVE ( 'NONE', #3786, #2665, #4159, .T. ) ;
#2047 = EDGE_LOOP ( 'NONE', ( #2828, #4707, #4192, #991 ) ) ;
#2048 = DIRECTION ( 'NONE',  ( 1.000000000000000000, 4.186962248049520900E-016, 0.0000000000000000000 ) ) ;
#2049 = DIRECTION ( 'NONE',  ( 0.0000000000000000000, 0.0000000000000000000, 1.000000000000000000 ) ) ;
#2050 = VERTEX_POINT ( 'NONE', #3915 ) ;
#2051 = FACE_OUTER_BOUND ( 'NONE', #3988, .T. ) ;
#2052 = AXIS2_PLACEMENT_3D ( 'NONE', #3721, #1495, #1953 ) ;
#2053 = VERTEX_POINT ( 'NONE', #1035 ) ;
#2054 = ORIENTED_EDGE ( 'NONE', *, *, #2974, .T. ) ;
#2055 = FACE_OUTER_BOUND ( 'NONE', #3187, .T. ) ;
#2056 = ADVANCED_FACE ( 'NONE', ( #4033 ), #3050, .F. ) ;
#2057 = ADVANCED_FACE ( 'NONE', ( #4810 ), #2205, .T. ) ;
#2058 = LINE ( 'NONE', #4067, #2804 ) ;
#2059 = EDGE_CURVE ( 'NONE', #3726, #4529, #727, .T. ) ;
#2060 = ORIENTED_EDGE ( 'NONE', *, *, #3862, .F. ) ;
#2061 = AXIS2_PLACEMENT_3D ( 'NONE', #537, #3190, #3211 ) ;
#2062 = CYLINDRICAL_SURFACE ( 'NONE', #139, 0.3000000000000016500 ) ;
#2063 = DIRECTION ( 'NONE',  ( 1.000000000000000000, 0.0000000000000000000, 0.0000000000000000000 ) ) ;
#2064 = DIRECTION ( 'NONE',  ( 0.0000000000000000000, 2.168404344971008600E-016, -1.000000000000000000 ) ) ;
#2065 = LINE ( 'NONE', #878, #4747 ) ;
#2066 = AXIS2_PLACEMENT_3D ( 'NONE', #1071, #1825, #672 ) ;
#2067 = CARTESIAN_POINT ( 'NONE',  ( -13.60000000000001200, 1.700000000000000800, -10.40000000000000200 ) ) ;
#2068 = EDGE_CURVE ( 'NONE', #4016, #4792, #2598, .T. ) ;
#2069 = VERTEX_POINT ( 'NONE', #2249 ) ;
#2070 = VECTOR ( 'NONE', #4817, 1000.000000000000000 ) ;
#2071 = DIRECTION ( 'NONE',  ( 1.000000000000000000, -3.614007241618327900E-015, 4.047688110612527600E-014 ) ) ;
#2072 = CARTESIAN_POINT ( 'NONE',  ( 10.63305127170896500, 5.899999999999999500, -10.80000000000000600 ) ) ;
#2073 = DIRECTION ( 'NONE',  ( -1.000000000000000000, 0.0000000000000000000, 0.0000000000000000000 ) ) ;
#2074 = ORIENTED_EDGE ( 'NONE', *, *, #1880, .F. ) ;
#2075 = EDGE_CURVE ( 'NONE', #4228, #4703, #3972, .T. ) ;
#2076 = VECTOR ( 'NONE', #1536, 999.9999999999998900 ) ;
#2077 = CARTESIAN_POINT ( 'NONE',  ( -13.42469905667219800, 1.700000000000002000, 4.519203148460198000 ) ) ;
#2078 = ORIENTED_EDGE ( 'NONE', *, *, #4340, .F. ) ;
#2079 = DIRECTION ( 'NONE',  ( -1.000000000000000000, -0.0000000000000000000, -0.0000000000000000000 ) ) ;
#2080 = VECTOR ( 'NONE', #1504, 1000.000000000000000 ) ;
#2081 = ADVANCED_FACE ( 'NONE', ( #2485 ), #18, .F. ) ;
#2082 = DIRECTION ( 'NONE',  ( -1.000000000000000000, -0.0000000000000000000, -0.0000000000000000000 ) ) ;
#2083 = DIRECTION ( 'NONE',  ( 1.000000000000000000, 0.0000000000000000000, 0.0000000000000000000 ) ) ;
#2084 = AXIS2_PLACEMENT_3D ( 'NONE', #988, #4727, #3913 ) ;
#2085 = EDGE_LOOP ( 'NONE', ( #699, #3933, #1726, #1921 ) ) ;
#2086 = VERTEX_POINT ( 'NONE', #3133 ) ;
#2087 = VECTOR ( 'NONE', #4215, 1000.000000000000000 ) ;
#2088 = PLANE ( 'NONE',  #917 ) ;
#2089 = CARTESIAN_POINT ( 'NONE',  ( 4.999999999999996400, 4.621306437175211300, -1.276180276523490400 ) ) ;
#2090 = DIRECTION ( 'NONE',  ( -1.000000000000000000, -0.0000000000000000000, -0.0000000000000000000 ) ) ;
#2091 = EDGE_LOOP ( 'NONE', ( #3585, #3589, #444, #3469 ) ) ;
#2092 = VECTOR ( 'NONE', #240, 1000.000000000000000 ) ;
#2093 = DIRECTION ( 'NONE',  ( 0.0000000000000000000, 1.000000000000000000, 0.0000000000000000000 ) ) ;
#2094 = EDGE_CURVE ( 'NONE', #2671, #1693, #2993, .T. ) ;
#2095 = AXIS2_PLACEMENT_3D ( 'NONE', #4722, #3158, #661 ) ;
#2096 = CARTESIAN_POINT ( 'NONE',  ( 12.69999999999999900, 5.700000000000001100, 5.699999999999999300 ) ) ;
#2097 = ORIENTED_EDGE ( 'NONE', *, *, #2451, .T. ) ;
#2098 = DIRECTION ( 'NONE',  ( -1.000000000000000000, -3.491481338843133400E-015, 0.0000000000000000000 ) ) ;
#2099 = PLANE ( 'NONE',  #3169 ) ;
#2100 = ORIENTED_EDGE ( 'NONE', *, *, #1282, .F. ) ;
#2101 = EDGE_CURVE ( 'NONE', #2767, #1993, #2433, .T. ) ;
#2102 = DIRECTION ( 'NONE',  ( -1.000000000000000000, 0.0000000000000000000, 0.0000000000000000000 ) ) ;
#2103 = CARTESIAN_POINT ( 'NONE',  ( -8.673617379884035500E-015, 5.700000000000001100, 60.70703911356945100 ) ) ;
#2104 = CLOSED_SHELL ( 'NONE', ( #3611, #1359, #4373, #94, #2105, #3143, #2735, #3902, #1785, #2165, #902, #3565, #2756, #953, #4327, #618, #3049, #2465, #3687, #1339, #1000, #2366, #830, #764, #3098, #975, #1494, #1285, #3488, #413, #2438, #2416, #2488, #1220, #3661, #2081, #713, #3514, #3995, #3588, #2056, #1199, #361, #3832, #38, #3239, #2623, #2811, #509, #2393, #4700, #63, #807, #1721, #2802, #553, #4320, #2549, #4636, #3070, #3212, #4555, #2263, #1171, #568, #4224, #1687, #3784, #1268, #531, #1467, #640, #2649, #2136, #1440, #2034, #1810, #3713, #4344, #4020, #3416, #3805, #3121, #3881, #1834, #4580, #281, #4504, #1908, #4150, #1615, #1934, #856, #4270, #4721, #142, #4423, #258, #2009, #1565, #166, #4654, #1737, #118, #1663, #2836, #4246, #2575, #3759, #572, #1147, #1123, #3263, #437, #4604, #1246, #3003, #3233, #3338, #2130, #1307, #3184, #3314, #926, #3947, #743, #4172, #4675, #234, #187, #2291, #2211, #3535, #981, #341, #4530, #1960, #3023, #1641, #2716, #3444, #2826, #3903, #4045, #4118, #4453, #1093, #2779, #2057, #2480, #4770, #4199, #486, #2441, #1592, #688, #315, #4272, #1420, #2314, #1050, #1386, #2984, #1547, #209, #880, #1985, #3858, #2113, #16, #3465, #3288 ) ) ;
#2105 = ADVANCED_FACE ( 'NONE', ( #2937 ), #1889, .T. ) ;
#2106 = FACE_OUTER_BOUND ( 'NONE', #1443, .T. ) ;
#2107 = ORIENTED_EDGE ( 'NONE', *, *, #3124, .T. ) ;
#2108 = DIRECTION ( 'NONE',  ( 0.0000000000000000000, 0.0000000000000000000, 1.000000000000000000 ) ) ;
#2109 = ORIENTED_EDGE ( 'NONE', *, *, #3117, .T. ) ;
#2110 = EDGE_CURVE ( 'NONE', #3613, #1143, #1012, .T. ) ;
#2111 = ORIENTED_EDGE ( 'NONE', *, *, #1811, .T. ) ;
#2112 = PLANE ( 'NONE',  #4289 ) ;
#2113 = ADVANCED_FACE ( 'NONE', ( #2010 ), #2280, .T. ) ;
#2114 = VECTOR ( 'NONE', #3894, 1000.000000000000000 ) ;
#2115 = DIRECTION ( 'NONE',  ( 1.000000000000000000, 0.0000000000000000000, 0.0000000000000000000 ) ) ;
#2116 = CARTESIAN_POINT ( 'NONE',  ( 17.55000000000000100, 4.975917338986202000E-015, 2.539999999999972900 ) ) ;
#2117 = FACE_OUTER_BOUND ( 'NONE', #349, .T. ) ;
#2118 = EDGE_LOOP ( 'NONE', ( #4439, #4232, #4063, #4752 ) ) ;
#2119 = VECTOR ( 'NONE', #4085, 1000.000000000000000 ) ;
#2120 = CARTESIAN_POINT ( 'NONE',  ( 3.209921392555535700E-016, 4.200656100246928300E-014, -17.20000000000001000 ) ) ;
#2121 = CARTESIAN_POINT ( 'NONE',  ( 4.974999999999997000, 5.900000000000000400, 4.376422909250778500 ) ) ;
#2122 = ORIENTED_EDGE ( 'NONE', *, *, #1309, .F. ) ;
#2123 = LINE ( 'NONE', #3102, #1242 ) ;
#2124 = CARTESIAN_POINT ( 'NONE',  ( 15.55000000000000100, 9.595189226496714200E-015, 0.6499999999999713800 ) ) ;
#2125 = EDGE_CURVE ( 'NONE', #190, #1816, #4802, .T. ) ;
#2126 = PLANE ( 'NONE',  #3145 ) ;
#2127 = VECTOR ( 'NONE', #4646, 1000.000000000000000 ) ;
#2128 = DIRECTION ( 'NONE',  ( -0.7431448254773980200, 0.0000000000000000000, 0.6691306063588539100 ) ) ;
#2129 = ORIENTED_EDGE ( 'NONE', *, *, #3498, .T. ) ;
#2130 = ADVANCED_FACE ( 'NONE', ( #34 ), #3269, .T. ) ;
#2131 = VECTOR ( 'NONE', #1067, 1000.000000000000100 ) ;
#2132 = EDGE_CURVE ( 'NONE', #2607, #996, #3866, .T. ) ;
#2133 = ORIENTED_EDGE ( 'NONE', *, *, #3782, .T. ) ;
#2134 = CARTESIAN_POINT ( 'NONE',  ( -3.809999999999999200, 0.3000000000000420700, -14.80000000000002200 ) ) ;
#2135 = DIRECTION ( 'NONE',  ( -0.3973438282006625500, 0.0000000000000000000, -0.9176698110926622100 ) ) ;
#2136 = ADVANCED_FACE ( 'NONE', ( #4517 ), #3348, .T. ) ;
#2137 = CARTESIAN_POINT ( 'NONE',  ( -13.70000000000000600, 0.3000000000000057600, 2.539999999999972900 ) ) ;
#2138 = VECTOR ( 'NONE', #2399, 1000.000000000000000 ) ;
#2139 = CARTESIAN_POINT ( 'NONE',  ( -4.999999999999996400, 4.321306437175211500, -1.276180276523490400 ) ) ;
#2140 = DIRECTION ( 'NONE',  ( 0.0000000000000000000, 0.0000000000000000000, -1.000000000000000000 ) ) ;
#2141 = ORIENTED_EDGE ( 'NONE', *, *, #3214, .F. ) ;
#2142 = EDGE_CURVE ( 'NONE', #4554, #2737, #4273, .T. ) ;
#2143 = VECTOR ( 'NONE', #659, 1000.000000000000000 ) ;
#2144 = DIRECTION ( 'NONE',  ( 8.572527594031492900E-017, 1.000000000000000000, -0.0000000000000000000 ) ) ;
#2145 = ORIENTED_EDGE ( 'NONE', *, *, #1725, .T. ) ;
#2146 = ORIENTED_EDGE ( 'NONE', *, *, #4017, .T. ) ;
#2147 = FILL_AREA_STYLE_COLOUR ( '', #3772 ) ;
#2148 = DIRECTION ( 'NONE',  ( -3.469446951953613400E-015, 1.000000000000000000, 8.758115402030106700E-047 ) ) ;
#2149 = CARTESIAN_POINT ( 'NONE',  ( 7.999999999999996400, 4.321306437175211500, -1.276180276523490400 ) ) ;
#2150 = AXIS2_PLACEMENT_3D ( 'NONE', #2321, #478, #3044 ) ;
#2151 = ORIENTED_EDGE ( 'NONE', *, *, #2848, .F. ) ;
#2152 = LINE ( 'NONE', #3069, #3989 ) ;
#2153 = DIRECTION ( 'NONE',  ( -1.000000000000000000, 0.0000000000000000000, 0.0000000000000000000 ) ) ;
#2154 = PLANE ( 'NONE',  #1808 ) ;
#2155 = VERTEX_POINT ( 'NONE', #3367 ) ;
#2156 = LINE ( 'NONE', #841, #3240 ) ;
#2157 = AXIS2_PLACEMENT_3D ( 'NONE', #3757, #2601, #1463 ) ;
#2158 = CARTESIAN_POINT ( 'NONE',  ( -17.55000000000000100, 0.2000000000000050100, 2.539999999999972900 ) ) ;
#2159 = CYLINDRICAL_SURFACE ( 'NONE', #2428, 5.557769798733282600 ) ;
#2160 = ORIENTED_EDGE ( 'NONE', *, *, #2539, .F. ) ;
#2161 = LINE ( 'NONE', #2209, #184 ) ;
#2162 = DIRECTION ( 'NONE',  ( 1.000000000000000000, 0.0000000000000000000, 0.0000000000000000000 ) ) ;
#2163 = AXIS2_PLACEMENT_3D ( 'NONE', #1858, #1118, #1136 ) ;
#2164 = DIRECTION ( 'NONE',  ( 0.0000000000000000000, 0.0000000000000000000, -1.000000000000000000 ) ) ;
#2165 = ADVANCED_FACE ( 'NONE', ( #2878 ), #3386, .F. ) ;
#2166 = ORIENTED_EDGE ( 'NONE', *, *, #3016, .T. ) ;
#2167 = CYLINDRICAL_SURFACE ( 'NONE', #3231, 0.3000000000000000400 ) ;
#2168 = VERTEX_POINT ( 'NONE', #3711 ) ;
#2169 = DIRECTION ( 'NONE',  ( -0.0000000000000000000, 1.000000000000000000, 0.0000000000000000000 ) ) ;
#2170 = VERTEX_POINT ( 'NONE', #1502 ) ;
#2171 = EDGE_LOOP ( 'NONE', ( #1106, #411 ) ) ;
#2172 = PLANE ( 'NONE',  #2805 ) ;
#2173 = EDGE_CURVE ( 'NONE', #165, #1283, #2757, .T. ) ;
#2174 = VECTOR ( 'NONE', #1897, 1000.000000000000000 ) ;
#2175 = ORIENTED_EDGE ( 'NONE', *, *, #4173, .T. ) ;
#2176 = ORIENTED_EDGE ( 'NONE', *, *, #4026, .F. ) ;
#2177 = VECTOR ( 'NONE', #936, 1000.000000000000000 ) ;
#2178 = DIRECTION ( 'NONE',  ( 0.0000000000000000000, 0.0000000000000000000, 1.000000000000000000 ) ) ;
#2179 = AXIS2_PLACEMENT_3D ( 'NONE', #4708, #266, #3605 ) ;
#2180 = CYLINDRICAL_SURFACE ( 'NONE', #1749, 0.8400000000000005200 ) ;
#2181 = ORIENTED_EDGE ( 'NONE', *, *, #243, .T. ) ;
#2182 = DIRECTION ( 'NONE',  ( 1.000000000000000000, -0.0000000000000000000, -0.0000000000000000000 ) ) ;
#2183 = FACE_BOUND ( 'NONE', #2413, .T. ) ;
#2184 = DIRECTION ( 'NONE',  ( -1.000000000000000000, 3.252606517456504600E-015, 0.0000000000000000000 ) ) ;
#2185 = DIRECTION ( 'NONE',  ( 0.0000000000000000000, 6.982962677686266700E-015, -1.000000000000000000 ) ) ;
#2186 = AXIS2_PLACEMENT_3D ( 'NONE', #4735, #280, #2873 ) ;
#2187 = FACE_OUTER_BOUND ( 'NONE', #1202, .T. ) ;
#2188 = DIRECTION ( 'NONE',  ( 0.0000000000000000000, -3.794707603699288400E-015, 1.000000000000000000 ) ) ;
#2189 = CARTESIAN_POINT ( 'NONE',  ( 4.999999999999996400, 2.304219872357979000, 4.376422909250776700 ) ) ;
#2190 = ORIENTED_EDGE ( 'NONE', *, *, #2457, .T. ) ;
#2191 = EDGE_CURVE ( 'NONE', #2720, #571, #1418, .T. ) ;
#2192 = VECTOR ( 'NONE', #3879, 1000.000000000000000 ) ;
#2193 = DIRECTION ( 'NONE',  ( 0.0000000000000000000, 0.0000000000000000000, -1.000000000000000000 ) ) ;
#2194 = ORIENTED_EDGE ( 'NONE', *, *, #1437, .T. ) ;
#2195 = CARTESIAN_POINT ( 'NONE',  ( 12.70462891345259500, 5.700000000000001100, -10.40000000000000200 ) ) ;
#2196 = CIRCLE ( 'NONE', #3512, 0.8400000000000005200 ) ;
#2197 = EDGE_LOOP ( 'NONE', ( #1815, #2100 ) ) ;
#2198 = UNCERTAINTY_MEASURE_WITH_UNIT (LENGTH_MEASURE( 1.000000000000000100E-005 ), #763, 'distance_accuracy_value', 'NONE');
#2199 = EDGE_CURVE ( 'NONE', #2697, #2050, #1126, .T. ) ;
#2200 = CARTESIAN_POINT ( 'NONE',  ( -12.70462891345259300, 5.600000000000000500, -10.90000000000000600 ) ) ;
#2201 = FACE_OUTER_BOUND ( 'NONE', #2493, .T. ) ;
#2202 = CARTESIAN_POINT ( 'NONE',  ( 13.60000000000000000, 5.700000000000002000, -10.40000000000000200 ) ) ;
#2203 = ORIENTED_EDGE ( 'NONE', *, *, #2751, .T. ) ;
#2204 = CARTESIAN_POINT ( 'NONE',  ( -4.999999999999996400, 5.778499608869254600, 3.449592267325072300 ) ) ;
#2205 = PLANE ( 'NONE',  #255 ) ;
#2206 = EDGE_CURVE ( 'NONE', #4210, #1905, #4088, .T. ) ;
#2207 = ORIENTED_EDGE ( 'NONE', *, *, #178, .F. ) ;
#2208 = FACE_OUTER_BOUND ( 'NONE', #1159, .T. ) ;
#2209 = CARTESIAN_POINT ( 'NONE',  ( 13.60823301889072900, 2.600000000000003200, 4.439734382820065900 ) ) ;
#2210 = ORIENTED_EDGE ( 'NONE', *, *, #2046, .T. ) ;
#2211 = ADVANCED_FACE ( 'NONE', ( #2187 ), #2647, .T. ) ;
#2212 = VECTOR ( 'NONE', #3241, 1000.000000000000200 ) ;
#2213 = DIRECTION ( 'NONE',  ( -1.000000000000000000, 8.572527594031398000E-017, 0.0000000000000000000 ) ) ;
#2214 = FACE_OUTER_BOUND ( 'NONE', #3733, .T. ) ;
#2215 = VECTOR ( 'NONE', #2135, 1000.000000000000200 ) ;
#2216 = CARTESIAN_POINT ( 'NONE',  ( 4.999999999999996400, 5.585257552170444800, 3.501143285964996000 ) ) ;
#2217 = CARTESIAN_POINT ( 'NONE',  ( 12.70462891345259300, 5.600000000000000500, -10.80000000000000600 ) ) ;
#2218 = EDGE_CURVE ( 'NONE', #768, #3273, #949, .T. ) ;
#2219 = AXIS2_PLACEMENT_3D ( 'NONE', #3, #1864, #4473 ) ;
#2220 = DIRECTION ( 'NONE',  ( 0.0000000000000000000, 1.000000000000000000, 0.0000000000000000000 ) ) ;
#2221 = ORIENTED_EDGE ( 'NONE', *, *, #1098, .F. ) ;
#2222 = CIRCLE ( 'NONE', #2332, 0.2999999999999999300 ) ;
#2223 = ORIENTED_EDGE ( 'NONE', *, *, #2666, .T. ) ;
#2224 = ORIENTED_EDGE ( 'NONE', *, *, #2094, .T. ) ;
#2225 = DIRECTION ( 'NONE',  ( 0.0000000000000000000, 0.0000000000000000000, 1.000000000000000000 ) ) ;
#2226 = CARTESIAN_POINT ( 'NONE',  ( -12.70462891345259500, 1.900000000000001500, -11.10000000000001900 ) ) ;
#2227 = CIRCLE ( 'NONE', #3489, 3.595780127642022300 ) ;
#2228 = ORIENTED_EDGE ( 'NONE', *, *, #767, .F. ) ;
#2229 = PLANE ( 'NONE',  #1289 ) ;
#2230 = EDGE_CURVE ( 'NONE', #1447, #82, #3685, .T. ) ;
#2231 = ORIENTED_EDGE ( 'NONE', *, *, #2935, .T. ) ;
#2232 = VERTEX_POINT ( 'NONE', #445 ) ;
#2233 = DIRECTION ( 'NONE',  ( 1.000000000000000000, 7.621200193202527100E-031, -2.276539994720219800E-016 ) ) ;
#2234 = CARTESIAN_POINT ( 'NONE',  ( 10.63305127170896500, 5.600000000000001400, -10.90000000000000600 ) ) ;
#2235 = LINE ( 'NONE', #2001, #3391 ) ;
#2236 = CIRCLE ( 'NONE', #4689, 0.2999999999999981600 ) ;
#2237 = DIRECTION ( 'NONE',  ( 0.0000000000000000000, 1.000000000000000000, 0.0000000000000000000 ) ) ;
#2238 = EDGE_CURVE ( 'NONE', #3651, #3175, #896, .T. ) ;
#2239 = VERTEX_POINT ( 'NONE', #394 ) ;
#2240 = VECTOR ( 'NONE', #4120, 1000.000000000000000 ) ;
#2241 = ORIENTED_EDGE ( 'NONE', *, *, #1870, .F. ) ;
#2242 = EDGE_CURVE ( 'NONE', #3238, #1455, #329, .T. ) ;
#2243 = VECTOR ( 'NONE', #2880, 1000.000000000000000 ) ;
#2244 = DIRECTION ( 'NONE',  ( 0.3973438282006625500, 0.0000000000000000000, -0.9176698110926621000 ) ) ;
#2245 = CARTESIAN_POINT ( 'NONE',  ( -13.42469905667219800, 2.600000000000003200, 4.519203148460197100 ) ) ;
#2246 = VECTOR ( 'NONE', #2456, 1000.000000000000000 ) ;
#2247 = DIRECTION ( 'NONE',  ( 1.172110456741085800E-016, 0.0000000000000000000, -1.000000000000000000 ) ) ;
#2248 = CARTESIAN_POINT ( 'NONE',  ( -6.318828384886868900, 5.700000000000001100, 11.10000000000000100 ) ) ;
#2249 = CARTESIAN_POINT ( 'NONE',  ( 13.39999999999999700, 2.600000000000003200, 4.399999999999999500 ) ) ;
#2250 = VERTEX_POINT ( 'NONE', #771 ) ;
#2251 = CARTESIAN_POINT ( 'NONE',  ( -14.71000000000000100, 9.523179994706850900E-015, -3.850000000000028500 ) ) ;
#2252 = CARTESIAN_POINT ( 'NONE',  ( 10.63305127170896500, 5.700000000000000200, -10.80000000000000600 ) ) ;
#2253 = FACE_OUTER_BOUND ( 'NONE', #3667, .T. ) ;
#2254 = CARTESIAN_POINT ( 'NONE',  ( 12.70462891345259300, 5.600000000000000500, -10.80000000000000600 ) ) ;
#2255 = DIRECTION ( 'NONE',  ( 1.000000000000000000, -0.0000000000000000000, -0.0000000000000000000 ) ) ;
#2256 = ORIENTED_EDGE ( 'NONE', *, *, #4147, .F. ) ;
#2257 = AXIS2_PLACEMENT_3D ( 'NONE', #2217, #4050, #1833 ) ;
#2258 = FACE_OUTER_BOUND ( 'NONE', #3789, .T. ) ;
#2259 = CARTESIAN_POINT ( 'NONE',  ( -13.70000000000000600, 0.3000000000000057600, -5.740000000000026000 ) ) ;
#2260 = ORIENTED_EDGE ( 'NONE', *, *, #3927, .T. ) ;
#2261 = DIRECTION ( 'NONE',  ( 0.0000000000000000000, 0.0000000000000000000, 1.000000000000000000 ) ) ;
#2262 = ORIENTED_EDGE ( 'NONE', *, *, #3627, .F. ) ;
#2263 = ADVANCED_FACE ( 'NONE', ( #3041 ), #116, .F. ) ;
#2264 = LINE ( 'NONE', #1930, #1259 ) ;
#2265 = DIRECTION ( 'NONE',  ( 1.172110456741081900E-016, 1.172110456741085800E-016, -1.000000000000000000 ) ) ;
#2266 = ORIENTED_EDGE ( 'NONE', *, *, #3803, .T. ) ;
#2267 = EDGE_CURVE ( 'NONE', #561, #4703, #1294, .T. ) ;
#2268 = DIRECTION ( 'NONE',  ( -1.000000000000000000, 0.0000000000000000000, 0.0000000000000000000 ) ) ;
#2269 = DIRECTION ( 'NONE',  ( -1.000000000000000000, -3.491481338843133400E-015, -1.172110456741085800E-016 ) ) ;
#2270 = CARTESIAN_POINT ( 'NONE',  ( -12.70462891345259500, 1.900000000000001200, -11.10000000000001900 ) ) ;
#2271 = DIRECTION ( 'NONE',  ( 0.0000000000000000000, 1.000000000000000000, 0.0000000000000000000 ) ) ;
#2272 = DIRECTION ( 'NONE',  ( 1.000000000000000000, 5.546767395661990400E-018, -2.276539994720219300E-016 ) ) ;
#2273 = ORIENTED_EDGE ( 'NONE', *, *, #634, .T. ) ;
#2274 = VECTOR ( 'NONE', #940, 1000.000000000000000 ) ;
#2275 = DIRECTION ( 'NONE',  ( -1.000000000000000000, -0.0000000000000000000, -0.0000000000000000000 ) ) ;
#2276 = EDGE_CURVE ( 'NONE', #1860, #3602, #2651, .T. ) ;
#2277 = VERTEX_POINT ( 'NONE', #1218 ) ;
#2278 = LINE ( 'NONE', #3837, #2215 ) ;
#2279 = CARTESIAN_POINT ( 'NONE',  ( 6.987958991245730700, 5.900000000000000400, 10.84314482547739500 ) ) ;
#2280 = PLANE ( 'NONE',  #4134 ) ;
#2281 = DIRECTION ( 'NONE',  ( 0.0000000000000000000, 0.0000000000000000000, -1.000000000000000000 ) ) ;
#2282 = DIRECTION ( 'NONE',  ( 0.0000000000000000000, 0.0000000000000000000, 1.000000000000000000 ) ) ;
#2283 = FACE_OUTER_BOUND ( 'NONE', #4060, .T. ) ;
#2284 = ORIENTED_EDGE ( 'NONE', *, *, #1849, .F. ) ;
#2285 = AXIS2_PLACEMENT_3D ( 'NONE', #4384, #2108, #211 ) ;
#2286 = CARTESIAN_POINT ( 'NONE',  ( -12.70462891345259300, 5.600000000000000500, -10.80000000000000600 ) ) ;
#2287 = ORIENTED_EDGE ( 'NONE', *, *, #4639, .F. ) ;
#2288 = LINE ( 'NONE', #476, #1580 ) ;
#2289 = ORIENTED_EDGE ( 'NONE', *, *, #3919, .F. ) ;
#2290 = CARTESIAN_POINT ( 'NONE',  ( 13.40000000000001100, 1.700000000000000200, 1.570628012033056100E-015 ) ) ;
#2291 = ADVANCED_FACE ( 'NONE', ( #560 ), #2334, .T. ) ;
#2292 = EDGE_CURVE ( 'NONE', #3291, #2069, #1770, .T. ) ;
#2293 = AXIS2_PLACEMENT_3D ( 'NONE', #3719, #1439, #4 ) ;
#2294 = ORIENTED_EDGE ( 'NONE', *, *, #4302, .T. ) ;
#2295 = ORIENTED_EDGE ( 'NONE', *, *, #714, .T. ) ;
#2296 = LINE ( 'NONE', #3372, #1279 ) ;
#2297 = CARTESIAN_POINT ( 'NONE',  ( 10.63305127170896500, 5.700000000000001100, -10.40000000000000200 ) ) ;
#2298 = VERTEX_POINT ( 'NONE', #4585 ) ;
#2299 = DIRECTION ( 'NONE',  ( 1.000000000000000000, 0.0000000000000000000, 3.090394334539071700E-016 ) ) ;
#2300 = ORIENTED_EDGE ( 'NONE', *, *, #3304, .F. ) ;
#2301 = EDGE_CURVE ( 'NONE', #1638, #3185, #3400, .T. ) ;
#2302 = LINE ( 'NONE', #1247, #4683 ) ;
#2303 = SURFACE_STYLE_FILL_AREA ( #4099 ) ;
#2304 = ORIENTED_EDGE ( 'NONE', *, *, #3325, .F. ) ;
#2305 = LINE ( 'NONE', #3151, #4211 ) ;
#2306 = CARTESIAN_POINT ( 'NONE',  ( 13.40000000000000600, 0.3000000000000066500, -5.740000000000026000 ) ) ;
#2307 = EDGE_CURVE ( 'NONE', #3104, #3883, #2065, .T. ) ;
#2308 = CARTESIAN_POINT ( 'NONE',  ( -6.987958991245730700, 5.700000000000001100, 10.84314482547739500 ) ) ;
#2309 = ORIENTED_EDGE ( 'NONE', *, *, #543, .T. ) ;
#2310 = VECTOR ( 'NONE', #1892, 1000.000000000000000 ) ;
#2311 = ORIENTED_EDGE ( 'NONE', *, *, #215, .F. ) ;
#2312 = AXIS2_PLACEMENT_3D ( 'NONE', #1419, #332, #1058 ) ;
#2313 = CARTESIAN_POINT ( 'NONE',  ( -8.024999999999998600, 5.700000000000001100, -1.236852576628402200 ) ) ;
#2314 = ADVANCED_FACE ( 'NONE', ( #268 ), #1947, .F. ) ;
#2315 = DIRECTION ( 'NONE',  ( -3.090394334539071700E-016, 0.0000000000000000000, 1.000000000000000000 ) ) ;
#2316 = VECTOR ( 'NONE', #2102, 1000.000000000000000 ) ;
#2317 = CARTESIAN_POINT ( 'NONE',  ( -6.194929789104785200, 5.700000000000001100, 11.09229488457979300 ) ) ;
#2318 = DIRECTION ( 'NONE',  ( -1.000000000000000000, -0.0000000000000000000, -0.0000000000000000000 ) ) ;
#2319 = ORIENTED_EDGE ( 'NONE', *, *, #877, .F. ) ;
#2320 = EDGE_CURVE ( 'NONE', #3312, #1288, #3917, .T. ) ;
#2321 = CARTESIAN_POINT ( 'NONE',  ( 6.499999999999997300, 5.700000000000001100, -3.217856110194154100 ) ) ;
#2322 = VECTOR ( 'NONE', #1450, 1000.000000000000000 ) ;
#2323 = DIRECTION ( 'NONE',  ( 1.000000000000000000, -0.0000000000000000000, -0.0000000000000000000 ) ) ;
#2324 = AXIS2_PLACEMENT_3D ( 'NONE', #904, #2569, #2621 ) ;
#2325 = EDGE_LOOP ( 'NONE', ( #881, #4523 ) ) ;
#2326 = CARTESIAN_POINT ( 'NONE',  ( 10.63305127170896500, 5.700000000000000200, -10.80000000000000600 ) ) ;
#2327 = CARTESIAN_POINT ( 'NONE',  ( -4.999999999999996400, 4.524685408825805900, -1.250404767203528800 ) ) ;
#2328 = CARTESIAN_POINT ( 'NONE',  ( 16.39000000000000100, 9.667198458286577600E-015, 0.6499999999999713800 ) ) ;
#2329 = CARTESIAN_POINT ( 'NONE',  ( -4.399999999999998600, 5.900000000000000400, -8.942230201266717400 ) ) ;
#2330 = CYLINDRICAL_SURFACE ( 'NONE', #2150, 2.500000000000000000 ) ;
#2331 = EDGE_LOOP ( 'NONE', ( #285, #1646, #2304, #1258 ) ) ;
#2332 = AXIS2_PLACEMENT_3D ( 'NONE', #3946, #3931, #2463 ) ;
#2333 = EDGE_CURVE ( 'NONE', #1970, #1731, #2814, .T. ) ;
#2334 = PLANE ( 'NONE',  #3225 ) ;
#2335 = ORIENTED_EDGE ( 'NONE', *, *, #155, .F. ) ;
#2336 = DIRECTION ( 'NONE',  ( -0.6691306063588539100, 0.0000000000000000000, 0.7431448254773981300 ) ) ;
#2337 = LINE ( 'NONE', #438, #1559 ) ;
#2338 = DIRECTION ( 'NONE',  ( 0.0000000000000000000, 0.0000000000000000000, 1.000000000000000000 ) ) ;
#2339 = EDGE_CURVE ( 'NONE', #4655, #1924, #98, .T. ) ;
#2340 = CIRCLE ( 'NONE', #3575, 0.09999999999999939500 ) ;
#2341 = DIRECTION ( 'NONE',  ( -1.000000000000000000, 0.0000000000000000000, 0.0000000000000000000 ) ) ;
#2342 = DIRECTION ( 'NONE',  ( 0.0000000000000000000, 1.000000000000000000, 0.0000000000000000000 ) ) ;
#2343 = DIRECTION ( 'NONE',  ( 0.0000000000000000000, 0.0000000000000000000, -1.000000000000000000 ) ) ;
#2344 = CARTESIAN_POINT ( 'NONE',  ( 4.238624703839311600E-016, 4.189206791497906900E-014, -18.04000000000001000 ) ) ;
#2345 = FACE_OUTER_BOUND ( 'NONE', #3818, .T. ) ;
#2346 = ORIENTED_EDGE ( 'NONE', *, *, #309, .F. ) ;
#2347 = FACE_OUTER_BOUND ( 'NONE', #4694, .T. ) ;
#2348 = AXIS2_PLACEMENT_3D ( 'NONE', #3150, #254, #3563 ) ;
#2349 = VERTEX_POINT ( 'NONE', #3821 ) ;
#2350 = VECTOR ( 'NONE', #4610, 1000.000000000000000 ) ;
#2351 = ORIENTED_EDGE ( 'NONE', *, *, #2574, .F. ) ;
#2352 = AXIS2_PLACEMENT_3D ( 'NONE', #2089, #241, #2025 ) ;
#2353 = FACE_OUTER_BOUND ( 'NONE', #4466, .T. ) ;
#2354 = CARTESIAN_POINT ( 'NONE',  ( 6.987958991245730700, 5.700000000000001100, 10.84314482547739500 ) ) ;
#2355 = ORIENTED_EDGE ( 'NONE', *, *, #366, .F. ) ;
#2356 = VERTEX_POINT ( 'NONE', #3480 ) ;
#2357 = DIRECTION ( 'NONE',  ( -8.572527594031492900E-017, 1.000000000000000000, 0.0000000000000000000 ) ) ;
#2358 = EDGE_CURVE ( 'NONE', #4378, #3617, #4027, .T. ) ;
#2359 = ORIENTED_EDGE ( 'NONE', *, *, #2721, .T. ) ;
#2360 = AXIS2_PLACEMENT_3D ( 'NONE', #4183, #85, #498 ) ;
#2361 = VECTOR ( 'NONE', #2153, 1000.000000000000000 ) ;
#2362 = ORIENTED_EDGE ( 'NONE', *, *, #2624, .T. ) ;
#2363 = DIRECTION ( 'NONE',  ( -1.000000000000000000, 8.572527594031398000E-017, 0.0000000000000000000 ) ) ;
#2364 = CARTESIAN_POINT ( 'NONE',  ( 4.999999999999996400, 5.585257552170444800, 3.501143285964995600 ) ) ;
#2365 = LINE ( 'NONE', #654, #3739 ) ;
#2366 = ADVANCED_FACE ( 'NONE', ( #833, #2183, #2990 ), #862, .T. ) ;
#2367 = EDGE_CURVE ( 'NONE', #2155, #3723, #612, .T. ) ;
#2368 = VERTEX_POINT ( 'NONE', #1992 ) ;
#2369 = PLANE ( 'NONE',  #2679 ) ;
#2370 = VECTOR ( 'NONE', #2041, 1000.000000000000000 ) ;
#2371 = CARTESIAN_POINT ( 'NONE',  ( -4.999999999999996400, 4.621306437175211300, -1.276180276523490400 ) ) ;
#2372 = CARTESIAN_POINT ( 'NONE',  ( -6.499999999999997300, 5.900000000000000400, -3.217856110194154100 ) ) ;
#2373 = ORIENTED_EDGE ( 'NONE', *, *, #492, .T. ) ;
#2374 = DIRECTION ( 'NONE',  ( -5.546767395662023500E-018, 1.000000000000000000, -1.437693676597972700E-016 ) ) ;
#2375 = EDGE_CURVE ( 'NONE', #3602, #544, #1472, .T. ) ;
#2376 = LINE ( 'NONE', #1533, #4276 ) ;
#2377 = CARTESIAN_POINT ( 'NONE',  ( -17.55000000000000100, 4.975917338986202000E-015, 2.539999999999972900 ) ) ;
#2378 = ORIENTED_EDGE ( 'NONE', *, *, #4824, .T. ) ;
#2379 = VECTOR ( 'NONE', #2265, 1000.000000000000000 ) ;
#2380 = DIRECTION ( 'NONE',  ( -5.546767395662022700E-018, 1.000000000000000000, -1.437693676597985000E-016 ) ) ;
#2381 = AXIS2_PLACEMENT_3D ( 'NONE', #1404, #1829, #2213 ) ;
#2382 = DIRECTION ( 'NONE',  ( 0.0000000000000000000, 0.0000000000000000000, 1.000000000000000000 ) ) ;
#2383 = EDGE_LOOP ( 'NONE', ( #2256, #2013, #1743, #4758 ) ) ;
#2384 = CARTESIAN_POINT ( 'NONE',  ( -13.60823301889072900, -0.1880143455903308900, 4.439734382820065900 ) ) ;
#2385 = CIRCLE ( 'NONE', #3101, 50.00000000000000000 ) ;
#2386 = EDGE_LOOP ( 'NONE', ( #3140, #760, #3116, #2780 ) ) ;
#2387 = EDGE_CURVE ( 'NONE', #3617, #3591, #2123, .T. ) ;
#2388 = DIRECTION ( 'NONE',  ( -1.000000000000000000, 3.469446951953613400E-015, 1.172110456741085800E-016 ) ) ;
#2389 = AXIS2_PLACEMENT_3D ( 'NONE', #501, #3454, #852 ) ;
#2390 = LINE ( 'NONE', #1705, #737 ) ;
#2391 = CARTESIAN_POINT ( 'NONE',  ( -4.999999999999996400, 4.321306437175211500, -1.236852576628402200 ) ) ;
#2392 = EDGE_LOOP ( 'NONE', ( #4000, #4156, #650, #3659 ) ) ;
#2393 = ADVANCED_FACE ( 'NONE', ( #1769 ), #3119, .T. ) ;
#2394 = LINE ( 'NONE', #4542, #4039 ) ;
#2395 = VERTEX_POINT ( 'NONE', #3087 ) ;
#2396 = ORIENTED_EDGE ( 'NONE', *, *, #1124, .T. ) ;
#2397 = LINE ( 'NONE', #3526, #4834 ) ;
#2398 = EDGE_CURVE ( 'NONE', #4506, #2854, #4266, .T. ) ;
#2399 = DIRECTION ( 'NONE',  ( 0.0000000000000000000, 1.000000000000000000, 0.0000000000000000000 ) ) ;
#2400 = DIRECTION ( 'NONE',  ( -1.000000000000000000, 1.868706573620127700E-016, 0.0000000000000000000 ) ) ;
#2401 = CIRCLE ( 'NONE', #1482, 0.3000000000000016500 ) ;
#2402 = PLANE ( 'NONE',  #516 ) ;
#2403 = EDGE_CURVE ( 'NONE', #4609, #169, #4082, .T. ) ;
#2404 = DIRECTION ( 'NONE',  ( -2.276539994720219800E-016, 6.982962677686267500E-015, -1.000000000000000000 ) ) ;
#2405 = EDGE_LOOP ( 'NONE', ( #473, #1139, #179, #3896 ) ) ;
#2406 = VECTOR ( 'NONE', #3965, 1000.000000000000000 ) ;
#2407 = CARTESIAN_POINT ( 'NONE',  ( 7.999999999999996400, 4.524685408825805900, -1.250404767203528800 ) ) ;
#2408 = DIRECTION ( 'NONE',  ( 0.0000000000000000000, 1.000000000000000000, 0.0000000000000000000 ) ) ;
#2409 = CARTESIAN_POINT ( 'NONE',  ( 17.55000000000000100, 4.975917338986202000E-015, 2.539999999999972900 ) ) ;
#2410 = ORIENTED_EDGE ( 'NONE', *, *, #39, .T. ) ;
#2411 = AXIS2_PLACEMENT_3D ( 'NONE', #1660, #4195, #1990 ) ;
#2412 = VECTOR ( 'NONE', #4366, 1000.000000000000000 ) ;
#2413 = EDGE_LOOP ( 'NONE', ( #2396, #1248, #523, #3577, #2181, #1154 ) ) ;
#2414 = DIRECTION ( 'NONE',  ( 0.0000000000000000000, 0.0000000000000000000, 1.000000000000000000 ) ) ;
#2415 = ORIENTED_EDGE ( 'NONE', *, *, #374, .T. ) ;
#2416 = ADVANCED_FACE ( 'NONE', ( #2752 ), #3134, .T. ) ;
#2417 = ORIENTED_EDGE ( 'NONE', *, *, #3244, .F. ) ;
#2418 = AXIS2_PLACEMENT_3D ( 'NONE', #1119, #2960, #755 ) ;
#2419 = FACE_OUTER_BOUND ( 'NONE', #3874, .T. ) ;
#2420 = VERTEX_POINT ( 'NONE', #4280 ) ;
#2421 = DIRECTION ( 'NONE',  ( 0.9176698110926622100, -0.0000000000000000000, 0.3973438282006626100 ) ) ;
#2422 = EDGE_LOOP ( 'NONE', ( #1459, #3738, #3064, #3144 ) ) ;
#2423 = CARTESIAN_POINT ( 'NONE',  ( -4.999999999999996400, 5.778499608869254600, 3.449592267325071800 ) ) ;
#2424 = CYLINDRICAL_SURFACE ( 'NONE', #716, 3.595780127642021800 ) ;
#2425 = CARTESIAN_POINT ( 'NONE',  ( -7.955228271294115300E-016, 1.900000000000006100, -10.90000000000002000 ) ) ;
#2426 = CARTESIAN_POINT ( 'NONE',  ( 12.69999999999999900, 5.900000000000000400, 5.699999999999999300 ) ) ;
#2427 = LINE ( 'NONE', #3814, #1176 ) ;
#2428 = AXIS2_PLACEMENT_3D ( 'NONE', #4003, #987, #3223 ) ;
#2429 = DIRECTION ( 'NONE',  ( -1.000000000000000000, 0.0000000000000000000, 0.0000000000000000000 ) ) ;
#2430 = VECTOR ( 'NONE', #100, 1000.000000000000000 ) ;
#2431 = ORIENTED_EDGE ( 'NONE', *, *, #1602, .T. ) ;
#2432 = DIRECTION ( 'NONE',  ( 2.276539994720219800E-016, 0.0000000000000000000, 1.000000000000000000 ) ) ;
#2433 = LINE ( 'NONE', #3819, #210 ) ;
#2434 = EDGE_CURVE ( 'NONE', #704, #3432, #3397, .T. ) ;
#2435 = VERTEX_POINT ( 'NONE', #226 ) ;
#2436 = LINE ( 'NONE', #4809, #1659 ) ;
#2437 = ORIENTED_EDGE ( 'NONE', *, *, #4057, .T. ) ;
#2438 = ADVANCED_FACE ( 'NONE', ( #3100, #4149, #1886 ), #1293, .F. ) ;
#2439 = CARTESIAN_POINT ( 'NONE',  ( -13.70000000000000600, 5.695369369829950200E-015, 2.539999999999972900 ) ) ;
#2440 = AXIS2_PLACEMENT_3D ( 'NONE', #310, #61, #1728 ) ;
#2441 = ADVANCED_FACE ( 'NONE', ( #4329 ), #3266, .T. ) ;
#2442 = FACE_OUTER_BOUND ( 'NONE', #693, .T. ) ;
#2443 = ORIENTED_EDGE ( 'NONE', *, *, #3794, .T. ) ;
#2444 = DIRECTION ( 'NONE',  ( 1.000000000000000000, 0.0000000000000000000, -4.553079989440438700E-016 ) ) ;
#2445 = LINE ( 'NONE', #246, #1431 ) ;
#2446 = DIRECTION ( 'NONE',  ( 0.0000000000000000000, 1.000000000000000000, 0.0000000000000000000 ) ) ;
#2447 = AXIS2_PLACEMENT_3D ( 'NONE', #1881, #3011, #4130 ) ;
#2448 = DIRECTION ( 'NONE',  ( -1.000000000000000000, 0.0000000000000000000, 0.0000000000000000000 ) ) ;
#2449 = ORIENTED_EDGE ( 'NONE', *, *, #2947, .F. ) ;
#2450 = ORIENTED_EDGE ( 'NONE', *, *, #682, .T. ) ;
#2451 = EDGE_CURVE ( 'NONE', #1710, #3273, #2005, .T. ) ;
#2452 = VECTOR ( 'NONE', #494, 1000.000000000000000 ) ;
#2453 = DIRECTION ( 'NONE',  ( 0.0000000000000000000, 1.000000000000000000, 0.0000000000000000000 ) ) ;
#2454 = CARTESIAN_POINT ( 'NONE',  ( -13.40000000000000900, 1.699999999999998400, 2.539999999999972900 ) ) ;
#2455 = LINE ( 'NONE', #1007, #469 ) ;
#2456 = DIRECTION ( 'NONE',  ( 0.0000000000000000000, 1.000000000000000000, 0.0000000000000000000 ) ) ;
#2457 = EDGE_CURVE ( 'NONE', #810, #1638, #776, .T. ) ;
#2458 = CARTESIAN_POINT ( 'NONE',  ( -15.55000000000000100, 9.595189226496714200E-015, -3.850000000000028500 ) ) ;
#2459 = EDGE_LOOP ( 'NONE', ( #4612, #2437, #984, #628 ) ) ;
#2460 = DIRECTION ( 'NONE',  ( -1.000000000000000000, -0.0000000000000000000, -0.0000000000000000000 ) ) ;
#2461 = ORIENTED_EDGE ( 'NONE', *, *, #459, .T. ) ;
#2462 = LINE ( 'NONE', #1911, #4782 ) ;
#2463 = DIRECTION ( 'NONE',  ( -1.000000000000000000, 0.0000000000000000000, 0.0000000000000000000 ) ) ;
#2464 = EDGE_CURVE ( 'NONE', #1642, #2767, #3452, .T. ) ;
#2465 = ADVANCED_FACE ( 'NONE', ( #1714 ), #3179, .T. ) ;
#2466 = CARTESIAN_POINT ( 'NONE',  ( 15.55000000000000100, 0.2000000000000096100, 0.6499999999999713800 ) ) ;
#2467 = VECTOR ( 'NONE', #2481, 1000.000000000000000 ) ;
#2468 = ORIENTED_EDGE ( 'NONE', *, *, #4277, .T. ) ;
#2469 = ORIENTED_EDGE ( 'NONE', *, *, #3877, .F. ) ;
#2470 = EDGE_LOOP ( 'NONE', ( #1221, #2856, #1936, #4519 ) ) ;
#2471 = DIRECTION ( 'NONE',  ( 1.000000000000000000, 1.589699381739138300E-030, -2.276539994720219300E-016 ) ) ;
#2472 = VECTOR ( 'NONE', #3666, 1000.000000000000000 ) ;
#2473 = LINE ( 'NONE', #2344, #3566 ) ;
#2474 = EDGE_CURVE ( 'NONE', #1042, #3511, #2305, .T. ) ;
#2475 = ORIENTED_EDGE ( 'NONE', *, *, #1849, .T. ) ;
#2476 = AXIS2_PLACEMENT_3D ( 'NONE', #2925, #337, #3653 ) ;
#2477 = FACE_OUTER_BOUND ( 'NONE', #2923, .T. ) ;
#2478 = PLANE ( 'NONE',  #4659 ) ;
#2479 = EDGE_LOOP ( 'NONE', ( #22, #1919, #3464, #938 ) ) ;
#2480 = ADVANCED_FACE ( 'NONE', ( #1290 ), #2482, .T. ) ;
#2481 = DIRECTION ( 'NONE',  ( 5.546767395662001900E-018, -1.000000000000000000, 6.123233995736766000E-017 ) ) ;
#2482 = CYLINDRICAL_SURFACE ( 'NONE', #653, 5.557769798733282600 ) ;
#2483 = EDGE_CURVE ( 'NONE', #4730, #1253, #721, .T. ) ;
#2484 = ORIENTED_EDGE ( 'NONE', *, *, #3080, .T. ) ;
#2485 = FACE_OUTER_BOUND ( 'NONE', #2744, .T. ) ;
#2486 = CARTESIAN_POINT ( 'NONE',  ( 15.55000000000000100, 9.595189226496714200E-015, -3.850000000000028500 ) ) ;
#2487 = CARTESIAN_POINT ( 'NONE',  ( -17.55000000000000100, 4.975917338986202000E-015, 2.539999999999972900 ) ) ;
#2488 = ADVANCED_FACE ( 'NONE', ( #1596, #892, #3970 ), #164, .T. ) ;
#2489 = ORIENTED_EDGE ( 'NONE', *, *, #3043, .T. ) ;
#2490 = EDGE_CURVE ( 'NONE', #2277, #1042, #2648, .T. ) ;
#2491 = VECTOR ( 'NONE', #1168, 1000.000000000000000 ) ;
#2492 = CARTESIAN_POINT ( 'NONE',  ( 12.70462891345259500, 4.053774859651074000E-014, -10.90000000000002500 ) ) ;
#2493 = EDGE_LOOP ( 'NONE', ( #921, #1509, #1575, #4309 ) ) ;
#2494 = CARTESIAN_POINT ( 'NONE',  ( -12.69999999999999900, 5.900000000000000400, 5.699999999999999300 ) ) ;
#2495 = CYLINDRICAL_SURFACE ( 'NONE', #4455, 0.2999999999999999300 ) ;
#2496 = EDGE_CURVE ( 'NONE', #3175, #3621, #1414, .T. ) ;
#2497 = ORIENTED_EDGE ( 'NONE', *, *, #2935, .F. ) ;
#2498 = ORIENTED_EDGE ( 'NONE', *, *, #2206, .F. ) ;
#2499 = ORIENTED_EDGE ( 'NONE', *, *, #492, .F. ) ;
#2500 = LINE ( 'NONE', #466, #1374 ) ;
#2501 = ORIENTED_EDGE ( 'NONE', *, *, #724, .F. ) ;
#2502 = CARTESIAN_POINT ( 'NONE',  ( -17.55000000000000100, 4.975917338986202000E-015, 2.539999999999972900 ) ) ;
#2503 = CARTESIAN_POINT ( 'NONE',  ( 7.999999999999996400, 4.621306437175211300, -1.276180276523490400 ) ) ;
#2504 = CARTESIAN_POINT ( 'NONE',  ( 3.810000000000000900, 5.599999999999999600, -14.50000000000000200 ) ) ;
#2505 = AXIS2_PLACEMENT_3D ( 'NONE', #1623, #1226, #482 ) ;
#2506 = DIRECTION ( 'NONE',  ( 0.0000000000000000000, 1.437693676598009900E-016, 1.000000000000000000 ) ) ;
#2507 = ORIENTED_EDGE ( 'NONE', *, *, #3344, .T. ) ;
#2508 = PRESENTATION_LAYER_ASSIGNMENT (  '', '', ( #2599 ) ) ;
#2509 = ORIENTED_EDGE ( 'NONE', *, *, #2125, .F. ) ;
#2510 = FACE_OUTER_BOUND ( 'NONE', #3568, .T. ) ;
#2511 = DIRECTION ( 'NONE',  ( -1.000000000000000000, 0.0000000000000000000, 0.0000000000000000000 ) ) ;
#2512 = ORIENTED_EDGE ( 'NONE', *, *, #3061, .F. ) ;
#2513 = EDGE_CURVE ( 'NONE', #1143, #3251, #3213, .T. ) ;
#2514 = CARTESIAN_POINT ( 'NONE',  ( 13.40000000000000400, 5.751430567038554200E-015, -5.740000000000026000 ) ) ;
#2515 = ORIENTED_EDGE ( 'NONE', *, *, #836, .T. ) ;
#2516 = VERTEX_POINT ( 'NONE', #3987 ) ;
#2517 = ORIENTED_EDGE ( 'NONE', *, *, #1410, .F. ) ;
#2518 = DIRECTION ( 'NONE',  ( -1.000000000000000000, -0.0000000000000000000, -0.0000000000000000000 ) ) ;
#2519 = EDGE_CURVE ( 'NONE', #1151, #2895, #386, .T. ) ;
#2520 = ORIENTED_EDGE ( 'NONE', *, *, #452, .T. ) ;
#2521 = DIRECTION ( 'NONE',  ( -0.9176698110926622100, 0.0000000000000000000, 0.3973438282006626100 ) ) ;
#2522 = VECTOR ( 'NONE', #513, 1000.000000000000200 ) ;
#2523 = CARTESIAN_POINT ( 'NONE',  ( -3.810000000000000500, 0.2000000000000416400, -19.59999999999999400 ) ) ;
#2524 = ORIENTED_EDGE ( 'NONE', *, *, #4731, .T. ) ;
#2525 = ORIENTED_EDGE ( 'NONE', *, *, #3426, .F. ) ;
#2526 = DIRECTION ( 'NONE',  ( -1.172110456741085800E-016, 0.0000000000000000000, -1.000000000000000000 ) ) ;
#2527 = VECTOR ( 'NONE', #3882, 1000.000000000000000 ) ;
#2528 = DIRECTION ( 'NONE',  ( -1.000000000000000000, -1.868706573620127700E-016, 0.0000000000000000000 ) ) ;
#2529 = ORIENTED_EDGE ( 'NONE', *, *, #1022, .F. ) ;
#2530 = DIRECTION ( 'NONE',  ( 0.0000000000000000000, 0.0000000000000000000, -1.000000000000000000 ) ) ;
#2531 = CARTESIAN_POINT ( 'NONE',  ( 4.400000000000001200, 5.700000000000001100, -14.50000000000000000 ) ) ;
#2532 = CIRCLE ( 'NONE', #1652, 0.8400000000000005200 ) ;
#2533 = EDGE_CURVE ( 'NONE', #3243, #1517, #1120, .T. ) ;
#2534 = VECTOR ( 'NONE', #741, 1000.000000000000000 ) ;
#2535 = CARTESIAN_POINT ( 'NONE',  ( -4.974999999999997000, 5.900000000000000400, 4.376422909250778500 ) ) ;
#2536 = VERTEX_POINT ( 'NONE', #242 ) ;
#2537 = DIRECTION ( 'NONE',  ( -3.469446951953613400E-015, -1.000000000000000000, -2.168404344971008600E-016 ) ) ;
#2538 = FACE_OUTER_BOUND ( 'NONE', #1520, .T. ) ;
#2539 = EDGE_CURVE ( 'NONE', #1453, #1816, #267, .T. ) ;
#2540 = DIRECTION ( 'NONE',  ( 1.000000000000000000, -0.0000000000000000000, -0.0000000000000000000 ) ) ;
#2541 = VECTOR ( 'NONE', #2148, 1000.000000000000000 ) ;
#2542 = PLANE ( 'NONE',  #1322 ) ;
#2543 = ORIENTED_EDGE ( 'NONE', *, *, #2301, .T. ) ;
#2544 = EDGE_CURVE ( 'NONE', #3323, #4234, #1653, .T. ) ;
#2545 = VECTOR ( 'NONE', #380, 1000.000000000000000 ) ;
#2546 = VERTEX_POINT ( 'NONE', #990 ) ;
#2548 = DIRECTION ( 'NONE',  ( 0.0000000000000000000, 0.0000000000000000000, -1.000000000000000000 ) ) ;
#2547 =( NAMED_UNIT ( * ) PLANE_ANGLE_UNIT ( ) SI_UNIT ( $, .RADIAN. ) );
#2549 = ADVANCED_FACE ( 'NONE', ( #1349 ), #4308, .F. ) ;
#2550 = CARTESIAN_POINT ( 'NONE',  ( 4.974999999999997000, 5.900000000000000400, 4.376422909250778500 ) ) ;
#2551 = ORIENTED_EDGE ( 'NONE', *, *, #1189, .F. ) ;
#2552 = CYLINDRICAL_SURFACE ( 'NONE', #891, 0.09999999999999939500 ) ;
#2553 = DIRECTION ( 'NONE',  ( 1.000000000000000000, -0.0000000000000000000, -0.0000000000000000000 ) ) ;
#2554 = CARTESIAN_POINT ( 'NONE',  ( 10.63305127170896500, 5.899999999999999500, -10.80000000000000600 ) ) ;
#2555 = EDGE_CURVE ( 'NONE', #3524, #624, #2593, .T. ) ;
#2556 = VECTOR ( 'NONE', #4032, 1000.000000000000000 ) ;
#2557 = AXIS2_PLACEMENT_3D ( 'NONE', #367, #1489, #1452 ) ;
#2558 = CARTESIAN_POINT ( 'NONE',  ( 12.69999999999999900, 5.900000000000000400, 5.699999999999999300 ) ) ;
#2559 = VERTEX_POINT ( 'NONE', #3253 ) ;
#2560 = FACE_OUTER_BOUND ( 'NONE', #2903, .T. ) ;
#2561 = CARTESIAN_POINT ( 'NONE',  ( -13.70000000000000600, 0.3000000000000057600, 2.539999999999972900 ) ) ;
#2562 = CARTESIAN_POINT ( 'NONE',  ( 12.70462891345259300, 5.600000000000000500, -10.80000000000000600 ) ) ;
#2563 = CARTESIAN_POINT ( 'NONE',  ( 4.400000000000002100, 5.700000000000001100, -8.942230201266719200 ) ) ;
#2564 = EDGE_CURVE ( 'NONE', #3238, #250, #3508, .T. ) ;
#2565 = ORIENTED_EDGE ( 'NONE', *, *, #3877, .T. ) ;
#2566 = PLANE ( 'NONE',  #602 ) ;
#2567 = VECTOR ( 'NONE', #1382, 1000.000000000000000 ) ;
#2568 = ORIENTED_EDGE ( 'NONE', *, *, #2387, .F. ) ;
#2569 = DIRECTION ( 'NONE',  ( -8.572527594031492900E-017, 1.000000000000000000, 0.0000000000000000000 ) ) ;
#2570 = ORIENTED_EDGE ( 'NONE', *, *, #4475, .F. ) ;
#2571 = FACE_OUTER_BOUND ( 'NONE', #1964, .T. ) ;
#2572 = ORIENTED_EDGE ( 'NONE', *, *, #614, .F. ) ;
#2573 = DIRECTION ( 'NONE',  ( -1.000000000000000000, 1.067764338606768200E-044, -1.529099306256869600E-030 ) ) ;
#2574 = EDGE_CURVE ( 'NONE', #2016, #1311, #2532, .T. ) ;
#2575 = ADVANCED_FACE ( 'NONE', ( #153 ), #1340, .T. ) ;
#2576 = DIRECTION ( 'NONE',  ( -0.0000000000000000000, 0.0000000000000000000, -1.000000000000000000 ) ) ;
#2577 = PLANE ( 'NONE',  #3420 ) ;
#2578 = LINE ( 'NONE', #4096, #4135 ) ;
#2579 = DIRECTION ( 'NONE',  ( 0.0000000000000000000, -3.794707603699288400E-015, 1.000000000000000000 ) ) ;
#2580 = ORIENTED_EDGE ( 'NONE', *, *, #2110, .T. ) ;
#2581 = ORIENTED_EDGE ( 'NONE', *, *, #1811, .F. ) ;
#2582 = LINE ( 'NONE', #2377, #1284 ) ;
#2583 = DIRECTION ( 'NONE',  ( 0.0000000000000000000, 0.0000000000000000000, -1.000000000000000000 ) ) ;
#2584 = EDGE_CURVE ( 'NONE', #3723, #3615, #556, .T. ) ;
#2585 = LINE ( 'NONE', #2290, #4380 ) ;
#2587 = CARTESIAN_POINT ( 'NONE',  ( -13.60000000000000700, 0.3000000000000060400, 2.539999999999972900 ) ) ;
#2586 = DIRECTION ( 'NONE',  ( 1.000000000000000000, 0.0000000000000000000, 0.0000000000000000000 ) ) ;
#2588 = VERTEX_POINT ( 'NONE', #2158 ) ;
#2589 = DIRECTION ( 'NONE',  ( -2.710505431213774400E-016, -1.437693676597985000E-016, -1.000000000000000000 ) ) ;
#2590 = CIRCLE ( 'NONE', #4806, 0.8400000000000005200 ) ;
#2591 = ORIENTED_EDGE ( 'NONE', *, *, #4754, .T. ) ;
#2592 = DIRECTION ( 'NONE',  ( 0.0000000000000000000, 0.0000000000000000000, -1.000000000000000000 ) ) ;
#2593 = LINE ( 'NONE', #1730, #3626 ) ;
#2594 = PLANE ( 'NONE',  #2293 ) ;
#2595 = DIRECTION ( 'NONE',  ( 0.0000000000000000000, 0.0000000000000000000, 1.000000000000000000 ) ) ;
#2596 = ORIENTED_EDGE ( 'NONE', *, *, #3066, .T. ) ;
#2597 = EDGE_CURVE ( 'NONE', #2536, #4066, #2365, .T. ) ;
#2598 = CIRCLE ( 'NONE', #3889, 0.8400000000000005200 ) ;
#2599 = STYLED_ITEM ( 'NONE', ( #2928 ), #3560 ) ;
#2600 = DIRECTION ( 'NONE',  ( 3.090394334539071700E-016, 0.0000000000000000000, -1.000000000000000000 ) ) ;
#2601 = DIRECTION ( 'NONE',  ( -1.000000000000000000, 0.0000000000000000000, 0.0000000000000000000 ) ) ;
#2602 = LINE ( 'NONE', #1203, #2076 ) ;
#2603 = EDGE_CURVE ( 'NONE', #3078, #2671, #4207, .T. ) ;
#2604 = FACE_OUTER_BOUND ( 'NONE', #1756, .T. ) ;
#2605 = CARTESIAN_POINT ( 'NONE',  ( -10.63305127170896500, 5.700000000000001100, -11.10000000000000500 ) ) ;
#2606 = ORIENTED_EDGE ( 'NONE', *, *, #600, .T. ) ;
#2607 = VERTEX_POINT ( 'NONE', #623 ) ;
#2608 = CARTESIAN_POINT ( 'NONE',  ( 3.810000000000000900, 5.899999999999997700, -14.50000000000000200 ) ) ;
#2609 = DIRECTION ( 'NONE',  ( 0.0000000000000000000, 0.0000000000000000000, 1.000000000000000000 ) ) ;
#2610 = EDGE_CURVE ( 'NONE', #4072, #4796, #3857, .T. ) ;
#2611 = EDGE_LOOP ( 'NONE', ( #3741, #951, #108, #2129 ) ) ;
#2612 = FACE_OUTER_BOUND ( 'NONE', #2479, .T. ) ;
#2613 = ORIENTED_EDGE ( 'NONE', *, *, #1563, .T. ) ;
#2614 = CARTESIAN_POINT ( 'NONE',  ( -13.60823301889072900, 2.600000000000003200, 4.439734382820065900 ) ) ;
#2615 = DIRECTION ( 'NONE',  ( 1.000000000000000000, -1.067764338606768200E-044, 1.529099306256869600E-030 ) ) ;
#2616 = ORIENTED_EDGE ( 'NONE', *, *, #3168, .F. ) ;
#2617 = DIRECTION ( 'NONE',  ( -3.491481338843133400E-015, 1.000000000000000000, -4.092401786774402600E-031 ) ) ;
#2618 = AXIS2_PLACEMENT_3D ( 'NONE', #468, #440, #1200 ) ;
#2619 = VERTEX_POINT ( 'NONE', #4714 ) ;
#2620 = VERTEX_POINT ( 'NONE', #326 ) ;
#2621 = DIRECTION ( 'NONE',  ( 1.000000000000000000, 8.572527594031398000E-017, 0.0000000000000000000 ) ) ;
#2622 = DIRECTION ( 'NONE',  ( 0.0000000000000000000, 1.000000000000000000, 0.0000000000000000000 ) ) ;
#2623 = ADVANCED_FACE ( 'NONE', ( #608 ), #886, .F. ) ;
#2624 = EDGE_CURVE ( 'NONE', #1497, #2420, #4799, .T. ) ;
#2625 = AXIS2_PLACEMENT_3D ( 'NONE', #4632, #4576, #868 ) ;
#2626 = CARTESIAN_POINT ( 'NONE',  ( 3.198827857764211800E-016, 0.2000000000000420300, -17.20000000000001000 ) ) ;
#2627 = EDGE_LOOP ( 'NONE', ( #1699, #2702, #2499, #2654, #4171, #2122 ) ) ;
#2628 = ORIENTED_EDGE ( 'NONE', *, *, #3848, .F. ) ;
#2629 = DIRECTION ( 'NONE',  ( -1.000000000000000000, -5.546767395661984200E-018, 2.710505431213774400E-016 ) ) ;
#2630 = DIRECTION ( 'NONE',  ( 0.0000000000000000000, 0.0000000000000000000, 1.000000000000000000 ) ) ;
#2631 = CYLINDRICAL_SURFACE ( 'NONE', #4073, 0.3000000000000016500 ) ;
#2632 = ORIENTED_EDGE ( 'NONE', *, *, #3720, .T. ) ;
#2633 = DIRECTION ( 'NONE',  ( -1.000000000000000000, 0.0000000000000000000, -0.0000000000000000000 ) ) ;
#2634 = EDGE_CURVE ( 'NONE', #4792, #4016, #2809, .T. ) ;
#2635 = EDGE_LOOP ( 'NONE', ( #1117, #4368, #1740, #2469, #2732, #113, #2632, #676, #2726, #2591, #2515, #2190, #2543, #3497, #4494, #3115, #607, #251, #4121, #3382, #4699, #2628, #3441, #3120, #4725, #1304, #2141, #3012 ) ) ;
#2636 = ORIENTED_EDGE ( 'NONE', *, *, #2574, .T. ) ;
#2637 = CARTESIAN_POINT ( 'NONE',  ( 13.70000000000000600, 0.3000000000000057600, 2.539999999999972900 ) ) ;
#2638 = DIRECTION ( 'NONE',  ( 0.0000000000000000000, 0.0000000000000000000, 1.000000000000000000 ) ) ;
#2639 = VECTOR ( 'NONE', #156, 1000.000000000000000 ) ;
#2640 = DIRECTION ( 'NONE',  ( 0.0000000000000000000, 0.0000000000000000000, 1.000000000000000000 ) ) ;
#2641 = EDGE_CURVE ( 'NONE', #2737, #250, #4634, .T. ) ;
#2642 = EDGE_LOOP ( 'NONE', ( #3944, #632, #4217, #3712 ) ) ;
#2643 = CARTESIAN_POINT ( 'NONE',  ( -8.024999999999996800, 5.900000000000000400, 4.376422909250778500 ) ) ;
#2644 = VECTOR ( 'NONE', #4037, 1000.000000000000000 ) ;
#2645 = ORIENTED_EDGE ( 'NONE', *, *, #557, .T. ) ;
#2646 = AXIS2_PLACEMENT_3D ( 'NONE', #2384, #1994, #2724 ) ;
#2647 = PLANE ( 'NONE',  #4656 ) ;
#2648 = LINE ( 'NONE', #4358, #4638 ) ;
#2649 = ADVANCED_FACE ( 'NONE', ( #1824 ), #2542, .T. ) ;
#2650 = DIRECTION ( 'NONE',  ( 0.7431448254773981300, 0.0000000000000000000, 0.6691306063588539100 ) ) ;
#2651 = LINE ( 'NONE', #3039, #4152 ) ;
#2652 = DIRECTION ( 'NONE',  ( -1.000000000000000000, 0.0000000000000000000, 0.0000000000000000000 ) ) ;
#2653 = AXIS2_PLACEMENT_3D ( 'NONE', #3463, #1237, #1564 ) ;
#2654 = ORIENTED_EDGE ( 'NONE', *, *, #576, .T. ) ;
#2655 = CARTESIAN_POINT ( 'NONE',  ( 13.60823301889072900, 2.600000000000003200, 4.439734382820065900 ) ) ;
#2656 = CARTESIAN_POINT ( 'NONE',  ( -13.70000000000000600, 5.695369369829950200E-015, -5.740000000000026000 ) ) ;
#2657 = FACE_OUTER_BOUND ( 'NONE', #1561, .T. ) ;
#2658 = CARTESIAN_POINT ( 'NONE',  ( 13.59999999999999800, 5.600000000000003200, 4.399999999999999500 ) ) ;
#2659 = ORIENTED_EDGE ( 'NONE', *, *, #77, .F. ) ;
#2660 = LINE ( 'NONE', #1624, #3467 ) ;
#2661 = PLANE ( 'NONE',  #825 ) ;
#2662 = ORIENTED_EDGE ( 'NONE', *, *, #3335, .F. ) ;
#2663 = CARTESIAN_POINT ( 'NONE',  ( -4.999999999999997300, 4.321306437175211500, -3.217856110194154100 ) ) ;
#2664 = FACE_BOUND ( 'NONE', #495, .T. ) ;
#2665 = VERTEX_POINT ( 'NONE', #1786 ) ;
#2666 = EDGE_CURVE ( 'NONE', #4506, #2559, #1762, .T. ) ;
#2667 = CARTESIAN_POINT ( 'NONE',  ( 13.40000000000001600, 4.623038063478195300E-014, 4.399999999999998600 ) ) ;
#2668 = CARTESIAN_POINT ( 'NONE',  ( 3.810000000000000900, 5.599999999999999600, -14.60000000000000000 ) ) ;
#2669 = CARTESIAN_POINT ( 'NONE',  ( -3.809999999999999200, 5.599999999999999600, -14.60000000000000000 ) ) ;
#2670 = CARTESIAN_POINT ( 'NONE',  ( 13.42469905667219800, -0.1880143455903308900, 4.519203148460197100 ) ) ;
#2671 = VERTEX_POINT ( 'NONE', #3640 ) ;
#2672 = CIRCLE ( 'NONE', #3968, 0.2999999999999999300 ) ;
#2673 = EDGE_CURVE ( 'NONE', #2895, #638, #1650, .T. ) ;
#2674 = FACE_OUTER_BOUND ( 'NONE', #2818, .T. ) ;
#2675 = CARTESIAN_POINT ( 'NONE',  ( -8.924036779303259500E-015, 4.166151452008577200E-014, -19.59999999999999800 ) ) ;
#2676 = CARTESIAN_POINT ( 'NONE',  ( -13.42469905667219800, 2.600000000000003200, 4.519203148460197100 ) ) ;
#2677 = LINE ( 'NONE', #339, #1684 ) ;
#2678 = ORIENTED_EDGE ( 'NONE', *, *, #2267, .F. ) ;
#2679 = AXIS2_PLACEMENT_3D ( 'NONE', #1633, #3438, #1209 ) ;
#2680 = CARTESIAN_POINT ( 'NONE',  ( -13.70000000000000600, 0.3000000000000057600, -5.740000000000026000 ) ) ;
#2681 = LINE ( 'NONE', #1806, #3135 ) ;
#2682 = CARTESIAN_POINT ( 'NONE',  ( 13.42469905667219800, 1.700000000000000800, 4.519203148460198000 ) ) ;
#2683 = DIRECTION ( 'NONE',  ( 0.0000000000000000000, 0.0000000000000000000, -1.000000000000000000 ) ) ;
#2684 = CARTESIAN_POINT ( 'NONE',  ( 10.63305127170896500, 5.600000000000003200, -11.10000000000000500 ) ) ;
#2685 = ORIENTED_EDGE ( 'NONE', *, *, #2808, .T. ) ;
#2686 = LINE ( 'NONE', #1243, #3840 ) ;
#2687 = ORIENTED_EDGE ( 'NONE', *, *, #700, .T. ) ;
#2688 = DIRECTION ( 'NONE',  ( 0.0000000000000000000, 0.0000000000000000000, 1.000000000000000000 ) ) ;
#2689 = CARTESIAN_POINT ( 'NONE',  ( 4.999999999999996400, 4.521306437175210700, -1.276180276523490400 ) ) ;
#2690 = DIRECTION ( 'NONE',  ( 0.0000000000000000000, 1.000000000000000000, 0.0000000000000000000 ) ) ;
#2691 = EDGE_CURVE ( 'NONE', #3779, #1261, #3964, .T. ) ;
#2692 = AXIS2_PLACEMENT_3D ( 'NONE', #2029, #2063, #1618 ) ;
#2693 = PLANE ( 'NONE',  #3705 ) ;
#2694 = EDGE_LOOP ( 'NONE', ( #3561, #424, #2524, #140 ) ) ;
#2695 = ORIENTED_EDGE ( 'NONE', *, *, #3182, .F. ) ;
#2696 = VECTOR ( 'NONE', #1079, 1000.000000000000000 ) ;
#2697 = VERTEX_POINT ( 'NONE', #389 ) ;
#2698 = EDGE_CURVE ( 'NONE', #3251, #4733, #4686, .T. ) ;
#2699 = FACE_OUTER_BOUND ( 'NONE', #4808, .T. ) ;
#2700 = FACE_OUTER_BOUND ( 'NONE', #873, .T. ) ;
#2701 = DIRECTION ( 'NONE',  ( 0.0000000000000000000, 1.000000000000000000, 0.0000000000000000000 ) ) ;
#2702 = ORIENTED_EDGE ( 'NONE', *, *, #2533, .F. ) ;
#2703 = DIRECTION ( 'NONE',  ( -0.3973438282006625500, 0.0000000000000000000, -0.9176698110926622100 ) ) ;
#2704 = FACE_OUTER_BOUND ( 'NONE', #17, .T. ) ;
#2705 = EDGE_CURVE ( 'NONE', #2356, #3679, #829, .T. ) ;
#2706 = UNCERTAINTY_MEASURE_WITH_UNIT (LENGTH_MEASURE( 1.000000000000000100E-005 ), #313, 'distance_accuracy_value', 'NONE');
#2707 = VERTEX_POINT ( 'NONE', #343 ) ;
#2708 = CARTESIAN_POINT ( 'NONE',  ( -3.809999999999999200, 4.231652950804540900E-014, -14.90000000000002000 ) ) ;
#2709 = VECTOR ( 'NONE', #2318, 1000.000000000000000 ) ;
#2710 = CARTESIAN_POINT ( 'NONE',  ( -3.809999999999999200, 5.900000000000000400, -14.49999999999999800 ) ) ;
#2711 = EDGE_CURVE ( 'NONE', #4124, #4653, #1344, .T. ) ;
#2712 = LINE ( 'NONE', #4682, #3221 ) ;
#2713 = AXIS2_PLACEMENT_3D ( 'NONE', #1158, #802, #1572 ) ;
#2714 = ORIENTED_EDGE ( 'NONE', *, *, #3066, .F. ) ;
#2715 = CARTESIAN_POINT ( 'NONE',  ( -3.809999999999999200, 5.600000000000000500, -14.60000000000000000 ) ) ;
#2716 = ADVANCED_FACE ( 'NONE', ( #3682 ), #4571, .F. ) ;
#2717 = DIRECTION ( 'NONE',  ( 1.000000000000000000, 5.546767395661985000E-018, -2.710505431213774400E-016 ) ) ;
#2718 = LINE ( 'NONE', #2007, #2138 ) ;
#2719 = EDGE_LOOP ( 'NONE', ( #3067, #4204 ) ) ;
#2720 = VERTEX_POINT ( 'NONE', #4409 ) ;
#2721 = EDGE_CURVE ( 'NONE', #3717, #1993, #719, .T. ) ;
#2722 = CARTESIAN_POINT ( 'NONE',  ( -13.60000000000001000, 1.699999999999997700, 2.539999999999972900 ) ) ;
#2723 = ORIENTED_EDGE ( 'NONE', *, *, #4643, .F. ) ;
#2724 = DIRECTION ( 'NONE',  ( 0.3973438282006626100, 0.0000000000000000000, -0.9176698110926622100 ) ) ;
#2725 = LINE ( 'NONE', #3389, #2953 ) ;
#2726 = ORIENTED_EDGE ( 'NONE', *, *, #206, .T. ) ;
#2727 = EDGE_CURVE ( 'NONE', #3804, #4609, #775, .T. ) ;
#2728 = DIRECTION ( 'NONE',  ( 0.0000000000000000000, 1.000000000000000000, 0.0000000000000000000 ) ) ;
#2729 = DIRECTION ( 'NONE',  ( -5.546767395662024300E-018, 1.000000000000000000, -1.437693676597972700E-016 ) ) ;
#2730 = CARTESIAN_POINT ( 'NONE',  ( -10.63305127170896500, 5.600000000000001400, -10.90000000000000600 ) ) ;
#2731 = ORIENTED_EDGE ( 'NONE', *, *, #4668, .F. ) ;
#2732 = ORIENTED_EDGE ( 'NONE', *, *, #819, .F. ) ;
#2733 = CARTESIAN_POINT ( 'NONE',  ( -13.42469905667219800, 2.600000000000003200, 4.519203148460198000 ) ) ;
#2734 = FACE_OUTER_BOUND ( 'NONE', #47, .T. ) ;
#2735 = ADVANCED_FACE ( 'NONE', ( #2704 ), #4025, .F. ) ;
#2736 = AXIS2_PLACEMENT_3D ( 'NONE', #4262, #191, #955 ) ;
#2737 = VERTEX_POINT ( 'NONE', #1185 ) ;
#2738 = FACE_OUTER_BOUND ( 'NONE', #4780, .T. ) ;
#2739 = CARTESIAN_POINT ( 'NONE',  ( 3.810000000000000900, 5.699999999999997500, -14.50000000000000200 ) ) ;
#2740 = ORIENTED_EDGE ( 'NONE', *, *, #4247, .F. ) ;
#2741 = EDGE_LOOP ( 'NONE', ( #3203, #4198, #4828, #1503 ) ) ;
#2742 = CARTESIAN_POINT ( 'NONE',  ( -3.809999999999999200, 5.699999999999997500, -14.50000000000000200 ) ) ;
#2743 = CARTESIAN_POINT ( 'NONE',  ( 4.999999999999997300, 4.321306437175211500, -3.217856110194154100 ) ) ;
#2744 = EDGE_LOOP ( 'NONE', ( #3309, #875, #1578, #4818, #601, #2109, #1081, #4365, #2223 ) ) ;
#2745 = AXIS2_PLACEMENT_3D ( 'NONE', #1869, #4474, #2991 ) ;
#2746 = PLANE ( 'NONE',  #3259 ) ;
#2747 = VECTOR ( 'NONE', #1424, 1000.000000000000000 ) ;
#2748 = ORIENTED_EDGE ( 'NONE', *, *, #4087, .F. ) ;
#2749 = ORIENTED_EDGE ( 'NONE', *, *, #3194, .F. ) ;
#2750 = FACE_OUTER_BOUND ( 'NONE', #3085, .T. ) ;
#2751 = EDGE_CURVE ( 'NONE', #190, #1946, #3570, .T. ) ;
#2752 = FACE_OUTER_BOUND ( 'NONE', #1125, .T. ) ;
#2753 = CARTESIAN_POINT ( 'NONE',  ( -13.60000000000001000, 1.699999999999997700, -5.740000000000026000 ) ) ;
#2754 = CARTESIAN_POINT ( 'NONE',  ( -12.69999999999999900, 5.700000000000001100, 4.399999999999999500 ) ) ;
#2755 = EDGE_CURVE ( 'NONE', #508, #2707, #2590, .T. ) ;
#2756 = ADVANCED_FACE ( 'NONE', ( #1062 ), #2062, .T. ) ;
#2757 = LINE ( 'NONE', #1483, #3801 ) ;
#2758 = CARTESIAN_POINT ( 'NONE',  ( 4.400000000000001200, 5.700000000000001100, -14.50000000000000000 ) ) ;
#2759 = LINE ( 'NONE', #2270, #4332 ) ;
#2760 = CARTESIAN_POINT ( 'NONE',  ( 3.810000000000000900, 0.2000000000000423700, -14.80000000000002200 ) ) ;
#2761 = DIRECTION ( 'NONE',  ( -2.276539994720219800E-016, 6.982962677686267500E-015, -1.000000000000000000 ) ) ;
#2762 = AXIS2_PLACEMENT_3D ( 'NONE', #3358, #54, #4491 ) ;
#2763 = CARTESIAN_POINT ( 'NONE',  ( 12.69999999999999900, 5.700000000000001100, 4.399999999999999500 ) ) ;
#2764 = EDGE_LOOP ( 'NONE', ( #2221, #4509, #2273, #4583 ) ) ;
#2765 = VECTOR ( 'NONE', #2048, 1000.000000000000000 ) ;
#2766 = CARTESIAN_POINT ( 'NONE',  ( 10.63305127170896500, 5.700000000000001100, -10.40000000000000200 ) ) ;
#2767 = VERTEX_POINT ( 'NONE', #3364 ) ;
#2768 = EDGE_CURVE ( 'NONE', #2720, #3926, #1470, .T. ) ;
#2769 = AXIS2_PLACEMENT_3D ( 'NONE', #2907, #2169, #2893 ) ;
#2770 = CIRCLE ( 'NONE', #1645, 1.500000000000000000 ) ;
#2771 = DIRECTION ( 'NONE',  ( 0.0000000000000000000, 1.000000000000000000, 0.0000000000000000000 ) ) ;
#2772 = CARTESIAN_POINT ( 'NONE',  ( -10.63305127170896500, 5.700000000000000200, -10.80000000000000600 ) ) ;
#2773 = DIRECTION ( 'NONE',  ( 0.0000000000000000000, 1.000000000000000000, 0.0000000000000000000 ) ) ;
#2774 = ORIENTED_EDGE ( 'NONE', *, *, #2218, .F. ) ;
#2775 = ORIENTED_EDGE ( 'NONE', *, *, #581, .F. ) ;
#2776 = CIRCLE ( 'NONE', #3834, 0.8400000000000005200 ) ;
#2777 = EDGE_CURVE ( 'NONE', #1860, #3078, #91, .T. ) ;
#2778 = DIRECTION ( 'NONE',  ( -0.0000000000000000000, -0.0000000000000000000, -1.000000000000000000 ) ) ;
#2779 = ADVANCED_FACE ( 'NONE', ( #2986 ), #1882, .T. ) ;
#2780 = ORIENTED_EDGE ( 'NONE', *, *, #2610, .F. ) ;
#2781 = DIRECTION ( 'NONE',  ( 1.000000000000000000, -0.0000000000000000000, -0.0000000000000000000 ) ) ;
#2782 = EDGE_CURVE ( 'NONE', #1069, #3458, #3451, .T. ) ;
#2783 = ORIENTED_EDGE ( 'NONE', *, *, #1254, .F. ) ;
#2784 = DIRECTION ( 'NONE',  ( -0.0000000000000000000, -0.2577550931996182600, -0.9662102834940519100 ) ) ;
#2785 = CARTESIAN_POINT ( 'NONE',  ( 3.809999999999999200, 4.168264770386324000E-014, -19.59999999999999800 ) ) ;
#2786 = DIRECTION ( 'NONE',  ( -0.9176698110926622100, 0.0000000000000000000, 0.3973438282006626100 ) ) ;
#2787 = VERTEX_POINT ( 'NONE', #3769 ) ;
#2788 = LINE ( 'NONE', #2354, #4427 ) ;
#2789 = ORIENTED_EDGE ( 'NONE', *, *, #1303, .F. ) ;
#2790 = DIRECTION ( 'NONE',  ( 0.0000000000000000000, 1.000000000000000000, 0.0000000000000000000 ) ) ;
#2791 = DIRECTION ( 'NONE',  ( 4.553079989440438700E-016, 1.437693676597972700E-016, 1.000000000000000000 ) ) ;
#2792 = ORIENTED_EDGE ( 'NONE', *, *, #3862, .T. ) ;
#2793 = ORIENTED_EDGE ( 'NONE', *, *, #557, .F. ) ;
#2794 = EDGE_CURVE ( 'NONE', #3926, #3786, #383, .T. ) ;
#2795 = AXIS2_PLACEMENT_3D ( 'NONE', #2945, #3706, #4461 ) ;
#2796 = CYLINDRICAL_SURFACE ( 'NONE', #2324, 0.8400000000000005200 ) ;
#2797 = ORIENTED_EDGE ( 'NONE', *, *, #2457, .F. ) ;
#2798 = DIRECTION ( 'NONE',  ( -1.000000000000000000, -5.546767395661990400E-018, 2.276539994720219300E-016 ) ) ;
#2799 = ORIENTED_EDGE ( 'NONE', *, *, #1571, .T. ) ;
#2800 = DIRECTION ( 'NONE',  ( 0.0000000000000000000, 1.437693676597985000E-016, 1.000000000000000000 ) ) ;
#2801 = LINE ( 'NONE', #220, #200 ) ;
#2802 = ADVANCED_FACE ( 'NONE', ( #4447 ), #2693, .F. ) ;
#2803 = CARTESIAN_POINT ( 'NONE',  ( -13.40000000000001100, 1.700000000000000200, 1.570628012033056100E-015 ) ) ;
#2804 = VECTOR ( 'NONE', #2272, 1000.000000000000000 ) ;
#2805 = AXIS2_PLACEMENT_3D ( 'NONE', #1355, #4726, #667 ) ;
#2806 = DIRECTION ( 'NONE',  ( 0.0000000000000000000, 0.0000000000000000000, -1.000000000000000000 ) ) ;
#2807 = VERTEX_POINT ( 'NONE', #4514 ) ;
#2808 = EDGE_CURVE ( 'NONE', #1146, #1164, #261, .T. ) ;
#2809 = CIRCLE ( 'NONE', #3639, 0.8400000000000005200 ) ;
#2810 = CARTESIAN_POINT ( 'NONE',  ( -13.29999999999999900, 5.600000000000003200, 4.399999999999999500 ) ) ;
#2811 = ADVANCED_FACE ( 'NONE', ( #2750 ), #1116, .T. ) ;
#2812 = DIRECTION ( 'NONE',  ( -0.0000000000000000000, -0.0000000000000000000, -1.000000000000000000 ) ) ;
#2813 = ORIENTED_EDGE ( 'NONE', *, *, #2238, .T. ) ;
#2814 = LINE ( 'NONE', #2313, #3103 ) ;
#2815 = EDGE_CURVE ( 'NONE', #3511, #3804, #4080, .T. ) ;
#2816 = ORIENTED_EDGE ( 'NONE', *, *, #4051, .T. ) ;
#2817 = VECTOR ( 'NONE', #1526, 1000.000000000000000 ) ;
#2818 = EDGE_LOOP ( 'NONE', ( #2498, #1298, #798, #3891, #1272, #3668, #1619, #2489, #4055 ) ) ;
#2819 = CARTESIAN_POINT ( 'NONE',  ( 14.71000000000000100, 9.523179994706849300E-015, 0.6499999999999712700 ) ) ;
#2820 = DIRECTION ( 'NONE',  ( -1.000000000000000000, 0.0000000000000000000, 3.090394334539071700E-016 ) ) ;
#2821 = VECTOR ( 'NONE', #1348, 1000.000000000000000 ) ;
#2822 = DIRECTION ( 'NONE',  ( 1.000000000000000000, 0.0000000000000000000, 0.0000000000000000000 ) ) ;
#2823 = PLANE ( 'NONE',  #4677 ) ;
#2824 = CIRCLE ( 'NONE', #1926, 2.500000000000000000 ) ;
#2825 = CARTESIAN_POINT ( 'NONE',  ( 10.63305127170896500, 5.600000000000000500, -10.80000000000000600 ) ) ;
#2826 = ADVANCED_FACE ( 'NONE', ( #2477 ), #2424, .T. ) ;
#2827 = EDGE_LOOP ( 'NONE', ( #488, #1170 ) ) ;
#2828 = ORIENTED_EDGE ( 'NONE', *, *, #4254, .F. ) ;
#2829 = CARTESIAN_POINT ( 'NONE',  ( -13.60000000000001200, 1.700000000000001100, -10.40000000000000200 ) ) ;
#2830 = ORIENTED_EDGE ( 'NONE', *, *, #3377, .T. ) ;
#2831 = EDGE_CURVE ( 'NONE', #3985, #1993, #2000, .T. ) ;
#2832 = LINE ( 'NONE', #2308, #1029 ) ;
#2833 = ORIENTED_EDGE ( 'NONE', *, *, #505, .T. ) ;
#2834 = AXIS2_PLACEMENT_3D ( 'NONE', #72, #3799, #3063 ) ;
#2835 = CARTESIAN_POINT ( 'NONE',  ( -14.71000000000000100, 9.523179994706850900E-015, 0.6499999999999714900 ) ) ;
#2836 = ADVANCED_FACE ( 'NONE', ( #1238 ), #73, .F. ) ;
#2837 = DIRECTION ( 'NONE',  ( -1.000000000000000000, -0.0000000000000000000, -0.0000000000000000000 ) ) ;
#2838 = ORIENTED_EDGE ( 'NONE', *, *, #3267, .T. ) ;
#2839 = LINE ( 'NONE', #1357, #3235 ) ;
#2840 = EDGE_CURVE ( 'NONE', #4034, #1686, #4379, .T. ) ;
#2841 = DIRECTION ( 'NONE',  ( 0.0000000000000000000, 0.0000000000000000000, 1.000000000000000000 ) ) ;
#2842 = ORIENTED_EDGE ( 'NONE', *, *, #1183, .T. ) ;
#2843 = CARTESIAN_POINT ( 'NONE',  ( -4.999999999999996400, 4.521306437175210700, -1.276180276523490400 ) ) ;
#2844 = CARTESIAN_POINT ( 'NONE',  ( 3.209921392555535700E-016, 4.200656100246928300E-014, -17.20000000000001000 ) ) ;
#2845 = ORIENTED_EDGE ( 'NONE', *, *, #2451, .F. ) ;
#2846 = VECTOR ( 'NONE', #2093, 1000.000000000000000 ) ;
#2847 = CARTESIAN_POINT ( 'NONE',  ( -13.60000000000001000, 1.699999999999997700, 2.539999999999972900 ) ) ;
#2848 = EDGE_CURVE ( 'NONE', #1755, #2277, #376, .T. ) ;
#2849 = DIRECTION ( 'NONE',  ( 0.0000000000000000000, 1.000000000000000000, 0.0000000000000000000 ) ) ;
#2850 = ORIENTED_EDGE ( 'NONE', *, *, #4544, .F. ) ;
#2851 = DIRECTION ( 'NONE',  ( 0.0000000000000000000, 0.0000000000000000000, 1.000000000000000000 ) ) ;
#2852 = DIRECTION ( 'NONE',  ( 1.000000000000000000, 0.0000000000000000000, 0.0000000000000000000 ) ) ;
#2853 = VECTOR ( 'NONE', #2589, 1000.000000000000000 ) ;
#2854 = VERTEX_POINT ( 'NONE', #3490 ) ;
#2855 = DIRECTION ( 'NONE',  ( 0.0000000000000000000, 0.0000000000000000000, 1.000000000000000000 ) ) ;
#2856 = ORIENTED_EDGE ( 'NONE', *, *, #1098, .T. ) ;
#2857 = ORIENTED_EDGE ( 'NONE', *, *, #3024, .F. ) ;
#2858 = CARTESIAN_POINT ( 'NONE',  ( -10.63305127170896500, 1.900000000000002100, -11.10000000000001900 ) ) ;
#2859 = DIRECTION ( 'NONE',  ( 1.000000000000000000, 0.0000000000000000000, -0.0000000000000000000 ) ) ;
#2860 = CARTESIAN_POINT ( 'NONE',  ( -8.024999999999996800, 5.700000000000001100, 4.376422909250776700 ) ) ;
#2861 = CARTESIAN_POINT ( 'NONE',  ( -14.27990567590549500, 2.600000000000003200, 5.990969551288745100 ) ) ;
#2862 = CARTESIAN_POINT ( 'NONE',  ( -4.999999999999996400, 2.304219872357979000, 4.376422909250776700 ) ) ;
#2863 = CIRCLE ( 'NONE', #42, 0.1000000000000000500 ) ;
#2864 = ORIENTED_EDGE ( 'NONE', *, *, #4212, .T. ) ;
#2865 = EDGE_CURVE ( 'NONE', #1760, #4703, #604, .T. ) ;
#2866 = EDGE_LOOP ( 'NONE', ( #3473, #3493, #344, #2581 ) ) ;
#2867 = AXIS2_PLACEMENT_3D ( 'NONE', #2372, #2728, #372 ) ;
#2868 = VECTOR ( 'NONE', #26, 1000.000000000000000 ) ;
#2869 = CARTESIAN_POINT ( 'NONE',  ( 4.400000000000001200, 5.700000000000001100, -14.50000000000000000 ) ) ;
#2870 = DIRECTION ( 'NONE',  ( 1.000000000000000000, 0.0000000000000000000, 0.0000000000000000000 ) ) ;
#2871 = DIRECTION ( 'NONE',  ( 8.572527594031492900E-017, 1.000000000000000000, -0.0000000000000000000 ) ) ;
#2872 = ORIENTED_EDGE ( 'NONE', *, *, #4773, .T. ) ;
#2873 = DIRECTION ( 'NONE',  ( 1.000000000000000000, 0.0000000000000000000, -0.0000000000000000000 ) ) ;
#2874 = DIRECTION ( 'NONE',  ( 1.000000000000000000, -0.0000000000000000000, -0.0000000000000000000 ) ) ;
#2875 = VECTOR ( 'NONE', #3960, 1000.000000000000000 ) ;
#2876 = EDGE_CURVE ( 'NONE', #944, #3807, #3908, .T. ) ;
#2877 = PLANE ( 'NONE',  #2951 ) ;
#2878 = FACE_OUTER_BOUND ( 'NONE', #2331, .T. ) ;
#2879 = CARTESIAN_POINT ( 'NONE',  ( 7.999999999999996400, 4.321306437175211500, -3.217856110194154100 ) ) ;
#2880 = DIRECTION ( 'NONE',  ( 1.000000000000000000, -0.0000000000000000000, -0.0000000000000000000 ) ) ;
#2881 = EDGE_LOOP ( 'NONE', ( #1972, #3842, #2300, #2949 ) ) ;
#2882 = EDGE_CURVE ( 'NONE', #2435, #2588, #2582, .T. ) ;
#2883 = VECTOR ( 'NONE', #3215, 1000.000000000000000 ) ;
#2884 = CARTESIAN_POINT ( 'NONE',  ( 17.55000000000000100, 4.975917338986202000E-015, 2.539999999999972900 ) ) ;
#2885 = ORIENTED_EDGE ( 'NONE', *, *, #4268, .T. ) ;
#2887 = DIRECTION ( 'NONE',  ( 3.090394334539071200E-016, 0.0000000000000000000, -1.000000000000000000 ) ) ;
#2886 = APPLICATION_CONTEXT ( 'automotive_design' ) ;
#2888 = FACE_OUTER_BOUND ( 'NONE', #50, .T. ) ;
#2889 = AXIS2_PLACEMENT_3D ( 'NONE', #687, #3994, #3278 ) ;
#2890 = EDGE_LOOP ( 'NONE', ( #860, #2378, #2111, #2572 ) ) ;
#2891 = VERTEX_POINT ( 'NONE', #487 ) ;
#2892 = VECTOR ( 'NONE', #1893, 1000.000000000000000 ) ;
#2893 = DIRECTION ( 'NONE',  ( 0.0000000000000000000, -0.0000000000000000000, 1.000000000000000000 ) ) ;
#2894 = ORIENTED_EDGE ( 'NONE', *, *, #550, .F. ) ;
#2895 = VERTEX_POINT ( 'NONE', #2003 ) ;
#2896 = CARTESIAN_POINT ( 'NONE',  ( -13.70000000000000600, 0.3000000000000057600, 2.539999999999972900 ) ) ;
#2897 = AXIS2_PLACEMENT_3D ( 'NONE', #974, #256, #3581 ) ;
#2898 = CARTESIAN_POINT ( 'NONE',  ( 7.999999999999996400, 4.521306437175210700, -1.236852576628402200 ) ) ;
#2899 = ORIENTED_EDGE ( 'NONE', *, *, #2206, .T. ) ;
#2900 = DIRECTION ( 'NONE',  ( 8.572527594031491700E-017, 1.000000000000000000, 0.0000000000000000000 ) ) ;
#2901 = FACE_OUTER_BOUND ( 'NONE', #1224, .T. ) ;
#2902 = DIRECTION ( 'NONE',  ( -1.000000000000000000, 0.0000000000000000000, 0.0000000000000000000 ) ) ;
#2903 = EDGE_LOOP ( 'NONE', ( #4293, #3753, #4010, #780 ) ) ;
#2904 = PLANE ( 'NONE',  #4496 ) ;
#2905 = VECTOR ( 'NONE', #2528, 1000.000000000000000 ) ;
#2906 = VERTEX_POINT ( 'NONE', #1263 ) ;
#2907 = CARTESIAN_POINT ( 'NONE',  ( -4.999999999999996400, 4.321306437175211500, -1.236852576628402200 ) ) ;
#2908 = VECTOR ( 'NONE', #2798, 1000.000000000000000 ) ;
#2909 = DIRECTION ( 'NONE',  ( -0.0000000000000000000, -0.0000000000000000000, 1.000000000000000000 ) ) ;
#2910 = DIRECTION ( 'NONE',  ( -8.758115402030108600E-047, -1.000000000000000000, -3.347711971183336500E-015 ) ) ;
#2911 = EDGE_CURVE ( 'NONE', #384, #1704, #2927, .T. ) ;
#2912 = CARTESIAN_POINT ( 'NONE',  ( 13.70000000000000600, 0.3000000000000057600, -5.740000000000026000 ) ) ;
#2913 = DIRECTION ( 'NONE',  ( 0.0000000000000000000, 0.0000000000000000000, 1.000000000000000000 ) ) ;
#2914 = ORIENTED_EDGE ( 'NONE', *, *, #2403, .F. ) ;
#2915 = FACE_OUTER_BOUND ( 'NONE', #3838, .T. ) ;
#2916 = ORIENTED_EDGE ( 'NONE', *, *, #2307, .F. ) ;
#2917 = EDGE_CURVE ( 'NONE', #2250, #1846, #83, .T. ) ;
#2918 = ORIENTED_EDGE ( 'NONE', *, *, #2942, .T. ) ;
#2919 = DIRECTION ( 'NONE',  ( -0.0000000000000000000, -0.0000000000000000000, 1.000000000000000000 ) ) ;
#2920 = CIRCLE ( 'NONE', #2867, 2.500000000000000000 ) ;
#2921 = CARTESIAN_POINT ( 'NONE',  ( 13.70000000000000600, 0.3000000000000057600, -5.740000000000026000 ) ) ;
#2922 = ORIENTED_EDGE ( 'NONE', *, *, #4816, .T. ) ;
#2923 = EDGE_LOOP ( 'NONE', ( #3845, #822, #4598, #2203 ) ) ;
#2924 = CARTESIAN_POINT ( 'NONE',  ( 4.999999999999996400, 5.778499608869254600, 3.449592267325072300 ) ) ;
#2925 = CARTESIAN_POINT ( 'NONE',  ( -13.60000000000000000, 5.700000000000002000, -10.40000000000000200 ) ) ;
#2926 = AXIS2_PLACEMENT_3D ( 'NONE', #3636, #2909, #1048 ) ;
#2927 = CIRCLE ( 'NONE', #3797, 1.000000000000004400 ) ;
#2928 = PRESENTATION_STYLE_ASSIGNMENT (( #1065 ) ) ;
#2929 = PLANE ( 'NONE',  #287 ) ;
#2930 = CARTESIAN_POINT ( 'NONE',  ( 12.70462891345259500, 5.700000000000001100, -10.40000000000000200 ) ) ;
#2931 = CARTESIAN_POINT ( 'NONE',  ( 13.60000000000001200, 1.700000000000000800, -10.40000000000000200 ) ) ;
#2932 = EDGE_LOOP ( 'NONE', ( #3532, #393, #591, #4396 ) ) ;
#2933 = CARTESIAN_POINT ( 'NONE',  ( -13.29999999999999900, 5.700000000000001100, -10.40000000000000200 ) ) ;
#2934 = VECTOR ( 'NONE', #4070, 1000.000000000000100 ) ;
#2935 = EDGE_CURVE ( 'NONE', #4071, #786, #2302, .T. ) ;
#2936 = AXIS2_PLACEMENT_3D ( 'NONE', #3844, #3530, #1296 ) ;
#2937 = FACE_OUTER_BOUND ( 'NONE', #4194, .T. ) ;
#2938 =( LENGTH_UNIT ( ) NAMED_UNIT ( * ) SI_UNIT ( .MILLI., .METRE. ) );
#2939 = EDGE_LOOP ( 'NONE', ( #613, #927, #1617, #3559 ) ) ;
#2940 = DIRECTION ( 'NONE',  ( 0.0000000000000000000, 0.9662102834940519100, -0.2577550931996183700 ) ) ;
#2941 = LINE ( 'NONE', #2423, #4695 ) ;
#2942 = EDGE_CURVE ( 'NONE', #768, #3175, #441, .T. ) ;
#2943 = ORIENTED_EDGE ( 'NONE', *, *, #3124, .F. ) ;
#2944 = CIRCLE ( 'NONE', #4001, 0.09999999999999939500 ) ;
#2945 = CARTESIAN_POINT ( 'NONE',  ( 15.55000000000000100, 9.595189226496714200E-015, 0.6499999999999713800 ) ) ;
#2946 = ORIENTED_EDGE ( 'NONE', *, *, #526, .F. ) ;
#2947 = EDGE_CURVE ( 'NONE', #3906, #561, #824, .T. ) ;
#2948 = FACE_OUTER_BOUND ( 'NONE', #1415, .T. ) ;
#2949 = ORIENTED_EDGE ( 'NONE', *, *, #1732, .F. ) ;
#2950 = DIRECTION ( 'NONE',  ( 0.0000000000000000000, 0.0000000000000000000, 1.000000000000000000 ) ) ;
#2951 = AXIS2_PLACEMENT_3D ( 'NONE', #302, #2233, #4819 ) ;
#2952 = VERTEX_POINT ( 'NONE', #2409 ) ;
#2953 = VECTOR ( 'NONE', #4128, 1000.000000000000000 ) ;
#2954 = VERTEX_POINT ( 'NONE', #173 ) ;
#2955 = EDGE_CURVE ( 'NONE', #1395, #2170, #321, .T. ) ;
#2956 = VECTOR ( 'NONE', #1034, 1000.000000000000000 ) ;
#2957 = LINE ( 'NONE', #2487, #3068 ) ;
#2958 = DIRECTION ( 'NONE',  ( 1.000000000000000000, -0.0000000000000000000, -0.0000000000000000000 ) ) ;
#2959 = CARTESIAN_POINT ( 'NONE',  ( 3.198827857764211800E-016, 0.2000000000000420300, -17.20000000000001000 ) ) ;
#2960 = DIRECTION ( 'NONE',  ( -0.3973438282006617700, 0.0000000000000000000, -0.9176698110926626600 ) ) ;
#2961 = CARTESIAN_POINT ( 'NONE',  ( -12.70462891345259500, 5.700000000000002000, -11.10000000000000500 ) ) ;
#2962 = EDGE_CURVE ( 'NONE', #533, #1895, #1534, .T. ) ;
#2963 = ORIENTED_EDGE ( 'NONE', *, *, #4662, .T. ) ;
#2964 = CIRCLE ( 'NONE', #1500, 0.09999999999999766000 ) ;
#2965 = EDGE_LOOP ( 'NONE', ( #725, #2998, #1227, #4325 ) ) ;
#2966 = DIRECTION ( 'NONE',  ( 1.000000000000000000, 0.0000000000000000000, 0.0000000000000000000 ) ) ;
#2967 = DIRECTION ( 'NONE',  ( -0.0000000000000000000, -0.0000000000000000000, -1.000000000000000000 ) ) ;
#2968 = VERTEX_POINT ( 'NONE', #3082 ) ;
#2969 = CARTESIAN_POINT ( 'NONE',  ( 13.42469905667219800, 2.600000000000003200, 4.519203148460197100 ) ) ;
#2970 = VECTOR ( 'NONE', #3201, 1000.000000000000000 ) ;
#2971 = ORIENTED_EDGE ( 'NONE', *, *, #1111, .T. ) ;
#2972 = DIRECTION ( 'NONE',  ( -0.0000000000000000000, 1.000000000000000000, -0.0000000000000000000 ) ) ;
#2973 = PLANE ( 'NONE',  #4429 ) ;
#2974 = EDGE_CURVE ( 'NONE', #2239, #1846, #3791, .T. ) ;
#2975 = DIRECTION ( 'NONE',  ( -8.572527594031492900E-017, 1.000000000000000000, 0.0000000000000000000 ) ) ;
#2976 = CARTESIAN_POINT ( 'NONE',  ( -13.70000000000000600, 5.695369369829950200E-015, 2.539999999999972900 ) ) ;
#2977 = ORIENTED_EDGE ( 'NONE', *, *, #1579, .F. ) ;
#2978 = ORIENTED_EDGE ( 'NONE', *, *, #1360, .F. ) ;
#2979 = VECTOR ( 'NONE', #4205, 1000.000000000000000 ) ;
#2980 = PLANE ( 'NONE',  #967 ) ;
#2981 = AXIS2_PLACEMENT_3D ( 'NONE', #1742, #3955, #4337 ) ;
#2982 = EDGE_LOOP ( 'NONE', ( #2450, #736, #365, #439 ) ) ;
#2983 = CARTESIAN_POINT ( 'NONE',  ( -7.999999999999996400, 4.524685408825805900, -1.250404767203528800 ) ) ;
#2984 = ADVANCED_FACE ( 'NONE', ( #2699 ), #823, .F. ) ;
#2985 = ORIENTED_EDGE ( 'NONE', *, *, #3267, .F. ) ;
#2986 = FACE_OUTER_BOUND ( 'NONE', #3690, .T. ) ;
#2987 = ORIENTED_EDGE ( 'NONE', *, *, #758, .T. ) ;
#2988 = CARTESIAN_POINT ( 'NONE',  ( -13.29999999999999900, 5.700000000000001100, -10.40000000000000200 ) ) ;
#2989 = AXIS2_PLACEMENT_3D ( 'NONE', #3450, #1958, #1205 ) ;
#2990 = FACE_OUTER_BOUND ( 'NONE', #2635, .T. ) ;
#2991 = DIRECTION ( 'NONE',  ( 0.0000000000000000000, 0.0000000000000000000, 1.000000000000000000 ) ) ;
#2992 = ORIENTED_EDGE ( 'NONE', *, *, #2011, .F. ) ;
#2993 = LINE ( 'NONE', #3384, #2246 ) ;
#2994 = AXIS2_PLACEMENT_3D ( 'NONE', #888, #4253, #4658 ) ;
#2995 = DIRECTION ( 'NONE',  ( 1.000000000000000000, 2.891205793294696400E-015, 0.0000000000000000000 ) ) ;
#2996 = ORIENTED_EDGE ( 'NONE', *, *, #1337, .T. ) ;
#2997 = LINE ( 'NONE', #4208, #4220 ) ;
#2998 = ORIENTED_EDGE ( 'NONE', *, *, #452, .F. ) ;
#2999 = EDGE_CURVE ( 'NONE', #4426, #2737, #4263, .T. ) ;
#3000 = FACE_OUTER_BOUND ( 'NONE', #1270, .T. ) ;
#3001 = ORIENTED_EDGE ( 'NONE', *, *, #238, .F. ) ;
#3002 = ORIENTED_EDGE ( 'NONE', *, *, #641, .T. ) ;
#3003 = ADVANCED_FACE ( 'NONE', ( #1108 ), #2746, .F. ) ;
#3004 = CARTESIAN_POINT ( 'NONE',  ( 4.974999999999997000, 5.700000000000001100, 4.376422909250778500 ) ) ;
#3005 = VECTOR ( 'NONE', #2887, 1000.000000000000000 ) ;
#3006 = EDGE_CURVE ( 'NONE', #4265, #2954, #257, .T. ) ;
#3007 = ORIENTED_EDGE ( 'NONE', *, *, #3274, .T. ) ;
#3008 = EDGE_LOOP ( 'NONE', ( #4299, #3161, #4313, #25 ) ) ;
#3009 = ORIENTED_EDGE ( 'NONE', *, *, #4816, .F. ) ;
#3010 = FACE_OUTER_BOUND ( 'NONE', #2118, .T. ) ;
#3011 = DIRECTION ( 'NONE',  ( -0.0000000000000000000, 1.000000000000000000, 0.0000000000000000000 ) ) ;
#3012 = ORIENTED_EDGE ( 'NONE', *, *, #2464, .T. ) ;
#3013 = ORIENTED_EDGE ( 'NONE', *, *, #1060, .T. ) ;
#3014 = DIRECTION ( 'NONE',  ( -0.9176698110926622100, -0.0000000000000000000, 0.3973438282006626100 ) ) ;
#3015 = PLANE ( 'NONE',  #3081 ) ;
#3016 = EDGE_CURVE ( 'NONE', #2349, #4378, #1175, .T. ) ;
#3017 = LINE ( 'NONE', #3637, #3658 ) ;
#3018 = AXIS2_PLACEMENT_3D ( 'NONE', #3379, #1150, #95 ) ;
#3019 = ORIENTED_EDGE ( 'NONE', *, *, #4268, .F. ) ;
#3020 = LINE ( 'NONE', #214, #2042 ) ;
#3021 = EDGE_LOOP ( 'NONE', ( #4673, #2645, #3665, #3183 ) ) ;
#3022 = DIRECTION ( 'NONE',  ( 0.0000000000000000000, -0.9662102834940516900, 0.2577550931996187600 ) ) ;
#3023 = ADVANCED_FACE ( 'NONE', ( #1706 ), #3556, .F. ) ;
#3024 = EDGE_CURVE ( 'NONE', #1970, #334, #1056, .T. ) ;
#3025 = EDGE_LOOP ( 'NONE', ( #4812, #2916, #2978, #408 ) ) ;
#3026 = DIRECTION ( 'NONE',  ( 0.0000000000000000000, 0.0000000000000000000, 1.000000000000000000 ) ) ;
#3027 = ORIENTED_EDGE ( 'NONE', *, *, #819, .T. ) ;
#3028 = CARTESIAN_POINT ( 'NONE',  ( 6.499999999999997300, 4.521306437175210700, -3.217856110194154100 ) ) ;
#3029 = DIRECTION ( 'NONE',  ( -1.000000000000000000, 0.0000000000000000000, 0.0000000000000000000 ) ) ;
#3030 = LINE ( 'NONE', #1999, #2522 ) ;
#3031 = ORIENTED_EDGE ( 'NONE', *, *, #243, .F. ) ;
#3032 = EDGE_CURVE ( 'NONE', #1568, #4733, #4507, .T. ) ;
#3033 = ORIENTED_EDGE ( 'NONE', *, *, #3408, .F. ) ;
#3034 = DIRECTION ( 'NONE',  ( 0.0000000000000000000, 0.0000000000000000000, 1.000000000000000000 ) ) ;
#3035 = LINE ( 'NONE', #3249, #1231 ) ;
#3036 = VECTOR ( 'NONE', #2690, 1000.000000000000000 ) ;
#3037 = EDGE_LOOP ( 'NONE', ( #535, #490, #520, #4681 ) ) ;
#3038 = AXIS2_PLACEMENT_3D ( 'NONE', #1648, #4244, #4640 ) ;
#3039 = CARTESIAN_POINT ( 'NONE',  ( -4.999999999999996400, 4.331443352126995300, -1.198853748563604800 ) ) ;
#3040 = PLANE ( 'NONE',  #774 ) ;
#3041 = FACE_OUTER_BOUND ( 'NONE', #4559, .T. ) ;
#3042 = CARTESIAN_POINT ( 'NONE',  ( -13.29999999999999900, 5.600000000000003200, -10.40000000000000200 ) ) ;
#3043 = EDGE_CURVE ( 'NONE', #3836, #1471, #711, .T. ) ;
#3044 = DIRECTION ( 'NONE',  ( 0.0000000000000000000, 0.0000000000000000000, 1.000000000000000000 ) ) ;
#3045 = DIRECTION ( 'NONE',  ( 0.0000000000000000000, 1.000000000000000000, 3.652049423109067200E-015 ) ) ;
#3046 = AXIS2_PLACEMENT_3D ( 'NONE', #3113, #517, #1643 ) ;
#3047 = ORIENTED_EDGE ( 'NONE', *, *, #2751, .F. ) ;
#3048 = CARTESIAN_POINT ( 'NONE',  ( 17.55000000000000100, 4.975917338986202000E-015, -5.740000000000026000 ) ) ;
#3049 = ADVANCED_FACE ( 'NONE', ( #1818 ), #3092, .F. ) ;
#3050 = CYLINDRICAL_SURFACE ( 'NONE', #3074, 0.8400000000000005200 ) ;
#3051 = DIRECTION ( 'NONE',  ( 0.0000000000000000000, 0.0000000000000000000, 1.000000000000000000 ) ) ;
#3052 = ORIENTED_EDGE ( 'NONE', *, *, #3991, .F. ) ;
#3053 = MECHANICAL_DESIGN_GEOMETRIC_PRESENTATION_REPRESENTATION (  '', ( #1974 ), #3953 ) ;
#3054 = VECTOR ( 'NONE', #4578, 1000.000000000000000 ) ;
#3055 = EDGE_CURVE ( 'NONE', #3072, #925, #4018, .T. ) ;
#3056 = DIRECTION ( 'NONE',  ( 0.0000000000000000000, 0.9662102834940521400, -0.2577550931996177600 ) ) ;
#3057 = EDGE_LOOP ( 'NONE', ( #2294, #137, #3093, #1435 ) ) ;
#3058 = LINE ( 'NONE', #4763, #1961 ) ;
#3059 = EDGE_LOOP ( 'NONE', ( #3507, #657, #2260, #3644 ) ) ;
#3060 = DIRECTION ( 'NONE',  ( 1.000000000000000000, 0.0000000000000000000, -0.0000000000000000000 ) ) ;
#3061 = EDGE_CURVE ( 'NONE', #4008, #2420, #2801, .T. ) ;
#3062 = DIRECTION ( 'NONE',  ( 0.0000000000000000000, 1.000000000000000000, 0.0000000000000000000 ) ) ;
#3063 = DIRECTION ( 'NONE',  ( 3.061276722312026800E-015, 1.000000000000000000, 0.0000000000000000000 ) ) ;
#3064 = ORIENTED_EDGE ( 'NONE', *, *, #1880, .T. ) ;
#3065 = CIRCLE ( 'NONE', #1044, 0.09999999999999939500 ) ;
#3066 = EDGE_CURVE ( 'NONE', #1455, #4071, #552, .T. ) ;
#3067 = ORIENTED_EDGE ( 'NONE', *, *, #1715, .T. ) ;
#3068 = VECTOR ( 'NONE', #4825, 1000.000000000000000 ) ;
#3069 = CARTESIAN_POINT ( 'NONE',  ( -12.69999999999999900, 5.700000000000001100, 5.699999999999999300 ) ) ;
#3070 = ADVANCED_FACE ( 'NONE', ( #4443 ), #496, .F. ) ;
#3071 = VECTOR ( 'NONE', #652, 1000.000000000000000 ) ;
#3072 = VERTEX_POINT ( 'NONE', #665 ) ;
#3073 = DIRECTION ( 'NONE',  ( 8.572527594031491700E-017, 1.000000000000000000, -0.0000000000000000000 ) ) ;
#3074 = AXIS2_PLACEMENT_3D ( 'NONE', #2486, #4086, #3342 ) ;
#3075 = DIRECTION ( 'NONE',  ( 0.0000000000000000000, 1.000000000000000000, 0.0000000000000000000 ) ) ;
#3076 = ORIENTED_EDGE ( 'NONE', *, *, #2768, .F. ) ;
#3077 = LINE ( 'NONE', #2766, #1097 ) ;
#3078 = VERTEX_POINT ( 'NONE', #3924 ) ;
#3079 = DIRECTION ( 'NONE',  ( 0.0000000000000000000, -1.000000000000000000, 0.0000000000000000000 ) ) ;
#3080 = EDGE_CURVE ( 'NONE', #4265, #213, #1461, .T. ) ;
#3081 = AXIS2_PLACEMENT_3D ( 'NONE', #790, #3398, #4139 ) ;
#3082 = CARTESIAN_POINT ( 'NONE',  ( -14.27990567590549500, 1.700000000000002000, 5.990969551288745100 ) ) ;
#3083 = EDGE_LOOP ( 'NONE', ( #1844, #4137, #4738, #3573, #3009, #36 ) ) ;
#3084 = LINE ( 'NONE', #2149, #3951 ) ;
#3085 = EDGE_LOOP ( 'NONE', ( #2284, #1673, #3907, #773 ) ) ;
#3086 = PLANE ( 'NONE',  #3607 ) ;
#3087 = CARTESIAN_POINT ( 'NONE',  ( 3.810000000000000900, 5.900000000000000400, -14.49999999999999800 ) ) ;
#3088 = ORIENTED_EDGE ( 'NONE', *, *, #3256, .F. ) ;
#3089 = DIRECTION ( 'NONE',  ( 0.0000000000000000000, 1.000000000000000000, 0.0000000000000000000 ) ) ;
#3090 = ORIENTED_EDGE ( 'NONE', *, *, #3177, .F. ) ;
#3091 = EDGE_CURVE ( 'NONE', #1453, #2697, #3035, .T. ) ;
#3092 = CYLINDRICAL_SURFACE ( 'NONE', #1362, 0.1000000000000020000 ) ;
#3093 = ORIENTED_EDGE ( 'NONE', *, *, #3567, .T. ) ;
#3094 = VECTOR ( 'NONE', #404, 1000.000000000000000 ) ;
#3095 = CARTESIAN_POINT ( 'NONE',  ( -12.70462891345259500, 5.700000000000001100, -10.40000000000000200 ) ) ;
#3096 = CARTESIAN_POINT ( 'NONE',  ( 15.55000000000000100, 0.2000000000000096100, -3.850000000000028500 ) ) ;
#3097 = EDGE_CURVE ( 'NONE', #956, #2516, #1341, .T. ) ;
#3098 = ADVANCED_FACE ( 'NONE', ( #658 ), #1782, .T. ) ;
#3099 = ORIENTED_EDGE ( 'NONE', *, *, #4312, .F. ) ;
#3100 = FACE_BOUND ( 'NONE', #2827, .T. ) ;
#3101 = AXIS2_PLACEMENT_3D ( 'NONE', #4803, #2972, #1091 ) ;
#3102 = CARTESIAN_POINT ( 'NONE',  ( -13.60000000000000700, 0.3000000000000060400, 2.539999999999972900 ) ) ;
#3103 = VECTOR ( 'NONE', #4552, 1000.000000000000000 ) ;
#3104 = VERTEX_POINT ( 'NONE', #1406 ) ;
#3105 = PLANE ( 'NONE',  #3921 ) ;
#3106 = EDGE_CURVE ( 'NONE', #3529, #2854, #3502, .T. ) ;
#3107 = FACE_OUTER_BOUND ( 'NONE', #4486, .T. ) ;
#3108 = CARTESIAN_POINT ( 'NONE',  ( -13.39999999999999900, 5.600000000000004100, -10.40000000000000200 ) ) ;
#3109 = AXIS2_PLACEMENT_3D ( 'NONE', #2329, #1873, #1577 ) ;
#3110 = VERTEX_POINT ( 'NONE', #385 ) ;
#3111 = CARTESIAN_POINT ( 'NONE',  ( 12.70462891345259300, 5.600000000000000500, -11.10000000000000500 ) ) ;
#3112 = CARTESIAN_POINT ( 'NONE',  ( 13.60000000000001000, 1.699999999999997700, 2.539999999999972900 ) ) ;
#3113 = CARTESIAN_POINT ( 'NONE',  ( 13.29999999999999900, 5.600000000000003200, -10.40000000000000200 ) ) ;
#3114 = VECTOR ( 'NONE', #2784, 1000.000000000000200 ) ;
#3115 = ORIENTED_EDGE ( 'NONE', *, *, #4639, .T. ) ;
#3116 = ORIENTED_EDGE ( 'NONE', *, *, #3408, .T. ) ;
#3117 = EDGE_CURVE ( 'NONE', #3291, #74, #3199, .T. ) ;
#3118 = VECTOR ( 'NONE', #4381, 1000.000000000000000 ) ;
#3119 = PLANE ( 'NONE',  #1744 ) ;
#3120 = ORIENTED_EDGE ( 'NONE', *, *, #2513, .F. ) ;
#3121 = ADVANCED_FACE ( 'NONE', ( #3318 ), #4801, .F. ) ;
#3122 = ORIENTED_EDGE ( 'NONE', *, *, #668, .F. ) ;
#3123 = DIRECTION ( 'NONE',  ( 1.000000000000000000, 0.0000000000000000000, -0.0000000000000000000 ) ) ;
#3124 = EDGE_CURVE ( 'NONE', #1704, #549, #3787, .T. ) ;
#3125 = ORIENTED_EDGE ( 'NONE', *, *, #847, .T. ) ;
#3126 = ORIENTED_EDGE ( 'NONE', *, *, #1309, .T. ) ;
#3127 = DIRECTION ( 'NONE',  ( -0.3973438282006626100, -1.387318561267105800E-015, -0.9176698110926622100 ) ) ;
#3128 = EDGE_LOOP ( 'NONE', ( #1508, #3555, #4631, #595 ) ) ;
#3129 = AXIS2_PLACEMENT_3D ( 'NONE', #1122, #3332, #396 ) ;
#3130 = VECTOR ( 'NONE', #3270, 1000.000000000000000 ) ;
#3131 = ORIENTED_EDGE ( 'NONE', *, *, #126, .F. ) ;
#3132 = DIRECTION ( 'NONE',  ( 1.000000000000000000, 0.0000000000000000000, 0.0000000000000000000 ) ) ;
#3133 = CARTESIAN_POINT ( 'NONE',  ( 4.999999999999996400, 4.331443352126995300, -1.198853748563604800 ) ) ;
#3134 = PLANE ( 'NONE',  #2736 ) ;
#3135 = VECTOR ( 'NONE', #4760, 1000.000000000000200 ) ;
#3136 = ORIENTED_EDGE ( 'NONE', *, *, #2230, .F. ) ;
#3137 = CIRCLE ( 'NONE', #997, 0.2999999999999999300 ) ;
#3138 = CARTESIAN_POINT ( 'NONE',  ( -4.974999999999997000, 5.900000000000000400, 4.376422909250778500 ) ) ;
#3139 = ORIENTED_EDGE ( 'NONE', *, *, #2075, .T. ) ;
#3140 = ORIENTED_EDGE ( 'NONE', *, *, #3704, .T. ) ;
#3141 = CARTESIAN_POINT ( 'NONE',  ( -13.60000000000000700, 0.3000000000000060400, 2.539999999999972900 ) ) ;
#3142 = DIRECTION ( 'NONE',  ( 0.0000000000000000000, -0.0000000000000000000, -1.000000000000000000 ) ) ;
#3143 = ADVANCED_FACE ( 'NONE', ( #4012 ), #2796, .F. ) ;
#3144 = ORIENTED_EDGE ( 'NONE', *, *, #3426, .T. ) ;
#3145 = AXIS2_PLACEMENT_3D ( 'NONE', #275, #2870, #2583 ) ;
#3146 = CARTESIAN_POINT ( 'NONE',  ( -8.024999999999996800, 5.700000000000001100, 4.376422909250778500 ) ) ;
#3147 = VECTOR ( 'NONE', #1510, 1000.000000000000000 ) ;
#3148 = EDGE_LOOP ( 'NONE', ( #3195, #401, #4462, #4316 ) ) ;
#3149 = VERTEX_POINT ( 'NONE', #4821 ) ;
#3150 = CARTESIAN_POINT ( 'NONE',  ( -1.697300229945129200E-029, 4.123604486427936700E-014, -11.10000000000002600 ) ) ;
#3151 = CARTESIAN_POINT ( 'NONE',  ( 13.59999999999999800, 5.900000000000000400, 4.399999999999999500 ) ) ;
#3152 = VECTOR ( 'NONE', #4175, 1000.000000000000000 ) ;
#3153 = FACE_OUTER_BOUND ( 'NONE', #4242, .T. ) ;
#3154 = EDGE_CURVE ( 'NONE', #1447, #1146, #1582, .T. ) ;
#3155 = ORIENTED_EDGE ( 'NONE', *, *, #3106, .T. ) ;
#3156 = DIRECTION ( 'NONE',  ( -1.000000000000000000, 0.0000000000000000000, 0.0000000000000000000 ) ) ;
#3157 = ORIENTED_EDGE ( 'NONE', *, *, #1952, .T. ) ;
#3158 = DIRECTION ( 'NONE',  ( 1.000000000000000000, -0.0000000000000000000, -0.0000000000000000000 ) ) ;
#3159 = AXIS2_PLACEMENT_3D ( 'NONE', #2458, #223, #610 ) ;
#3160 = CARTESIAN_POINT ( 'NONE',  ( -12.70462891345259500, 5.900000000000000400, -10.40000000000000200 ) ) ;
#3161 = ORIENTED_EDGE ( 'NONE', *, *, #4369, .F. ) ;
#3162 = LINE ( 'NONE', #4391, #2316 ) ;
#3163 = DIRECTION ( 'NONE',  ( 0.0000000000000000000, 1.000000000000000000, 0.0000000000000000000 ) ) ;
#3164 = AXIS2_PLACEMENT_3D ( 'NONE', #4335, #2852, #3969 ) ;
#3165 = CARTESIAN_POINT ( 'NONE',  ( -13.39999999999999700, 2.600000000000003200, 4.399999999999999500 ) ) ;
#3166 = CIRCLE ( 'NONE', #3164, 0.1000000000000000500 ) ;
#3167 = ORIENTED_EDGE ( 'NONE', *, *, #3460, .F. ) ;
#3168 = EDGE_CURVE ( 'NONE', #561, #4730, #1812, .T. ) ;
#3169 = AXIS2_PLACEMENT_3D ( 'NONE', #3604, #2064, #1707 ) ;
#3170 = DIRECTION ( 'NONE',  ( 0.7431448254773980200, 0.0000000000000000000, 0.6691306063588539100 ) ) ;
#3171 = CIRCLE ( 'NONE', #4551, 5.557769798733282600 ) ;
#3172 = CARTESIAN_POINT ( 'NONE',  ( -6.318828384886868900, 5.900000000000000400, 10.09999999999999800 ) ) ;
#3173 = VERTEX_POINT ( 'NONE', #3336 ) ;
#3174 = DIRECTION ( 'NONE',  ( 3.090394334539071200E-016, -0.0000000000000000000, 1.000000000000000000 ) ) ;
#3175 = VERTEX_POINT ( 'NONE', #3268 ) ;
#3176 = LINE ( 'NONE', #894, #1208 ) ;
#3177 = EDGE_CURVE ( 'NONE', #3957, #4029, #2863, .T. ) ;
#3178 = CARTESIAN_POINT ( 'NONE',  ( -13.69999999999999900, 1.700000000000001300, 4.399999999999999500 ) ) ;
#3179 = PLANE ( 'NONE',  #418 ) ;
#3180 = CYLINDRICAL_SURFACE ( 'NONE', #3159, 0.8400000000000005200 ) ;
#3181 = DIRECTION ( 'NONE',  ( -0.0000000000000000000, -0.0000000000000000000, -1.000000000000000000 ) ) ;
#3182 = EDGE_CURVE ( 'NONE', #4650, #3238, #3672, .T. ) ;
#3183 = ORIENTED_EDGE ( 'NONE', *, *, #1820, .F. ) ;
#3184 = ADVANCED_FACE ( 'NONE', ( #4628 ), #746, .T. ) ;
#3185 = VERTEX_POINT ( 'NONE', #3684 ) ;
#3186 = LINE ( 'NONE', #4296, #871 ) ;
#3187 = EDGE_LOOP ( 'NONE', ( #1982, #4568, #3227, #1632 ) ) ;
#3188 = CARTESIAN_POINT ( 'NONE',  ( -3.369279192185933900E-015, 5.600000000000002300, -14.80000000000000100 ) ) ;
#3189 = CARTESIAN_POINT ( 'NONE',  ( -1.697300229945129200E-029, 4.053774859651074000E-014, -10.90000000000002500 ) ) ;
#3190 = DIRECTION ( 'NONE',  ( -1.868706573620127700E-016, -1.000000000000000000, 0.0000000000000000000 ) ) ;
#3191 = ORIENTED_EDGE ( 'NONE', *, *, #1442, .T. ) ;
#3192 = FACE_OUTER_BOUND ( 'NONE', #3037, .T. ) ;
#3193 = ORIENTED_EDGE ( 'NONE', *, *, #3117, .F. ) ;
#3194 = EDGE_CURVE ( 'NONE', #4671, #3807, #3558, .T. ) ;
#3195 = ORIENTED_EDGE ( 'NONE', *, *, #3803, .F. ) ;
#3196 = DIRECTION ( 'NONE',  ( -1.000000000000000000, 8.572527594031398000E-017, 0.0000000000000000000 ) ) ;
#3197 = ORIENTED_EDGE ( 'NONE', *, *, #3704, .F. ) ;
#3198 = CARTESIAN_POINT ( 'NONE',  ( 16.39000000000000100, 0.2000000000000097000, -3.850000000000028500 ) ) ;
#3199 = LINE ( 'NONE', #4785, #2472 ) ;
#3200 = CARTESIAN_POINT ( 'NONE',  ( -13.59999999999999800, 2.600000000000003200, 4.399999999999999500 ) ) ;
#3201 = DIRECTION ( 'NONE',  ( -0.0000000000000000000, 1.000000000000000000, -0.0000000000000000000 ) ) ;
#3202 = LINE ( 'NONE', #4594, #3320 ) ;
#3203 = ORIENTED_EDGE ( 'NONE', *, *, #1157, .T. ) ;
#3204 = EDGE_CURVE ( 'NONE', #1395, #3072, #4734, .T. ) ;
#3205 = VECTOR ( 'NONE', #697, 1000.000000000000000 ) ;
#3206 = CARTESIAN_POINT ( 'NONE',  ( 3.810000000000000900, 4.954613717351343600E-014, -14.60000000000002100 ) ) ;
#3207 = CARTESIAN_POINT ( 'NONE',  ( 15.55000000000000100, 0.2000000000000096100, 0.6499999999999713800 ) ) ;
#3208 = DIRECTION ( 'NONE',  ( -3.061276722312026800E-015, 1.000000000000000000, 0.0000000000000000000 ) ) ;
#3209 = DIRECTION ( 'NONE',  ( -3.061276722312026800E-015, -1.000000000000000000, 0.0000000000000000000 ) ) ;
#3210 = ORIENTED_EDGE ( 'NONE', *, *, #186, .F. ) ;
#3211 = DIRECTION ( 'NONE',  ( -1.000000000000000000, 1.868706573620127700E-016, 0.0000000000000000000 ) ) ;
#3212 = ADVANCED_FACE ( 'NONE', ( #3254 ), #694, .T. ) ;
#3213 = LINE ( 'NONE', #2008, #4573 ) ;
#3214 = EDGE_CURVE ( 'NONE', #1642, #3173, #3736, .T. ) ;
#3215 = DIRECTION ( 'NONE',  ( 0.0000000000000000000, 1.000000000000000000, 0.0000000000000000000 ) ) ;
#3216 = DIRECTION ( 'NONE',  ( -1.000000000000000000, 0.0000000000000000000, 0.0000000000000000000 ) ) ;
#3217 = LINE ( 'NONE', #3820, #671 ) ;
#3218 = ORIENTED_EDGE ( 'NONE', *, *, #2059, .T. ) ;
#3219 = DIRECTION ( 'NONE',  ( 0.0000000000000000000, 0.0000000000000000000, -1.000000000000000000 ) ) ;
#3220 = AXIS2_PLACEMENT_3D ( 'NONE', #4505, #3404, #1944 ) ;
#3221 = VECTOR ( 'NONE', #3209, 1000.000000000000000 ) ;
#3222 = ORIENTED_EDGE ( 'NONE', *, *, #2398, .F. ) ;
#3223 = DIRECTION ( 'NONE',  ( 0.0000000000000000000, 0.0000000000000000000, 1.000000000000000000 ) ) ;
#3224 = VECTOR ( 'NONE', #317, 1000.000000000000000 ) ;
#3225 = AXIS2_PLACEMENT_3D ( 'NONE', #1599, #814, #1942 ) ;
#3226 = DIRECTION ( 'NONE',  ( 1.000000000000000000, -0.0000000000000000000, -0.0000000000000000000 ) ) ;
#3227 = ORIENTED_EDGE ( 'NONE', *, *, #2705, .T. ) ;
#3228 = LINE ( 'NONE', #1041, #2143 ) ;
#3229 = CARTESIAN_POINT ( 'NONE',  ( 4.999999999999996400, 4.621306437175211300, -1.276180276523490400 ) ) ;
#3230 = ORIENTED_EDGE ( 'NONE', *, *, #526, .T. ) ;
#3231 = AXIS2_PLACEMENT_3D ( 'NONE', #4287, #934, #570 ) ;
#3232 =( NAMED_UNIT ( * ) PLANE_ANGLE_UNIT ( ) SI_UNIT ( $, .RADIAN. ) );
#3233 = ADVANCED_FACE ( 'NONE', ( #3383 ), #3718, .T. ) ;
#3234 = CARTESIAN_POINT ( 'NONE',  ( -13.60000000000001000, 1.700000000000000800, 4.399999999999998600 ) ) ;
#3235 = VECTOR ( 'NONE', #2812, 1000.000000000000000 ) ;
#3236 = DIRECTION ( 'NONE',  ( -0.3973438282006626100, 0.0000000000000000000, -0.9176698110926622100 ) ) ;
#3237 = EDGE_CURVE ( 'NONE', #2053, #4066, #598, .T. ) ;
#3238 = VERTEX_POINT ( 'NONE', #2684 ) ;
#3239 = ADVANCED_FACE ( 'NONE', ( #2419 ), #4169, .T. ) ;
#3240 = VECTOR ( 'NONE', #1535, 1000.000000000000100 ) ;
#3241 = DIRECTION ( 'NONE',  ( -0.3973438282006625500, 0.0000000000000000000, 0.9176698110926622100 ) ) ;
#3242 = CARTESIAN_POINT ( 'NONE',  ( 4.974999999999997000, 5.700000000000001100, 4.376422909250778500 ) ) ;
#3243 = VERTEX_POINT ( 'NONE', #1885 ) ;
#3244 = EDGE_CURVE ( 'NONE', #4345, #3287, #4788, .T. ) ;
#3245 = ORIENTED_EDGE ( 'NONE', *, *, #867, .F. ) ;
#3246 = DIRECTION ( 'NONE',  ( 0.0000000000000000000, 1.000000000000000000, 0.0000000000000000000 ) ) ;
#3247 = VECTOR ( 'NONE', #3553, 1000.000000000000000 ) ;
#3248 = ORIENTED_EDGE ( 'NONE', *, *, #1530, .T. ) ;
#3249 = CARTESIAN_POINT ( 'NONE',  ( -4.999999999999996400, 5.700000000000001100, 4.376422909250776700 ) ) ;
#3250 = ORIENTED_EDGE ( 'NONE', *, *, #2101, .T. ) ;
#3251 = VERTEX_POINT ( 'NONE', #2988 ) ;
#3252 = DIRECTION ( 'NONE',  ( 1.000000000000000000, 0.0000000000000000000, 0.0000000000000000000 ) ) ;
#3253 = CARTESIAN_POINT ( 'NONE',  ( 13.60000000000000700, 0.3000000000000060400, -5.740000000000026000 ) ) ;
#3254 = FACE_OUTER_BOUND ( 'NONE', #2392, .T. ) ;
#3255 = ORIENTED_EDGE ( 'NONE', *, *, #4569, .F. ) ;
#3256 = EDGE_CURVE ( 'NONE', #3914, #51, #1876, .T. ) ;
#3257 = CARTESIAN_POINT ( 'NONE',  ( -12.69999999999999900, 5.700000000000001100, 4.399999999999999500 ) ) ;
#3258 = ORIENTED_EDGE ( 'NONE', *, *, #1189, .T. ) ;
#3259 = AXIS2_PLACEMENT_3D ( 'NONE', #1031, #1709, #575 ) ;
#3260 = VECTOR ( 'NONE', #1955, 1000.000000000000000 ) ;
#3261 = DIRECTION ( 'NONE',  ( 0.0000000000000000000, 0.0000000000000000000, 1.000000000000000000 ) ) ;
#3262 = FACE_OUTER_BOUND ( 'NONE', #1028, .T. ) ;
#3263 = ADVANCED_FACE ( 'NONE', ( #4376 ), #3764, .T. ) ;
#3264 = ORIENTED_EDGE ( 'NONE', *, *, #3505, .T. ) ;
#3265 = CARTESIAN_POINT ( 'NONE',  ( 4.999999999999996400, 4.524685408825805900, -1.250404767203528800 ) ) ;
#3266 = CYLINDRICAL_SURFACE ( 'NONE', #4743, 0.2999999999999981600 ) ;
#3267 = EDGE_CURVE ( 'NONE', #3957, #4008, #316, .T. ) ;
#3268 = CARTESIAN_POINT ( 'NONE',  ( 13.70000000000000600, 5.695369369829950200E-015, -5.740000000000026000 ) ) ;
#3269 = CYLINDRICAL_SURFACE ( 'NONE', #325, 0.2999999999999981600 ) ;
#3270 = DIRECTION ( 'NONE',  ( -1.172110456741081900E-016, 1.172110456741085800E-016, -1.000000000000000000 ) ) ;
#3271 = CARTESIAN_POINT ( 'NONE',  ( 3.810000000000000900, 0.3000000000000424000, -14.90000000000002200 ) ) ;
#3272 = DIRECTION ( 'NONE',  ( -1.000000000000000000, 0.0000000000000000000, 0.0000000000000000000 ) ) ;
#3273 = VERTEX_POINT ( 'NONE', #1931 ) ;
#3274 = EDGE_CURVE ( 'NONE', #2546, #2250, #2578, .T. ) ;
#3275 = FACE_OUTER_BOUND ( 'NONE', #1962, .T. ) ;
#3276 = PLANE ( 'NONE',  #3645 ) ;
#3277 = ORIENTED_EDGE ( 'NONE', *, *, #1980, .T. ) ;
#3278 = DIRECTION ( 'NONE',  ( 0.0000000000000000000, 1.437693676597936700E-016, 1.000000000000000000 ) ) ;
#3279 = LINE ( 'NONE', #3362, #2821 ) ;
#3280 = CARTESIAN_POINT ( 'NONE',  ( -7.999999999999996400, 5.700000000000001100, 4.376422909250776700 ) ) ;
#3281 = PLANE ( 'NONE',  #10 ) ;
#3282 = AXIS2_PLACEMENT_3D ( 'NONE', #2924, #1390, #1003 ) ;
#3283 = DIRECTION ( 'NONE',  ( 0.0000000000000000000, 0.0000000000000000000, -1.000000000000000000 ) ) ;
#3284 = ORIENTED_EDGE ( 'NONE', *, *, #4046, .T. ) ;
#3285 = LINE ( 'NONE', #2096, #1255 ) ;
#3286 = DIRECTION ( 'NONE',  ( 0.0000000000000000000, 0.9662102834940519100, -0.2577550931996183700 ) ) ;
#3287 = VERTEX_POINT ( 'NONE', #52 ) ;
#3288 = ADVANCED_FACE ( 'NONE', ( #820 ), #3395, .T. ) ;
#3289 = EDGE_CURVE ( 'NONE', #1261, #849, #706, .T. ) ;
#3290 = CARTESIAN_POINT ( 'NONE',  ( 7.999999999999996400, 5.585257552170444800, 3.501143285964995600 ) ) ;
#3291 = VERTEX_POINT ( 'NONE', #1179 ) ;
#3292 = VECTOR ( 'NONE', #2975, 1000.000000000000000 ) ;
#3293 = CARTESIAN_POINT ( 'NONE',  ( -6.499999999999997300, 4.321306437175211500, -3.217856110194154100 ) ) ;
#3294 = AXIS2_PLACEMENT_3D ( 'NONE', #2959, #754, #738 ) ;
#3295 = VERTEX_POINT ( 'NONE', #3748 ) ;
#3297 = DIRECTION ( 'NONE',  ( -0.0000000000000000000, 0.0000000000000000000, -1.000000000000000000 ) ) ;
#3296 = FILL_AREA_STYLE ('',( #2147 ) ) ;
#3298 = LINE ( 'NONE', #3959, #1562 ) ;
#3299 = EDGE_CURVE ( 'NONE', #3786, #2620, #21, .T. ) ;
#3300 = CIRCLE ( 'NONE', #876, 0.8400000000000005200 ) ;
#3301 = ORIENTED_EDGE ( 'NONE', *, *, #2046, .F. ) ;
#3302 = DIRECTION ( 'NONE',  ( 0.0000000000000000000, 0.2577550931996183100, 0.9662102834940518000 ) ) ;
#3303 = CARTESIAN_POINT ( 'NONE',  ( 12.69999999999999900, 5.900000000000000400, 4.399999999999999500 ) ) ;
#3304 = EDGE_CURVE ( 'NONE', #3717, #956, #3499, .T. ) ;
#3305 = CARTESIAN_POINT ( 'NONE',  ( -10.63305127170896500, 5.600000000000000500, -10.80000000000000600 ) ) ;
#3306 = DIRECTION ( 'NONE',  ( 0.0000000000000000000, -0.0000000000000000000, -1.000000000000000000 ) ) ;
#3307 = ORIENTED_EDGE ( 'NONE', *, *, #2641, .T. ) ;
#3308 = LINE ( 'NONE', #3483, #2350 ) ;
#3309 = ORIENTED_EDGE ( 'NONE', *, *, #4154, .F. ) ;
#3310 = AXIS2_PLACEMENT_3D ( 'NONE', #2504, #4278, #922 ) ;
#3311 = LINE ( 'NONE', #605, #4193 ) ;
#3312 = VERTEX_POINT ( 'NONE', #2668 ) ;
#3313 = DIRECTION ( 'NONE',  ( -0.3973438282006626100, 0.0000000000000000000, -0.9176698110926622100 ) ) ;
#3314 = ADVANCED_FACE ( 'NONE', ( #1700 ), #4510, .T. ) ;
#3315 = CARTESIAN_POINT ( 'NONE',  ( -14.09637171368696200, 1.700000000000002000, 6.070438316928878000 ) ) ;
#3316 = ORIENTED_EDGE ( 'NONE', *, *, #847, .F. ) ;
#3317 = ORIENTED_EDGE ( 'NONE', *, *, #442, .T. ) ;
#3318 = FACE_OUTER_BOUND ( 'NONE', #4678, .T. ) ;
#3319 = CARTESIAN_POINT ( 'NONE',  ( 4.999999999999996400, 4.331443352126995300, -1.198853748563604800 ) ) ;
#3320 = VECTOR ( 'NONE', #4240, 1000.000000000000000 ) ;
#3321 = CARTESIAN_POINT ( 'NONE',  ( -15.55000000000000100, 0.2000000000000096100, 0.6499999999999713800 ) ) ;
#3322 = PLANE ( 'NONE',  #3728 ) ;
#3323 = VERTEX_POINT ( 'NONE', #4543 ) ;
#3324 = CARTESIAN_POINT ( 'NONE',  ( 10.63305127170896500, 5.900000000000000400, -10.40000000000000200 ) ) ;
#3325 = EDGE_CURVE ( 'NONE', #1395, #4595, #2296, .T. ) ;
#3326 = AXIS2_PLACEMENT_3D ( 'NONE', #559, #515, #3831 ) ;
#3327 = ORIENTED_EDGE ( 'NONE', *, *, #2691, .T. ) ;
#3328 = PLANE ( 'NONE',  #4093 ) ;
#3329 = CARTESIAN_POINT ( 'NONE',  ( 10.63305127170896500, 5.600000000000000500, -10.90000000000000600 ) ) ;
#3330 = CARTESIAN_POINT ( 'NONE',  ( -3.809999999999999200, 5.699999999999997500, -14.50000000000000200 ) ) ;
#3331 = VECTOR ( 'NONE', #3871, 1000.000000000000000 ) ;
#3332 = DIRECTION ( 'NONE',  ( 1.000000000000000000, -0.0000000000000000000, -0.0000000000000000000 ) ) ;
#3333 = EDGE_LOOP ( 'NONE', ( #1316, #766, #2335, #2484, #664, #1134 ) ) ;
#3334 = VECTOR ( 'NONE', #1141, 1000.000000000000100 ) ;
#3335 = EDGE_CURVE ( 'NONE', #2349, #4124, #145, .T. ) ;
#3336 = CARTESIAN_POINT ( 'NONE',  ( -10.63305127170896500, 5.700000000000000200, -10.80000000000000600 ) ) ;
#3337 = ORIENTED_EDGE ( 'NONE', *, *, #4408, .T. ) ;
#3338 = ADVANCED_FACE ( 'NONE', ( #3961 ), #1127, .F. ) ;
#3339 = CYLINDRICAL_SURFACE ( 'NONE', #4166, 0.3000000000000000400 ) ;
#3340 = CARTESIAN_POINT ( 'NONE',  ( 13.70000000000000600, 0.3000000000000057600, 2.539999999999972900 ) ) ;
#3341 = CARTESIAN_POINT ( 'NONE',  ( 4.974999999999997000, 5.700000000000001100, 4.376422909250778500 ) ) ;
#3342 = DIRECTION ( 'NONE',  ( 1.000000000000000000, 8.572527594031398000E-017, 0.0000000000000000000 ) ) ;
#3343 = ORIENTED_EDGE ( 'NONE', *, *, #791, .F. ) ;
#3344 = EDGE_CURVE ( 'NONE', #2854, #3651, #194, .T. ) ;
#3345 = LINE ( 'NONE', #1347, #2541 ) ;
#3346 = DIRECTION ( 'NONE',  ( -0.0000000000000000000, -1.000000000000000000, -0.0000000000000000000 ) ) ;
#3347 = DIRECTION ( 'NONE',  ( -0.0000000000000000000, -1.000000000000000000, -0.0000000000000000000 ) ) ;
#3348 = PLANE ( 'NONE',  #2157 ) ;
#3349 = ORIENTED_EDGE ( 'NONE', *, *, #1977, .T. ) ;
#3350 = DIRECTION ( 'NONE',  ( -0.0000000000000000000, 0.0000000000000000000, 1.000000000000000000 ) ) ;
#3351 = LINE ( 'NONE', #2961, #4533 ) ;
#3352 = AXIS2_PLACEMENT_3D ( 'NONE', #2254, #3272, #4022 ) ;
#3353 = CARTESIAN_POINT ( 'NONE',  ( -10.63305127170896500, 5.700000000000001100, -10.40000000000000200 ) ) ;
#3354 = EDGE_LOOP ( 'NONE', ( #573, #1631, #3373, #1913 ) ) ;
#3355 = FACE_OUTER_BOUND ( 'NONE', #636, .T. ) ;
#3356 = ORIENTED_EDGE ( 'NONE', *, *, #1965, .T. ) ;
#3357 = CARTESIAN_POINT ( 'NONE',  ( -4.999999999999996400, 4.331443352126995300, -1.198853748563604800 ) ) ;
#3358 = CARTESIAN_POINT ( 'NONE',  ( 6.499999999999997300, 5.700000000000001100, -3.217856110194154100 ) ) ;
#3359 = CARTESIAN_POINT ( 'NONE',  ( 13.70000000000000600, 0.3000000000000057600, 2.539999999999972900 ) ) ;
#3360 = DIRECTION ( 'NONE',  ( 8.572527594031491700E-017, -1.000000000000000000, -0.0000000000000000000 ) ) ;
#3361 = LINE ( 'NONE', #4417, #1681 ) ;
#3362 = CARTESIAN_POINT ( 'NONE',  ( -4.999999999999996400, 5.700000000000001100, 4.376422909250776700 ) ) ;
#3363 = AXIS2_PLACEMENT_3D ( 'NONE', #320, #4660, #3127 ) ;
#3364 = CARTESIAN_POINT ( 'NONE',  ( -9.763181178145382300, 5.700000000000001100, -10.40000000000000200 ) ) ;
#3365 = ORIENTED_EDGE ( 'NONE', *, *, #4508, .T. ) ;
#3366 = CARTESIAN_POINT ( 'NONE',  ( 14.71000000000000100, 9.523179994706850900E-015, -3.850000000000028500 ) ) ;
#3367 = CARTESIAN_POINT ( 'NONE',  ( -3.810000000000000500, 4.164038133630829900E-014, -19.59999999999999800 ) ) ;
#3368 = CARTESIAN_POINT ( 'NONE',  ( -13.42469905667219800, -0.1880143455903308900, 4.519203148460198000 ) ) ;
#3369 = EDGE_CURVE ( 'NONE', #3149, #3524, #655, .T. ) ;
#3370 = ORIENTED_EDGE ( 'NONE', *, *, #1739, .T. ) ;
#3371 = LINE ( 'NONE', #4746, #2406 ) ;
#3372 = CARTESIAN_POINT ( 'NONE',  ( 14.27990567590549500, 1.700000000000002000, 5.990969551288745100 ) ) ;
#3373 = ORIENTED_EDGE ( 'NONE', *, *, #1329, .F. ) ;
#3374 = VECTOR ( 'NONE', #4540, 1000.000000000000000 ) ;
#3375 = ORIENTED_EDGE ( 'NONE', *, *, #4783, .T. ) ;
#3376 = CARTESIAN_POINT ( 'NONE',  ( 3.809999999999999600, 0.2000000000000417000, -19.59999999999999800 ) ) ;
#3377 = EDGE_CURVE ( 'NONE', #3312, #2665, #1167, .T. ) ;
#3378 = DIRECTION ( 'NONE',  ( -1.000000000000000000, 0.0000000000000000000, 0.0000000000000000000 ) ) ;
#3379 = CARTESIAN_POINT ( 'NONE',  ( -3.809999999999999200, 0.3000000000000424000, -14.90000000000002200 ) ) ;
#3380 = DIRECTION ( 'NONE',  ( -1.000000000000000000, 0.0000000000000000000, 0.0000000000000000000 ) ) ;
#3381 = EDGE_LOOP ( 'NONE', ( #1927, #525, #4771, #3749 ) ) ;
#3382 = ORIENTED_EDGE ( 'NONE', *, *, #20, .F. ) ;
#3383 = FACE_OUTER_BOUND ( 'NONE', #546, .T. ) ;
#3384 = CARTESIAN_POINT ( 'NONE',  ( -7.999999999999996400, 4.321306437175211500, -1.276180276523490400 ) ) ;
#3385 = AXIS2_PLACEMENT_3D ( 'NONE', #3368, #15, #2244 ) ;
#3386 = PLANE ( 'NONE',  #2418 ) ;
#3387 = EDGE_LOOP ( 'NONE', ( #2885, #2289, #4549, #1522 ) ) ;
#3388 = DIRECTION ( 'NONE',  ( -4.186962248049520900E-016, -1.000000000000000000, -3.491481338843133400E-015 ) ) ;
#3389 = CARTESIAN_POINT ( 'NONE',  ( -13.40000000000001800, 4.718447854656921000E-014, -10.40000000000000200 ) ) ;
#3390 = ORIENTED_EDGE ( 'NONE', *, *, #625, .F. ) ;
#3391 = VECTOR ( 'NONE', #3892, 1000.000000000000200 ) ;
#3392 = LINE ( 'NONE', #4492, #379 ) ;
#3393 = CARTESIAN_POINT ( 'NONE',  ( -10.63305127170896500, 5.600000000000000500, -10.80000000000000600 ) ) ;
#3394 = ORIENTED_EDGE ( 'NONE', *, *, #459, .F. ) ;
#3395 = PLANE ( 'NONE',  #1872 ) ;
#3396 = AXIS2_PLACEMENT_3D ( 'NONE', #1476, #6, #4425 ) ;
#3397 = LINE ( 'NONE', #177, #506 ) ;
#3398 = DIRECTION ( 'NONE',  ( -2.276539994720219300E-016, 3.347711971183336100E-015, -1.000000000000000000 ) ) ;
#3399 = CARTESIAN_POINT ( 'NONE',  ( 12.69999999999999900, 5.900000000000000400, 4.399999999999999500 ) ) ;
#3400 = LINE ( 'NONE', #3771, #4641 ) ;
#3401 = AXIS2_PLACEMENT_3D ( 'NONE', #1100, #4076, #2600 ) ;
#3402 = ORIENTED_EDGE ( 'NONE', *, *, #2230, .T. ) ;
#3403 = CARTESIAN_POINT ( 'NONE',  ( -13.60823301889072900, 2.600000000000003200, 4.439734382820065900 ) ) ;
#3404 = DIRECTION ( 'NONE',  ( -0.0000000000000000000, 1.000000000000000000, 0.0000000000000000000 ) ) ;
#3405 = LINE ( 'NONE', #2643, #1478 ) ;
#3406 = ORIENTED_EDGE ( 'NONE', *, *, #4724, .F. ) ;
#3407 = CARTESIAN_POINT ( 'NONE',  ( 7.999999999999996400, 2.304219872357979000, 4.376422909250776700 ) ) ;
#3408 = EDGE_CURVE ( 'NONE', #2069, #4796, #937, .T. ) ;
#3409 = DIRECTION ( 'NONE',  ( 3.469446951953613400E-015, -1.000000000000000000, -2.168404344971008600E-016 ) ) ;
#3410 = FACE_OUTER_BOUND ( 'NONE', #4222, .T. ) ;
#3411 = ORIENTED_EDGE ( 'NONE', *, *, #3647, .F. ) ;
#3412 = DIRECTION ( 'NONE',  ( 1.000000000000000000, 5.546767395661957300E-018, -4.553079989440438700E-016 ) ) ;
#3413 = LINE ( 'NONE', #278, #1201 ) ;
#3414 = ORIENTED_EDGE ( 'NONE', *, *, #3848, .T. ) ;
#3415 = EDGE_LOOP ( 'NONE', ( #4762, #563, #1499, #421 ) ) ;
#3416 = ADVANCED_FACE ( 'NONE', ( #1759 ), #3851, .T. ) ;
#3417 = CARTESIAN_POINT ( 'NONE',  ( 7.999999999999996400, 5.900000000000000400, 4.376422909250776700 ) ) ;
#3418 = CYLINDRICAL_SURFACE ( 'NONE', #2052, 2.500000000000000000 ) ;
#3419 = CARTESIAN_POINT ( 'NONE',  ( 4.974999999999995200, 5.700000000000001100, -1.236852576628402200 ) ) ;
#3420 = AXIS2_PLACEMENT_3D ( 'NONE', #4141, #1991, #4550 ) ;
#3421 = DIRECTION ( 'NONE',  ( -1.000000000000000000, 0.0000000000000000000, 0.0000000000000000000 ) ) ;
#3422 = ORIENTED_EDGE ( 'NONE', *, *, #1036, .T. ) ;
#3423 = LINE ( 'NONE', #4390, #2212 ) ;
#3424 = DIRECTION ( 'NONE',  ( 0.0000000000000000000, 6.982962677686266700E-015, -1.000000000000000000 ) ) ;
#3425 = CARTESIAN_POINT ( 'NONE',  ( -13.60000000000000700, 0.3000000000000060400, 2.539999999999972900 ) ) ;
#3426 = EDGE_CURVE ( 'NONE', #2239, #2546, #4498, .T. ) ;
#3427 = FACE_OUTER_BOUND ( 'NONE', #161, .T. ) ;
#3428 = AXIS2_PLACEMENT_3D ( 'NONE', #1191, #4203, #3026 ) ;
#3429 = CARTESIAN_POINT ( 'NONE',  ( 10.63305127170896500, 5.900000000000000400, -10.40000000000000200 ) ) ;
#3430 = ORIENTED_EDGE ( 'NONE', *, *, #3369, .T. ) ;
#3431 = CIRCLE ( 'NONE', #1370, 3.595780127642022300 ) ;
#3432 = VERTEX_POINT ( 'NONE', #834 ) ;
#3433 = DIRECTION ( 'NONE',  ( 0.0000000000000000000, 1.000000000000000000, 0.0000000000000000000 ) ) ;
#3434 = FACE_OUTER_BOUND ( 'NONE', #2881, .T. ) ;
#3435 = DIRECTION ( 'NONE',  ( -1.000000000000000000, 8.572527594031398000E-017, 0.0000000000000000000 ) ) ;
#3436 = EDGE_CURVE ( 'NONE', #1946, #544, #3030, .T. ) ;
#3437 = DIRECTION ( 'NONE',  ( 0.0000000000000000000, 0.0000000000000000000, 1.000000000000000000 ) ) ;
#3438 = DIRECTION ( 'NONE',  ( -3.491481338843133400E-015, -1.000000000000000000, 4.092401786774402600E-031 ) ) ;
#3439 = VECTOR ( 'NONE', #1043, 1000.000000000000000 ) ;
#3440 = EDGE_LOOP ( 'NONE', ( #2963, #3496, #1658, #4167 ) ) ;
#3441 = ORIENTED_EDGE ( 'NONE', *, *, #4081, .F. ) ;
#3442 = CARTESIAN_POINT ( 'NONE',  ( -13.40000000000000400, 0.2000000000000057800, -5.740000000000026000 ) ) ;
#3443 = EDGE_CURVE ( 'NONE', #2168, #3675, #769, .T. ) ;
#3444 = ADVANCED_FACE ( 'NONE', ( #2051 ), #124, .T. ) ;
#3445 = EDGE_LOOP ( 'NONE', ( #1667, #1038, #4349, #3422 ) ) ;
#3446 = VECTOR ( 'NONE', #1595, 1000.000000000000000 ) ;
#3447 = COLOUR_RGB ( '',0.7921568627450980000, 0.8196078431372548800, 0.9333333333333333500 ) ;
#3448 = EDGE_LOOP ( 'NONE', ( #1865, #4042, #3790, #1733 ) ) ;
#3449 = CARTESIAN_POINT ( 'NONE',  ( 3.810000000000000900, 5.599999999999999600, -14.50000000000000200 ) ) ;
#3450 = CARTESIAN_POINT ( 'NONE',  ( 10.63305127170896500, 5.600000000000000500, -10.80000000000000600 ) ) ;
#3451 = LINE ( 'NONE', #2658, #2240 ) ;
#3452 = LINE ( 'NONE', #4624, #3861 ) ;
#3453 = EDGE_CURVE ( 'NONE', #134, #768, #1996, .T. ) ;
#3454 = DIRECTION ( 'NONE',  ( 0.0000000000000000000, 0.9662102834940519100, -0.2577550931996182600 ) ) ;
#3455 = ORIENTED_EDGE ( 'NONE', *, *, #178, .T. ) ;
#3456 = LINE ( 'NONE', #3319, #1830 ) ;
#3457 = DIRECTION ( 'NONE',  ( 0.0000000000000000000, -0.0000000000000000000, 1.000000000000000000 ) ) ;
#3458 = VERTEX_POINT ( 'NONE', #1621 ) ;
#3459 = LINE ( 'NONE', #282, #3810 ) ;
#3460 = EDGE_CURVE ( 'NONE', #3883, #1731, #2920, .T. ) ;
#3461 = DIRECTION ( 'NONE',  ( -1.000000000000000000, 0.0000000000000000000, 0.0000000000000000000 ) ) ;
#3462 = DIRECTION ( 'NONE',  ( 1.000000000000000000, 3.061276722312027200E-015, -0.0000000000000000000 ) ) ;
#3463 = CARTESIAN_POINT ( 'NONE',  ( -8.673617379884035500E-015, 5.700000000000001100, 60.70703911356945100 ) ) ;
#3464 = ORIENTED_EDGE ( 'NONE', *, *, #1758, .T. ) ;
#3465 = ADVANCED_FACE ( 'NONE', ( #4679 ), #3830, .T. ) ;
#3466 = CARTESIAN_POINT ( 'NONE',  ( -16.39000000000000100, 9.667198458286577600E-015, 0.6499999999999713800 ) ) ;
#3467 = VECTOR ( 'NONE', #2771, 1000.000000000000000 ) ;
#3468 = CARTESIAN_POINT ( 'NONE',  ( -13.60823301889072900, 1.700000000000000800, 4.439734382820065900 ) ) ;
#3469 = ORIENTED_EDGE ( 'NONE', *, *, #2942, .F. ) ;
#3470 = ORIENTED_EDGE ( 'NONE', *, *, #1945, .T. ) ;
#3471 = EDGE_CURVE ( 'NONE', #312, #3929, #1053, .T. ) ;
#3472 = CARTESIAN_POINT ( 'NONE',  ( 3.810000000000000900, 5.600000000000000500, -14.60000000000000100 ) ) ;
#3473 = ORIENTED_EDGE ( 'NONE', *, *, #120, .T. ) ;
#3474 = LINE ( 'NONE', #105, #524 ) ;
#3475 = ORIENTED_EDGE ( 'NONE', *, *, #3817, .T. ) ;
#3476 = CARTESIAN_POINT ( 'NONE',  ( -12.70462891345259300, 5.600000000000000500, -10.80000000000000600 ) ) ;
#3477 = AXIS2_PLACEMENT_3D ( 'NONE', #3393, #4133, #2683 ) ;
#3478 = ORIENTED_EDGE ( 'NONE', *, *, #4359, .T. ) ;
#3479 = LINE ( 'NONE', #1132, #354 ) ;
#3480 = CARTESIAN_POINT ( 'NONE',  ( 4.999999999999996400, 5.700000000000001100, 4.376422909250776700 ) ) ;
#3481 = ORIENTED_EDGE ( 'NONE', *, *, #1593, .T. ) ;
#3482 = VECTOR ( 'NONE', #1696, 1000.000000000000000 ) ;
#3483 = CARTESIAN_POINT ( 'NONE',  ( -12.70462891345259500, 5.600000000000003200, -11.10000000000000500 ) ) ;
#3484 = ORIENTED_EDGE ( 'NONE', *, *, #2974, .F. ) ;
#3485 = CIRCLE ( 'NONE', #3893, 1.000000000000004400 ) ;
#3486 = VERTEX_POINT ( 'NONE', #2251 ) ;
#3487 = DIRECTION ( 'NONE',  ( 0.0000000000000000000, 0.0000000000000000000, 1.000000000000000000 ) ) ;
#3488 = ADVANCED_FACE ( 'NONE', ( #4256 ), #2594, .T. ) ;
#3489 = AXIS2_PLACEMENT_3D ( 'NONE', #1314, #265, #1332 ) ;
#3490 = CARTESIAN_POINT ( 'NONE',  ( 13.40000000000000600, 0.3000000000000066500, 2.539999999999972900 ) ) ;
#3491 = ORIENTED_EDGE ( 'NONE', *, *, #3841, .F. ) ;
#3492 = LINE ( 'NONE', #2116, #1867 ) ;
#3493 = ORIENTED_EDGE ( 'NONE', *, *, #433, .T. ) ;
#3494 = PLANE ( 'NONE',  #1073 ) ;
#3495 = PLANE ( 'NONE',  #2411 ) ;
#3496 = ORIENTED_EDGE ( 'NONE', *, *, #3594, .T. ) ;
#3497 = ORIENTED_EDGE ( 'NONE', *, *, #1089, .T. ) ;
#3498 = EDGE_CURVE ( 'NONE', #182, #4650, #3392, .T. ) ;
#3499 = LINE ( 'NONE', #759, #2174 ) ;
#3500 = ORIENTED_EDGE ( 'NONE', *, *, #2815, .F. ) ;
#3501 = ORIENTED_EDGE ( 'NONE', *, *, #4754, .F. ) ;
#3502 = LINE ( 'NONE', #4301, #2527 ) ;
#3503 = CARTESIAN_POINT ( 'NONE',  ( 4.999999999999996400, 5.778499608869254600, 3.449592267325071800 ) ) ;
#3504 = DIRECTION ( 'NONE',  ( 1.000000000000000000, 0.0000000000000000000, -0.0000000000000000000 ) ) ;
#3505 = EDGE_CURVE ( 'NONE', #1264, #2277, #4684, .T. ) ;
#3506 = LINE ( 'NONE', #201, #4182 ) ;
#3507 = ORIENTED_EDGE ( 'NONE', *, *, #2132, .F. ) ;
#3508 = CIRCLE ( 'NONE', #1392, 0.2999999999999999300 ) ;
#3509 = CARTESIAN_POINT ( 'NONE',  ( 12.70462891345259500, 5.700000000000001100, -10.40000000000000200 ) ) ;
#3510 = CARTESIAN_POINT ( 'NONE',  ( 4.999999999999996400, 4.321306437175211500, -1.276180276523490400 ) ) ;
#3511 = VERTEX_POINT ( 'NONE', #3303 ) ;
#3512 = AXIS2_PLACEMENT_3D ( 'NONE', #3930, #3073, #3825 ) ;
#3513 = CARTESIAN_POINT ( 'NONE',  ( 13.40000000000000400, 0.2000000000000057800, 2.539999999999972900 ) ) ;
#3514 = ADVANCED_FACE ( 'NONE', ( #84 ), #1092, .T. ) ;
#3515 = VECTOR ( 'NONE', #410, 1000.000000000000000 ) ;
#3516 = EDGE_LOOP ( 'NONE', ( #2431, #152, #2497, #1767 ) ) ;
#3517 = CARTESIAN_POINT ( 'NONE',  ( -14.27990567590549500, 1.700000000000002000, 5.990969551288745100 ) ) ;
#3518 = EDGE_CURVE ( 'NONE', #1261, #2588, #4436, .T. ) ;
#3519 = FACE_OUTER_BOUND ( 'NONE', #1047, .T. ) ;
#3520 = AXIS2_PLACEMENT_3D ( 'NONE', #1532, #2255, #59 ) ;
#3521 = VERTEX_POINT ( 'NONE', #748 ) ;
#3522 = CARTESIAN_POINT ( 'NONE',  ( 14.27990567590549500, 2.600000000000003200, 5.990969551288745100 ) ) ;
#3523 = LINE ( 'NONE', #2425, #2765 ) ;
#3524 = VERTEX_POINT ( 'NONE', #1851 ) ;
#3525 = EDGE_CURVE ( 'NONE', #571, #1691, #2058, .T. ) ;
#3526 = CARTESIAN_POINT ( 'NONE',  ( -4.974999999999997000, 5.700000000000001100, 4.376422909250778500 ) ) ;
#3527 = LINE ( 'NONE', #4561, #3118 ) ;
#3528 = CARTESIAN_POINT ( 'NONE',  ( 6.318828384886868900, 5.900000000000000400, 10.09999999999999800 ) ) ;
#3529 = VERTEX_POINT ( 'NONE', #3703 ) ;
#3530 = DIRECTION ( 'NONE',  ( -0.0000000000000000000, -1.000000000000000000, -0.0000000000000000000 ) ) ;
#3531 = EDGE_CURVE ( 'NONE', #3185, #3804, #259, .T. ) ;
#3532 = ORIENTED_EDGE ( 'NONE', *, *, #2673, .T. ) ;
#3533 = FACE_OUTER_BOUND ( 'NONE', #2642, .T. ) ;
#3534 = CARTESIAN_POINT ( 'NONE',  ( 13.60000000000001400, 1.700000000000000800, -10.40000000000000200 ) ) ;
#3535 = ADVANCED_FACE ( 'NONE', ( #3262 ), #2973, .T. ) ;
#3536 = ORIENTED_EDGE ( 'NONE', *, *, #1006, .T. ) ;
#3537 = CARTESIAN_POINT ( 'NONE',  ( 4.974999999999997000, 5.900000000000000400, 4.376422909250778500 ) ) ;
#3538 = LINE ( 'NONE', #3650, #2556 ) ;
#3539 = AXIS2_PLACEMENT_3D ( 'NONE', #4525, #67, #1588 ) ;
#3540 = LINE ( 'NONE', #3654, #808 ) ;
#3541 = ORIENTED_EDGE ( 'NONE', *, *, #2603, .T. ) ;
#3542 = CARTESIAN_POINT ( 'NONE',  ( 13.40000000000000400, 0.2000000000000057800, 2.539999999999972900 ) ) ;
#3543 = DIRECTION ( 'NONE',  ( -1.868706573620127700E-016, -1.000000000000000000, 0.0000000000000000000 ) ) ;
#3544 = CIRCLE ( 'NONE', #722, 1.500000000000000000 ) ;
#3545 = EDGE_CURVE ( 'NONE', #2895, #182, #826, .T. ) ;
#3546 = DIRECTION ( 'NONE',  ( 1.000000000000000000, -0.0000000000000000000, -0.0000000000000000000 ) ) ;
#3547 = LINE ( 'NONE', #2492, #2567 ) ;
#3548 = DIRECTION ( 'NONE',  ( -1.000000000000000000, 0.0000000000000000000, 0.0000000000000000000 ) ) ;
#3549 = ORIENTED_EDGE ( 'NONE', *, *, #1216, .F. ) ;
#3550 = CARTESIAN_POINT ( 'NONE',  ( -8.783293789344132300E-032, 4.447939412621781900E-014, 6.982962677686202600E-016 ) ) ;
#3551 = EDGE_LOOP ( 'NONE', ( #1852, #3484, #2074, #1838 ) ) ;
#3552 = PLANE ( 'NONE',  #1174 ) ;
#3553 = DIRECTION ( 'NONE',  ( -1.172110456741085800E-016, -0.0000000000000000000, -1.000000000000000000 ) ) ;
#3554 = VECTOR ( 'NONE', #1402, 1000.000000000000000 ) ;
#3555 = ORIENTED_EDGE ( 'NONE', *, *, #3557, .F. ) ;
#3556 = PLANE ( 'NONE',  #2769 ) ;
#3557 = EDGE_CURVE ( 'NONE', #1278, #4034, #4264, .T. ) ;
#3558 = CIRCLE ( 'NONE', #1716, 0.8400000000000005200 ) ;
#3559 = ORIENTED_EDGE ( 'NONE', *, *, #4531, .F. ) ;
#3560 = MANIFOLD_SOLID_BREP ( 'Cut-Extrude4', #2104 ) ;
#3561 = ORIENTED_EDGE ( 'NONE', *, *, #4017, .F. ) ;
#3562 = CARTESIAN_POINT ( 'NONE',  ( -3.810000000000000500, 0.2000000000000416400, -19.59999999999999400 ) ) ;
#3563 = DIRECTION ( 'NONE',  ( 0.0000000000000000000, -1.000000000000000000, -3.652049423109067200E-015 ) ) ;
#3564 = VECTOR ( 'NONE', #3174, 1000.000000000000000 ) ;
#3565 = ADVANCED_FACE ( 'NONE', ( #2700 ), #1286, .F. ) ;
#3566 = VECTOR ( 'NONE', #3781, 1000.000000000000000 ) ;
#3567 = EDGE_CURVE ( 'NONE', #1146, #3312, #4144, .T. ) ;
#3568 = EDGE_LOOP ( 'NONE', ( #1717, #2789, #4098, #4790 ) ) ;
#3569 = DIRECTION ( 'NONE',  ( 0.0000000000000000000, 0.0000000000000000000, -1.000000000000000000 ) ) ;
#3570 = LINE ( 'NONE', #1938, #1004 ) ;
#3571 = DIRECTION ( 'NONE',  ( 0.0000000000000000000, 0.0000000000000000000, 1.000000000000000000 ) ) ;
#3572 = DIRECTION ( 'NONE',  ( 8.572527594031492900E-017, 1.000000000000000000, -0.0000000000000000000 ) ) ;
#3573 = ORIENTED_EDGE ( 'NONE', *, *, #3599, .T. ) ;
#3574 = DIRECTION ( 'NONE',  ( 0.0000000000000000000, 1.000000000000000000, 0.0000000000000000000 ) ) ;
#3575 = AXIS2_PLACEMENT_3D ( 'NONE', #2912, #4741, #1771 ) ;
#3576 = VECTOR ( 'NONE', #4652, 1000.000000000000000 ) ;
#3577 = ORIENTED_EDGE ( 'NONE', *, *, #1739, .F. ) ;
#3578 = LINE ( 'NONE', #37, #2817 ) ;
#3579 = CARTESIAN_POINT ( 'NONE',  ( 14.71000000000000100, 0.2000000000000095300, 0.6499999999999712700 ) ) ;
#3580 = AXIS2_PLACEMENT_3D ( 'NONE', #1354, #970, #1727 ) ;
#3581 = DIRECTION ( 'NONE',  ( -1.000000000000000000, 0.0000000000000000000, 0.0000000000000000000 ) ) ;
#3582 = CARTESIAN_POINT ( 'NONE',  ( 6.318828384886868900, 5.900000000000000400, 11.10000000000000100 ) ) ;
#3583 = CYLINDRICAL_SURFACE ( 'NONE', #3761, 0.09999999999999766000 ) ;
#3584 = DIRECTION ( 'NONE',  ( -1.000000000000000000, 0.0000000000000000000, 0.0000000000000000000 ) ) ;
#3585 = ORIENTED_EDGE ( 'NONE', *, *, #2218, .T. ) ;
#3586 = AXIS2_PLACEMENT_3D ( 'NONE', #916, #3847, #3487 ) ;
#3587 = CYLINDRICAL_SURFACE ( 'NONE', #382, 0.2999999999999999300 ) ;
#3588 = ADVANCED_FACE ( 'NONE', ( #554 ), #1708, .F. ) ;
#3589 = ORIENTED_EDGE ( 'NONE', *, *, #3655, .F. ) ;
#3590 = CARTESIAN_POINT ( 'NONE',  ( -8.024999999999998600, 5.900000000000000400, -1.236852576628401300 ) ) ;
#3591 = VERTEX_POINT ( 'NONE', #4170 ) ;
#3592 = CYLINDRICAL_SURFACE ( 'NONE', #1840, 1.000000000000004400 ) ;
#3593 = ORIENTED_EDGE ( 'NONE', *, *, #3986, .F. ) ;
#3594 = EDGE_CURVE ( 'NONE', #2016, #508, #2473, .T. ) ;
#3595 = CARTESIAN_POINT ( 'NONE',  ( 3.809999999999999600, 4.167510692510406500E-014, -19.59999999999999800 ) ) ;
#3596 = EDGE_LOOP ( 'NONE', ( #284, #3956, #1558, #3001 ) ) ;
#3597 = LINE ( 'NONE', #3542, #2092 ) ;
#3598 = CARTESIAN_POINT ( 'NONE',  ( -15.55000000000000100, 9.595189226496714200E-015, -3.850000000000028500 ) ) ;
#3599 = EDGE_CURVE ( 'NONE', #4796, #3529, #2585, .T. ) ;
#3600 = CARTESIAN_POINT ( 'NONE',  ( 13.29999999999999900, 5.900000000000000400, 4.399999999999999500 ) ) ;
#3601 = ORIENTED_EDGE ( 'NONE', *, *, #3766, .T. ) ;
#3602 = VERTEX_POINT ( 'NONE', #2327 ) ;
#3603 = CARTESIAN_POINT ( 'NONE',  ( 10.63305127170896500, 4.053774859651074000E-014, -10.90000000000002500 ) ) ;
#3604 = CARTESIAN_POINT ( 'NONE',  ( -13.40000000000000200, 4.100000000000003200, 4.399999999999999500 ) ) ;
#3605 = DIRECTION ( 'NONE',  ( 1.000000000000000000, 1.868706573620127700E-016, 0.0000000000000000000 ) ) ;
#3606 = EDGE_LOOP ( 'NONE', ( #2687, #1384, #821, #1328 ) ) ;
#3607 = AXIS2_PLACEMENT_3D ( 'NONE', #4602, #844, #131 ) ;
#3608 = ORIENTED_EDGE ( 'NONE', *, *, #767, .T. ) ;
#3609 = CARTESIAN_POINT ( 'NONE',  ( -13.40000000000000400, 5.751430567038554200E-015, 2.539999999999972900 ) ) ;
#3610 = DIRECTION ( 'NONE',  ( 0.0000000000000000000, -3.491481338843133400E-015, 1.000000000000000000 ) ) ;
#3611 = ADVANCED_FACE ( 'NONE', ( #4567 ), #2180, .F. ) ;
#3612 = LINE ( 'NONE', #3234, #3730 ) ;
#3613 = VERTEX_POINT ( 'NONE', #109 ) ;
#3614 = DIRECTION ( 'NONE',  ( 0.0000000000000000000, 0.0000000000000000000, -1.000000000000000000 ) ) ;
#3615 = VERTEX_POINT ( 'NONE', #1197 ) ;
#3616 = DIRECTION ( 'NONE',  ( 0.0000000000000000000, 0.0000000000000000000, 1.000000000000000000 ) ) ;
#3617 = VERTEX_POINT ( 'NONE', #3425 ) ;
#3618 = CARTESIAN_POINT ( 'NONE',  ( 14.71000000000000100, 0.2000000000000095300, -3.850000000000028500 ) ) ;
#3619 = VECTOR ( 'NONE', #2967, 1000.000000000000000 ) ;
#3620 = CARTESIAN_POINT ( 'NONE',  ( -3.809999999999999200, 0.3000000000000413400, -14.60000000000002100 ) ) ;
#3621 = VERTEX_POINT ( 'NONE', #3048 ) ;
#3622 = EDGE_CURVE ( 'NONE', #1905, #3591, #2427, .T. ) ;
#3623 = CARTESIAN_POINT ( 'NONE',  ( -13.70000000000000600, 0.3000000000000057600, -5.740000000000026000 ) ) ;
#3624 = ORIENTED_EDGE ( 'NONE', *, *, #668, .T. ) ;
#3625 = DIRECTION ( 'NONE',  ( 0.0000000000000000000, 0.0000000000000000000, -1.000000000000000000 ) ) ;
#3626 = VECTOR ( 'NONE', #1019, 1000.000000000000000 ) ;
#3627 = EDGE_CURVE ( 'NONE', #1042, #3458, #2236, .T. ) ;
#3628 = CARTESIAN_POINT ( 'NONE',  ( -4.999999999999996400, 2.304219872357979000, 4.376422909250776700 ) ) ;
#3629 = VECTOR ( 'NONE', #1101, 1000.000000000000000 ) ;
#3630 = CARTESIAN_POINT ( 'NONE',  ( -4.999999999999997300, 4.321306437175211500, -3.217856110194154100 ) ) ;
#3631 = EDGE_LOOP ( 'NONE', ( #308, #3210, #651, #3122 ) ) ;
#3632 = CARTESIAN_POINT ( 'NONE',  ( -13.40000000000000400, 5.751430567038554200E-015, -5.740000000000026000 ) ) ;
#3633 = AXIS2_PLACEMENT_3D ( 'NONE', #4011, #2521, #3313 ) ;
#3634 = LINE ( 'NONE', #4048, #2070 ) ;
#3635 = ORIENTED_EDGE ( 'NONE', *, *, #3954, .F. ) ;
#3636 = CARTESIAN_POINT ( 'NONE',  ( -13.29999999999999900, 5.600000000000003200, 4.399999999999999500 ) ) ;
#3637 = CARTESIAN_POINT ( 'NONE',  ( -13.60000000000001400, 1.700000000000000800, -10.40000000000000200 ) ) ;
#3638 = FACE_OUTER_BOUND ( 'NONE', #2611, .T. ) ;
#3639 = AXIS2_PLACEMENT_3D ( 'NONE', #1823, #1052, #1837 ) ;
#3640 = CARTESIAN_POINT ( 'NONE',  ( -7.999999999999996400, 4.321306437175211500, -1.276180276523490400 ) ) ;
#3641 = ORIENTED_EDGE ( 'NONE', *, *, #2142, .F. ) ;
#3642 = VECTOR ( 'NONE', #1105, 1000.000000000000100 ) ;
#3643 = CARTESIAN_POINT ( 'NONE',  ( 7.999999999999996400, 4.621306437175211300, -1.276180276523490400 ) ) ;
#3644 = ORIENTED_EDGE ( 'NONE', *, *, #543, .F. ) ;
#3645 = AXIS2_PLACEMENT_3D ( 'NONE', #2562, #4412, #3261 ) ;
#3646 = CARTESIAN_POINT ( 'NONE',  ( -6.318828384886868900, 5.900000000000000400, 10.09999999999999800 ) ) ;
#3647 = EDGE_CURVE ( 'NONE', #1278, #2891, #606, .T. ) ;
#3648 = CARTESIAN_POINT ( 'NONE',  ( 1.697300229945129200E-029, 4.053774859651074000E-014, -10.90000000000002500 ) ) ;
#3649 = CARTESIAN_POINT ( 'NONE',  ( 4.999999999999996400, 4.521306437175210700, -1.236852576628402200 ) ) ;
#3650 = CARTESIAN_POINT ( 'NONE',  ( 13.40000000000000600, 0.3000000000000066500, -5.740000000000026000 ) ) ;
#3651 = VERTEX_POINT ( 'NONE', #2306 ) ;
#3652 = VECTOR ( 'NONE', #1984, 1000.000000000000000 ) ;
#3653 = DIRECTION ( 'NONE',  ( -1.000000000000000000, 0.0000000000000000000, 1.172110456741085800E-016 ) ) ;
#3654 = CARTESIAN_POINT ( 'NONE',  ( 13.42469905667219800, 2.600000000000003200, 4.519203148460198000 ) ) ;
#3655 = EDGE_CURVE ( 'NONE', #3621, #3273, #497, .T. ) ;
#3656 = FACE_OUTER_BOUND ( 'NONE', #3551, .T. ) ;
#3657 = CARTESIAN_POINT ( 'NONE',  ( 13.60000000000000700, 0.3000000000000060400, 2.539999999999972900 ) ) ;
#3658 = VECTOR ( 'NONE', #1049, 1000.000000000000000 ) ;
#3659 = ORIENTED_EDGE ( 'NONE', *, *, #1216, .T. ) ;
#3660 = FACE_OUTER_BOUND ( 'NONE', #4387, .T. ) ;
#3661 = ADVANCED_FACE ( 'NONE', ( #2117 ), #485, .T. ) ;
#3662 = ORIENTED_EDGE ( 'NONE', *, *, #4696, .T. ) ;
#3663 = CARTESIAN_POINT ( 'NONE',  ( 4.999999999999996400, 5.778499608869254600, 3.449592267325071800 ) ) ;
#3664 = CIRCLE ( 'NONE', #903, 0.3000000000000000400 ) ;
#3665 = ORIENTED_EDGE ( 'NONE', *, *, #4724, .T. ) ;
#3666 = DIRECTION ( 'NONE',  ( 3.469446951953613400E-015, -1.000000000000000000, -2.168404344971008600E-016 ) ) ;
#3667 = EDGE_LOOP ( 'NONE', ( #1021, #3327, #99, #1807 ) ) ;
#3668 = ORIENTED_EDGE ( 'NONE', *, *, #2011, .T. ) ;
#3669 = DIRECTION ( 'NONE',  ( 8.572527594031491700E-017, 1.000000000000000000, -0.0000000000000000000 ) ) ;
#3670 = DIRECTION ( 'NONE',  ( -1.000000000000000000, 0.0000000000000000000, 0.0000000000000000000 ) ) ;
#3671 = CARTESIAN_POINT ( 'NONE',  ( 10.63305127170896500, 5.900000000000000400, -11.10000000000000500 ) ) ;
#3672 = LINE ( 'NONE', #2234, #1400 ) ;
#3673 = ORIENTED_EDGE ( 'NONE', *, *, #911, .F. ) ;
#3674 = EDGE_CURVE ( 'NONE', #3948, #3295, #4324, .T. ) ;
#3675 = VERTEX_POINT ( 'NONE', #55 ) ;
#3676 =( GEOMETRIC_REPRESENTATION_CONTEXT ( 3 ) GLOBAL_UNCERTAINTY_ASSIGNED_CONTEXT ( ( #2198 ) ) GLOBAL_UNIT_ASSIGNED_CONTEXT ( ( #763, #419, #1130 ) ) REPRESENTATION_CONTEXT ( 'NONE', 'WORKASPACE' ) );
#3677 = VECTOR ( 'NONE', #4225, 1000.000000000000000 ) ;
#3678 = DIRECTION ( 'NONE',  ( 0.0000000000000000000, 1.000000000000000000, 0.0000000000000000000 ) ) ;
#3679 = VERTEX_POINT ( 'NONE', #1545 ) ;
#3680 = CARTESIAN_POINT ( 'NONE',  ( -4.999999999999996400, 4.521306437175210700, -1.276180276523490400 ) ) ;
#3681 = CARTESIAN_POINT ( 'NONE',  ( 4.999999999999996400, 4.521306437175210700, -1.276180276523490400 ) ) ;
#3682 = FACE_OUTER_BOUND ( 'NONE', #4786, .T. ) ;
#3683 = EDGE_CURVE ( 'NONE', #849, #4619, #1342, .T. ) ;
#3684 = CARTESIAN_POINT ( 'NONE',  ( 12.69999999999999900, 5.700000000000001100, 5.699999999999999300 ) ) ;
#3685 = LINE ( 'NONE', #3330, #1186 ) ;
#3686 = DIRECTION ( 'NONE',  ( 0.0000000000000000000, 0.0000000000000000000, -1.000000000000000000 ) ) ;
#3687 = ADVANCED_FACE ( 'NONE', ( #443 ), #3015, .T. ) ;
#3688 = DIRECTION ( 'NONE',  ( 1.000000000000000000, -0.0000000000000000000, -0.0000000000000000000 ) ) ;
#3689 = DIRECTION ( 'NONE',  ( -1.000000000000000000, -0.0000000000000000000, -0.0000000000000000000 ) ) ;
#3690 = EDGE_LOOP ( 'NONE', ( #71, #3245, #1113, #4284 ) ) ;
#3691 = EDGE_CURVE ( 'NONE', #44, #3615, #1408, .T. ) ;
#3692 = LINE ( 'NONE', #2245, #3334 ) ;
#3693 = DIRECTION ( 'NONE',  ( 0.3973438282006626100, -1.387318561267105800E-015, -0.9176698110926622100 ) ) ;
#3694 = ORIENTED_EDGE ( 'NONE', *, *, #3106, .F. ) ;
#3695 = CARTESIAN_POINT ( 'NONE',  ( 4.974999999999997000, 5.700000000000001100, 4.376422909250778500 ) ) ;
#3696 = LINE ( 'NONE', #2869, #342 ) ;
#3697 = AXIS2_PLACEMENT_3D ( 'NONE', #3449, #1274, #3885 ) ;
#3698 = ORIENTED_EDGE ( 'NONE', *, *, #2777, .T. ) ;
#3699 = VECTOR ( 'NONE', #1324, 1000.000000000000000 ) ;
#3700 = DIRECTION ( 'NONE',  ( 1.000000000000000000, 0.0000000000000000000, 1.172110456741085800E-016 ) ) ;
#3701 = ORIENTED_EDGE ( 'NONE', *, *, #398, .F. ) ;
#3702 = ORIENTED_EDGE ( 'NONE', *, *, #550, .T. ) ;
#3703 = CARTESIAN_POINT ( 'NONE',  ( 13.40000000000001100, 1.700000000000000200, 2.539999999999972900 ) ) ;
#3704 = EDGE_CURVE ( 'NONE', #4072, #1888, #1464, .T. ) ;
#3705 = AXIS2_PLACEMENT_3D ( 'NONE', #3341, #3034, #3752 ) ;
#3706 = DIRECTION ( 'NONE',  ( -8.572527594031492900E-017, 1.000000000000000000, 0.0000000000000000000 ) ) ;
#3707 = EDGE_LOOP ( 'NONE', ( #2992, #2616, #2449, #831 ) ) ;
#3708 = LINE ( 'NONE', #2006, #3884 ) ;
#3709 = ORIENTED_EDGE ( 'NONE', *, *, #2876, .F. ) ;
#3710 = DIRECTION ( 'NONE',  ( 8.572527594031491700E-017, -1.000000000000000000, -0.0000000000000000000 ) ) ;
#3711 = CARTESIAN_POINT ( 'NONE',  ( -13.39999999999999700, 5.600000000000003200, -10.40000000000000200 ) ) ;
#3712 = ORIENTED_EDGE ( 'NONE', *, *, #2307, .T. ) ;
#3713 = ADVANCED_FACE ( 'NONE', ( #3153 ), #1145, .T. ) ;
#3714 = FACE_OUTER_BOUND ( 'NONE', #2085, .T. ) ;
#3715 = EDGE_CURVE ( 'NONE', #4765, #353, #3202, .T. ) ;
#3716 = CARTESIAN_POINT ( 'NONE',  ( 10.63305127170896500, 1.900000000000002100, -11.10000000000001900 ) ) ;
#3717 = VERTEX_POINT ( 'NONE', #1625 ) ;
#3718 = PLANE ( 'NONE',  #2219 ) ;
#3719 = CARTESIAN_POINT ( 'NONE',  ( 13.40000000000000600, 0.3000000000000066500, -5.740000000000026000 ) ) ;
#3720 = EDGE_CURVE ( 'NONE', #4554, #1151, #4019, .T. ) ;
#3721 = CARTESIAN_POINT ( 'NONE',  ( -6.499999999999997300, 5.700000000000001100, -3.217856110194154100 ) ) ;
#3722 = DIRECTION ( 'NONE',  ( 5.546767395662022700E-018, -1.000000000000000000, 1.437693676597985000E-016 ) ) ;
#3723 = VERTEX_POINT ( 'NONE', #2785 ) ;
#3724 = FACE_OUTER_BOUND ( 'NONE', #1598, .T. ) ;
#3725 = ORIENTED_EDGE ( 'NONE', *, *, #3691, .F. ) ;
#3726 = VERTEX_POINT ( 'NONE', #1640 ) ;
#3727 = DIRECTION ( 'NONE',  ( 0.0000000000000000000, 0.0000000000000000000, -1.000000000000000000 ) ) ;
#3728 = AXIS2_PLACEMENT_3D ( 'NONE', #3004, #1854, #1149 ) ;
#3729 = DIRECTION ( 'NONE',  ( 0.0000000000000000000, 1.000000000000000000, 0.0000000000000000000 ) ) ;
#3730 = VECTOR ( 'NONE', #2537, 1000.000000000000000 ) ;
#3731 = ORIENTED_EDGE ( 'NONE', *, *, #609, .T. ) ;
#3732 = CARTESIAN_POINT ( 'NONE',  ( -10.63305127170896500, 5.899999999999999500, -10.80000000000000600 ) ) ;
#3733 = EDGE_LOOP ( 'NONE', ( #3975, #1477, #680, #2797 ) ) ;
#3734 = ORIENTED_EDGE ( 'NONE', *, *, #2544, .F. ) ;
#3735 = CARTESIAN_POINT ( 'NONE',  ( -13.70000000000000600, 0.2000000000000057300, 2.539999999999972900 ) ) ;
#3736 = LINE ( 'NONE', #2605, #3619 ) ;
#3737 = CARTESIAN_POINT ( 'NONE',  ( 13.60000000000001000, 1.699999999999997700, 2.539999999999972900 ) ) ;
#3738 = ORIENTED_EDGE ( 'NONE', *, *, #1630, .F. ) ;
#3739 = VECTOR ( 'NONE', #3625, 1000.000000000000000 ) ;
#3740 = AXIS2_PLACEMENT_3D ( 'NONE', #4781, #1828, #4014 ) ;
#3741 = ORIENTED_EDGE ( 'NONE', *, *, #1225, .F. ) ;
#3742 = DIRECTION ( 'NONE',  ( -0.0000000000000000000, 0.0000000000000000000, 1.000000000000000000 ) ) ;
#3743 = DIRECTION ( 'NONE',  ( 0.0000000000000000000, 1.000000000000000000, 0.0000000000000000000 ) ) ;
#3744 = PRODUCT_DEFINITION_SHAPE ( 'NONE', 'NONE',  #3802 ) ;
#3745 = VECTOR ( 'NONE', #2615, 1000.000000000000000 ) ;
#3746 = EDGE_CURVE ( 'NONE', #849, #1369, #3506, .T. ) ;
#3747 = PLANE ( 'NONE',  #3539 ) ;
#3748 = CARTESIAN_POINT ( 'NONE',  ( 6.318828384886868900, 5.700000000000001100, 11.10000000000000100 ) ) ;
#3749 = ORIENTED_EDGE ( 'NONE', *, *, #2698, .F. ) ;
#3750 = DIRECTION ( 'NONE',  ( 1.000000000000000000, 0.0000000000000000000, 0.0000000000000000000 ) ) ;
#3751 = CIRCLE ( 'NONE', #1266, 0.09999999999999939500 ) ;
#3752 = DIRECTION ( 'NONE',  ( -1.000000000000000000, 0.0000000000000000000, 0.0000000000000000000 ) ) ;
#3753 = ORIENTED_EDGE ( 'NONE', *, *, #2597, .F. ) ;
#3754 = AXIS2_PLACEMENT_3D ( 'NONE', #2503, #2822, #1305 ) ;
#3755 = FACE_OUTER_BOUND ( 'NONE', #1544, .T. ) ;
#3756 = DIRECTION ( 'NONE',  ( 3.469446951953613400E-015, -1.000000000000000000, -2.168404344971008600E-016 ) ) ;
#3757 = CARTESIAN_POINT ( 'NONE',  ( 4.999999999999996400, 4.331443352126995300, -1.198853748563604800 ) ) ;
#3758 = EDGE_LOOP ( 'NONE', ( #1492, #4476, #188, #1013 ) ) ;
#3759 = ADVANCED_FACE ( 'NONE', ( #4077 ), #3592, .T. ) ;
#3760 = FACE_OUTER_BOUND ( 'NONE', #3128, .T. ) ;
#3761 = AXIS2_PLACEMENT_3D ( 'NONE', #720, #2958, #4075 ) ;
#3762 = EDGE_LOOP ( 'NONE', ( #971, #2606 ) ) ;
#3763 = DIRECTION ( 'NONE',  ( -0.0000000000000000000, -0.0000000000000000000, 1.000000000000000000 ) ) ;
#3764 = PLANE ( 'NONE',  #3943 ) ;
#3765 = EDGE_LOOP ( 'NONE', ( #319, #4361, #2146, #4330 ) ) ;
#3766 = EDGE_CURVE ( 'NONE', #1072, #2232, #1853, .T. ) ;
#3767 = VECTOR ( 'NONE', #1207, 1000.000000000000000 ) ;
#3768 = AXIS2_PLACEMENT_3D ( 'NONE', #3172, #3967, #2851 ) ;
#3769 = CARTESIAN_POINT ( 'NONE',  ( 13.60000000000001000, 1.699999999999997700, 2.539999999999972900 ) ) ;
#3770 = ORIENTED_EDGE ( 'NONE', *, *, #714, .F. ) ;
#3771 = CARTESIAN_POINT ( 'NONE',  ( 12.69999999999999900, 5.700000000000001100, 4.399999999999999500 ) ) ;
#3772 = COLOUR_RGB ( '',0.7921568627450980000, 0.8196078431372548800, 0.9333333333333333500 ) ;
#3773 = EDGE_CURVE ( 'NONE', #165, #1055, #455, .T. ) ;
#3774 = ORIENTED_EDGE ( 'NONE', *, *, #1839, .T. ) ;
#3775 = VECTOR ( 'NONE', #1327, 999.9999999999998900 ) ;
#3776 = DIRECTION ( 'NONE',  ( 0.0000000000000000000, -0.2577550931996183100, -0.9662102834940518000 ) ) ;
#3777 = DIRECTION ( 'NONE',  ( -0.0000000000000000000, -0.0000000000000000000, -1.000000000000000000 ) ) ;
#3778 = CARTESIAN_POINT ( 'NONE',  ( 4.999999999999996400, 4.524685408825805900, -1.250404767203528800 ) ) ;
#3779 = VERTEX_POINT ( 'NONE', #2439 ) ;
#3780 = CARTESIAN_POINT ( 'NONE',  ( 12.70462891345259500, 5.600000000000003200, -11.10000000000000500 ) ) ;
#3781 = DIRECTION ( 'NONE',  ( -5.546767395662023500E-018, 1.000000000000000000, -1.437693676597972700E-016 ) ) ;
#3782 = EDGE_CURVE ( 'NONE', #2968, #1760, #952, .T. ) ;
#3783 = DIRECTION ( 'NONE',  ( 1.000000000000000000, 8.572527594031398000E-017, 0.0000000000000000000 ) ) ;
#3784 = ADVANCED_FACE ( 'NONE', ( #1836 ), #1607, .F. ) ;
#3785 = ORIENTED_EDGE ( 'NONE', *, *, #2555, .F. ) ;
#3786 = VERTEX_POINT ( 'NONE', #901 ) ;
#3787 = LINE ( 'NONE', #2248, #2747 ) ;
#3788 = DIRECTION ( 'NONE',  ( -0.3973438282006626100, -0.0000000000000000000, 0.9176698110926622100 ) ) ;
#3789 = EDGE_LOOP ( 'NONE', ( #839, #599, #2872, #2175 ) ) ;
#3790 = ORIENTED_EDGE ( 'NONE', *, *, #2955, .T. ) ;
#3791 = LINE ( 'NONE', #547, #3677 ) ;
#3792 = VECTOR ( 'NONE', #4512, 1000.000000000000000 ) ;
#3793 = CARTESIAN_POINT ( 'NONE',  ( 4.974999999999995200, 5.900000000000000400, -1.236852576628402200 ) ) ;
#3794 = EDGE_CURVE ( 'NONE', #3521, #4008, #2235, .T. ) ;
#3795 = DIRECTION ( 'NONE',  ( 1.000000000000000000, -0.0000000000000000000, -0.0000000000000000000 ) ) ;
#3796 = EDGE_LOOP ( 'NONE', ( #2570, #4243, #2996, #960 ) ) ;
#3797 = AXIS2_PLACEMENT_3D ( 'NONE', #2020, #838, #1986 ) ;
#3798 = DIRECTION ( 'NONE',  ( 1.000000000000000000, -0.0000000000000000000, -0.0000000000000000000 ) ) ;
#3799 = DIRECTION ( 'NONE',  ( -1.000000000000000000, 3.061276722312026800E-015, 0.0000000000000000000 ) ) ;
#3800 = ORIENTED_EDGE ( 'NONE', *, *, #4688, .T. ) ;
#3801 = VECTOR ( 'NONE', #4465, 1000.000000000000000 ) ;
#3802 = PRODUCT_DEFINITION ( 'UNKNOWN', '', #4043, #2037 ) ;
#3803 = EDGE_CURVE ( 'NONE', #1383, #174, #998, .T. ) ;
#3804 = VERTEX_POINT ( 'NONE', #2426 ) ;
#3805 = ADVANCED_FACE ( 'NONE', ( #2055 ), #1070, .F. ) ;
#3806 = LINE ( 'NONE', #462, #2709 ) ;
#3807 = VERTEX_POINT ( 'NONE', #1228 ) ;
#3808 = EDGE_CURVE ( 'NONE', #1107, #1090, #2776, .T. ) ;
#3809 = DIRECTION ( 'NONE',  ( 8.572527594031491700E-017, 1.000000000000000000, -0.0000000000000000000 ) ) ;
#3810 = VECTOR ( 'NONE', #945, 999.9999999999998900 ) ;
#3811 = DIRECTION ( 'NONE',  ( 0.0000000000000000000, -0.0000000000000000000, 1.000000000000000000 ) ) ;
#3812 = ORIENTED_EDGE ( 'NONE', *, *, #2865, .F. ) ;
#3813 = CARTESIAN_POINT ( 'NONE',  ( -3.810000000000000500, 4.164530716451269800E-014, -19.59999999999999400 ) ) ;
#3814 = CARTESIAN_POINT ( 'NONE',  ( -13.40000000000000600, 0.3000000000000066500, -5.740000000000026000 ) ) ;
#3815 = DIRECTION ( 'NONE',  ( 0.0000000000000000000, -1.000000000000000000, 0.0000000000000000000 ) ) ;
#3816 = LINE ( 'NONE', #1195, #3699 ) ;
#3817 = EDGE_CURVE ( 'NONE', #1311, #2707, #160, .T. ) ;
#3818 = EDGE_LOOP ( 'NONE', ( #2054, #80, #3940, #2525 ) ) ;
#3819 = CARTESIAN_POINT ( 'NONE',  ( -9.763181178145382300, 5.700000000000001100, -10.40000000000000200 ) ) ;
#3820 = CARTESIAN_POINT ( 'NONE',  ( -13.40000000000001100, 1.700000000000000200, 1.570628012033056100E-015 ) ) ;
#3821 = CARTESIAN_POINT ( 'NONE',  ( -13.60000000000001000, 1.700000000000000800, 4.399999999999999500 ) ) ;
#3822 = ORIENTED_EDGE ( 'NONE', *, *, #732, .T. ) ;
#3823 = FACE_OUTER_BOUND ( 'NONE', #207, .T. ) ;
#3824 = ORIENTED_EDGE ( 'NONE', *, *, #4113, .T. ) ;
#3825 = DIRECTION ( 'NONE',  ( 1.000000000000000000, -9.680376540049140900E-017, 0.0000000000000000000 ) ) ;
#3826 = AXIS2_PLACEMENT_3D ( 'NONE', #4061, #4438, #3283 ) ;
#3827 = CARTESIAN_POINT ( 'NONE',  ( -3.809999999999999200, 5.599999999999999600, -14.50000000000000200 ) ) ;
#3828 = ORIENTED_EDGE ( 'NONE', *, *, #3061, .T. ) ;
#3829 = VECTOR ( 'NONE', #4084, 1000.000000000000000 ) ;
#3830 = PLANE ( 'NONE',  #4633 ) ;
#3831 = DIRECTION ( 'NONE',  ( -0.0000000000000000000, -1.000000000000000000, -3.652049423109067200E-015 ) ) ;
#3832 = ADVANCED_FACE ( 'NONE', ( #1537 ), #2018, .T. ) ;
#3833 = CIRCLE ( 'NONE', #811, 0.2999999999999999300 ) ;
#3834 = AXIS2_PLACEMENT_3D ( 'NONE', #3096, #3865, #185 ) ;
#3835 = CARTESIAN_POINT ( 'NONE',  ( -7.999999999999996400, 5.585257552170444800, 3.501143285964995600 ) ) ;
#3836 = VERTEX_POINT ( 'NONE', #872 ) ;
#3837 = CARTESIAN_POINT ( 'NONE',  ( 14.27990567590549500, 2.600000000000003200, 5.990969551288745100 ) ) ;
#3838 = EDGE_LOOP ( 'NONE', ( #96, #301, #2319, #1026 ) ) ;
#3839 = DIRECTION ( 'NONE',  ( -1.000000000000000000, 0.0000000000000000000, 0.0000000000000000000 ) ) ;
#3840 = VECTOR ( 'NONE', #4670, 1000.000000000000000 ) ;
#3841 = EDGE_CURVE ( 'NONE', #3078, #597, #407, .T. ) ;
#3842 = ORIENTED_EDGE ( 'NONE', *, *, #1469, .T. ) ;
#3843 = FACE_OUTER_BOUND ( 'NONE', #3962, .T. ) ;
#3844 = CARTESIAN_POINT ( 'NONE',  ( 13.69999999999999900, 2.600000000000003200, 4.399999999999999500 ) ) ;
#3845 = ORIENTED_EDGE ( 'NONE', *, *, #1456, .F. ) ;
#3846 = ORIENTED_EDGE ( 'NONE', *, *, #4791, .T. ) ;
#3847 = DIRECTION ( 'NONE',  ( 1.000000000000000000, -0.0000000000000000000, -0.0000000000000000000 ) ) ;
#3848 = EDGE_CURVE ( 'NONE', #4655, #165, #151, .T. ) ;
#3849 = EDGE_LOOP ( 'NONE', ( #3088, #1573, #3218, #1096 ) ) ;
#3850 = DIRECTION ( 'NONE',  ( -1.000000000000000000, 4.186962248049520900E-016, -0.0000000000000000000 ) ) ;
#3851 = CYLINDRICAL_SURFACE ( 'NONE', #2625, 3.595780127642021800 ) ;
#3852 = EDGE_LOOP ( 'NONE', ( #4275, #4586, #3491, #3541 ) ) ;
#3853 = ORIENTED_EDGE ( 'NONE', *, *, #1546, .F. ) ;
#3854 = CARTESIAN_POINT ( 'NONE',  ( 4.233077936443648900E-016, 0.2000000000000419200, -18.04000000000001000 ) ) ;
#3855 = AXIS2_PLACEMENT_3D ( 'NONE', #4497, #2900, #2363 ) ;
#3856 = DIRECTION ( 'NONE',  ( 0.0000000000000000000, 0.0000000000000000000, 1.000000000000000000 ) ) ;
#3857 = CIRCLE ( 'NONE', #3396, 0.3000000000000016500 ) ;
#3858 = ADVANCED_FACE ( 'NONE', ( #2106 ), #2099, .F. ) ;
#3859 = ORIENTED_EDGE ( 'NONE', *, *, #2191, .F. ) ;
#3860 = CARTESIAN_POINT ( 'NONE',  ( 3.810000000000000900, 4.239230494418322300E-014, -14.90000000000002200 ) ) ;
#3861 = VECTOR ( 'NONE', #909, 1000.000000000000000 ) ;
#3862 = EDGE_CURVE ( 'NONE', #2620, #1691, #648, .T. ) ;
#3863 = CARTESIAN_POINT ( 'NONE',  ( 13.40000000000000600, 0.3000000000000066500, 2.539999999999972900 ) ) ;
#3864 = AXIS2_PLACEMENT_3D ( 'NONE', #2286, #2652, #1543 ) ;
#3865 = DIRECTION ( 'NONE',  ( 8.572527594031491700E-017, -1.000000000000000000, -0.0000000000000000000 ) ) ;
#3866 = LINE ( 'NONE', #1877, #3629 ) ;
#3867 = ORIENTED_EDGE ( 'NONE', *, *, #2999, .T. ) ;
#3868 = FACE_OUTER_BOUND ( 'NONE', #1805, .T. ) ;
#3869 = EDGE_CURVE ( 'NONE', #338, #3836, #1454, .T. ) ;
#3870 = PLANE ( 'NONE',  #989 ) ;
#3871 = DIRECTION ( 'NONE',  ( 0.0000000000000000000, -0.0000000000000000000, -1.000000000000000000 ) ) ;
#3872 = ORIENTED_EDGE ( 'NONE', *, *, #4448, .F. ) ;
#3873 = VECTOR ( 'NONE', #4706, 1000.000000000000000 ) ;
#3874 = EDGE_LOOP ( 'NONE', ( #4255, #1556, #906, #2359 ) ) ;
#3875 = CARTESIAN_POINT ( 'NONE',  ( 7.999999999999996400, 4.521306437175210700, -3.217856110194154100 ) ) ;
#3876 = ORIENTED_EDGE ( 'NONE', *, *, #732, .F. ) ;
#3877 = EDGE_CURVE ( 'NONE', #533, #1288, #1333, .T. ) ;
#3878 = LINE ( 'NONE', #851, #4230 ) ;
#3879 = DIRECTION ( 'NONE',  ( 8.758115402030108600E-047, 1.000000000000000000, 3.347711971183336500E-015 ) ) ;
#3880 = ORIENTED_EDGE ( 'NONE', *, *, #1131, .T. ) ;
#3881 = ADVANCED_FACE ( 'NONE', ( #489 ), #2167, .T. ) ;
#3882 = DIRECTION ( 'NONE',  ( -3.061276722312026400E-015, -1.000000000000000000, 0.0000000000000000000 ) ) ;
#3883 = VERTEX_POINT ( 'NONE', #218 ) ;
#3884 = VECTOR ( 'NONE', #1235, 1000.000000000000000 ) ;
#3885 = DIRECTION ( 'NONE',  ( 0.0000000000000000000, 0.0000000000000000000, 1.000000000000000000 ) ) ;
#3886 = DIRECTION ( 'NONE',  ( -8.572527594031492900E-017, 1.000000000000000000, 0.0000000000000000000 ) ) ;
#3887 = DIRECTION ( 'NONE',  ( -1.000000000000000000, -0.0000000000000000000, -0.0000000000000000000 ) ) ;
#3888 = ORIENTED_EDGE ( 'NONE', *, *, #4618, .T. ) ;
#3889 = AXIS2_PLACEMENT_3D ( 'NONE', #1265, #3809, #1966 ) ;
#3890 = PLANE ( 'NONE',  #1560 ) ;
#3891 = ORIENTED_EDGE ( 'NONE', *, *, #4773, .F. ) ;
#3892 = DIRECTION ( 'NONE',  ( -0.0000000000000000000, -0.2577550931996182600, -0.9662102834940519100 ) ) ;
#3893 = AXIS2_PLACEMENT_3D ( 'NONE', #1480, #3347, #4464 ) ;
#3894 = DIRECTION ( 'NONE',  ( -0.0000000000000000000, -1.000000000000000000, -3.652049423109067200E-015 ) ) ;
#3895 = EDGE_CURVE ( 'NONE', #2952, #1710, #3492, .T. ) ;
#3896 = ORIENTED_EDGE ( 'NONE', *, *, #1442, .F. ) ;
#3897 = CIRCLE ( 'NONE', #4532, 0.09999999999999766000 ) ;
#3898 = ORIENTED_EDGE ( 'NONE', *, *, #3942, .F. ) ;
#3899 = CARTESIAN_POINT ( 'NONE',  ( 4.999999999999996400, 4.521306437175210700, -3.217856110194154100 ) ) ;
#3900 = CARTESIAN_POINT ( 'NONE',  ( 17.55000000000000100, 0.2000000000000050100, 2.539999999999972900 ) ) ;
#3901 = ORIENTED_EDGE ( 'NONE', *, *, #2777, .F. ) ;
#3902 = ADVANCED_FACE ( 'NONE', ( #4310 ), #2631, .T. ) ;
#3903 = ADVANCED_FACE ( 'NONE', ( #2353 ), #249, .F. ) ;
#3904 = ORIENTED_EDGE ( 'NONE', *, *, #2339, .T. ) ;
#3905 = EDGE_CURVE ( 'NONE', #2232, #1253, #13, .T. ) ;
#3906 = VERTEX_POINT ( 'NONE', #630 ) ;
#3907 = ORIENTED_EDGE ( 'NONE', *, *, #4189, .T. ) ;
#3908 = LINE ( 'NONE', #1230, #3260 ) ;
#3909 = EDGE_CURVE ( 'NONE', #362, #549, #135, .T. ) ;
#3910 = VERTEX_POINT ( 'NONE', #4692 ) ;
#3911 = VECTOR ( 'NONE', #2220, 1000.000000000000000 ) ;
#3912 = DIRECTION ( 'NONE',  ( -1.000000000000000000, -9.680376540049140900E-017, 0.0000000000000000000 ) ) ;
#3913 = DIRECTION ( 'NONE',  ( 0.0000000000000000000, -2.891205793294678200E-015, 1.000000000000000000 ) ) ;
#3914 = VERTEX_POINT ( 'NONE', #2819 ) ;
#3915 = CARTESIAN_POINT ( 'NONE',  ( -4.974999999999997000, 5.900000000000000400, 4.376422909250778500 ) ) ;
#3916 = AXIS2_PLACEMENT_3D ( 'NONE', #2689, #4223, #2343 ) ;
#3917 = CIRCLE ( 'NONE', #1490, 0.09999999999999766000 ) ;
#3918 = DIRECTION ( 'NONE',  ( -0.9176698110926625500, 0.0000000000000000000, -0.3973438282006617200 ) ) ;
#3919 = EDGE_CURVE ( 'NONE', #624, #3521, #2227, .T. ) ;
#3920 = LINE ( 'NONE', #1677, #4521 ) ;
#3921 = AXIS2_PLACEMENT_3D ( 'NONE', #883, #3123, #912 ) ;
#3922 = ORIENTED_EDGE ( 'NONE', *, *, #3594, .F. ) ;
#3923 = DIRECTION ( 'NONE',  ( -1.000000000000000000, -9.680376540049140900E-017, 0.0000000000000000000 ) ) ;
#3924 = CARTESIAN_POINT ( 'NONE',  ( -4.999999999999996400, 4.321306437175211500, -1.276180276523490400 ) ) ;
#3925 = LINE ( 'NONE', #1196, #3054 ) ;
#3926 = VERTEX_POINT ( 'NONE', #4353 ) ;
#3927 = EDGE_CURVE ( 'NONE', #1997, #1383, #3311, .T. ) ;
#3928 = FACE_OUTER_BOUND ( 'NONE', #3083, .T. ) ;
#3929 = VERTEX_POINT ( 'NONE', #983 ) ;
#3930 = CARTESIAN_POINT ( 'NONE',  ( -15.55000000000000100, 0.2000000000000096100, 0.6499999999999713800 ) ) ;
#3931 = DIRECTION ( 'NONE',  ( 0.0000000000000000000, 0.0000000000000000000, 1.000000000000000000 ) ) ;
#3932 = EDGE_CURVE ( 'NONE', #450, #2053, #874, .T. ) ;
#3933 = ORIENTED_EDGE ( 'NONE', *, *, #877, .T. ) ;
#3934 = PLANE ( 'NONE',  #4261 ) ;
#3935 = ORIENTED_EDGE ( 'NONE', *, *, #2132, .T. ) ;
#3936 = LINE ( 'NONE', #2252, #1620 ) ;
#3937 = CARTESIAN_POINT ( 'NONE',  ( 3.209921392555535700E-016, 4.212732727130351600E-014, -16.36000000000001000 ) ) ;
#3938 = CYLINDRICAL_SURFACE ( 'NONE', #1398, 0.2999999999999981600 ) ;
#3939 = DIRECTION ( 'NONE',  ( -0.0000000000000000000, -0.0000000000000000000, 1.000000000000000000 ) ) ;
#3940 = ORIENTED_EDGE ( 'NONE', *, *, #3274, .F. ) ;
#3941 = PLANE ( 'NONE',  #4323 ) ;
#3942 = EDGE_CURVE ( 'NONE', #1481, #2050, #4433, .T. ) ;
#3943 = AXIS2_PLACEMENT_3D ( 'NONE', #1916, #2341, #2638 ) ;
#3944 = ORIENTED_EDGE ( 'NONE', *, *, #3460, .T. ) ;
#3945 = VECTOR ( 'NONE', #3156, 1000.000000000000000 ) ;
#3946 = CARTESIAN_POINT ( 'NONE',  ( 13.70000000000000600, 0.3000000000000057600, 2.539999999999972900 ) ) ;
#3947 = ADVANCED_FACE ( 'NONE', ( #3843 ), #1223, .T. ) ;
#3948 = VERTEX_POINT ( 'NONE', #348 ) ;
#3949 = CARTESIAN_POINT ( 'NONE',  ( -13.59999999999999800, 5.700000000000001100, 4.399999999999999500 ) ) ;
#3950 = CARTESIAN_POINT ( 'NONE',  ( -10.63305127170896500, 5.700000000000001100, -10.40000000000000200 ) ) ;
#3951 = VECTOR ( 'NONE', #3246, 1000.000000000000000 ) ;
#3952 = ORIENTED_EDGE ( 'NONE', *, *, #148, .T. ) ;
#3953 =( GEOMETRIC_REPRESENTATION_CONTEXT ( 3 ) GLOBAL_UNCERTAINTY_ASSIGNED_CONTEXT ( ( #2706 ) ) GLOBAL_UNIT_ASSIGNED_CONTEXT ( ( #313, #3232, #1792 ) ) REPRESENTATION_CONTEXT ( 'NONE', 'WORKASPACE' ) );
#3954 = EDGE_CURVE ( 'NONE', #3807, #4671, #761, .T. ) ;
#3955 = DIRECTION ( 'NONE',  ( -1.000000000000000000, 0.0000000000000000000, 0.0000000000000000000 ) ) ;
#3956 = ORIENTED_EDGE ( 'NONE', *, *, #3177, .T. ) ;
#3957 = VERTEX_POINT ( 'NONE', #3265 ) ;
#3958 = CARTESIAN_POINT ( 'NONE',  ( -13.29999999999999900, 5.900000000000000400, -10.40000000000000200 ) ) ;
#3959 = CARTESIAN_POINT ( 'NONE',  ( 12.70462891345259500, 5.700000000000001100, -11.10000000000000500 ) ) ;
#3960 = DIRECTION ( 'NONE',  ( 1.000000000000000000, -1.868706573620127700E-016, 0.0000000000000000000 ) ) ;
#3961 = FACE_OUTER_BOUND ( 'NONE', #3381, .T. ) ;
#3962 = EDGE_LOOP ( 'NONE', ( #4281, #2894, #2468, #2946 ) ) ;
#3963 = EDGE_CURVE ( 'NONE', #213, #4187, #1160, .T. ) ;
#3964 = LINE ( 'NONE', #2976, #3911 ) ;
#3965 = DIRECTION ( 'NONE',  ( 1.000000000000000000, -0.0000000000000000000, -0.0000000000000000000 ) ) ;
#3966 = DIRECTION ( 'NONE',  ( 1.000000000000000000, -0.0000000000000000000, -0.0000000000000000000 ) ) ;
#3967 = DIRECTION ( 'NONE',  ( 0.0000000000000000000, 1.000000000000000000, 0.0000000000000000000 ) ) ;
#3968 = AXIS2_PLACEMENT_3D ( 'NONE', #799, #429, #815 ) ;
#3969 = DIRECTION ( 'NONE',  ( 0.0000000000000000000, 0.0000000000000000000, -1.000000000000000000 ) ) ;
#3970 = FACE_OUTER_BOUND ( 'NONE', #4258, .T. ) ;
#3971 = ORIENTED_EDGE ( 'NONE', *, *, #356, .F. ) ;
#3972 = LINE ( 'NONE', #782, #4388 ) ;
#3973 = DIRECTION ( 'NONE',  ( 5.546767395662022700E-018, -1.000000000000000000, 1.437693676597985000E-016 ) ) ;
#3974 = DIRECTION ( 'NONE',  ( -5.546767395662024300E-018, 1.000000000000000000, -1.437693676597972700E-016 ) ) ;
#3975 = ORIENTED_EDGE ( 'NONE', *, *, #1546, .T. ) ;
#3976 = CIRCLE ( 'NONE', #1015, 0.8400000000000005200 ) ;
#3977 = CARTESIAN_POINT ( 'NONE',  ( -6.194929789104785200, 5.900000000000000400, 11.09229488457979300 ) ) ;
#3978 = APPLICATION_CONTEXT ( 'automotive_design' ) ;
#3979 = LINE ( 'NONE', #3813, #905 ) ;
#3980 = CARTESIAN_POINT ( 'NONE',  ( 3.810000000000000900, 0.3000000000000424000, -14.90000000000002200 ) ) ;
#3981 = DIRECTION ( 'NONE',  ( 0.0000000000000000000, 0.0000000000000000000, -1.000000000000000000 ) ) ;
#3982 = ORIENTED_EDGE ( 'NONE', *, *, #4791, .F. ) ;
#3983 = FACE_OUTER_BOUND ( 'NONE', #3448, .T. ) ;
#3984 = ORIENTED_EDGE ( 'NONE', *, *, #1636, .T. ) ;
#3985 = VERTEX_POINT ( 'NONE', #335 ) ;
#3986 = EDGE_CURVE ( 'NONE', #2607, #3323, #3084, .T. ) ;
#3987 = CARTESIAN_POINT ( 'NONE',  ( -12.70462891345259300, 5.900000000000000400, -10.80000000000000600 ) ) ;
#3988 = EDGE_LOOP ( 'NONE', ( #1486, #3047, #3349, #4394 ) ) ;
#3989 = VECTOR ( 'NONE', #842, 1000.000000000000000 ) ;
#3990 = DIRECTION ( 'NONE',  ( 0.0000000000000000000, 1.000000000000000000, 0.0000000000000000000 ) ) ;
#3991 = EDGE_CURVE ( 'NONE', #4029, #174, #4065, .T. ) ;
#3992 = ORIENTED_EDGE ( 'NONE', *, *, #2276, .F. ) ;
#3994 = DIRECTION ( 'NONE',  ( -5.546767395662023500E-018, 1.000000000000000000, -1.437693676597972700E-016 ) ) ;
#3993 = SURFACE_SIDE_STYLE ('',( #4054 ) ) ;
#3995 = ADVANCED_FACE ( 'NONE', ( #1988 ), #2904, .F. ) ;
#3996 = LINE ( 'NONE', #3188, #1213 ) ;
#3997 = CARTESIAN_POINT ( 'NONE',  ( 13.29999999999999900, 5.700000000000001100, -10.40000000000000200 ) ) ;
#3998 = DIRECTION ( 'NONE',  ( 0.0000000000000000000, 0.2577550931996182600, 0.9662102834940519100 ) ) ;
#3999 = LINE ( 'NONE', #3609, #2905 ) ;
#4000 = ORIENTED_EDGE ( 'NONE', *, *, #2039, .F. ) ;
#4001 = AXIS2_PLACEMENT_3D ( 'NONE', #2680, #121, #474 ) ;
#4002 = CIRCLE ( 'NONE', #1657, 0.8400000000000005200 ) ;
#4003 = CARTESIAN_POINT ( 'NONE',  ( -4.399999999999998600, 5.700000000000001100, -8.942230201266717400 ) ) ;
#4004 = DIRECTION ( 'NONE',  ( 1.000000000000000000, -0.0000000000000000000, -0.0000000000000000000 ) ) ;
#4005 = ORIENTED_EDGE ( 'NONE', *, *, #2865, .T. ) ;
#4006 = ORIENTED_EDGE ( 'NONE', *, *, #56, .T. ) ;
#4007 = EDGE_CURVE ( 'NONE', #2720, #44, #992, .T. ) ;
#4008 = VERTEX_POINT ( 'NONE', #299 ) ;
#4009 = DIRECTION ( 'NONE',  ( 0.0000000000000000000, 0.0000000000000000000, -1.000000000000000000 ) ) ;
#4010 = ORIENTED_EDGE ( 'NONE', *, *, #1260, .T. ) ;
#4011 = CARTESIAN_POINT ( 'NONE',  ( 13.60823301889072900, -0.1880143455903308900, 4.439734382820065900 ) ) ;
#4012 = FACE_OUTER_BOUND ( 'NONE', #2866, .T. ) ;
#4013 = CARTESIAN_POINT ( 'NONE',  ( -13.70000000000000600, 0.2000000000000057300, 2.539999999999972900 ) ) ;
#4014 = DIRECTION ( 'NONE',  ( -1.000000000000000000, 9.680376540049140900E-017, 0.0000000000000000000 ) ) ;
#4015 = EDGE_LOOP ( 'NONE', ( #977, #2596, #2231, #3248 ) ) ;
#4016 = VERTEX_POINT ( 'NONE', #1387 ) ;
#4017 = EDGE_CURVE ( 'NONE', #1369, #855, #368, .T. ) ;
#4018 = LINE ( 'NONE', #3522, #1585 ) ;
#4019 = LINE ( 'NONE', #1182, #920 ) ;
#4020 = ADVANCED_FACE ( 'NONE', ( #2738 ), #3281, .T. ) ;
#4021 = ORIENTED_EDGE ( 'NONE', *, *, #3895, .T. ) ;
#4022 = DIRECTION ( 'NONE',  ( 0.0000000000000000000, 0.0000000000000000000, -1.000000000000000000 ) ) ;
#4023 = DIRECTION ( 'NONE',  ( 0.0000000000000000000, 0.0000000000000000000, 1.000000000000000000 ) ) ;
#4024 = CARTESIAN_POINT ( 'NONE',  ( -13.40000000000001600, 4.623038063478195300E-014, 4.399999999999998600 ) ) ;
#4025 = CYLINDRICAL_SURFACE ( 'NONE', #2795, 0.8400000000000005200 ) ;
#4026 = EDGE_CURVE ( 'NONE', #4653, #1253, #4557, .T. ) ;
#4027 = LINE ( 'NONE', #150, #32 ) ;
#4028 = PRODUCT_CONTEXT ( 'NONE', #2886, 'mechanical' ) ;
#4029 = VERTEX_POINT ( 'NONE', #3681 ) ;
#4030 = CARTESIAN_POINT ( 'NONE',  ( -1.109353479132492400E-018, 0.2000000000000444800, 6.695423942366609100E-016 ) ) ;
#4031 = CARTESIAN_POINT ( 'NONE',  ( -13.69999999999999900, 2.600000000000003200, 4.399999999999999500 ) ) ;
#4032 = DIRECTION ( 'NONE',  ( 1.000000000000000000, -2.981555974335129700E-015, 0.0000000000000000000 ) ) ;
#4033 = FACE_OUTER_BOUND ( 'NONE', #2890, .T. ) ;
#4034 = VERTEX_POINT ( 'NONE', #4047 ) ;
#4035 = EDGE_CURVE ( 'NONE', #2906, #3524, #4729, .T. ) ;
#4036 = CIRCLE ( 'NONE', #1612, 3.595780127642022300 ) ;
#4037 = DIRECTION ( 'NONE',  ( 0.0000000000000000000, -0.0000000000000000000, -1.000000000000000000 ) ) ;
#4038 = ORIENTED_EDGE ( 'NONE', *, *, #2375, .F. ) ;
#4039 = VECTOR ( 'NONE', #3777, 1000.000000000000000 ) ;
#4040 = DIRECTION ( 'NONE',  ( -1.000000000000000000, 0.0000000000000000000, 0.0000000000000000000 ) ) ;
#4041 = DIRECTION ( 'NONE',  ( 0.0000000000000000000, 0.0000000000000000000, 1.000000000000000000 ) ) ;
#4042 = ORIENTED_EDGE ( 'NONE', *, *, #3204, .F. ) ;
#4043 = PRODUCT_DEFINITION_FORMATION_WITH_SPECIFIED_SOURCE ( 'ANY', '', #4798, .NOT_KNOWN. ) ;
#4044 = DIRECTION ( 'NONE',  ( 0.0000000000000000000, 0.0000000000000000000, 1.000000000000000000 ) ) ;
#4045 = ADVANCED_FACE ( 'NONE', ( #3192 ), #2566, .F. ) ;
#4046 = EDGE_CURVE ( 'NONE', #1956, #1691, #3137, .T. ) ;
#4047 = CARTESIAN_POINT ( 'NONE',  ( -7.999999999999996400, 5.585257552170444800, 3.501143285964996000 ) ) ;
#4048 = CARTESIAN_POINT ( 'NONE',  ( 13.59999999999999800, 5.700000000000002000, -10.40000000000000200 ) ) ;
#4049 = VECTOR ( 'NONE', #4520, 1000.000000000000000 ) ;
#4050 = DIRECTION ( 'NONE',  ( -1.000000000000000000, 0.0000000000000000000, 0.0000000000000000000 ) ) ;
#4051 = EDGE_CURVE ( 'NONE', #1164, #1956, #4620, .T. ) ;
#4052 = ORIENTED_EDGE ( 'NONE', *, *, #333, .T. ) ;
#4053 = CARTESIAN_POINT ( 'NONE',  ( 7.999999999999996400, 5.585257552170444800, 3.501143285964996000 ) ) ;
#4054 = SURFACE_STYLE_FILL_AREA ( #3296 ) ;
#4055 = ORIENTED_EDGE ( 'NONE', *, *, #197, .T. ) ;
#4056 = PLANE ( 'NONE',  #4145 ) ;
#4057 = EDGE_CURVE ( 'NONE', #1253, #2349, #3612, .T. ) ;
#4058 = CARTESIAN_POINT ( 'NONE',  ( 12.70462891345259500, 5.600000000000003200, -11.10000000000000500 ) ) ;
#4059 = PLANE ( 'NONE',  #2312 ) ;
#4060 = EDGE_LOOP ( 'NONE', ( #4383, #879, #1087, #3250 ) ) ;
#4061 = CARTESIAN_POINT ( 'NONE',  ( -13.69999999999999900, 2.600000000000003200, 4.399999999999999500 ) ) ;
#4062 = FACE_BOUND ( 'NONE', #4592, .T. ) ;
#4063 = ORIENTED_EDGE ( 'NONE', *, *, #1089, .F. ) ;
#4064 = CARTESIAN_POINT ( 'NONE',  ( 4.999999999999996400, 4.621306437175211300, -1.276180276523490400 ) ) ;
#4065 = LINE ( 'NONE', #3649, #2412 ) ;
#4066 = VERTEX_POINT ( 'NONE', #726 ) ;
#4067 = CARTESIAN_POINT ( 'NONE',  ( 3.810000000000000100, 4.236519988987108600E-014, -14.90000000000002200 ) ) ;
#4068 = CARTESIAN_POINT ( 'NONE',  ( 6.194929789104785200, 5.900000000000000400, 11.09229488457979300 ) ) ;
#4069 = CARTESIAN_POINT ( 'NONE',  ( 17.55000000000000100, 0.2000000000000050100, 2.539999999999972900 ) ) ;
#4070 = DIRECTION ( 'NONE',  ( -0.0000000000000000000, -0.2577550931996183100, -0.9662102834940518000 ) ) ;
#4071 = VERTEX_POINT ( 'NONE', #464 ) ;
#4072 = VERTEX_POINT ( 'NONE', #2682 ) ;
#4073 = AXIS2_PLACEMENT_3D ( 'NONE', #1367, #2453, #1689 ) ;
#4074 = VECTOR ( 'NONE', #2526, 1000.000000000000000 ) ;
#4075 = DIRECTION ( 'NONE',  ( 0.0000000000000000000, 0.0000000000000000000, -1.000000000000000000 ) ) ;
#4076 = DIRECTION ( 'NONE',  ( 1.000000000000000000, -0.0000000000000000000, 3.090394334539071700E-016 ) ) ;
#4077 = FACE_OUTER_BOUND ( 'NONE', #1550, .T. ) ;
#4078 = ORIENTED_EDGE ( 'NONE', *, *, #1030, .T. ) ;
#4079 = CARTESIAN_POINT ( 'NONE',  ( 13.39999999999999700, 5.600000000000002300, 4.399999999999999500 ) ) ;
#4080 = LINE ( 'NONE', #3399, #2119 ) ;
#4081 = EDGE_CURVE ( 'NONE', #3251, #4655, #1634, .T. ) ;
#4082 = CIRCLE ( 'NONE', #897, 1.000000000000004400 ) ;
#4083 = CARTESIAN_POINT ( 'NONE',  ( 13.29999999999999900, 5.700000000000001100, -10.40000000000000200 ) ) ;
#4084 = DIRECTION ( 'NONE',  ( 3.061276722312026800E-015, -1.000000000000000000, 0.0000000000000000000 ) ) ;
#4085 = DIRECTION ( 'NONE',  ( 0.0000000000000000000, 0.0000000000000000000, 1.000000000000000000 ) ) ;
#4086 = DIRECTION ( 'NONE',  ( -8.572527594031492900E-017, 1.000000000000000000, 0.0000000000000000000 ) ) ;
#4087 = EDGE_CURVE ( 'NONE', #82, #3985, #1516, .T. ) ;
#4088 = LINE ( 'NONE', #1906, #2310 ) ;
#4089 = CARTESIAN_POINT ( 'NONE',  ( 3.810000000000000900, 4.236519988987108600E-014, -14.80000000000002200 ) ) ;
#4090 = CARTESIAN_POINT ( 'NONE',  ( -12.70462891345259500, 5.700000000000001100, -11.10000000000000500 ) ) ;
#4091 = CARTESIAN_POINT ( 'NONE',  ( -7.999999999999996400, 5.585257552170444800, 3.501143285964996000 ) ) ;
#4092 = LINE ( 'NONE', #4732, #2131 ) ;
#4093 = AXIS2_PLACEMENT_3D ( 'NONE', #4089, #2629, #702 ) ;
#4094 = EDGE_LOOP ( 'NONE', ( #3136, #2613, #4485, #2748 ) ) ;
#4095 = FACE_BOUND ( 'NONE', #1002, .T. ) ;
#4096 = CARTESIAN_POINT ( 'NONE',  ( -10.63305127170896500, 4.053774859651074000E-014, -10.90000000000002500 ) ) ;
#4097 = ORIENTED_EDGE ( 'NONE', *, *, #197, .F. ) ;
#4098 = ORIENTED_EDGE ( 'NONE', *, *, #2876, .T. ) ;
#4099 = FILL_AREA_STYLE ('',( #23 ) ) ;
#4100 = EDGE_CURVE ( 'NONE', #381, #1497, #703, .T. ) ;
#4101 = CARTESIAN_POINT ( 'NONE',  ( 13.40000000000001100, 1.700000000000000200, 1.570628012033056100E-015 ) ) ;
#4102 = AXIS2_PLACEMENT_3D ( 'NONE', #527, #3811, #479 ) ;
#4103 = DIRECTION ( 'NONE',  ( 0.0000000000000000000, 1.290716872006552000E-016, 1.000000000000000000 ) ) ;
#4104 = DIRECTION ( 'NONE',  ( 0.0000000000000000000, 3.491481338843133400E-015, -1.000000000000000000 ) ) ;
#4105 = FACE_BOUND ( 'NONE', #3333, .T. ) ;
#4106 = DIRECTION ( 'NONE',  ( 3.090394334539071200E-016, -0.0000000000000000000, 1.000000000000000000 ) ) ;
#4107 = ORIENTED_EDGE ( 'NONE', *, *, #3622, .T. ) ;
#4108 = EDGE_LOOP ( 'NONE', ( #103, #2731, #1433, #4257 ) ) ;
#4109 = CARTESIAN_POINT ( 'NONE',  ( -13.29999999999999900, 5.700000000000001100, 4.399999999999999500 ) ) ;
#4110 = DIRECTION ( 'NONE',  ( -0.0000000000000000000, -1.000000000000000000, -3.652049423109067200E-015 ) ) ;
#4111 = CARTESIAN_POINT ( 'NONE',  ( 16.39000000000000100, 9.667198458286577600E-015, -3.850000000000028500 ) ) ;
#4112 = VECTOR ( 'NONE', #3089, 1000.000000000000000 ) ;
#4113 = EDGE_CURVE ( 'NONE', #4237, #4210, #4367, .T. ) ;
#4114 = CYLINDRICAL_SURFACE ( 'NONE', #1514, 0.8400000000000005200 ) ;
#4115 = PLANE ( 'NONE',  #2505 ) ;
#4116 = DIRECTION ( 'NONE',  ( -5.546767395662023500E-018, 1.000000000000000000, -1.437693676597972700E-016 ) ) ;
#4117 = EDGE_CURVE ( 'NONE', #4378, #3836, #1394, .T. ) ;
#4118 = ADVANCED_FACE ( 'NONE', ( #2571 ), #2044, .T. ) ;
#4119 = LINE ( 'NONE', #770, #4418 ) ;
#4120 = DIRECTION ( 'NONE',  ( 1.000000000000000000, 3.469446951953613400E-015, 1.172110456741086100E-016 ) ) ;
#4121 = ORIENTED_EDGE ( 'NONE', *, *, #2911, .F. ) ;
#4122 = VECTOR ( 'NONE', #1791, 1000.000000000000000 ) ;
#4123 = DIRECTION ( 'NONE',  ( 0.0000000000000000000, 2.168404344971008600E-016, -1.000000000000000000 ) ) ;
#4124 = VERTEX_POINT ( 'NONE', #4558 ) ;
#4125 = AXIS2_PLACEMENT_3D ( 'NONE', #4833, #2617, #4484 ) ;
#4126 = VECTOR ( 'NONE', #4322, 1000.000000000000000 ) ;
#4127 = ORIENTED_EDGE ( 'NONE', *, *, #3436, .T. ) ;
#4128 = DIRECTION ( 'NONE',  ( 3.469446951953613400E-015, 1.000000000000000000, 8.758115402030106700E-047 ) ) ;
#4129 = ORIENTED_EDGE ( 'NONE', *, *, #4312, .T. ) ;
#4130 = DIRECTION ( 'NONE',  ( 0.0000000000000000000, -0.0000000000000000000, 1.000000000000000000 ) ) ;
#4131 = CARTESIAN_POINT ( 'NONE',  ( -13.60000000000001000, 1.699999999999997700, -5.740000000000026000 ) ) ;
#4132 = ORIENTED_EDGE ( 'NONE', *, *, #1469, .F. ) ;
#4133 = DIRECTION ( 'NONE',  ( 1.000000000000000000, -0.0000000000000000000, -0.0000000000000000000 ) ) ;
#4134 = AXIS2_PLACEMENT_3D ( 'NONE', #3403, #4483, #4500 ) ;
#4135 = VECTOR ( 'NONE', #3045, 1000.000000000000000 ) ;
#4136 = DIRECTION ( 'NONE',  ( 0.0000000000000000000, 0.9662102834940521400, -0.2577550931996177600 ) ) ;
#4137 = ORIENTED_EDGE ( 'NONE', *, *, #4531, .T. ) ;
#4138 = PLANE ( 'NONE',  #4522 ) ;
#4139 = DIRECTION ( 'NONE',  ( 0.0000000000000000000, 1.000000000000000000, 3.347711971183336100E-015 ) ) ;
#4140 = ORIENTED_EDGE ( 'NONE', *, *, #946, .T. ) ;
#4141 = CARTESIAN_POINT ( 'NONE',  ( 13.42469905667219800, -0.1880143455903308900, 4.519203148460198000 ) ) ;
#4142 = DIRECTION ( 'NONE',  ( 0.0000000000000000000, 0.0000000000000000000, 1.000000000000000000 ) ) ;
#4143 = VECTOR ( 'NONE', #3815, 1000.000000000000000 ) ;
#4144 = LINE ( 'NONE', #2715, #3792 ) ;
#4145 = AXIS2_PLACEMENT_3D ( 'NONE', #1445, #685, #3693 ) ;
#4146 = ORIENTED_EDGE ( 'NONE', *, *, #4441, .F. ) ;
#4147 = EDGE_CURVE ( 'NONE', #4413, #3651, #2288, .T. ) ;
#4148 = CARTESIAN_POINT ( 'NONE',  ( 13.59999999999999800, 2.600000000000003200, 4.399999999999999500 ) ) ;
#4149 = FACE_BOUND ( 'NONE', #2719, .T. ) ;
#4150 = ADVANCED_FACE ( 'NONE', ( #2915 ), #1541, .T. ) ;
#4151 = DIRECTION ( 'NONE',  ( 0.0000000000000000000, 0.0000000000000000000, -1.000000000000000000 ) ) ;
#4152 = VECTOR ( 'NONE', #3056, 1000.000000000000100 ) ;
#4153 = CARTESIAN_POINT ( 'NONE',  ( -13.29999999999999900, 5.700000000000001100, -10.40000000000000200 ) ) ;
#4154 = EDGE_CURVE ( 'NONE', #752, #2559, #1923, .T. ) ;
#4155 = CARTESIAN_POINT ( 'NONE',  ( 13.60000000000001400, 1.700000000000000800, -10.40000000000000200 ) ) ;
#4156 = ORIENTED_EDGE ( 'NONE', *, *, #3244, .T. ) ;
#4157 = CARTESIAN_POINT ( 'NONE',  ( -12.69999999999999900, 5.700000000000001100, 4.399999999999999500 ) ) ;
#4158 = CARTESIAN_POINT ( 'NONE',  ( 13.29999999999999900, 5.600000000000003200, 4.399999999999999500 ) ) ;
#4159 = LINE ( 'NONE', #1968, #2192 ) ;
#4160 = EDGE_LOOP ( 'NONE', ( #2899, #4107, #192, #3824 ) ) ;
#4161 = EDGE_CURVE ( 'NONE', #1704, #1662, #70, .T. ) ;
#4162 = FACE_OUTER_BOUND ( 'NONE', #4547, .T. ) ;
#4163 = CARTESIAN_POINT ( 'NONE',  ( 3.810000000000000900, 5.599999999999999600, -14.50000000000000200 ) ) ;
#4164 = ORIENTED_EDGE ( 'NONE', *, *, #1912, .T. ) ;
#4165 = LINE ( 'NONE', #4467, #2080 ) ;
#4166 = AXIS2_PLACEMENT_3D ( 'NONE', #521, #1251, #3079 ) ;
#4167 = ORIENTED_EDGE ( 'NONE', *, *, #3817, .F. ) ;
#4168 = DIRECTION ( 'NONE',  ( -1.000000000000000000, 0.0000000000000000000, 0.0000000000000000000 ) ) ;
#4169 = PLANE ( 'NONE',  #1622 ) ;
#4170 = CARTESIAN_POINT ( 'NONE',  ( -13.60000000000000700, 0.3000000000000060400, -5.740000000000026000 ) ) ;
#4171 = ORIENTED_EDGE ( 'NONE', *, *, #1764, .F. ) ;
#4172 = ADVANCED_FACE ( 'NONE', ( #1983 ), #1963, .T. ) ;
#4173 = EDGE_CURVE ( 'NONE', #2168, #3251, #3897, .T. ) ;
#4174 = FACE_OUTER_BOUND ( 'NONE', #3516, .T. ) ;
#4175 = DIRECTION ( 'NONE',  ( 0.0000000000000000000, 1.000000000000000000, 0.0000000000000000000 ) ) ;
#4176 = ORIENTED_EDGE ( 'NONE', *, *, #1507, .F. ) ;
#4177 = LINE ( 'NONE', #4101, #4541 ) ;
#4178 = CARTESIAN_POINT ( 'NONE',  ( -12.70462891345259500, 5.700000000000001100, -10.40000000000000200 ) ) ;
#4179 = CARTESIAN_POINT ( 'NONE',  ( 8.024999999999996800, 5.700000000000001100, 4.376422909250778500 ) ) ;
#4180 = VECTOR ( 'NONE', #2910, 1000.000000000000000 ) ;
#4181 = EDGE_CURVE ( 'NONE', #1816, #1860, #2462, .T. ) ;
#4182 = VECTOR ( 'NONE', #2033, 1000.000000000000000 ) ;
#4183 = CARTESIAN_POINT ( 'NONE',  ( -6.318828384886868900, 5.700000000000001100, 10.09999999999999800 ) ) ;
#4184 = CARTESIAN_POINT ( 'NONE',  ( 13.29999999999999900, 5.700000000000001100, 4.399999999999999500 ) ) ;
#4185 = CARTESIAN_POINT ( 'NONE',  ( 8.024999999999996800, 5.700000000000001100, 4.376422909250778500 ) ) ;
#4186 = ORIENTED_EDGE ( 'NONE', *, *, #4516, .F. ) ;
#4187 = VERTEX_POINT ( 'NONE', #3793 ) ;
#4188 = CARTESIAN_POINT ( 'NONE',  ( 6.318828384886868900, 5.700000000000001100, 10.09999999999999800 ) ) ;
#4189 = EDGE_CURVE ( 'NONE', #3948, #4609, #2788, .T. ) ;
#4190 = DIRECTION ( 'NONE',  ( 0.0000000000000000000, -0.2577550931996183100, -0.9662102834940518000 ) ) ;
#4191 = CARTESIAN_POINT ( 'NONE',  ( -7.999999999999996400, 4.524685408825805900, -1.250404767203528800 ) ) ;
#4192 = ORIENTED_EDGE ( 'NONE', *, *, #976, .T. ) ;
#4193 = VECTOR ( 'NONE', #3219, 1000.000000000000000 ) ;
#4194 = EDGE_LOOP ( 'NONE', ( #2287, #2475, #4454, #416 ) ) ;
#4195 = DIRECTION ( 'NONE',  ( 0.6691306063588539100, 0.0000000000000000000, 0.7431448254773981300 ) ) ;
#4196 = DIRECTION ( 'NONE',  ( 0.0000000000000000000, 0.0000000000000000000, -1.000000000000000000 ) ) ;
#4197 = CARTESIAN_POINT ( 'NONE',  ( -3.809999999999999200, 0.3000000000000424000, -14.90000000000002200 ) ) ;
#4198 = ORIENTED_EDGE ( 'NONE', *, *, #1773, .F. ) ;
#4199 = ADVANCED_FACE ( 'NONE', ( #643 ), #4574, .T. ) ;
#4200 = EDGE_LOOP ( 'NONE', ( #4590, #1584, #1099, #3478 ) ) ;
#4201 = VECTOR ( 'NONE', #2429, 1000.000000000000000 ) ;
#4202 = VECTOR ( 'NONE', #1917, 1000.000000000000000 ) ;
#4203 = DIRECTION ( 'NONE',  ( -1.000000000000000000, -0.0000000000000000000, 0.0000000000000000000 ) ) ;
#4204 = ORIENTED_EDGE ( 'NONE', *, *, #97, .T. ) ;
#4205 = DIRECTION ( 'NONE',  ( 0.0000000000000000000, -0.0000000000000000000, -1.000000000000000000 ) ) ;
#4206 = AXIS2_PLACEMENT_3D ( 'NONE', #4611, #4593, #1637 ) ;
#4207 = LINE ( 'NONE', #2139, #4739 ) ;
#4208 = CARTESIAN_POINT ( 'NONE',  ( 10.63305127170896500, 1.900000000000002100, -11.10000000000001900 ) ) ;
#4209 = DIRECTION ( 'NONE',  ( -2.710505431213774400E-016, 0.0000000000000000000, -1.000000000000000000 ) ) ;
#4210 = VERTEX_POINT ( 'NONE', #1979 ) ;
#4211 = VECTOR ( 'NONE', #2073, 1000.000000000000000 ) ;
#4212 = EDGE_CURVE ( 'NONE', #1059, #1264, #2964, .T. ) ;
#4213 = ORIENTED_EDGE ( 'NONE', *, *, #4117, .T. ) ;
#4214 = DIRECTION ( 'NONE',  ( 0.0000000000000000000, 1.000000000000000000, 0.0000000000000000000 ) ) ;
#4215 = DIRECTION ( 'NONE',  ( 8.572527594031492900E-017, 1.000000000000000000, -0.0000000000000000000 ) ) ;
#4216 = VECTOR ( 'NONE', #1180, 1000.000000000000000 ) ;
#4217 = ORIENTED_EDGE ( 'NONE', *, *, #1124, .F. ) ;
#4218 = DIRECTION ( 'NONE',  ( 1.000000000000000000, 0.0000000000000000000, 0.0000000000000000000 ) ) ;
#4219 = EDGE_CURVE ( 'NONE', #2368, #2277, #1451, .T. ) ;
#4220 = VECTOR ( 'NONE', #141, 1000.000000000000000 ) ;
#4221 = DIRECTION ( 'NONE',  ( 0.0000000000000000000, -0.0000000000000000000, -1.000000000000000000 ) ) ;
#4222 = EDGE_LOOP ( 'NONE', ( #1914, #1701, #1751, #2833 ) ) ;
#4223 = DIRECTION ( 'NONE',  ( -1.000000000000000000, 0.0000000000000000000, 0.0000000000000000000 ) ) ;
#4224 = ADVANCED_FACE ( 'NONE', ( #483 ), #2402, .T. ) ;
#4225 = DIRECTION ( 'NONE',  ( -0.0000000000000000000, 1.000000000000000000, 3.652049423109067200E-015 ) ) ;
#4226 = CYLINDRICAL_SURFACE ( 'NONE', #4420, 1.000000000000004400 ) ;
#4227 = AXIS2_PLACEMENT_3D ( 'NONE', #705, #2164, #723 ) ;
#4228 = VERTEX_POINT ( 'NONE', #3315 ) ;
#4229 = EDGE_LOOP ( 'NONE', ( #3411, #3701, #4248, #1397 ) ) ;
#4230 = VECTOR ( 'NONE', #2701, 1000.000000000000000 ) ;
#4231 = CARTESIAN_POINT ( 'NONE',  ( -7.999999999999996400, 4.321306437175211500, -1.236852576628402200 ) ) ;
#4232 = ORIENTED_EDGE ( 'NONE', *, *, #4189, .F. ) ;
#4233 = VECTOR ( 'NONE', #2247, 1000.000000000000000 ) ;
#4234 = VERTEX_POINT ( 'NONE', #3875 ) ;
#4235 = AXIS2_PLACEMENT_3D ( 'NONE', #3513, #3543, #2400 ) ;
#4236 = CARTESIAN_POINT ( 'NONE',  ( 13.29999999999999900, 5.600000000000003200, 4.399999999999999500 ) ) ;
#4237 = VERTEX_POINT ( 'NONE', #2753 ) ;
#4238 = LINE ( 'NONE', #2843, #2274 ) ;
#4239 = DIRECTION ( 'NONE',  ( 0.0000000000000000000, -3.491481338843133400E-015, 1.000000000000000000 ) ) ;
#4240 = DIRECTION ( 'NONE',  ( 0.0000000000000000000, 1.000000000000000000, 0.0000000000000000000 ) ) ;
#4241 = AXIS2_PLACEMENT_3D ( 'NONE', #587, #2837, #4737 ) ;
#4242 = EDGE_LOOP ( 'NONE', ( #3608, #3052, #2295, #292 ) ) ;
#4243 = ORIENTED_EDGE ( 'NONE', *, *, #228, .F. ) ;
#4244 = DIRECTION ( 'NONE',  ( -1.000000000000000000, 0.0000000000000000000, 0.0000000000000000000 ) ) ;
#4245 = LINE ( 'NONE', #2077, #3775 ) ;
#4246 = ADVANCED_FACE ( 'NONE', ( #3434 ), #4249, .T. ) ;
#4247 = EDGE_CURVE ( 'NONE', #2968, #4228, #364, .T. ) ;
#4248 = ORIENTED_EDGE ( 'NONE', *, *, #4516, .T. ) ;
#4249 = PLANE ( 'NONE',  #2692 ) ;
#4250 = ORIENTED_EDGE ( 'NONE', *, *, #2242, .F. ) ;
#4251 = ORIENTED_EDGE ( 'NONE', *, *, #2584, .F. ) ;
#4252 = DIRECTION ( 'NONE',  ( 0.0000000000000000000, 0.0000000000000000000, 1.000000000000000000 ) ) ;
#4253 = DIRECTION ( 'NONE',  ( 0.0000000000000000000, 1.000000000000000000, 0.0000000000000000000 ) ) ;
#4254 = EDGE_CURVE ( 'NONE', #704, #1783, #2686, .T. ) ;
#4255 = ORIENTED_EDGE ( 'NONE', *, *, #2101, .F. ) ;
#4256 = FACE_OUTER_BOUND ( 'NONE', #709, .T. ) ;
#4257 = ORIENTED_EDGE ( 'NONE', *, *, #785, .T. ) ;
#4258 = EDGE_LOOP ( 'NONE', ( #4728, #4748, #4711, #4140 ) ) ;
#4259 = DIRECTION ( 'NONE',  ( 0.0000000000000000000, 0.0000000000000000000, -1.000000000000000000 ) ) ;
#4260 = DIRECTION ( 'NONE',  ( 0.0000000000000000000, 1.000000000000000000, 0.0000000000000000000 ) ) ;
#4261 = AXIS2_PLACEMENT_3D ( 'NONE', #4719, #1365, #962 ) ;
#4262 = CARTESIAN_POINT ( 'NONE',  ( 17.55000000000000100, 4.975917338986202000E-015, 2.539999999999972900 ) ) ;
#4263 = LINE ( 'NONE', #3429, #4793 ) ;
#4264 = CIRCLE ( 'NONE', #2745, 3.395780127642022100 ) ;
#4265 = VERTEX_POINT ( 'NONE', #1281 ) ;
#4266 = LINE ( 'NONE', #551, #3576 ) ;
#4267 = DIRECTION ( 'NONE',  ( 1.000000000000000000, -0.0000000000000000000, -0.0000000000000000000 ) ) ;
#4268 = EDGE_CURVE ( 'NONE', #1497, #3521, #757, .T. ) ;
#4269 = AXIS2_PLACEMENT_3D ( 'NONE', #3407, #1156, #136 ) ;
#4270 = ADVANCED_FACE ( 'NONE', ( #4062, #985, #1747 ), #154, .F. ) ;
#4271 = CARTESIAN_POINT ( 'NONE',  ( -6.318828384886868900, 5.700000000000001100, 10.09999999999999800 ) ) ;
#4272 = ADVANCED_FACE ( 'NONE', ( #2734 ), #3105, .F. ) ;
#4273 = LINE ( 'NONE', #2297, #4693 ) ;
#4274 = DIRECTION ( 'NONE',  ( 0.0000000000000000000, 1.000000000000000000, 0.0000000000000000000 ) ) ;
#4275 = ORIENTED_EDGE ( 'NONE', *, *, #1788, .T. ) ;
#4276 = VECTOR ( 'NONE', #4789, 1000.000000000000000 ) ;
#4277 = EDGE_CURVE ( 'NONE', #1846, #3432, #3308, .T. ) ;
#4278 = DIRECTION ( 'NONE',  ( 1.000000000000000000, -0.0000000000000000000, -0.0000000000000000000 ) ) ;
#4279 = CARTESIAN_POINT ( 'NONE',  ( -3.809999999999999200, 5.600000000000002300, -14.79999999999997800 ) ) ;
#4280 = CARTESIAN_POINT ( 'NONE',  ( 7.999999999999996400, 4.331443352126995300, -1.198853748563604800 ) ) ;
#4281 = ORIENTED_EDGE ( 'NONE', *, *, #3097, .F. ) ;
#4282 = FACE_OUTER_BOUND ( 'NONE', #1848, .T. ) ;
#4283 = CARTESIAN_POINT ( 'NONE',  ( 13.29999999999999900, 5.600000000000003200, -10.40000000000000200 ) ) ;
#4284 = ORIENTED_EDGE ( 'NONE', *, *, #3932, .T. ) ;
#4285 = EDGE_CURVE ( 'NONE', #745, #4554, #3077, .T. ) ;
#4286 = VECTOR ( 'NONE', #1299, 1000.000000000000000 ) ;
#4287 = CARTESIAN_POINT ( 'NONE',  ( 4.999999999999996400, 4.621306437175211300, -1.276180276523490400 ) ) ;
#4288 = EDGE_LOOP ( 'NONE', ( #244, #3662, #4371, #122 ) ) ;
#4289 = AXIS2_PLACEMENT_3D ( 'NONE', #3550, #1313, #2800 ) ;
#4290 = ORIENTED_EDGE ( 'NONE', *, *, #3091, .F. ) ;
#4291 = CARTESIAN_POINT ( 'NONE',  ( -3.809999999999999200, 5.899999999999997700, -14.50000000000000200 ) ) ;
#4292 = DIRECTION ( 'NONE',  ( 1.000000000000000000, -0.0000000000000000000, -0.0000000000000000000 ) ) ;
#4293 = ORIENTED_EDGE ( 'NONE', *, *, #867, .T. ) ;
#4294 = EDGE_CURVE ( 'NONE', #2807, #2891, #1326, .T. ) ;
#4295 = FACE_OUTER_BOUND ( 'NONE', #4328, .T. ) ;
#4296 = CARTESIAN_POINT ( 'NONE',  ( 14.09637171368696200, -0.1880143455903308900, 6.070438316928877100 ) ) ;
#4297 = VECTOR ( 'NONE', #2188, 1000.000000000000000 ) ;
#4298 = CARTESIAN_POINT ( 'NONE',  ( 8.024999999999998600, 5.700000000000001100, -1.236852576628402200 ) ) ;
#4299 = ORIENTED_EDGE ( 'NONE', *, *, #2094, .F. ) ;
#4300 = FACE_OUTER_BOUND ( 'NONE', #2741, .T. ) ;
#4301 = CARTESIAN_POINT ( 'NONE',  ( 13.40000000000000900, 1.699999999999998400, 2.539999999999972900 ) ) ;
#4302 = EDGE_CURVE ( 'NONE', #1288, #1447, #1219, .T. ) ;
#4303 = ORIENTED_EDGE ( 'NONE', *, *, #530, .F. ) ;
#4304 = VECTOR ( 'NONE', #2421, 1000.000000000000200 ) ;
#4305 = ORIENTED_EDGE ( 'NONE', *, *, #155, .T. ) ;
#4306 = PLANE ( 'NONE',  #3580 ) ;
#4307 = DIRECTION ( 'NONE',  ( 0.0000000000000000000, 1.000000000000000000, 0.0000000000000000000 ) ) ;
#4308 = PLANE ( 'NONE',  #2897 ) ;
#4309 = ORIENTED_EDGE ( 'NONE', *, *, #4441, .T. ) ;
#4310 = FACE_OUTER_BOUND ( 'NONE', #2386, .T. ) ;
#4311 = EDGE_LOOP ( 'NONE', ( #4775, #2971, #1581, #3709 ) ) ;
#4312 = EDGE_CURVE ( 'NONE', #1907, #3291, #590, .T. ) ;
#4313 = ORIENTED_EDGE ( 'NONE', *, *, #968, .F. ) ;
#4314 = DIRECTION ( 'NONE',  ( 0.0000000000000000000, 1.000000000000000000, 3.652049423109067200E-015 ) ) ;
#4315 = DIRECTION ( 'NONE',  ( 0.0000000000000000000, 1.000000000000000000, 0.0000000000000000000 ) ) ;
#4316 = ORIENTED_EDGE ( 'NONE', *, *, #3991, .T. ) ;
#4317 = DIRECTION ( 'NONE',  ( 1.000000000000000000, 0.0000000000000000000, -0.0000000000000000000 ) ) ;
#4318 = VECTOR ( 'NONE', #1317, 1000.000000000000000 ) ;
#4319 = DIRECTION ( 'NONE',  ( 0.0000000000000000000, -0.0000000000000000000, -1.000000000000000000 ) ) ;
#4320 = ADVANCED_FACE ( 'NONE', ( #3724 ), #3890, .T. ) ;
#4321 = DIRECTION ( 'NONE',  ( 0.0000000000000000000, 0.0000000000000000000, 1.000000000000000000 ) ) ;
#4322 = DIRECTION ( 'NONE',  ( 0.0000000000000000000, 1.000000000000000000, 0.0000000000000000000 ) ) ;
#4323 = AXIS2_PLACEMENT_3D ( 'NONE', #3189, #580, #1320 ) ;
#4324 = CIRCLE ( 'NONE', #2002, 1.000000000000004400 ) ;
#4325 = ORIENTED_EDGE ( 'NONE', *, *, #3289, .T. ) ;
#4326 = VECTOR ( 'NONE', #1095, 1000.000000000000100 ) ;
#4327 = ADVANCED_FACE ( 'NONE', ( #698 ), #2478, .F. ) ;
#4328 = EDGE_LOOP ( 'NONE', ( #3277, #3785, #1856, #1531 ) ) ;
#4329 = FACE_OUTER_BOUND ( 'NONE', #3631, .T. ) ;
#4330 = ORIENTED_EDGE ( 'NONE', *, *, #625, .T. ) ;
#4331 = CARTESIAN_POINT ( 'NONE',  ( 13.60000000000001200, 1.700000000000001100, -10.40000000000000200 ) ) ;
#4332 = VECTOR ( 'NONE', #1866, 1000.000000000000000 ) ;
#4333 = ORIENTED_EDGE ( 'NONE', *, *, #2808, .F. ) ;
#4334 = DIRECTION ( 'NONE',  ( -3.469446951953613400E-015, -1.000000000000000000, -2.168404344971008600E-016 ) ) ;
#4335 = CARTESIAN_POINT ( 'NONE',  ( -4.999999999999996400, 4.621306437175211300, -1.276180276523490400 ) ) ;
#4336 = VECTOR ( 'NONE', #4314, 1000.000000000000000 ) ;
#4337 = DIRECTION ( 'NONE',  ( 0.0000000000000000000, 0.0000000000000000000, -1.000000000000000000 ) ) ;
#4338 = ORIENTED_EDGE ( 'NONE', *, *, #2490, .T. ) ;
#4339 = DIRECTION ( 'NONE',  ( 3.061276722312027200E-015, 1.000000000000000000, 0.0000000000000000000 ) ) ;
#4340 = EDGE_CURVE ( 'NONE', #2854, #1527, #2222, .T. ) ;
#4341 = DIRECTION ( 'NONE',  ( 0.0000000000000000000, 0.0000000000000000000, 1.000000000000000000 ) ) ;
#4342 = LINE ( 'NONE', #1331, #518 ) ;
#4343 = DIRECTION ( 'NONE',  ( 5.546767395662022700E-018, -1.000000000000000000, 1.437693676597985000E-016 ) ) ;
#4344 = ADVANCED_FACE ( 'NONE', ( #133 ), #8, .F. ) ;
#4345 = VERTEX_POINT ( 'NONE', #4331 ) ;
#4346 = VECTOR ( 'NONE', #3678, 1000.000000000000000 ) ;
#4347 = CARTESIAN_POINT ( 'NONE',  ( -13.70000000000000600, 0.3000000000000057600, 2.539999999999972900 ) ) ;
#4348 = EDGE_CURVE ( 'NONE', #4595, #925, #3186, .T. ) ;
#4349 = ORIENTED_EDGE ( 'NONE', *, *, #238, .T. ) ;
#4350 = LINE ( 'NONE', #4472, #4233 ) ;
#4351 = ORIENTED_EDGE ( 'NONE', *, *, #4688, .F. ) ;
#4352 = CARTESIAN_POINT ( 'NONE',  ( 13.39999999999999700, 5.600000000000003200, 4.399999999999999500 ) ) ;
#4353 = CARTESIAN_POINT ( 'NONE',  ( -3.809999999999999200, 0.3000000000000420700, -14.80000000000001800 ) ) ;
#4354 = ORIENTED_EDGE ( 'NONE', *, *, #4400, .F. ) ;
#4355 = FACE_BOUND ( 'NONE', #3762, .T. ) ;
#4356 = PLANE ( 'NONE',  #146 ) ;
#4357 = ORIENTED_EDGE ( 'NONE', *, *, #293, .T. ) ;
#4358 = CARTESIAN_POINT ( 'NONE',  ( 13.29999999999999900, 5.900000000000000400, -10.40000000000000200 ) ) ;
#4359 = EDGE_CURVE ( 'NONE', #1638, #3511, #4553, .T. ) ;
#4360 = AXIS2_PLACEMENT_3D ( 'NONE', #3321, #3669, #371 ) ;
#4361 = ORIENTED_EDGE ( 'NONE', *, *, #3746, .T. ) ;
#4362 = VECTOR ( 'NONE', #4041, 1000.000000000000000 ) ;
#4363 = CARTESIAN_POINT ( 'NONE',  ( 4.999999999999996400, 5.778499608869254600, 3.449592267325072300 ) ) ;
#4364 = CARTESIAN_POINT ( 'NONE',  ( 0.0000000000000000000, 0.0000000000000000000, 0.0000000000000000000 ) ) ;
#4365 = ORIENTED_EDGE ( 'NONE', *, *, #1703, .T. ) ;
#4366 = DIRECTION ( 'NONE',  ( 0.0000000000000000000, 0.0000000000000000000, -1.000000000000000000 ) ) ;
#4367 = LINE ( 'NONE', #4131, #3374 ) ;
#4368 = ORIENTED_EDGE ( 'NONE', *, *, #1563, .F. ) ;
#4369 = EDGE_CURVE ( 'NONE', #1686, #2671, #3664, .T. ) ;
#4370 = ORIENTED_EDGE ( 'NONE', *, *, #1273, .F. ) ;
#4371 = ORIENTED_EDGE ( 'NONE', *, *, #3746, .F. ) ;
#4372 = DIRECTION ( 'NONE',  ( -0.0000000000000000000, -0.0000000000000000000, 1.000000000000000000 ) ) ;
#4373 = ADVANCED_FACE ( 'NONE', ( #1804 ), #1863, .F. ) ;
#4374 = DIRECTION ( 'NONE',  ( 1.000000000000000000, 4.336808689941968800E-015, 0.0000000000000000000 ) ) ;
#4375 = DIRECTION ( 'NONE',  ( -3.090394334539071200E-016, 0.0000000000000000000, -1.000000000000000000 ) ) ;
#4376 = FACE_OUTER_BOUND ( 'NONE', #2030, .T. ) ;
#4377 = EDGE_CURVE ( 'NONE', #182, #2298, #3547, .T. ) ;
#4378 = VERTEX_POINT ( 'NONE', #2847 ) ;
#4379 = LINE ( 'NONE', #3835, #4566 ) ;
#4380 = VECTOR ( 'NONE', #125, 1000.000000000000000 ) ;
#4381 = DIRECTION ( 'NONE',  ( 0.0000000000000000000, -1.000000000000000000, 0.0000000000000000000 ) ) ;
#4382 = CARTESIAN_POINT ( 'NONE',  ( -16.39000000000000100, 9.667198458286577600E-015, -3.850000000000028500 ) ) ;
#4383 = ORIENTED_EDGE ( 'NONE', *, *, #2831, .F. ) ;
#4384 = CARTESIAN_POINT ( 'NONE',  ( 13.60000000000000700, 0.3000000000000060400, 2.539999999999972900 ) ) ;
#4385 = AXIS2_PLACEMENT_3D ( 'NONE', #778, #4478, #733 ) ;
#4386 = VECTOR ( 'NONE', #3974, 1000.000000000000000 ) ;
#4387 = EDGE_LOOP ( 'NONE', ( #2022, #1364, #885, #1308 ) ) ;
#4388 = VECTOR ( 'NONE', #4502, 1000.000000000000000 ) ;
#4389 = DIRECTION ( 'NONE',  ( -0.0000000000000000000, 0.0000000000000000000, -1.000000000000000000 ) ) ;
#4390 = CARTESIAN_POINT ( 'NONE',  ( -13.60823301889072900, 2.600000000000003200, 4.439734382820065900 ) ) ;
#4391 = CARTESIAN_POINT ( 'NONE',  ( 4.974999999999997000, 5.700000000000001100, 4.376422909250778500 ) ) ;
#4392 = AXIS2_PLACEMENT_3D ( 'NONE', #4197, #1922, #845 ) ;
#4393 = DIRECTION ( 'NONE',  ( 0.0000000000000000000, 1.000000000000000000, 0.0000000000000000000 ) ) ;
#4394 = ORIENTED_EDGE ( 'NONE', *, *, #2375, .T. ) ;
#4395 = LINE ( 'NONE', #1275, #336 ) ;
#4396 = ORIENTED_EDGE ( 'NONE', *, *, #206, .F. ) ;
#4398 = DIRECTION ( 'NONE',  ( -1.000000000000000000, 0.0000000000000000000, 0.0000000000000000000 ) ) ;
#4397 = SURFACE_STYLE_USAGE ( .BOTH. , #3993 ) ;
#4399 = LINE ( 'NONE', #3503, #3114 ) ;
#4400 = EDGE_CURVE ( 'NONE', #571, #1164, #189, .T. ) ;
#4401 = CARTESIAN_POINT ( 'NONE',  ( 7.999999999999996400, 4.621306437175211300, -1.276180276523490400 ) ) ;
#4402 = ORIENTED_EDGE ( 'NONE', *, *, #2474, .F. ) ;
#4403 = CYLINDRICAL_SURFACE ( 'NONE', #3477, 0.09999999999999939500 ) ;
#4404 = CARTESIAN_POINT ( 'NONE',  ( -3.809999999999999200, 5.599999999999999600, -14.50000000000000200 ) ) ;
#4405 = ORIENTED_EDGE ( 'NONE', *, *, #2705, .F. ) ;
#4406 = ORIENTED_EDGE ( 'NONE', *, *, #854, .F. ) ;
#4407 = CARTESIAN_POINT ( 'NONE',  ( -16.39000000000000100, 9.667198458286579200E-015, 0.6499999999999713800 ) ) ;
#4408 = EDGE_CURVE ( 'NONE', #2954, #3679, #4667, .T. ) ;
#4409 = CARTESIAN_POINT ( 'NONE',  ( -3.809999999999999200, 0.2000000000000423700, -14.90000000000002200 ) ) ;
#4410 = VERTEX_POINT ( 'NONE', #3977 ) ;
#4411 = LINE ( 'NONE', #2364, #578 ) ;
#4412 = DIRECTION ( 'NONE',  ( 1.000000000000000000, 0.0000000000000000000, -0.0000000000000000000 ) ) ;
#4413 = VERTEX_POINT ( 'NONE', #959 ) ;
#4414 = CARTESIAN_POINT ( 'NONE',  ( -13.70000000000000600, 0.2000000000000057300, -5.740000000000026000 ) ) ;
#4415 = LINE ( 'NONE', #954, #237 ) ;
#4416 = DIRECTION ( 'NONE',  ( 0.0000000000000000000, 0.0000000000000000000, 1.000000000000000000 ) ) ;
#4417 = CARTESIAN_POINT ( 'NONE',  ( 4.999999999999996400, 5.900000000000000400, 4.376422909250776700 ) ) ;
#4418 = VECTOR ( 'NONE', #1784, 1000.000000000000000 ) ;
#4419 = ORIENTED_EDGE ( 'NONE', *, *, #3655, .T. ) ;
#4420 = AXIS2_PLACEMENT_3D ( 'NONE', #1511, #2271, #370 ) ;
#4421 = LINE ( 'NONE', #1416, #4362 ) ;
#4422 = DIRECTION ( 'NONE',  ( 0.0000000000000000000, 0.0000000000000000000, 1.000000000000000000 ) ) ;
#4423 = ADVANCED_FACE ( 'NONE', ( #586 ), #695, .T. ) ;
#4424 = CARTESIAN_POINT ( 'NONE',  ( 13.69999999999999900, 1.700000000000001300, 4.399999999999999500 ) ) ;
#4425 = DIRECTION ( 'NONE',  ( -1.000000000000000000, -3.614007241618327900E-015, 4.047688110612527600E-014 ) ) ;
#4426 = VERTEX_POINT ( 'NONE', #1310 ) ;
#4427 = VECTOR ( 'NONE', #3075, 1000.000000000000000 ) ;
#4428 = EDGE_CURVE ( 'NONE', #2954, #3521, #3371, .T. ) ;
#4429 = AXIS2_PLACEMENT_3D ( 'NONE', #2204, #712, #3686 ) ;
#4430 = ORIENTED_EDGE ( 'NONE', *, *, #356, .T. ) ;
#4431 = DIRECTION ( 'NONE',  ( -1.000000000000000000, 0.0000000000000000000, 0.0000000000000000000 ) ) ;
#4432 = DIRECTION ( 'NONE',  ( -0.0000000000000000000, -1.000000000000000000, -0.0000000000000000000 ) ) ;
#4433 = LINE ( 'NONE', #283, #4126 ) ;
#4434 = ORIENTED_EDGE ( 'NONE', *, *, #4219, .T. ) ;
#4435 = DIRECTION ( 'NONE',  ( -0.0000000000000000000, 1.000000000000000000, -0.0000000000000000000 ) ) ;
#4436 = LINE ( 'NONE', #1110, #1233 ) ;
#4437 = DIRECTION ( 'NONE',  ( 0.0000000000000000000, 0.2577550931996183100, 0.9662102834940518000 ) ) ;
#4438 = DIRECTION ( 'NONE',  ( 0.0000000000000000000, -1.000000000000000000, -0.0000000000000000000 ) ) ;
#4439 = ORIENTED_EDGE ( 'NONE', *, *, #2727, .T. ) ;
#4440 = ORIENTED_EDGE ( 'NONE', *, *, #499, .T. ) ;
#4441 = EDGE_CURVE ( 'NONE', #4228, #3906, #4245, .T. ) ;
#4442 = DIRECTION ( 'NONE',  ( 1.172110456741085800E-016, 4.066575051493318400E-031, -1.000000000000000000 ) ) ;
#4443 = FACE_OUTER_BOUND ( 'NONE', #2405, .T. ) ;
#4444 = VECTOR ( 'NONE', #731, 1000.000000000000000 ) ;
#4445 = CARTESIAN_POINT ( 'NONE',  ( -6.987958991245730700, 5.900000000000000400, 10.84314482547739500 ) ) ;
#4446 = VERTEX_POINT ( 'NONE', #2829 ) ;
#4447 = FACE_OUTER_BOUND ( 'NONE', #272, .T. ) ;
#4448 = EDGE_CURVE ( 'NONE', #1895, #2395, #3020, .T. ) ;
#4449 = CARTESIAN_POINT ( 'NONE',  ( -12.70462891345259500, 5.900000000000000400, -10.40000000000000200 ) ) ;
#4450 = CARTESIAN_POINT ( 'NONE',  ( 13.60000000000000700, 0.3000000000000060400, 2.539999999999972900 ) ) ;
#4451 = CARTESIAN_POINT ( 'NONE',  ( -7.999999999999996400, 4.524685408825805900, -1.250404767203528800 ) ) ;
#4452 = VECTOR ( 'NONE', #2460, 1000.000000000000000 ) ;
#4453 = ADVANCED_FACE ( 'NONE', ( #2560 ), #2126, .T. ) ;
#4454 = ORIENTED_EDGE ( 'NONE', *, *, #1579, .T. ) ;
#4455 = AXIS2_PLACEMENT_3D ( 'NONE', #1385, #4319, #2115 ) ;
#4456 = LINE ( 'NONE', #4231, #101 ) ;
#4457 = ORIENTED_EDGE ( 'NONE', *, *, #3299, .F. ) ;
#4458 = DIRECTION ( 'NONE',  ( -1.000000000000000000, 0.0000000000000000000, 0.0000000000000000000 ) ) ;
#4459 = CARTESIAN_POINT ( 'NONE',  ( 7.999999999999996400, 5.700000000000001100, 4.376422909250776700 ) ) ;
#4460 = LINE ( 'NONE', #4518, #2491 ) ;
#4461 = DIRECTION ( 'NONE',  ( 1.000000000000000000, 8.572527594031398000E-017, 0.0000000000000000000 ) ) ;
#4462 = ORIENTED_EDGE ( 'NONE', *, *, #812, .F. ) ;
#4463 = LINE ( 'NONE', #1129, #1018 ) ;
#4464 = DIRECTION ( 'NONE',  ( 0.0000000000000000000, 0.0000000000000000000, 1.000000000000000000 ) ) ;
#4465 = DIRECTION ( 'NONE',  ( 0.0000000000000000000, 0.0000000000000000000, 1.000000000000000000 ) ) ;
#4466 = EDGE_LOOP ( 'NONE', ( #1178, #582, #2160, #3370 ) ) ;
#4467 = CARTESIAN_POINT ( 'NONE',  ( 13.40000000000000400, 5.751430567038554200E-015, 2.539999999999972900 ) ) ;
#4468 = EDGE_CURVE ( 'NONE', #2620, #2720, #1155, .T. ) ;
#4469 = ORIENTED_EDGE ( 'NONE', *, *, #968, .T. ) ;
#4470 = FACE_OUTER_BOUND ( 'NONE', #3606, .T. ) ;
#4471 = ORIENTED_EDGE ( 'NONE', *, *, #3091, .T. ) ;
#4472 = CARTESIAN_POINT ( 'NONE',  ( 13.60000000000001200, 1.700000000000000800, -10.40000000000000200 ) ) ;
#4473 = DIRECTION ( 'NONE',  ( 1.000000000000000000, 0.0000000000000000000, 0.0000000000000000000 ) ) ;
#4474 = DIRECTION ( 'NONE',  ( -1.000000000000000000, 0.0000000000000000000, 0.0000000000000000000 ) ) ;
#4475 = EDGE_CURVE ( 'NONE', #4187, #2906, #924, .T. ) ;
#4476 = ORIENTED_EDGE ( 'NONE', *, *, #1379, .T. ) ;
#4477 = VECTOR ( 'NONE', #3378, 1000.000000000000000 ) ;
#4478 = DIRECTION ( 'NONE',  ( 1.000000000000000000, 0.0000000000000000000, 0.0000000000000000000 ) ) ;
#4479 = CARTESIAN_POINT ( 'NONE',  ( -4.999999999999996400, 2.304219872357979000, 4.376422909250776700 ) ) ;
#4480 = FACE_OUTER_BOUND ( 'NONE', #2932, .T. ) ;
#4481 = DIRECTION ( 'NONE',  ( -1.000000000000000000, -8.572527594031398000E-017, 0.0000000000000000000 ) ) ;
#4482 = AXIS2_PLACEMENT_3D ( 'NONE', #781, #3388, #4104 ) ;
#4483 = DIRECTION ( 'NONE',  ( 0.0000000000000000000, 1.000000000000000000, 0.0000000000000000000 ) ) ;
#4484 = DIRECTION ( 'NONE',  ( 1.000000000000000000, 3.491481338843133400E-015, 0.0000000000000000000 ) ) ;
#4485 = ORIENTED_EDGE ( 'NONE', *, *, #1011, .T. ) ;
#4486 = EDGE_LOOP ( 'NONE', ( #1336, #3876, #2311, #993 ) ) ;
#4487 = CARTESIAN_POINT ( 'NONE',  ( -7.999999999999996400, 4.621306437175211300, -1.276180276523490400 ) ) ;
#4488 = DIRECTION ( 'NONE',  ( 1.000000000000000000, 0.0000000000000000000, 0.0000000000000000000 ) ) ;
#4489 = VECTOR ( 'NONE', #3763, 1000.000000000000000 ) ;
#4490 = ORIENTED_EDGE ( 'NONE', *, *, #3782, .F. ) ;
#4491 = DIRECTION ( 'NONE',  ( 0.0000000000000000000, 0.0000000000000000000, 1.000000000000000000 ) ) ;
#4492 = CARTESIAN_POINT ( 'NONE',  ( 12.70462891345259500, 5.600000000000001400, -10.90000000000000600 ) ) ;
#4493 = CARTESIAN_POINT ( 'NONE',  ( -3.809999999999999200, 4.954613717351343600E-014, -14.60000000000001900 ) ) ;
#4494 = ORIENTED_EDGE ( 'NONE', *, *, #3674, .T. ) ;
#4495 = ORIENTED_EDGE ( 'NONE', *, *, #4662, .F. ) ;
#4496 = AXIS2_PLACEMENT_3D ( 'NONE', #2921, #1795, #4764 ) ;
#4497 = CARTESIAN_POINT ( 'NONE',  ( -15.55000000000000100, 9.595189226496714200E-015, -3.850000000000028500 ) ) ;
#4498 = LINE ( 'NONE', #2015, #4563 ) ;
#4499 = CARTESIAN_POINT ( 'NONE',  ( 13.29999999999999900, 5.600000000000003200, -10.40000000000000200 ) ) ;
#4500 = DIRECTION ( 'NONE',  ( -0.3973438282006625500, 0.0000000000000000000, 0.9176698110926622100 ) ) ;
#4501 = ORIENTED_EDGE ( 'NONE', *, *, #1430, .F. ) ;
#4502 = DIRECTION ( 'NONE',  ( 0.0000000000000000000, 1.000000000000000000, 0.0000000000000000000 ) ) ;
#4503 = PLANE ( 'NONE',  #3385 ) ;
#4504 = ADVANCED_FACE ( 'NONE', ( #66 ), #4056, .T. ) ;
#4505 = CARTESIAN_POINT ( 'NONE',  ( 6.499999999999997300, 4.321306437175211500, -3.217856110194154100 ) ) ;
#4506 = VERTEX_POINT ( 'NONE', #4450 ) ;
#4507 = LINE ( 'NONE', #3160, #2361 ) ;
#4508 = EDGE_CURVE ( 'NONE', #2952, #3621, #304, .T. ) ;
#4509 = ORIENTED_EDGE ( 'NONE', *, *, #2634, .F. ) ;
#4510 = PLANE ( 'NONE',  #3864 ) ;
#4511 = VECTOR ( 'NONE', #2374, 1000.000000000000000 ) ;
#4512 = DIRECTION ( 'NONE',  ( 1.000000000000000000, 1.589699381739138300E-030, -2.276539994720219300E-016 ) ) ;
#4513 = PLANE ( 'NONE',  #647 ) ;
#4514 = CARTESIAN_POINT ( 'NONE',  ( -8.024999999999996800, 5.900000000000000400, 4.376422909250778500 ) ) ;
#4515 = ORIENTED_EDGE ( 'NONE', *, *, #215, .T. ) ;
#4516 = EDGE_CURVE ( 'NONE', #334, #2807, #423, .T. ) ;
#4517 = FACE_OUTER_BOUND ( 'NONE', #3596, .T. ) ;
#4518 = CARTESIAN_POINT ( 'NONE',  ( 7.955228271294115300E-016, 1.900000000000006100, -10.90000000000002000 ) ) ;
#4519 = ORIENTED_EDGE ( 'NONE', *, *, #634, .F. ) ;
#4520 = DIRECTION ( 'NONE',  ( 1.000000000000000000, -0.0000000000000000000, -0.0000000000000000000 ) ) ;
#4521 = VECTOR ( 'NONE', #1292, 1000.000000000000000 ) ;
#4522 = AXIS2_PLACEMENT_3D ( 'NONE', #4157, #92, #2688 ) ;
#4523 = ORIENTED_EDGE ( 'NONE', *, *, #4824, .F. ) ;
#4524 = DIRECTION ( 'NONE',  ( 0.0000000000000000000, 0.0000000000000000000, 1.000000000000000000 ) ) ;
#4525 = CARTESIAN_POINT ( 'NONE',  ( 10.63305127170896500, 5.700000000000001100, -10.40000000000000200 ) ) ;
#4526 = CIRCLE ( 'NONE', #2762, 2.500000000000000000 ) ;
#4527 = CARTESIAN_POINT ( 'NONE',  ( 10.63305127170896500, 5.700000000000001100, -10.40000000000000200 ) ) ;
#4528 = CARTESIAN_POINT ( 'NONE',  ( 4.400000000000001200, 5.900000000000000400, -14.50000000000000000 ) ) ;
#4529 = VERTEX_POINT ( 'NONE', #1842 ) ;
#4530 = ADVANCED_FACE ( 'NONE', ( #3660 ), #1776, .T. ) ;
#4531 = EDGE_CURVE ( 'NONE', #2170, #4072, #2681, .T. ) ;
#4532 = AXIS2_PLACEMENT_3D ( 'NONE', #3042, #1570, #4168 ) ;
#4533 = VECTOR ( 'NONE', #4110, 1000.000000000000000 ) ;
#4534 = ORIENTED_EDGE ( 'NONE', *, *, #1703, .F. ) ;
#4535 = ORIENTED_EDGE ( 'NONE', *, *, #1131, .F. ) ;
#4536 = CARTESIAN_POINT ( 'NONE',  ( 13.70000000000000600, 0.3000000000000057600, -5.740000000000026000 ) ) ;
#4537 = ORIENTED_EDGE ( 'NONE', *, *, #939, .F. ) ;
#4538 = VECTOR ( 'NONE', #1082, 1000.000000000000000 ) ;
#4539 = EDGE_CURVE ( 'NONE', #1907, #1888, #2161, .T. ) ;
#4540 = DIRECTION ( 'NONE',  ( 1.000000000000000000, 3.252606517456504600E-015, 0.0000000000000000000 ) ) ;
#4541 = VECTOR ( 'NONE', #355, 1000.000000000000000 ) ;
#4542 = CARTESIAN_POINT ( 'NONE',  ( -13.70000000000000600, 5.695369369829950200E-015, 2.539999999999972900 ) ) ;
#4543 = CARTESIAN_POINT ( 'NONE',  ( 7.999999999999996400, 4.521306437175210700, -1.276180276523490400 ) ) ;
#4544 = EDGE_CURVE ( 'NONE', #2697, #190, #3431, .T. ) ;
#4545 = LINE ( 'NONE', #3112, #1797 ) ;
#4546 = CARTESIAN_POINT ( 'NONE',  ( -6.499999999999997300, 4.321306437175211500, -3.217856110194154100 ) ) ;
#4547 = EDGE_LOOP ( 'NONE', ( #966, #3673, #1234, #75 ) ) ;
#4548 = CIRCLE ( 'NONE', #2066, 0.3000000000000016500 ) ;
#4549 = ORIENTED_EDGE ( 'NONE', *, *, #1980, .F. ) ;
#4550 = DIRECTION ( 'NONE',  ( -0.3973438282006625500, 0.0000000000000000000, -0.9176698110926621000 ) ) ;
#4551 = AXIS2_PLACEMENT_3D ( 'NONE', #629, #2849, #603 ) ;
#4552 = DIRECTION ( 'NONE',  ( 0.0000000000000000000, 1.000000000000000000, 0.0000000000000000000 ) ) ;
#4553 = LINE ( 'NONE', #230, #2846 ) ;
#4554 = VERTEX_POINT ( 'NONE', #4794 ) ;
#4555 = ADVANCED_FACE ( 'NONE', ( #4300 ), #3276, .T. ) ;
#4556 = VERTEX_POINT ( 'NONE', #2226 ) ;
#4557 = CIRCLE ( 'NONE', #358, 0.1000000000000020000 ) ;
#4558 = CARTESIAN_POINT ( 'NONE',  ( -13.60823301889072900, 1.700000000000001500, 4.439734382820065900 ) ) ;
#4559 = EDGE_LOOP ( 'NONE', ( #129, #715, #1083, #2695 ) ) ;
#4560 = EDGE_CURVE ( 'NONE', #450, #597, #3544, .T. ) ;
#4561 = CARTESIAN_POINT ( 'NONE',  ( 4.999999999999996400, 4.521306437175210700, -1.276180276523490400 ) ) ;
#4562 = AXIS2_PLACEMENT_3D ( 'NONE', #1801, #1413, #2595 ) ;
#4563 = VECTOR ( 'NONE', #4239, 1000.000000000000000 ) ;
#4564 = PLANE ( 'NONE',  #3916 ) ;
#4565 = DIRECTION ( 'NONE',  ( 0.0000000000000000000, 1.000000000000000000, 0.0000000000000000000 ) ) ;
#4566 = VECTOR ( 'NONE', #4190, 1000.000000000000100 ) ;
#4567 = FACE_OUTER_BOUND ( 'NONE', #3440, .T. ) ;
#4568 = ORIENTED_EDGE ( 'NONE', *, *, #576, .F. ) ;
#4569 = EDGE_CURVE ( 'NONE', #1888, #2069, #4548, .T. ) ;
#4570 = CARTESIAN_POINT ( 'NONE',  ( 6.318828384886868900, 5.700000000000001100, 10.09999999999999800 ) ) ;
#4571 = CYLINDRICAL_SURFACE ( 'NONE', #4562, 0.1000000000000000500 ) ;
#4572 = ORIENTED_EDGE ( 'NONE', *, *, #3691, .T. ) ;
#4573 = VECTOR ( 'NONE', #2448, 1000.000000000000000 ) ;
#4574 = PLANE ( 'NONE',  #4774 ) ;
#4575 = EDGE_CURVE ( 'NONE', #2516, #1568, #4421, .T. ) ;
#4576 = DIRECTION ( 'NONE',  ( 1.000000000000000000, -0.0000000000000000000, -0.0000000000000000000 ) ) ;
#4577 = ORIENTED_EDGE ( 'NONE', *, *, #387, .T. ) ;
#4578 = DIRECTION ( 'NONE',  ( -3.469446951953613400E-015, -1.000000000000000000, -2.168404344971008600E-016 ) ) ;
#4579 = DIRECTION ( 'NONE',  ( -0.0000000000000000000, -1.000000000000000000, -0.0000000000000000000 ) ) ;
#4580 = ADVANCED_FACE ( 'NONE', ( #1391 ), #295, .F. ) ;
#4581 = VECTOR ( 'NONE', #3886, 1000.000000000000000 ) ;
#4582 = DIRECTION ( 'NONE',  ( -0.3973438282006626100, -1.387318561267105900E-015, -0.9176698110926622100 ) ) ;
#4583 = ORIENTED_EDGE ( 'NONE', *, *, #3471, .T. ) ;
#4584 = FACE_OUTER_BOUND ( 'NONE', #3057, .T. ) ;
#4585 = CARTESIAN_POINT ( 'NONE',  ( 12.70462891345259500, 1.900000000000000600, -10.90000000000002000 ) ) ;
#4586 = ORIENTED_EDGE ( 'NONE', *, *, #4560, .T. ) ;
#4587 = CARTESIAN_POINT ( 'NONE',  ( 15.55000000000000100, 0.2000000000000096100, -3.850000000000028500 ) ) ;
#4588 = LINE ( 'NONE', #2835, #400 ) ;
#4589 = AXIS2_PLACEMENT_3D ( 'NONE', #3737, #1901, #4339 ) ;
#4590 = ORIENTED_EDGE ( 'NONE', *, *, #2815, .T. ) ;
#4591 = DIRECTION ( 'NONE',  ( -1.000000000000000000, 0.0000000000000000000, 0.0000000000000000000 ) ) ;
#4592 = EDGE_LOOP ( 'NONE', ( #3635, #2749 ) ) ;
#4593 = DIRECTION ( 'NONE',  ( -3.491481338843133400E-015, -1.000000000000000000, 4.092401786774402600E-031 ) ) ;
#4594 = CARTESIAN_POINT ( 'NONE',  ( 6.194929789104785200, 5.700000000000001100, 11.09229488457979300 ) ) ;
#4595 = VERTEX_POINT ( 'NONE', #360 ) ;
#4596 = CYLINDRICAL_SURFACE ( 'NONE', #470, 0.09999999999999939500 ) ;
#4597 = CARTESIAN_POINT ( 'NONE',  ( 4.974999999999997000, 5.700000000000001100, 4.376422909250778500 ) ) ;
#4598 = ORIENTED_EDGE ( 'NONE', *, *, #4544, .T. ) ;
#4599 = DIRECTION ( 'NONE',  ( 0.0000000000000000000, 1.000000000000000000, 0.0000000000000000000 ) ) ;
#4600 = ORIENTED_EDGE ( 'NONE', *, *, #1715, .F. ) ;
#4601 = CIRCLE ( 'NONE', #4830, 0.1000000000000011300 ) ;
#4602 = CARTESIAN_POINT ( 'NONE',  ( 4.999999999999996400, 4.321306437175211500, -1.236852576628402200 ) ) ;
#4603 = DIRECTION ( 'NONE',  ( 1.000000000000000000, -0.0000000000000000000, -0.0000000000000000000 ) ) ;
#4604 = ADVANCED_FACE ( 'NONE', ( #475 ), #11, .F. ) ;
#4605 = DIRECTION ( 'NONE',  ( 1.000000000000000000, 9.680376540049140900E-017, 0.0000000000000000000 ) ) ;
#4606 = EDGE_CURVE ( 'NONE', #3726, #3914, #4002, .T. ) ;
#4607 = ORIENTED_EDGE ( 'NONE', *, *, #2711, .F. ) ;
#4608 = ORIENTED_EDGE ( 'NONE', *, *, #3627, .T. ) ;
#4609 = VERTEX_POINT ( 'NONE', #2279 ) ;
#4610 = DIRECTION ( 'NONE',  ( -1.000000000000000000, -1.067764338606768200E-044, 1.529099306256869600E-030 ) ) ;
#4611 = CARTESIAN_POINT ( 'NONE',  ( -13.69999999999999900, 1.700000000000001300, 4.399999999999999500 ) ) ;
#4612 = ORIENTED_EDGE ( 'NONE', *, *, #4026, .T. ) ;
#4613 = PLANE ( 'NONE',  #803 ) ;
#4614 = VECTOR ( 'NONE', #4267, 1000.000000000000000 ) ;
#4615 = DIRECTION ( 'NONE',  ( 3.491481338843133400E-015, -1.000000000000000000, 4.092401786774402600E-031 ) ) ;
#4616 = DIRECTION ( 'NONE',  ( 1.000000000000000000, 0.0000000000000000000, 0.0000000000000000000 ) ) ;
#4617 = DIRECTION ( 'NONE',  ( 0.0000000000000000000, 1.000000000000000000, 0.0000000000000000000 ) ) ;
#4618 = EDGE_CURVE ( 'NONE', #2707, #508, #4776, .T. ) ;
#4619 = VERTEX_POINT ( 'NONE', #1501 ) ;
#4620 = LINE ( 'NONE', #3620, #307 ) ;
#4621 = EDGE_LOOP ( 'NONE', ( #3812, #4490, #1262, #3139 ) ) ;
#4622 = CARTESIAN_POINT ( 'NONE',  ( -7.999999999999996400, 4.321306437175211500, -3.217856110194154100 ) ) ;
#4623 = CARTESIAN_POINT ( 'NONE',  ( 14.27990567590549500, 1.700000000000002000, 5.990969551288745100 ) ) ;
#4624 = CARTESIAN_POINT ( 'NONE',  ( 10.63305127170896500, 5.700000000000001100, -10.40000000000000200 ) ) ;
#4625 = ORIENTED_EDGE ( 'NONE', *, *, #2191, .T. ) ;
#4626 = ORIENTED_EDGE ( 'NONE', *, *, #2490, .F. ) ;
#4627 = CARTESIAN_POINT ( 'NONE',  ( 10.63305127170896500, 1.900000000000002100, -11.10000000000001900 ) ) ;
#4628 = FACE_OUTER_BOUND ( 'NONE', #1605, .T. ) ;
#4629 = ORIENTED_EDGE ( 'NONE', *, *, #467, .F. ) ;
#4630 = DIRECTION ( 'NONE',  ( 1.000000000000000000, 0.0000000000000000000, 0.0000000000000000000 ) ) ;
#4631 = ORIENTED_EDGE ( 'NONE', *, *, #3647, .T. ) ;
#4632 = CARTESIAN_POINT ( 'NONE',  ( 4.999999999999996400, 2.304219872357979000, 4.376422909250776700 ) ) ;
#4633 = AXIS2_PLACEMENT_3D ( 'NONE', #1981, #1115, #43 ) ;
#4634 = LINE ( 'NONE', #3671, #2644 ) ;
#4635 = CARTESIAN_POINT ( 'NONE',  ( 10.63305127170896500, 5.700000000000001100, -11.10000000000000500 ) ) ;
#4636 = ADVANCED_FACE ( 'NONE', ( #2347 ), #3938, .T. ) ;
#4637 = CARTESIAN_POINT ( 'NONE',  ( 13.70000000000000600, 0.2000000000000057300, -5.740000000000026000 ) ) ;
#4638 = VECTOR ( 'NONE', #4757, 1000.000000000000000 ) ;
#4639 = EDGE_CURVE ( 'NONE', #3295, #4765, #3485, .T. ) ;
#4640 = DIRECTION ( 'NONE',  ( 0.0000000000000000000, 0.0000000000000000000, -1.000000000000000000 ) ) ;
#4641 = VECTOR ( 'NONE', #2382, 1000.000000000000000 ) ;
#4642 = EDGE_LOOP ( 'NONE', ( #3301, #288, #3982, #2410 ) ) ;
#4643 = EDGE_CURVE ( 'NONE', #4426, #1895, #538, .T. ) ;
#4644 = FACE_OUTER_BOUND ( 'NONE', #1389, .T. ) ;
#4645 = EDGE_LOOP ( 'NONE', ( #2813, #532, #2078, #2507 ) ) ;
#4646 = DIRECTION ( 'NONE',  ( 0.0000000000000000000, 1.000000000000000000, 0.0000000000000000000 ) ) ;
#4647 = DIRECTION ( 'NONE',  ( 0.0000000000000000000, 1.000000000000000000, 0.0000000000000000000 ) ) ;
#4648 = LINE ( 'NONE', #1250, #564 ) ;
#4649 = AXIS2_PLACEMENT_3D ( 'NONE', #4587, #863, #4605 ) ;
#4650 = VERTEX_POINT ( 'NONE', #3329 ) ;
#4651 = LINE ( 'NONE', #2983, #3642 ) ;
#4652 = DIRECTION ( 'NONE',  ( -1.000000000000000000, 2.981555974335129700E-015, 0.0000000000000000000 ) ) ;
#4653 = VERTEX_POINT ( 'NONE', #2614 ) ;
#4654 = ADVANCED_FACE ( 'NONE', ( #4663 ), #2980, .F. ) ;
#4655 = VERTEX_POINT ( 'NONE', #4109 ) ;
#4656 = AXIS2_PLACEMENT_3D ( 'NONE', #4451, #1138, #3742 ) ;
#4657 = ORIENTED_EDGE ( 'NONE', *, *, #1198, .T. ) ;
#4658 = DIRECTION ( 'NONE',  ( 0.0000000000000000000, 0.0000000000000000000, 1.000000000000000000 ) ) ;
#4659 = AXIS2_PLACEMENT_3D ( 'NONE', #4687, #4718, #3918 ) ;
#4660 = DIRECTION ( 'NONE',  ( 5.512424680677073100E-016, -1.000000000000000000, 1.273100362043328900E-015 ) ) ;
#4661 = CIRCLE ( 'NONE', #3310, 0.2999999999999981600 ) ;
#4662 = EDGE_CURVE ( 'NONE', #1311, #2016, #1153, .T. ) ;
#4663 = FACE_OUTER_BOUND ( 'NONE', #3765, .T. ) ;
#4664 = VERTEX_POINT ( 'NONE', #3366 ) ;
#4665 = PLANE ( 'NONE',  #1165 ) ;
#4666 = DIRECTION ( 'NONE',  ( 0.0000000000000000000, 0.0000000000000000000, 1.000000000000000000 ) ) ;
#4667 = LINE ( 'NONE', #4363, #1444 ) ;
#4668 = EDGE_CURVE ( 'NONE', #3458, #3291, #4119, .T. ) ;
#4669 = EDGE_LOOP ( 'NONE', ( #1777, #1875, #660, #1959 ) ) ;
#4670 = DIRECTION ( 'NONE',  ( 0.0000000000000000000, -1.000000000000000000, -3.652049423109067200E-015 ) ) ;
#4671 = VERTEX_POINT ( 'NONE', #1427 ) ;
#4672 = CARTESIAN_POINT ( 'NONE',  ( -4.999999999999996400, 4.331443352126995300, -1.198853748563604800 ) ) ;
#4673 = ORIENTED_EDGE ( 'NONE', *, *, #4113, .F. ) ;
#4674 = DIRECTION ( 'NONE',  ( 0.0000000000000000000, 2.891205793294679000E-015, -1.000000000000000000 ) ) ;
#4675 = ADVANCED_FACE ( 'NONE', ( #2345 ), #2154, .T. ) ;
#4676 = CARTESIAN_POINT ( 'NONE',  ( 4.400000000000001200, 5.700000000000001100, -14.50000000000000000 ) ) ;
#4677 = AXIS2_PLACEMENT_3D ( 'NONE', #593, #2791, #2444 ) ;
#4678 = EDGE_LOOP ( 'NONE', ( #227, #231, #762, #406 ) ) ;
#4679 = FACE_OUTER_BOUND ( 'NONE', #1256, .T. ) ;
#4680 = EDGE_LOOP ( 'NONE', ( #4629, #1277, #3258, #2241 ) ) ;
#4681 = ORIENTED_EDGE ( 'NONE', *, *, #1855, .T. ) ;
#4682 = CARTESIAN_POINT ( 'NONE',  ( 13.60000000000001000, 1.699999999999997700, 2.539999999999972900 ) ) ;
#4683 = VECTOR ( 'NONE', #3850, 1000.000000000000000 ) ;
#4684 = LINE ( 'NONE', #4083, #1940 ) ;
#4685 = ORIENTED_EDGE ( 'NONE', *, *, #4400, .T. ) ;
#4686 = LINE ( 'NONE', #2933, #3205 ) ;
#4687 = CARTESIAN_POINT ( 'NONE',  ( -14.09637171368696200, -0.1880143455903308900, 6.070438316928877100 ) ) ;
#4688 = EDGE_CURVE ( 'NONE', #250, #638, #357, .T. ) ;
#4689 = AXIS2_PLACEMENT_3D ( 'NONE', #4158, #1933, #3750 ) ;
#4690 = CARTESIAN_POINT ( 'NONE',  ( 13.39999999999999700, 5.600000000000003200, -10.40000000000000200 ) ) ;
#4691 = ORIENTED_EDGE ( 'NONE', *, *, #3505, .F. ) ;
#4692 = CARTESIAN_POINT ( 'NONE',  ( -4.399999999999997700, 5.700000000000001100, -14.49999999999999800 ) ) ;
#4693 = VECTOR ( 'NONE', #3729, 1000.000000000000000 ) ;
#4694 = EDGE_LOOP ( 'NONE', ( #4338, #4608, #4078, #172 ) ) ;
#4695 = VECTOR ( 'NONE', #915, 1000.000000000000200 ) ;
#4696 = EDGE_CURVE ( 'NONE', #1905, #1369, #3833, .T. ) ;
#4697 = CARTESIAN_POINT ( 'NONE',  ( 13.60000000000001000, 1.700000000000000800, 4.399999999999999500 ) ) ;
#4698 = CARTESIAN_POINT ( 'NONE',  ( 12.70462891345259300, 5.600000000000000500, -10.90000000000000600 ) ) ;
#4699 = ORIENTED_EDGE ( 'NONE', *, *, #2173, .F. ) ;
#4700 = ADVANCED_FACE ( 'NONE', ( #2214 ), #2172, .T. ) ;
#4701 = CIRCLE ( 'NONE', #536, 0.09999999999999766000 ) ;
#4702 = DIRECTION ( 'NONE',  ( 1.000000000000000000, -0.0000000000000000000, -0.0000000000000000000 ) ) ;
#4703 = VERTEX_POINT ( 'NONE', #1005 ) ;
#4704 = EDGE_CURVE ( 'NONE', #4733, #1924, #2677, .T. ) ;
#4705 = CIRCLE ( 'NONE', #4710, 0.1000000000000000500 ) ;
#4706 = DIRECTION ( 'NONE',  ( 0.0000000000000000000, 1.000000000000000000, 3.652049423109067200E-015 ) ) ;
#4707 = ORIENTED_EDGE ( 'NONE', *, *, #2434, .T. ) ;
#4708 = CARTESIAN_POINT ( 'NONE',  ( -13.40000000000000400, 5.751430567038554200E-015, 2.539999999999972900 ) ) ;
#4709 = ORIENTED_EDGE ( 'NONE', *, *, #2238, .F. ) ;
#4710 = AXIS2_PLACEMENT_3D ( 'NONE', #4401, #2182, #690 ) ;
#4711 = ORIENTED_EDGE ( 'NONE', *, *, #1006, .F. ) ;
#4712 = LINE ( 'NONE', #5, #3292 ) ;
#4713 = CARTESIAN_POINT ( 'NONE',  ( 13.59999999999999800, 5.600000000000005000, -10.40000000000000200 ) ) ;
#4714 = CARTESIAN_POINT ( 'NONE',  ( 10.63305127170896500, 1.900000000000001500, -10.90000000000002000 ) ) ;
#4715 = ORIENTED_EDGE ( 'NONE', *, *, #4007, .T. ) ;
#4716 = FACE_OUTER_BOUND ( 'NONE', #2694, .T. ) ;
#4717 = AXIS2_PLACEMENT_3D ( 'NONE', #2035, #2806, #950 ) ;
#4718 = DIRECTION ( 'NONE',  ( 0.3973438282006617700, 0.0000000000000000000, -0.9176698110926626600 ) ) ;
#4719 = CARTESIAN_POINT ( 'NONE',  ( -7.999999999999996400, 4.621306437175211300, -1.276180276523490400 ) ) ;
#4720 = FACE_OUTER_BOUND ( 'NONE', #1271, .T. ) ;
#4721 = ADVANCED_FACE ( 'NONE', ( #3427 ), #4356, .T. ) ;
#4722 = CARTESIAN_POINT ( 'NONE',  ( -10.63305127170896500, 5.600000000000000500, -10.80000000000000600 ) ) ;
#4723 = AXIS2_PLACEMENT_3D ( 'NONE', #3643, #1057, #4009 ) ;
#4724 = EDGE_CURVE ( 'NONE', #4446, #1891, #3017, .T. ) ;
#4725 = ORIENTED_EDGE ( 'NONE', *, *, #2110, .F. ) ;
#4726 = DIRECTION ( 'NONE',  ( 0.0000000000000000000, 0.0000000000000000000, 1.000000000000000000 ) ) ;
#4727 = DIRECTION ( 'NONE',  ( 1.000000000000000000, 0.0000000000000000000, 0.0000000000000000000 ) ) ;
#4728 = ORIENTED_EDGE ( 'NONE', *, *, #2496, .T. ) ;
#4729 = LINE ( 'NONE', #1076, #1754 ) ;
#4730 = VERTEX_POINT ( 'NONE', #4753 ) ;
#4731 = EDGE_CURVE ( 'NONE', #3779, #2435, #3999, .T. ) ;
#4732 = CARTESIAN_POINT ( 'NONE',  ( -7.999999999999996400, 5.585257552170444800, 3.501143285964996000 ) ) ;
#4733 = VERTEX_POINT ( 'NONE', #3958 ) ;
#4734 = LINE ( 'NONE', #710, #2696 ) ;
#4735 = CARTESIAN_POINT ( 'NONE',  ( -4.974999999999997000, 5.700000000000001100, 4.376422909250778500 ) ) ;
#4736 = CARTESIAN_POINT ( 'NONE',  ( 13.70000000000000600, 5.695369369829950200E-015, 2.539999999999972900 ) ) ;
#4737 = DIRECTION ( 'NONE',  ( 0.0000000000000000000, 0.0000000000000000000, 1.000000000000000000 ) ) ;
#4738 = ORIENTED_EDGE ( 'NONE', *, *, #2610, .T. ) ;
#4739 = VECTOR ( 'NONE', #2090, 1000.000000000000000 ) ;
#4740 = CARTESIAN_POINT ( 'NONE',  ( -13.39999999999999700, 5.600000000000002300, 4.399999999999999500 ) ) ;
#4741 = DIRECTION ( 'NONE',  ( 0.0000000000000000000, 0.0000000000000000000, 1.000000000000000000 ) ) ;
#4742 = ORIENTED_EDGE ( 'NONE', *, *, #1608, .T. ) ;
#4743 = AXIS2_PLACEMENT_3D ( 'NONE', #1649, #4292, #1276 ) ;
#4744 = DIRECTION ( 'NONE',  ( 0.0000000000000000000, 0.0000000000000000000, -1.000000000000000000 ) ) ;
#4745 = VECTOR ( 'NONE', #3887, 1000.000000000000000 ) ;
#4746 = CARTESIAN_POINT ( 'NONE',  ( 4.999999999999996400, 5.778499608869254600, 3.449592267325072300 ) ) ;
#4747 = VECTOR ( 'NONE', #4214, 1000.000000000000000 ) ;
#4748 = ORIENTED_EDGE ( 'NONE', *, *, #4508, .F. ) ;
#4749 = PLANE ( 'NONE',  #3826 ) ;
#4750 = FACE_OUTER_BOUND ( 'NONE', #2043, .T. ) ;
#4751 = DIRECTION ( 'NONE',  ( -1.000000000000000000, 0.0000000000000000000, 0.0000000000000000000 ) ) ;
#4752 = ORIENTED_EDGE ( 'NONE', *, *, #3531, .T. ) ;
#4753 = CARTESIAN_POINT ( 'NONE',  ( -13.39999999999999700, 2.600000000000003200, 4.399999999999999500 ) ) ;
#4754 = EDGE_CURVE ( 'NONE', #913, #1264, #691, .T. ) ;
#4755 = CARTESIAN_POINT ( 'NONE',  ( 15.55000000000000100, 9.595189226496714200E-015, -3.850000000000028500 ) ) ;
#4756 = VECTOR ( 'NONE', #1832, 1000.000000000000000 ) ;
#4757 = DIRECTION ( 'NONE',  ( -0.0000000000000000000, -0.0000000000000000000, 1.000000000000000000 ) ) ;
#4758 = ORIENTED_EDGE ( 'NONE', *, *, #148, .F. ) ;
#4759 = VECTOR ( 'NONE', #4435, 1000.000000000000000 ) ;
#4760 = DIRECTION ( 'NONE',  ( -0.9176698110926622100, -0.0000000000000000000, 0.3973438282006626100 ) ) ;
#4761 = EDGE_CURVE ( 'NONE', #3926, #1164, #1212, .T. ) ;
#4762 = ORIENTED_EDGE ( 'NONE', *, *, #2794, .T. ) ;
#4763 = CARTESIAN_POINT ( 'NONE',  ( 13.29999999999999900, 5.700000000000001100, -10.40000000000000200 ) ) ;
#4764 = DIRECTION ( 'NONE',  ( -1.000000000000000000, 0.0000000000000000000, 0.0000000000000000000 ) ) ;
#4765 = VERTEX_POINT ( 'NONE', #1376 ) ;
#4766 = CIRCLE ( 'NONE', #3220, 1.500000000000000000 ) ;
#4767 = CARTESIAN_POINT ( 'NONE',  ( 13.60000000000001000, 1.699999999999997700, -5.740000000000026000 ) ) ;
#4768 = DIRECTION ( 'NONE',  ( 0.0000000000000000000, 1.242265319923638400E-014, -1.000000000000000000 ) ) ;
#4769 = AXIS2_PLACEMENT_3D ( 'NONE', #2124, #1680, #978 ) ;
#4770 = ADVANCED_FACE ( 'NONE', ( #2283 ), #2159, .T. ) ;
#4771 = ORIENTED_EDGE ( 'NONE', *, *, #854, .T. ) ;
#4772 = PLANE ( 'NONE',  #1232 ) ;
#4773 = EDGE_CURVE ( 'NONE', #1072, #2168, #2038, .T. ) ;
#4774 = AXIS2_PLACEMENT_3D ( 'NONE', #3827, #4591, #2950 ) ;
#4775 = ORIENTED_EDGE ( 'NONE', *, *, #600, .F. ) ;
#4776 = CIRCLE ( 'NONE', #3294, 0.8400000000000005200 ) ;
#4777 = CARTESIAN_POINT ( 'NONE',  ( -4.999999999999996400, 4.521306437175210700, -1.276180276523490400 ) ) ;
#4779 = DIRECTION ( 'NONE',  ( 1.000000000000000000, 2.981555974335129700E-015, 0.0000000000000000000 ) ) ;
#4778 = DIRECTION ( 'NONE',  ( 1.000000000000000000, 8.572527594031398000E-017, 0.0000000000000000000 ) ) ;
#4780 = EDGE_LOOP ( 'NONE', ( #2443, #2985, #2551, #708 ) ) ;
#4781 = CARTESIAN_POINT ( 'NONE',  ( -15.55000000000000100, 0.2000000000000096100, -3.850000000000028500 ) ) ;
#4782 = VECTOR ( 'NONE', #3776, 1000.000000000000100 ) ;
#4783 = EDGE_CURVE ( 'NONE', #925, #1888, #3540, .T. ) ;
#4784 = CARTESIAN_POINT ( 'NONE',  ( 13.70000000000000600, 5.695369369829950200E-015, 2.539999999999972900 ) ) ;
#4785 = CARTESIAN_POINT ( 'NONE',  ( 13.60000000000001000, 1.700000000000000800, 4.399999999999998600 ) ) ;
#4786 = EDGE_LOOP ( 'NONE', ( #4800, #4038, #2145, #4515 ) ) ;
#4787 = ORIENTED_EDGE ( 'NONE', *, *, #2434, .F. ) ;
#4788 = LINE ( 'NONE', #4155, #882 ) ;
#4789 = DIRECTION ( 'NONE',  ( 1.000000000000000000, 1.067764338606768200E-044, -1.529099306256869600E-030 ) ) ;
#4790 = ORIENTED_EDGE ( 'NONE', *, *, #3954, .T. ) ;
#4791 = EDGE_CURVE ( 'NONE', #589, #3926, #864, .T. ) ;
#4792 = VERTEX_POINT ( 'NONE', #4407 ) ;
#4793 = VECTOR ( 'NONE', #859, 1000.000000000000000 ) ;
#4794 = CARTESIAN_POINT ( 'NONE',  ( 10.63305127170896500, 5.700000000000001100, -10.40000000000000200 ) ) ;
#4795 = CARTESIAN_POINT ( 'NONE',  ( 14.09637171368696200, 2.600000000000003200, 6.070438316928878000 ) ) ;
#4796 = VERTEX_POINT ( 'NONE', #289 ) ;
#4797 = AXIS2_PLACEMENT_3D ( 'NONE', #446, #471, #3435 ) ;
#4798 = PRODUCT ( 'BRX1-2450-SM', 'BRX1-2450-SM', '', ( #4028 ) ) ;
#4799 = LINE ( 'NONE', #3290, #2934 ) ;
#4800 = ORIENTED_EDGE ( 'NONE', *, *, #692, .F. ) ;
#4801 = PLANE ( 'NONE',  #1458 ) ;
#4802 = LINE ( 'NONE', #30, #666 ) ;
#4803 = CARTESIAN_POINT ( 'NONE',  ( -8.673617379884035500E-015, 5.700000000000001100, 60.70703911356945100 ) ) ;
#4804 = DIRECTION ( 'NONE',  ( -1.000000000000000000, -1.868706573620127700E-016, 0.0000000000000000000 ) ) ;
#4805 = EDGE_CURVE ( 'NONE', #3613, #704, #472, .T. ) ;
#4806 = AXIS2_PLACEMENT_3D ( 'NONE', #2626, #3722, #4103 ) ;
#4807 = CARTESIAN_POINT ( 'NONE',  ( 12.70462891345259300, 5.700000000000000200, -10.80000000000000600 ) ) ;
#4808 = EDGE_LOOP ( 'NONE', ( #3859, #4715, #4535, #1229 ) ) ;
#4809 = CARTESIAN_POINT ( 'NONE',  ( 3.810000000000000900, 0.3000000000000420700, -14.80000000000002200 ) ) ;
#4810 = FACE_OUTER_BOUND ( 'NONE', #4094, .T. ) ;
#4811 = DIRECTION ( 'NONE',  ( -0.0000000000000000000, -1.000000000000000000, -0.0000000000000000000 ) ) ;
#4812 = ORIENTED_EDGE ( 'NONE', *, *, #884, .T. ) ;
#4813 = PRODUCT_RELATED_PRODUCT_CATEGORY ( 'part', '', ( #4798 ) ) ;
#4814 = CARTESIAN_POINT ( 'NONE',  ( -13.70000000000000600, 0.2000000000000057300, -5.740000000000026000 ) ) ;
#4815 = CYLINDRICAL_SURFACE ( 'NONE', #102, 0.09999999999999939500 ) ;
#4816 = EDGE_CURVE ( 'NONE', #2787, #3529, #4545, .T. ) ;
#4817 = DIRECTION ( 'NONE',  ( -3.469446951953613400E-015, 1.000000000000000000, 8.758115402030106700E-047 ) ) ;
#4818 = ORIENTED_EDGE ( 'NONE', *, *, #1030, .F. ) ;
#4819 = DIRECTION ( 'NONE',  ( -2.276539994720219800E-016, 0.0000000000000000000, -1.000000000000000000 ) ) ;
#4820 = FACE_OUTER_BOUND ( 'NONE', #4160, .T. ) ;
#4821 = CARTESIAN_POINT ( 'NONE',  ( 8.024999999999996800, 5.700000000000001100, 4.376422909250776700 ) ) ;
#4822 = ORIENTED_EDGE ( 'NONE', *, *, #270, .F. ) ;
#4823 = DIRECTION ( 'NONE',  ( 2.710505431213774400E-016, 1.437693676597985000E-016, 1.000000000000000000 ) ) ;
#4824 = EDGE_CURVE ( 'NONE', #4664, #577, #3300, .T. ) ;
#4825 = DIRECTION ( 'NONE',  ( -0.0000000000000000000, -0.0000000000000000000, -1.000000000000000000 ) ) ;
#4826 = CARTESIAN_POINT ( 'NONE',  ( -6.987958991245730700, 5.700000000000001100, 10.84314482547739500 ) ) ;
#4827 = DIRECTION ( 'NONE',  ( 0.0000000000000000000, 1.000000000000000000, 0.0000000000000000000 ) ) ;
#4828 = ORIENTED_EDGE ( 'NONE', *, *, #2673, .F. ) ;
#4829 = FACE_OUTER_BOUND ( 'NONE', #1884, .T. ) ;
#4830 = AXIS2_PLACEMENT_3D ( 'NONE', #4424, #323, #4374 ) ;
#4831 = CARTESIAN_POINT ( 'NONE',  ( -4.974999999999997000, 5.900000000000000400, 4.376422909250778500 ) ) ;
#4832 = ORIENTED_EDGE ( 'NONE', *, *, #2584, .T. ) ;
#4833 = CARTESIAN_POINT ( 'NONE',  ( 13.69999999999999900, 1.700000000000001300, 4.399999999999999500 ) ) ;
#4834 = VECTOR ( 'NONE', #611, 1000.000000000000000 ) ;
ENDSEC;
END-ISO-10303-21;
