ISO-10303-21;
HEADER;
/* Generated by software containing ST-Developer
 * from STEP Tools, Inc. (www.steptools.com) 
 */
/* OPTION: using custom renumber hook */

FILE_DESCRIPTION(
/* description */ ('STEP AP214'),
/* implementation_level */ '2;1');

FILE_NAME(
/* name */ 'CL-SB-22A-11T',
/* time_stamp */ '2025-01-26T12:26:31+01:00',
/* author */ ('License CC BY-ND 4.0'),
/* organization */ ('CADENAS'),
/* preprocessor_version */ 'ST-DEVELOPER v19.3',
/* originating_system */ 'PARTsolutions',
/* authorisation */ '  ');

FILE_SCHEMA (('AUTOMOTIVE_DESIGN {1 0 10303 214 3 1 1}'));
ENDSEC;

DATA;
#10=PROPERTY_DEFINITION_REPRESENTATION(#14,#12);
#11=PROPERTY_DEFINITION_REPRESENTATION(#15,#13);
#12=REPRESENTATION('',(#16),#11542);
#13=REPRESENTATION('',(#17),#11542);
#14=PROPERTY_DEFINITION('pmi validation property','',#11551);
#15=PROPERTY_DEFINITION('pmi validation property','',#11551);
#16=VALUE_REPRESENTATION_ITEM('number of annotations',COUNT_MEASURE(0.));
#17=VALUE_REPRESENTATION_ITEM('number of views',COUNT_MEASURE(0.));
#18=DRAUGHTING_PRE_DEFINED_COLOUR('white');
#19=CONTEXT_DEPENDENT_SHAPE_REPRESENTATION(#23,#11553);
#20=CONTEXT_DEPENDENT_SHAPE_REPRESENTATION(#24,#11555);
#21=NEXT_ASSEMBLY_USAGE_OCCURRENCE('NAUO1','22A-11_c','22A-11_c',#11556,
#11557,'');
#22=NEXT_ASSEMBLY_USAGE_OCCURRENCE('NAUO2','2Side setting_s',
'2Side setting_s',#11556,#11558,'');
#23=(
REPRESENTATION_RELATIONSHIP(' ',' ',#7719,#7718)
REPRESENTATION_RELATIONSHIP_WITH_TRANSFORMATION(#25)
SHAPE_REPRESENTATION_RELATIONSHIP()
);
#24=(
REPRESENTATION_RELATIONSHIP(' ',' ',#7720,#7718)
REPRESENTATION_RELATIONSHIP_WITH_TRANSFORMATION(#26)
SHAPE_REPRESENTATION_RELATIONSHIP()
);
#25=ITEM_DEFINED_TRANSFORMATION(' ',' ',#7721,#8160);
#26=ITEM_DEFINED_TRANSFORMATION(' ',' ',#7721,#8194);
#27=SHAPE_REPRESENTATION_RELATIONSHIP('','',#7719,#29);
#28=SHAPE_REPRESENTATION_RELATIONSHIP('','',#7720,#30);
#29=ADVANCED_BREP_SHAPE_REPRESENTATION('',(#7713),#11543);
#30=ADVANCED_BREP_SHAPE_REPRESENTATION('',(#7714),#11544);
#31=B_SPLINE_CURVE_WITH_KNOTS('',3,(#10831,#10832,#10833,#10834,#10835),
 .UNSPECIFIED.,.F.,.F.,(4,1,4),(2.25406463813061E-24,0.000171376381966919,
0.000342752763933838),.UNSPECIFIED.);
#32=B_SPLINE_CURVE_WITH_KNOTS('',3,(#10854,#10855,#10856,#10857,#10858),
 .UNSPECIFIED.,.F.,.F.,(4,1,4),(0.,0.000171485946217981,0.000342971892435961),
 .UNSPECIFIED.);
#33=B_SPLINE_CURVE_WITH_KNOTS('',3,(#10869,#10870,#10871,#10872,#10873),
 .UNSPECIFIED.,.F.,.F.,(4,1,4),(2.16841895313195E-19,0.000171376370362662,
0.000342752740725323),.UNSPECIFIED.);
#34=B_SPLINE_CURVE_WITH_KNOTS('',3,(#10901,#10902,#10903,#10904,#10905),
 .UNSPECIFIED.,.F.,.F.,(4,1,4),(0.,0.000171485946217975,0.00034297189243595),
 .UNSPECIFIED.);
#35=CYLINDRICAL_SURFACE('',#7880,0.1);
#36=CYLINDRICAL_SURFACE('',#7882,0.1);
#37=CYLINDRICAL_SURFACE('',#7883,0.1);
#38=CYLINDRICAL_SURFACE('',#7885,0.0999999999999998);
#39=CYLINDRICAL_SURFACE('',#7887,0.1);
#40=CYLINDRICAL_SURFACE('',#7888,0.0999999999999998);
#41=CYLINDRICAL_SURFACE('',#7890,0.1);
#42=CYLINDRICAL_SURFACE('',#7899,0.1);
#43=CYLINDRICAL_SURFACE('',#7902,0.1);
#44=CYLINDRICAL_SURFACE('',#7905,0.100000000000001);
#45=CYLINDRICAL_SURFACE('',#7908,0.1);
#46=CYLINDRICAL_SURFACE('',#7912,0.1);
#47=CYLINDRICAL_SURFACE('',#7915,0.100000000000001);
#48=CYLINDRICAL_SURFACE('',#7918,0.1);
#49=CYLINDRICAL_SURFACE('',#7921,0.0999999999999998);
#50=CYLINDRICAL_SURFACE('',#7925,0.1);
#51=CYLINDRICAL_SURFACE('',#7928,0.0999999999999998);
#52=CYLINDRICAL_SURFACE('',#7931,0.1);
#53=CYLINDRICAL_SURFACE('',#7934,0.100000000000001);
#54=CYLINDRICAL_SURFACE('',#7938,0.100000000000001);
#55=CYLINDRICAL_SURFACE('',#7941,0.100000000000001);
#56=CYLINDRICAL_SURFACE('',#7944,0.1);
#57=CYLINDRICAL_SURFACE('',#7947,0.1);
#58=CYLINDRICAL_SURFACE('',#7953,0.5);
#59=CYLINDRICAL_SURFACE('',#7956,0.4);
#60=CYLINDRICAL_SURFACE('',#7962,0.199999999999998);
#61=CYLINDRICAL_SURFACE('',#7963,0.199999999999999);
#62=CYLINDRICAL_SURFACE('',#7965,0.2);
#63=CYLINDRICAL_SURFACE('',#7968,0.2);
#64=CYLINDRICAL_SURFACE('',#7970,0.199999999999999);
#65=CYLINDRICAL_SURFACE('',#7971,0.2);
#66=CYLINDRICAL_SURFACE('',#7976,0.200000000000001);
#67=CYLINDRICAL_SURFACE('',#7977,0.200000000000001);
#68=CYLINDRICAL_SURFACE('',#7979,0.2);
#69=CYLINDRICAL_SURFACE('',#7982,0.2);
#70=CYLINDRICAL_SURFACE('',#7984,0.125);
#71=CYLINDRICAL_SURFACE('',#7989,0.200000000000001);
#72=CYLINDRICAL_SURFACE('',#7990,0.200000000000002);
#73=CYLINDRICAL_SURFACE('',#7994,0.200000000000001);
#74=CYLINDRICAL_SURFACE('',#7996,0.200000000000001);
#75=CYLINDRICAL_SURFACE('',#7998,0.125);
#76=CYLINDRICAL_SURFACE('',#7999,0.125);
#77=CYLINDRICAL_SURFACE('',#8004,0.200000000000001);
#78=CYLINDRICAL_SURFACE('',#8006,0.200000000000001);
#79=CYLINDRICAL_SURFACE('',#8008,0.125);
#80=CYLINDRICAL_SURFACE('',#8009,0.125);
#81=CYLINDRICAL_SURFACE('',#8011,0.250000000000001);
#82=CYLINDRICAL_SURFACE('',#8012,0.250000000000001);
#83=CYLINDRICAL_SURFACE('',#8013,0.05);
#84=CYLINDRICAL_SURFACE('',#8015,0.3);
#85=CYLINDRICAL_SURFACE('',#8028,0.400000000000002);
#86=CYLINDRICAL_SURFACE('',#8032,0.2);
#87=CYLINDRICAL_SURFACE('',#8037,0.199999999999999);
#88=CYLINDRICAL_SURFACE('',#8039,0.7);
#89=CYLINDRICAL_SURFACE('',#8043,0.400000000000001);
#90=CYLINDRICAL_SURFACE('',#8045,0.450000000000001);
#91=CYLINDRICAL_SURFACE('',#8046,0.4);
#92=CYLINDRICAL_SURFACE('',#8052,0.149999999999999);
#93=CYLINDRICAL_SURFACE('',#8057,0.4);
#94=CYLINDRICAL_SURFACE('',#8060,0.100000000000001);
#95=CYLINDRICAL_SURFACE('',#8075,0.400000000000001);
#96=CYLINDRICAL_SURFACE('',#8077,0.400000000000001);
#97=CYLINDRICAL_SURFACE('',#8081,0.150000000000001);
#98=CYLINDRICAL_SURFACE('',#8083,0.0999999999999994);
#99=CYLINDRICAL_SURFACE('',#8084,0.149999999999999);
#100=CYLINDRICAL_SURFACE('',#8090,0.4);
#101=CYLINDRICAL_SURFACE('',#8095,0.4);
#102=CYLINDRICAL_SURFACE('',#8098,0.100000000000001);
#103=CYLINDRICAL_SURFACE('',#8113,0.400000000000001);
#104=CYLINDRICAL_SURFACE('',#8115,0.400000000000001);
#105=CYLINDRICAL_SURFACE('',#8119,0.150000000000001);
#106=CYLINDRICAL_SURFACE('',#8121,0.0999999999999994);
#107=CYLINDRICAL_SURFACE('',#8122,0.149999999999999);
#108=CYLINDRICAL_SURFACE('',#8128,0.4);
#109=CYLINDRICAL_SURFACE('',#8133,0.4);
#110=CYLINDRICAL_SURFACE('',#8136,0.100000000000001);
#111=CYLINDRICAL_SURFACE('',#8151,0.400000000000001);
#112=CYLINDRICAL_SURFACE('',#8153,0.400000000000001);
#113=CYLINDRICAL_SURFACE('',#8157,0.150000000000001);
#114=CYLINDRICAL_SURFACE('',#8159,0.0999999999999994);
#115=CIRCLE('',#7723,0.400000000000001);
#116=CIRCLE('',#7725,0.4);
#117=CIRCLE('',#7727,0.400000000000001);
#118=CIRCLE('',#7729,0.4);
#119=CIRCLE('',#7732,0.400000000000001);
#120=CIRCLE('',#7734,0.4);
#121=CIRCLE('',#7736,0.400000000000001);
#122=CIRCLE('',#7738,0.4);
#123=CIRCLE('',#7741,0.400000000000001);
#124=CIRCLE('',#7743,0.400000000000001);
#125=CIRCLE('',#7746,0.125);
#126=CIRCLE('',#7747,0.200000000000001);
#127=CIRCLE('',#7748,0.200000000000001);
#128=CIRCLE('',#7749,0.125);
#129=CIRCLE('',#7751,0.250000000000001);
#130=CIRCLE('',#7753,0.250000000000001);
#131=CIRCLE('',#7755,0.200000000000001);
#132=CIRCLE('',#7756,0.199999999999999);
#133=CIRCLE('',#7757,0.2);
#134=CIRCLE('',#7758,0.2);
#135=CIRCLE('',#7759,0.199999999999999);
#136=CIRCLE('',#7760,0.200000000000001);
#137=CIRCLE('',#7761,0.2);
#138=CIRCLE('',#7762,0.2);
#139=CIRCLE('',#7763,0.125);
#140=CIRCLE('',#7765,0.200000000000001);
#141=CIRCLE('',#7766,0.200000000000001);
#142=CIRCLE('',#7768,0.125);
#143=CIRCLE('',#7770,0.200000000000002);
#144=CIRCLE('',#7771,0.200000000000001);
#145=CIRCLE('',#7772,0.125);
#146=CIRCLE('',#7773,0.2);
#147=CIRCLE('',#7774,0.200000000000001);
#148=CIRCLE('',#7775,0.200000000000001);
#149=CIRCLE('',#7776,0.2);
#150=CIRCLE('',#7777,0.199999999999999);
#151=CIRCLE('',#7778,0.199999999999999);
#152=CIRCLE('',#7779,0.199999999999998);
#153=CIRCLE('',#7785,0.200000000000001);
#154=CIRCLE('',#7786,0.200000000000001);
#155=CIRCLE('',#7788,0.125);
#156=CIRCLE('',#7792,0.200000000000001);
#157=CIRCLE('',#7793,0.2);
#158=CIRCLE('',#7795,0.1);
#159=CIRCLE('',#7796,0.0999999999999998);
#160=CIRCLE('',#7797,0.1);
#161=CIRCLE('',#7798,0.1);
#162=CIRCLE('',#7804,0.1);
#163=CIRCLE('',#7805,0.0999999999999998);
#164=CIRCLE('',#7806,0.1);
#165=CIRCLE('',#7814,0.200000000000001);
#166=CIRCLE('',#7816,0.1);
#167=CIRCLE('',#7818,0.199999999999999);
#168=CIRCLE('',#7819,0.2);
#169=CIRCLE('',#7821,0.1);
#170=CIRCLE('',#7822,0.0999999999999998);
#171=CIRCLE('',#7824,0.2);
#172=CIRCLE('',#7828,0.2);
#173=CIRCLE('',#7829,0.199999999999999);
#174=CIRCLE('',#7833,0.4);
#175=CIRCLE('',#7834,0.5);
#176=CIRCLE('',#7835,0.100000000000001);
#177=CIRCLE('',#7836,0.100000000000001);
#178=CIRCLE('',#7837,0.1);
#179=CIRCLE('',#7838,0.1);
#180=CIRCLE('',#7839,0.1);
#181=CIRCLE('',#7840,0.0999999999999998);
#182=CIRCLE('',#7841,0.1);
#183=CIRCLE('',#7842,0.100000000000001);
#184=CIRCLE('',#7843,0.1);
#185=CIRCLE('',#7844,0.100000000000001);
#186=CIRCLE('',#7845,0.1);
#187=CIRCLE('',#7846,0.0999999999999998);
#188=CIRCLE('',#7847,0.1);
#189=CIRCLE('',#7848,0.1);
#190=CIRCLE('',#7849,0.100000000000001);
#191=CIRCLE('',#7850,0.1);
#192=CIRCLE('',#7862,0.125);
#193=CIRCLE('',#7865,0.125);
#194=CIRCLE('',#7872,0.1);
#195=CIRCLE('',#7873,0.1);
#196=CIRCLE('',#7876,0.0999999999999998);
#197=CIRCLE('',#7877,0.1);
#198=CIRCLE('',#7895,0.4);
#199=CIRCLE('',#7897,0.4);
#200=CIRCLE('',#7900,0.1);
#201=CIRCLE('',#7903,0.1);
#202=CIRCLE('',#7906,0.100000000000001);
#203=CIRCLE('',#7909,0.1);
#204=CIRCLE('',#7913,0.1);
#205=CIRCLE('',#7916,0.100000000000001);
#206=CIRCLE('',#7919,0.1);
#207=CIRCLE('',#7922,0.0999999999999998);
#208=CIRCLE('',#7926,0.1);
#209=CIRCLE('',#7929,0.0999999999999998);
#210=CIRCLE('',#7932,0.1);
#211=CIRCLE('',#7935,0.100000000000001);
#212=CIRCLE('',#7939,0.100000000000001);
#213=CIRCLE('',#7942,0.100000000000001);
#214=CIRCLE('',#7945,0.1);
#215=CIRCLE('',#7948,0.1);
#216=CIRCLE('',#7952,0.5);
#217=CIRCLE('',#7955,0.4);
#218=CIRCLE('',#7958,0.125);
#219=CIRCLE('',#7959,0.200000000000001);
#220=CIRCLE('',#7960,0.200000000000001);
#221=CIRCLE('',#7961,0.125);
#222=CIRCLE('',#7973,0.250000000000001);
#223=CIRCLE('',#7975,0.250000000000001);
#224=CIRCLE('',#7986,0.3);
#225=CIRCLE('',#7987,0.05);
#226=CIRCLE('',#7992,0.125);
#227=CIRCLE('',#7993,0.125);
#228=CIRCLE('',#8002,0.125);
#229=CIRCLE('',#8003,0.125);
#230=CIRCLE('',#8014,0.05);
#231=CIRCLE('',#8016,0.3);
#232=CIRCLE('',#8019,0.199999999999999);
#233=CIRCLE('',#8020,0.7);
#234=CIRCLE('',#8021,0.400000000000001);
#235=CIRCLE('',#8022,0.450000000000001);
#236=CIRCLE('',#8024,0.450000000000001);
#237=CIRCLE('',#8025,0.400000000000001);
#238=CIRCLE('',#8026,0.7);
#239=CIRCLE('',#8027,0.199999999999999);
#240=CIRCLE('',#8029,0.400000000000002);
#241=CIRCLE('',#8030,0.400000000000002);
#242=CIRCLE('',#8033,0.2);
#243=CIRCLE('',#8034,0.2);
#244=CIRCLE('',#8047,0.4);
#245=CIRCLE('',#8048,0.4);
#246=CIRCLE('',#8053,0.149999999999999);
#247=CIRCLE('',#8054,0.149999999999999);
#248=CIRCLE('',#8058,0.4);
#249=CIRCLE('',#8059,0.4);
#250=CIRCLE('',#8061,0.100000000000001);
#251=CIRCLE('',#8062,0.100000000000001);
#252=CIRCLE('',#8066,0.400000000000001);
#253=CIRCLE('',#8067,0.0999999999999994);
#254=CIRCLE('',#8068,0.150000000000001);
#255=CIRCLE('',#8069,0.400000000000001);
#256=CIRCLE('',#8071,0.400000000000001);
#257=CIRCLE('',#8072,0.400000000000001);
#258=CIRCLE('',#8073,0.150000000000001);
#259=CIRCLE('',#8074,0.0999999999999994);
#260=CIRCLE('',#8085,0.149999999999999);
#261=CIRCLE('',#8086,0.149999999999999);
#262=CIRCLE('',#8091,0.4);
#263=CIRCLE('',#8092,0.4);
#264=CIRCLE('',#8096,0.4);
#265=CIRCLE('',#8097,0.4);
#266=CIRCLE('',#8099,0.100000000000001);
#267=CIRCLE('',#8100,0.100000000000001);
#268=CIRCLE('',#8104,0.400000000000001);
#269=CIRCLE('',#8105,0.400000000000001);
#270=CIRCLE('',#8106,0.150000000000001);
#271=CIRCLE('',#8107,0.0999999999999994);
#272=CIRCLE('',#8109,0.400000000000001);
#273=CIRCLE('',#8110,0.0999999999999994);
#274=CIRCLE('',#8111,0.150000000000001);
#275=CIRCLE('',#8112,0.400000000000001);
#276=CIRCLE('',#8123,0.149999999999999);
#277=CIRCLE('',#8124,0.149999999999999);
#278=CIRCLE('',#8129,0.4);
#279=CIRCLE('',#8130,0.4);
#280=CIRCLE('',#8134,0.4);
#281=CIRCLE('',#8135,0.4);
#282=CIRCLE('',#8137,0.100000000000001);
#283=CIRCLE('',#8138,0.100000000000001);
#284=CIRCLE('',#8142,0.400000000000001);
#285=CIRCLE('',#8143,0.400000000000001);
#286=CIRCLE('',#8144,0.150000000000001);
#287=CIRCLE('',#8145,0.0999999999999994);
#288=CIRCLE('',#8147,0.400000000000001);
#289=CIRCLE('',#8148,0.0999999999999994);
#290=CIRCLE('',#8149,0.150000000000001);
#291=CIRCLE('',#8150,0.400000000000001);
#292=ORIENTED_EDGE('',*,*,#2002,.T.);
#293=ORIENTED_EDGE('',*,*,#2003,.F.);
#294=ORIENTED_EDGE('',*,*,#2004,.F.);
#295=ORIENTED_EDGE('',*,*,#2005,.T.);
#296=ORIENTED_EDGE('',*,*,#2006,.F.);
#297=ORIENTED_EDGE('',*,*,#2007,.F.);
#298=ORIENTED_EDGE('',*,*,#2008,.T.);
#299=ORIENTED_EDGE('',*,*,#2009,.T.);
#300=ORIENTED_EDGE('',*,*,#2010,.T.);
#301=ORIENTED_EDGE('',*,*,#2011,.T.);
#302=ORIENTED_EDGE('',*,*,#2012,.F.);
#303=ORIENTED_EDGE('',*,*,#2013,.T.);
#304=ORIENTED_EDGE('',*,*,#2014,.F.);
#305=ORIENTED_EDGE('',*,*,#2015,.T.);
#306=ORIENTED_EDGE('',*,*,#2016,.T.);
#307=ORIENTED_EDGE('',*,*,#2017,.T.);
#308=ORIENTED_EDGE('',*,*,#2004,.T.);
#309=ORIENTED_EDGE('',*,*,#2018,.F.);
#310=ORIENTED_EDGE('',*,*,#2010,.F.);
#311=ORIENTED_EDGE('',*,*,#2019,.T.);
#312=ORIENTED_EDGE('',*,*,#2020,.T.);
#313=ORIENTED_EDGE('',*,*,#2021,.F.);
#314=ORIENTED_EDGE('',*,*,#2022,.F.);
#315=ORIENTED_EDGE('',*,*,#2023,.T.);
#316=ORIENTED_EDGE('',*,*,#2024,.F.);
#317=ORIENTED_EDGE('',*,*,#2025,.F.);
#318=ORIENTED_EDGE('',*,*,#2026,.T.);
#319=ORIENTED_EDGE('',*,*,#2027,.T.);
#320=ORIENTED_EDGE('',*,*,#2028,.T.);
#321=ORIENTED_EDGE('',*,*,#2029,.T.);
#322=ORIENTED_EDGE('',*,*,#2030,.F.);
#323=ORIENTED_EDGE('',*,*,#2031,.T.);
#324=ORIENTED_EDGE('',*,*,#2032,.F.);
#325=ORIENTED_EDGE('',*,*,#2033,.T.);
#326=ORIENTED_EDGE('',*,*,#2034,.T.);
#327=ORIENTED_EDGE('',*,*,#2035,.T.);
#328=ORIENTED_EDGE('',*,*,#2022,.T.);
#329=ORIENTED_EDGE('',*,*,#2036,.F.);
#330=ORIENTED_EDGE('',*,*,#2028,.F.);
#331=ORIENTED_EDGE('',*,*,#2037,.T.);
#332=ORIENTED_EDGE('',*,*,#2038,.F.);
#333=ORIENTED_EDGE('',*,*,#2039,.F.);
#334=ORIENTED_EDGE('',*,*,#2040,.T.);
#335=ORIENTED_EDGE('',*,*,#2041,.T.);
#336=ORIENTED_EDGE('',*,*,#2042,.T.);
#337=ORIENTED_EDGE('',*,*,#2043,.F.);
#338=ORIENTED_EDGE('',*,*,#2044,.T.);
#339=ORIENTED_EDGE('',*,*,#2045,.T.);
#340=ORIENTED_EDGE('',*,*,#2039,.T.);
#341=ORIENTED_EDGE('',*,*,#2046,.T.);
#342=ORIENTED_EDGE('',*,*,#2045,.F.);
#343=ORIENTED_EDGE('',*,*,#2047,.T.);
#344=ORIENTED_EDGE('',*,*,#2048,.T.);
#345=ORIENTED_EDGE('',*,*,#2049,.F.);
#346=ORIENTED_EDGE('',*,*,#2050,.F.);
#347=ORIENTED_EDGE('',*,*,#2051,.T.);
#348=ORIENTED_EDGE('',*,*,#2052,.T.);
#349=ORIENTED_EDGE('',*,*,#2053,.T.);
#350=ORIENTED_EDGE('',*,*,#2054,.T.);
#351=ORIENTED_EDGE('',*,*,#2055,.F.);
#352=ORIENTED_EDGE('',*,*,#2056,.T.);
#353=ORIENTED_EDGE('',*,*,#2057,.T.);
#354=ORIENTED_EDGE('',*,*,#2058,.T.);
#355=ORIENTED_EDGE('',*,*,#2059,.T.);
#356=ORIENTED_EDGE('',*,*,#2060,.T.);
#357=ORIENTED_EDGE('',*,*,#2061,.T.);
#358=ORIENTED_EDGE('',*,*,#2062,.T.);
#359=ORIENTED_EDGE('',*,*,#2063,.F.);
#360=ORIENTED_EDGE('',*,*,#2064,.T.);
#361=ORIENTED_EDGE('',*,*,#2065,.T.);
#362=ORIENTED_EDGE('',*,*,#2066,.T.);
#363=ORIENTED_EDGE('',*,*,#2067,.T.);
#364=ORIENTED_EDGE('',*,*,#2068,.F.);
#365=ORIENTED_EDGE('',*,*,#2069,.F.);
#366=ORIENTED_EDGE('',*,*,#2070,.F.);
#367=ORIENTED_EDGE('',*,*,#2071,.F.);
#368=ORIENTED_EDGE('',*,*,#2072,.T.);
#369=ORIENTED_EDGE('',*,*,#2073,.T.);
#370=ORIENTED_EDGE('',*,*,#2074,.F.);
#371=ORIENTED_EDGE('',*,*,#2075,.F.);
#372=ORIENTED_EDGE('',*,*,#2076,.T.);
#373=ORIENTED_EDGE('',*,*,#2077,.F.);
#374=ORIENTED_EDGE('',*,*,#2078,.F.);
#375=ORIENTED_EDGE('',*,*,#2079,.T.);
#376=ORIENTED_EDGE('',*,*,#2080,.T.);
#377=ORIENTED_EDGE('',*,*,#2081,.F.);
#378=ORIENTED_EDGE('',*,*,#2082,.T.);
#379=ORIENTED_EDGE('',*,*,#2083,.T.);
#380=ORIENTED_EDGE('',*,*,#2084,.F.);
#381=ORIENTED_EDGE('',*,*,#2085,.T.);
#382=ORIENTED_EDGE('',*,*,#2086,.T.);
#383=ORIENTED_EDGE('',*,*,#2087,.T.);
#384=ORIENTED_EDGE('',*,*,#2088,.F.);
#385=ORIENTED_EDGE('',*,*,#2089,.T.);
#386=ORIENTED_EDGE('',*,*,#2090,.T.);
#387=ORIENTED_EDGE('',*,*,#2091,.T.);
#388=ORIENTED_EDGE('',*,*,#2092,.T.);
#389=ORIENTED_EDGE('',*,*,#2093,.T.);
#390=ORIENTED_EDGE('',*,*,#2094,.F.);
#391=ORIENTED_EDGE('',*,*,#2095,.T.);
#392=ORIENTED_EDGE('',*,*,#2096,.T.);
#393=ORIENTED_EDGE('',*,*,#2097,.T.);
#394=ORIENTED_EDGE('',*,*,#2098,.F.);
#395=ORIENTED_EDGE('',*,*,#2099,.T.);
#396=ORIENTED_EDGE('',*,*,#2100,.F.);
#397=ORIENTED_EDGE('',*,*,#2101,.T.);
#398=ORIENTED_EDGE('',*,*,#2102,.T.);
#399=ORIENTED_EDGE('',*,*,#2103,.T.);
#400=ORIENTED_EDGE('',*,*,#2104,.T.);
#401=ORIENTED_EDGE('',*,*,#2105,.T.);
#402=ORIENTED_EDGE('',*,*,#2106,.T.);
#403=ORIENTED_EDGE('',*,*,#2107,.T.);
#404=ORIENTED_EDGE('',*,*,#2108,.F.);
#405=ORIENTED_EDGE('',*,*,#2109,.T.);
#406=ORIENTED_EDGE('',*,*,#2110,.T.);
#407=ORIENTED_EDGE('',*,*,#2111,.T.);
#408=ORIENTED_EDGE('',*,*,#2112,.T.);
#409=ORIENTED_EDGE('',*,*,#2113,.T.);
#410=ORIENTED_EDGE('',*,*,#2114,.T.);
#411=ORIENTED_EDGE('',*,*,#2115,.T.);
#412=ORIENTED_EDGE('',*,*,#2116,.F.);
#413=ORIENTED_EDGE('',*,*,#2117,.T.);
#414=ORIENTED_EDGE('',*,*,#2118,.F.);
#415=ORIENTED_EDGE('',*,*,#2119,.F.);
#416=ORIENTED_EDGE('',*,*,#2120,.F.);
#417=ORIENTED_EDGE('',*,*,#2121,.T.);
#418=ORIENTED_EDGE('',*,*,#2076,.F.);
#419=ORIENTED_EDGE('',*,*,#2122,.T.);
#420=ORIENTED_EDGE('',*,*,#2123,.F.);
#421=ORIENTED_EDGE('',*,*,#2124,.F.);
#422=ORIENTED_EDGE('',*,*,#2125,.F.);
#423=ORIENTED_EDGE('',*,*,#2126,.F.);
#424=ORIENTED_EDGE('',*,*,#2127,.F.);
#425=ORIENTED_EDGE('',*,*,#2128,.T.);
#426=ORIENTED_EDGE('',*,*,#2129,.F.);
#427=ORIENTED_EDGE('',*,*,#2130,.F.);
#428=ORIENTED_EDGE('',*,*,#2131,.F.);
#429=ORIENTED_EDGE('',*,*,#2132,.T.);
#430=ORIENTED_EDGE('',*,*,#2133,.F.);
#431=ORIENTED_EDGE('',*,*,#2134,.T.);
#432=ORIENTED_EDGE('',*,*,#2135,.T.);
#433=ORIENTED_EDGE('',*,*,#2136,.F.);
#434=ORIENTED_EDGE('',*,*,#2137,.F.);
#435=ORIENTED_EDGE('',*,*,#2138,.F.);
#436=ORIENTED_EDGE('',*,*,#2139,.F.);
#437=ORIENTED_EDGE('',*,*,#2140,.F.);
#438=ORIENTED_EDGE('',*,*,#2141,.T.);
#439=ORIENTED_EDGE('',*,*,#2142,.T.);
#440=ORIENTED_EDGE('',*,*,#2143,.F.);
#441=ORIENTED_EDGE('',*,*,#2144,.T.);
#442=ORIENTED_EDGE('',*,*,#2145,.T.);
#443=ORIENTED_EDGE('',*,*,#2146,.F.);
#444=ORIENTED_EDGE('',*,*,#2147,.F.);
#445=ORIENTED_EDGE('',*,*,#2148,.T.);
#446=ORIENTED_EDGE('',*,*,#2149,.F.);
#447=ORIENTED_EDGE('',*,*,#2150,.F.);
#448=ORIENTED_EDGE('',*,*,#2151,.F.);
#449=ORIENTED_EDGE('',*,*,#2152,.F.);
#450=ORIENTED_EDGE('',*,*,#2153,.T.);
#451=ORIENTED_EDGE('',*,*,#2154,.F.);
#452=ORIENTED_EDGE('',*,*,#2155,.F.);
#453=ORIENTED_EDGE('',*,*,#2156,.T.);
#454=ORIENTED_EDGE('',*,*,#2157,.F.);
#455=ORIENTED_EDGE('',*,*,#2158,.F.);
#456=ORIENTED_EDGE('',*,*,#2159,.T.);
#457=ORIENTED_EDGE('',*,*,#2072,.F.);
#458=ORIENTED_EDGE('',*,*,#2160,.T.);
#459=ORIENTED_EDGE('',*,*,#2161,.T.);
#460=ORIENTED_EDGE('',*,*,#2162,.T.);
#461=ORIENTED_EDGE('',*,*,#2163,.F.);
#462=ORIENTED_EDGE('',*,*,#2164,.T.);
#463=ORIENTED_EDGE('',*,*,#2121,.F.);
#464=ORIENTED_EDGE('',*,*,#2165,.T.);
#465=ORIENTED_EDGE('',*,*,#2166,.T.);
#466=ORIENTED_EDGE('',*,*,#2167,.F.);
#467=ORIENTED_EDGE('',*,*,#2168,.F.);
#468=ORIENTED_EDGE('',*,*,#2169,.T.);
#469=ORIENTED_EDGE('',*,*,#2170,.F.);
#470=ORIENTED_EDGE('',*,*,#2138,.T.);
#471=ORIENTED_EDGE('',*,*,#2171,.F.);
#472=ORIENTED_EDGE('',*,*,#2172,.F.);
#473=ORIENTED_EDGE('',*,*,#2173,.F.);
#474=ORIENTED_EDGE('',*,*,#2174,.T.);
#475=ORIENTED_EDGE('',*,*,#2064,.F.);
#476=ORIENTED_EDGE('',*,*,#2175,.T.);
#477=ORIENTED_EDGE('',*,*,#2054,.F.);
#478=ORIENTED_EDGE('',*,*,#2176,.T.);
#479=ORIENTED_EDGE('',*,*,#2177,.F.);
#480=ORIENTED_EDGE('',*,*,#2178,.T.);
#481=ORIENTED_EDGE('',*,*,#2179,.F.);
#482=ORIENTED_EDGE('',*,*,#2148,.F.);
#483=ORIENTED_EDGE('',*,*,#2180,.F.);
#484=ORIENTED_EDGE('',*,*,#2181,.T.);
#485=ORIENTED_EDGE('',*,*,#2182,.F.);
#486=ORIENTED_EDGE('',*,*,#2183,.T.);
#487=ORIENTED_EDGE('',*,*,#2184,.T.);
#488=ORIENTED_EDGE('',*,*,#2185,.T.);
#489=ORIENTED_EDGE('',*,*,#2186,.T.);
#490=ORIENTED_EDGE('',*,*,#2187,.T.);
#491=ORIENTED_EDGE('',*,*,#2188,.T.);
#492=ORIENTED_EDGE('',*,*,#2189,.T.);
#493=ORIENTED_EDGE('',*,*,#2190,.T.);
#494=ORIENTED_EDGE('',*,*,#2191,.F.);
#495=ORIENTED_EDGE('',*,*,#2192,.F.);
#496=ORIENTED_EDGE('',*,*,#2193,.F.);
#497=ORIENTED_EDGE('',*,*,#2194,.F.);
#498=ORIENTED_EDGE('',*,*,#2195,.T.);
#499=ORIENTED_EDGE('',*,*,#2196,.T.);
#500=ORIENTED_EDGE('',*,*,#2177,.T.);
#501=ORIENTED_EDGE('',*,*,#2197,.F.);
#502=ORIENTED_EDGE('',*,*,#2198,.T.);
#503=ORIENTED_EDGE('',*,*,#2199,.T.);
#504=ORIENTED_EDGE('',*,*,#2119,.T.);
#505=ORIENTED_EDGE('',*,*,#2200,.T.);
#506=ORIENTED_EDGE('',*,*,#2201,.T.);
#507=ORIENTED_EDGE('',*,*,#2202,.F.);
#508=ORIENTED_EDGE('',*,*,#2203,.T.);
#509=ORIENTED_EDGE('',*,*,#2204,.T.);
#510=ORIENTED_EDGE('',*,*,#2205,.F.);
#511=ORIENTED_EDGE('',*,*,#2206,.T.);
#512=ORIENTED_EDGE('',*,*,#2207,.T.);
#513=ORIENTED_EDGE('',*,*,#2208,.T.);
#514=ORIENTED_EDGE('',*,*,#2209,.T.);
#515=ORIENTED_EDGE('',*,*,#2178,.F.);
#516=ORIENTED_EDGE('',*,*,#2196,.F.);
#517=ORIENTED_EDGE('',*,*,#2210,.F.);
#518=ORIENTED_EDGE('',*,*,#2211,.F.);
#519=ORIENTED_EDGE('',*,*,#2172,.T.);
#520=ORIENTED_EDGE('',*,*,#2212,.T.);
#521=ORIENTED_EDGE('',*,*,#2213,.T.);
#522=ORIENTED_EDGE('',*,*,#2214,.F.);
#523=ORIENTED_EDGE('',*,*,#2215,.F.);
#524=ORIENTED_EDGE('',*,*,#2216,.T.);
#525=ORIENTED_EDGE('',*,*,#2217,.T.);
#526=ORIENTED_EDGE('',*,*,#2218,.T.);
#527=ORIENTED_EDGE('',*,*,#2176,.F.);
#528=ORIENTED_EDGE('',*,*,#2053,.F.);
#529=ORIENTED_EDGE('',*,*,#2219,.T.);
#530=ORIENTED_EDGE('',*,*,#2197,.T.);
#531=ORIENTED_EDGE('',*,*,#2220,.F.);
#532=ORIENTED_EDGE('',*,*,#2221,.F.);
#533=ORIENTED_EDGE('',*,*,#2222,.F.);
#534=ORIENTED_EDGE('',*,*,#2223,.T.);
#535=ORIENTED_EDGE('',*,*,#2224,.T.);
#536=ORIENTED_EDGE('',*,*,#2225,.F.);
#537=ORIENTED_EDGE('',*,*,#2226,.F.);
#538=ORIENTED_EDGE('',*,*,#2227,.T.);
#539=ORIENTED_EDGE('',*,*,#2228,.T.);
#540=ORIENTED_EDGE('',*,*,#2152,.T.);
#541=ORIENTED_EDGE('',*,*,#2229,.T.);
#542=ORIENTED_EDGE('',*,*,#2230,.F.);
#543=ORIENTED_EDGE('',*,*,#2231,.F.);
#544=ORIENTED_EDGE('',*,*,#2206,.F.);
#545=ORIENTED_EDGE('',*,*,#2232,.F.);
#546=ORIENTED_EDGE('',*,*,#2233,.F.);
#547=ORIENTED_EDGE('',*,*,#2040,.F.);
#548=ORIENTED_EDGE('',*,*,#2047,.F.);
#549=ORIENTED_EDGE('',*,*,#2044,.F.);
#550=ORIENTED_EDGE('',*,*,#2234,.F.);
#551=ORIENTED_EDGE('',*,*,#2183,.F.);
#552=ORIENTED_EDGE('',*,*,#2235,.T.);
#553=ORIENTED_EDGE('',*,*,#2057,.F.);
#554=ORIENTED_EDGE('',*,*,#2236,.F.);
#555=ORIENTED_EDGE('',*,*,#2198,.F.);
#556=ORIENTED_EDGE('',*,*,#2219,.F.);
#557=ORIENTED_EDGE('',*,*,#2052,.F.);
#558=ORIENTED_EDGE('',*,*,#2237,.F.);
#559=ORIENTED_EDGE('',*,*,#2238,.T.);
#560=ORIENTED_EDGE('',*,*,#2239,.F.);
#561=ORIENTED_EDGE('',*,*,#2240,.F.);
#562=ORIENTED_EDGE('',*,*,#2241,.T.);
#563=ORIENTED_EDGE('',*,*,#2086,.F.);
#564=ORIENTED_EDGE('',*,*,#2242,.F.);
#565=ORIENTED_EDGE('',*,*,#2243,.F.);
#566=ORIENTED_EDGE('',*,*,#2244,.F.);
#567=ORIENTED_EDGE('',*,*,#2245,.T.);
#568=ORIENTED_EDGE('',*,*,#2246,.F.);
#569=ORIENTED_EDGE('',*,*,#2247,.T.);
#570=ORIENTED_EDGE('',*,*,#2164,.F.);
#571=ORIENTED_EDGE('',*,*,#2248,.F.);
#572=ORIENTED_EDGE('',*,*,#2249,.T.);
#573=ORIENTED_EDGE('',*,*,#2250,.T.);
#574=ORIENTED_EDGE('',*,*,#2251,.F.);
#575=ORIENTED_EDGE('',*,*,#2104,.F.);
#576=ORIENTED_EDGE('',*,*,#2252,.F.);
#577=ORIENTED_EDGE('',*,*,#2005,.F.);
#578=ORIENTED_EDGE('',*,*,#2019,.F.);
#579=ORIENTED_EDGE('',*,*,#2013,.F.);
#580=ORIENTED_EDGE('',*,*,#2253,.F.);
#581=ORIENTED_EDGE('',*,*,#2023,.F.);
#582=ORIENTED_EDGE('',*,*,#2037,.F.);
#583=ORIENTED_EDGE('',*,*,#2031,.F.);
#584=ORIENTED_EDGE('',*,*,#2254,.F.);
#585=ORIENTED_EDGE('',*,*,#2041,.F.);
#586=ORIENTED_EDGE('',*,*,#2254,.T.);
#587=ORIENTED_EDGE('',*,*,#2030,.T.);
#588=ORIENTED_EDGE('',*,*,#2255,.T.);
#589=ORIENTED_EDGE('',*,*,#2256,.F.);
#590=ORIENTED_EDGE('',*,*,#2257,.F.);
#591=ORIENTED_EDGE('',*,*,#2043,.T.);
#592=ORIENTED_EDGE('',*,*,#2258,.T.);
#593=ORIENTED_EDGE('',*,*,#2259,.F.);
#594=ORIENTED_EDGE('',*,*,#2184,.F.);
#595=ORIENTED_EDGE('',*,*,#2234,.T.);
#596=ORIENTED_EDGE('',*,*,#2260,.F.);
#597=ORIENTED_EDGE('',*,*,#2261,.T.);
#598=ORIENTED_EDGE('',*,*,#2262,.T.);
#599=ORIENTED_EDGE('',*,*,#2032,.T.);
#600=ORIENTED_EDGE('',*,*,#2263,.F.);
#601=ORIENTED_EDGE('',*,*,#2264,.F.);
#602=ORIENTED_EDGE('',*,*,#2265,.T.);
#603=ORIENTED_EDGE('',*,*,#2266,.T.);
#604=ORIENTED_EDGE('',*,*,#2267,.F.);
#605=ORIENTED_EDGE('',*,*,#2190,.F.);
#606=ORIENTED_EDGE('',*,*,#2268,.T.);
#607=ORIENTED_EDGE('',*,*,#2269,.F.);
#608=ORIENTED_EDGE('',*,*,#2263,.T.);
#609=ORIENTED_EDGE('',*,*,#2035,.F.);
#610=ORIENTED_EDGE('',*,*,#2270,.F.);
#611=ORIENTED_EDGE('',*,*,#2027,.F.);
#612=ORIENTED_EDGE('',*,*,#2271,.T.);
#613=ORIENTED_EDGE('',*,*,#2017,.F.);
#614=ORIENTED_EDGE('',*,*,#2272,.F.);
#615=ORIENTED_EDGE('',*,*,#2009,.F.);
#616=ORIENTED_EDGE('',*,*,#2273,.T.);
#617=ORIENTED_EDGE('',*,*,#2108,.T.);
#618=ORIENTED_EDGE('',*,*,#2274,.T.);
#619=ORIENTED_EDGE('',*,*,#2275,.T.);
#620=ORIENTED_EDGE('',*,*,#2276,.F.);
#621=ORIENTED_EDGE('',*,*,#2116,.T.);
#622=ORIENTED_EDGE('',*,*,#2167,.T.);
#623=ORIENTED_EDGE('',*,*,#2277,.T.);
#624=ORIENTED_EDGE('',*,*,#2278,.T.);
#625=ORIENTED_EDGE('',*,*,#2279,.F.);
#626=ORIENTED_EDGE('',*,*,#2280,.T.);
#627=ORIENTED_EDGE('',*,*,#2281,.T.);
#628=ORIENTED_EDGE('',*,*,#2215,.T.);
#629=ORIENTED_EDGE('',*,*,#2282,.T.);
#630=ORIENTED_EDGE('',*,*,#2283,.T.);
#631=ORIENTED_EDGE('',*,*,#2284,.F.);
#632=ORIENTED_EDGE('',*,*,#2285,.T.);
#633=ORIENTED_EDGE('',*,*,#2286,.T.);
#634=ORIENTED_EDGE('',*,*,#2096,.F.);
#635=ORIENTED_EDGE('',*,*,#2287,.F.);
#636=ORIENTED_EDGE('',*,*,#2225,.T.);
#637=ORIENTED_EDGE('',*,*,#2288,.T.);
#638=ORIENTED_EDGE('',*,*,#2289,.F.);
#639=ORIENTED_EDGE('',*,*,#2290,.T.);
#640=ORIENTED_EDGE('',*,*,#2066,.F.);
#641=ORIENTED_EDGE('',*,*,#2291,.T.);
#642=ORIENTED_EDGE('',*,*,#2292,.T.);
#643=ORIENTED_EDGE('',*,*,#2293,.T.);
#644=ORIENTED_EDGE('',*,*,#2061,.F.);
#645=ORIENTED_EDGE('',*,*,#2294,.F.);
#646=ORIENTED_EDGE('',*,*,#2191,.T.);
#647=ORIENTED_EDGE('',*,*,#2267,.T.);
#648=ORIENTED_EDGE('',*,*,#2295,.F.);
#649=ORIENTED_EDGE('',*,*,#2296,.F.);
#650=ORIENTED_EDGE('',*,*,#2020,.F.);
#651=ORIENTED_EDGE('',*,*,#2253,.T.);
#652=ORIENTED_EDGE('',*,*,#2012,.T.);
#653=ORIENTED_EDGE('',*,*,#2297,.T.);
#654=ORIENTED_EDGE('',*,*,#2298,.F.);
#655=ORIENTED_EDGE('',*,*,#2299,.F.);
#656=ORIENTED_EDGE('',*,*,#2300,.F.);
#657=ORIENTED_EDGE('',*,*,#2301,.T.);
#658=ORIENTED_EDGE('',*,*,#2302,.T.);
#659=ORIENTED_EDGE('',*,*,#2014,.T.);
#660=ORIENTED_EDGE('',*,*,#2271,.F.);
#661=ORIENTED_EDGE('',*,*,#2026,.F.);
#662=ORIENTED_EDGE('',*,*,#2002,.F.);
#663=ORIENTED_EDGE('',*,*,#2252,.T.);
#664=ORIENTED_EDGE('',*,*,#2115,.F.);
#665=ORIENTED_EDGE('',*,*,#2303,.F.);
#666=ORIENTED_EDGE('',*,*,#2304,.F.);
#667=ORIENTED_EDGE('',*,*,#2305,.F.);
#668=ORIENTED_EDGE('',*,*,#2306,.T.);
#669=ORIENTED_EDGE('',*,*,#2109,.F.);
#670=ORIENTED_EDGE('',*,*,#2273,.F.);
#671=ORIENTED_EDGE('',*,*,#2008,.F.);
#672=ORIENTED_EDGE('',*,*,#2307,.F.);
#673=ORIENTED_EDGE('',*,*,#2308,.T.);
#674=ORIENTED_EDGE('',*,*,#2309,.F.);
#675=ORIENTED_EDGE('',*,*,#2310,.F.);
#676=ORIENTED_EDGE('',*,*,#2311,.F.);
#677=ORIENTED_EDGE('',*,*,#2310,.T.);
#678=ORIENTED_EDGE('',*,*,#2312,.F.);
#679=ORIENTED_EDGE('',*,*,#2245,.F.);
#680=ORIENTED_EDGE('',*,*,#2313,.F.);
#681=ORIENTED_EDGE('',*,*,#2314,.F.);
#682=ORIENTED_EDGE('',*,*,#2315,.T.);
#683=ORIENTED_EDGE('',*,*,#2316,.T.);
#684=ORIENTED_EDGE('',*,*,#2317,.F.);
#685=ORIENTED_EDGE('',*,*,#2318,.F.);
#686=ORIENTED_EDGE('',*,*,#2127,.T.);
#687=ORIENTED_EDGE('',*,*,#2319,.T.);
#688=ORIENTED_EDGE('',*,*,#2217,.F.);
#689=ORIENTED_EDGE('',*,*,#2320,.F.);
#690=ORIENTED_EDGE('',*,*,#2321,.F.);
#691=ORIENTED_EDGE('',*,*,#2322,.F.);
#692=ORIENTED_EDGE('',*,*,#2323,.F.);
#693=ORIENTED_EDGE('',*,*,#2308,.F.);
#694=ORIENTED_EDGE('',*,*,#2324,.F.);
#695=ORIENTED_EDGE('',*,*,#2243,.T.);
#696=ORIENTED_EDGE('',*,*,#2325,.F.);
#697=ORIENTED_EDGE('',*,*,#2326,.T.);
#698=ORIENTED_EDGE('',*,*,#2208,.F.);
#699=ORIENTED_EDGE('',*,*,#2327,.T.);
#700=ORIENTED_EDGE('',*,*,#2328,.T.);
#701=ORIENTED_EDGE('',*,*,#2329,.F.);
#702=ORIENTED_EDGE('',*,*,#2150,.T.);
#703=ORIENTED_EDGE('',*,*,#2330,.T.);
#704=ORIENTED_EDGE('',*,*,#2331,.T.);
#705=ORIENTED_EDGE('',*,*,#2332,.F.);
#706=ORIENTED_EDGE('',*,*,#2285,.F.);
#707=ORIENTED_EDGE('',*,*,#2333,.T.);
#708=ORIENTED_EDGE('',*,*,#2334,.F.);
#709=ORIENTED_EDGE('',*,*,#2335,.T.);
#710=ORIENTED_EDGE('',*,*,#2336,.T.);
#711=ORIENTED_EDGE('',*,*,#2165,.F.);
#712=ORIENTED_EDGE('',*,*,#2120,.T.);
#713=ORIENTED_EDGE('',*,*,#2199,.F.);
#714=ORIENTED_EDGE('',*,*,#2337,.F.);
#715=ORIENTED_EDGE('',*,*,#2125,.T.);
#716=ORIENTED_EDGE('',*,*,#2338,.F.);
#717=ORIENTED_EDGE('',*,*,#2339,.T.);
#718=ORIENTED_EDGE('',*,*,#2340,.F.);
#719=ORIENTED_EDGE('',*,*,#2341,.F.);
#720=ORIENTED_EDGE('',*,*,#2342,.F.);
#721=ORIENTED_EDGE('',*,*,#2156,.F.);
#722=ORIENTED_EDGE('',*,*,#2343,.F.);
#723=ORIENTED_EDGE('',*,*,#2202,.T.);
#724=ORIENTED_EDGE('',*,*,#2344,.T.);
#725=ORIENTED_EDGE('',*,*,#2162,.F.);
#726=ORIENTED_EDGE('',*,*,#2345,.T.);
#727=ORIENTED_EDGE('',*,*,#2346,.F.);
#728=ORIENTED_EDGE('',*,*,#2240,.T.);
#729=ORIENTED_EDGE('',*,*,#2347,.T.);
#730=ORIENTED_EDGE('',*,*,#2348,.F.);
#731=ORIENTED_EDGE('',*,*,#2349,.F.);
#732=ORIENTED_EDGE('',*,*,#2350,.F.);
#733=ORIENTED_EDGE('',*,*,#2351,.F.);
#734=ORIENTED_EDGE('',*,*,#2114,.F.);
#735=ORIENTED_EDGE('',*,*,#2352,.F.);
#736=ORIENTED_EDGE('',*,*,#2185,.F.);
#737=ORIENTED_EDGE('',*,*,#2259,.T.);
#738=ORIENTED_EDGE('',*,*,#2353,.F.);
#739=ORIENTED_EDGE('',*,*,#2256,.T.);
#740=ORIENTED_EDGE('',*,*,#2354,.F.);
#741=ORIENTED_EDGE('',*,*,#2298,.T.);
#742=ORIENTED_EDGE('',*,*,#2355,.F.);
#743=ORIENTED_EDGE('',*,*,#2303,.T.);
#744=ORIENTED_EDGE('',*,*,#2113,.F.);
#745=ORIENTED_EDGE('',*,*,#2356,.F.);
#746=ORIENTED_EDGE('',*,*,#2186,.F.);
#747=ORIENTED_EDGE('',*,*,#2352,.T.);
#748=ORIENTED_EDGE('',*,*,#2357,.F.);
#749=ORIENTED_EDGE('',*,*,#2358,.F.);
#750=ORIENTED_EDGE('',*,*,#2359,.T.);
#751=ORIENTED_EDGE('',*,*,#2360,.T.);
#752=ORIENTED_EDGE('',*,*,#2361,.T.);
#753=ORIENTED_EDGE('',*,*,#2362,.T.);
#754=ORIENTED_EDGE('',*,*,#2363,.T.);
#755=ORIENTED_EDGE('',*,*,#2364,.T.);
#756=ORIENTED_EDGE('',*,*,#2365,.T.);
#757=ORIENTED_EDGE('',*,*,#2366,.T.);
#758=ORIENTED_EDGE('',*,*,#2367,.T.);
#759=ORIENTED_EDGE('',*,*,#2368,.T.);
#760=ORIENTED_EDGE('',*,*,#2369,.T.);
#761=ORIENTED_EDGE('',*,*,#2370,.T.);
#762=ORIENTED_EDGE('',*,*,#2371,.T.);
#763=ORIENTED_EDGE('',*,*,#2372,.T.);
#764=ORIENTED_EDGE('',*,*,#2373,.T.);
#765=ORIENTED_EDGE('',*,*,#2374,.T.);
#766=ORIENTED_EDGE('',*,*,#2375,.T.);
#767=ORIENTED_EDGE('',*,*,#2376,.T.);
#768=ORIENTED_EDGE('',*,*,#2377,.T.);
#769=ORIENTED_EDGE('',*,*,#2378,.T.);
#770=ORIENTED_EDGE('',*,*,#2379,.T.);
#771=ORIENTED_EDGE('',*,*,#2380,.T.);
#772=ORIENTED_EDGE('',*,*,#2381,.T.);
#773=ORIENTED_EDGE('',*,*,#2382,.T.);
#774=ORIENTED_EDGE('',*,*,#2383,.T.);
#775=ORIENTED_EDGE('',*,*,#2384,.T.);
#776=ORIENTED_EDGE('',*,*,#2385,.T.);
#777=ORIENTED_EDGE('',*,*,#2386,.T.);
#778=ORIENTED_EDGE('',*,*,#2387,.T.);
#779=ORIENTED_EDGE('',*,*,#2388,.T.);
#780=ORIENTED_EDGE('',*,*,#2389,.T.);
#781=ORIENTED_EDGE('',*,*,#2390,.T.);
#782=ORIENTED_EDGE('',*,*,#2112,.F.);
#783=ORIENTED_EDGE('',*,*,#2391,.F.);
#784=ORIENTED_EDGE('',*,*,#2187,.F.);
#785=ORIENTED_EDGE('',*,*,#2356,.T.);
#786=ORIENTED_EDGE('',*,*,#2111,.F.);
#787=ORIENTED_EDGE('',*,*,#2392,.F.);
#788=ORIENTED_EDGE('',*,*,#2188,.F.);
#789=ORIENTED_EDGE('',*,*,#2391,.T.);
#790=ORIENTED_EDGE('',*,*,#2110,.F.);
#791=ORIENTED_EDGE('',*,*,#2306,.F.);
#792=ORIENTED_EDGE('',*,*,#2393,.F.);
#793=ORIENTED_EDGE('',*,*,#2301,.F.);
#794=ORIENTED_EDGE('',*,*,#2394,.F.);
#795=ORIENTED_EDGE('',*,*,#2261,.F.);
#796=ORIENTED_EDGE('',*,*,#2395,.F.);
#797=ORIENTED_EDGE('',*,*,#2268,.F.);
#798=ORIENTED_EDGE('',*,*,#2189,.F.);
#799=ORIENTED_EDGE('',*,*,#2392,.T.);
#800=ORIENTED_EDGE('',*,*,#2396,.F.);
#801=ORIENTED_EDGE('',*,*,#2397,.F.);
#802=ORIENTED_EDGE('',*,*,#2279,.T.);
#803=ORIENTED_EDGE('',*,*,#2398,.F.);
#804=ORIENTED_EDGE('',*,*,#2399,.F.);
#805=ORIENTED_EDGE('',*,*,#2400,.F.);
#806=ORIENTED_EDGE('',*,*,#2401,.F.);
#807=ORIENTED_EDGE('',*,*,#2289,.T.);
#808=ORIENTED_EDGE('',*,*,#2316,.F.);
#809=ORIENTED_EDGE('',*,*,#2402,.T.);
#810=ORIENTED_EDGE('',*,*,#2396,.T.);
#811=ORIENTED_EDGE('',*,*,#2403,.F.);
#812=ORIENTED_EDGE('',*,*,#2404,.F.);
#813=ORIENTED_EDGE('',*,*,#2223,.F.);
#814=ORIENTED_EDGE('',*,*,#2405,.F.);
#815=ORIENTED_EDGE('',*,*,#2400,.T.);
#816=ORIENTED_EDGE('',*,*,#2406,.F.);
#817=ORIENTED_EDGE('',*,*,#2407,.F.);
#818=ORIENTED_EDGE('',*,*,#2408,.F.);
#819=ORIENTED_EDGE('',*,*,#2348,.T.);
#820=ORIENTED_EDGE('',*,*,#2409,.F.);
#821=ORIENTED_EDGE('',*,*,#2238,.F.);
#822=ORIENTED_EDGE('',*,*,#2410,.F.);
#823=ORIENTED_EDGE('',*,*,#2407,.T.);
#824=ORIENTED_EDGE('',*,*,#2246,.T.);
#825=ORIENTED_EDGE('',*,*,#2312,.T.);
#826=ORIENTED_EDGE('',*,*,#2309,.T.);
#827=ORIENTED_EDGE('',*,*,#2323,.T.);
#828=ORIENTED_EDGE('',*,*,#2157,.T.);
#829=ORIENTED_EDGE('',*,*,#2342,.T.);
#830=ORIENTED_EDGE('',*,*,#2070,.T.);
#831=ORIENTED_EDGE('',*,*,#2411,.T.);
#832=ORIENTED_EDGE('',*,*,#2398,.T.);
#833=ORIENTED_EDGE('',*,*,#2278,.F.);
#834=ORIENTED_EDGE('',*,*,#2412,.T.);
#835=ORIENTED_EDGE('',*,*,#2078,.T.);
#836=ORIENTED_EDGE('',*,*,#2338,.T.);
#837=ORIENTED_EDGE('',*,*,#2124,.T.);
#838=ORIENTED_EDGE('',*,*,#2317,.T.);
#839=ORIENTED_EDGE('',*,*,#2403,.T.);
#840=ORIENTED_EDGE('',*,*,#2413,.F.);
#841=ORIENTED_EDGE('',*,*,#2414,.T.);
#842=ORIENTED_EDGE('',*,*,#2248,.T.);
#843=ORIENTED_EDGE('',*,*,#2163,.T.);
#844=ORIENTED_EDGE('',*,*,#2344,.F.);
#845=ORIENTED_EDGE('',*,*,#2201,.F.);
#846=ORIENTED_EDGE('',*,*,#2174,.F.);
#847=ORIENTED_EDGE('',*,*,#2415,.T.);
#848=ORIENTED_EDGE('',*,*,#2291,.F.);
#849=ORIENTED_EDGE('',*,*,#2065,.F.);
#850=ORIENTED_EDGE('',*,*,#2416,.F.);
#851=ORIENTED_EDGE('',*,*,#2292,.F.);
#852=ORIENTED_EDGE('',*,*,#2415,.F.);
#853=ORIENTED_EDGE('',*,*,#2173,.T.);
#854=ORIENTED_EDGE('',*,*,#2211,.T.);
#855=ORIENTED_EDGE('',*,*,#2417,.T.);
#856=ORIENTED_EDGE('',*,*,#2237,.T.);
#857=ORIENTED_EDGE('',*,*,#2051,.F.);
#858=ORIENTED_EDGE('',*,*,#2418,.T.);
#859=ORIENTED_EDGE('',*,*,#2180,.T.);
#860=ORIENTED_EDGE('',*,*,#2147,.T.);
#861=ORIENTED_EDGE('',*,*,#2349,.T.);
#862=ORIENTED_EDGE('',*,*,#2408,.T.);
#863=ORIENTED_EDGE('',*,*,#2410,.T.);
#864=ORIENTED_EDGE('',*,*,#2401,.T.);
#865=ORIENTED_EDGE('',*,*,#2405,.T.);
#866=ORIENTED_EDGE('',*,*,#2222,.T.);
#867=ORIENTED_EDGE('',*,*,#2139,.T.);
#868=ORIENTED_EDGE('',*,*,#2170,.T.);
#869=ORIENTED_EDGE('',*,*,#2419,.F.);
#870=ORIENTED_EDGE('',*,*,#2067,.F.);
#871=ORIENTED_EDGE('',*,*,#2290,.F.);
#872=ORIENTED_EDGE('',*,*,#2239,.T.);
#873=ORIENTED_EDGE('',*,*,#2409,.T.);
#874=ORIENTED_EDGE('',*,*,#2406,.T.);
#875=ORIENTED_EDGE('',*,*,#2347,.F.);
#876=ORIENTED_EDGE('',*,*,#2399,.T.);
#877=ORIENTED_EDGE('',*,*,#2288,.F.);
#878=ORIENTED_EDGE('',*,*,#2224,.F.);
#879=ORIENTED_EDGE('',*,*,#2404,.T.);
#880=ORIENTED_EDGE('',*,*,#2179,.T.);
#881=ORIENTED_EDGE('',*,*,#2209,.F.);
#882=ORIENTED_EDGE('',*,*,#2330,.F.);
#883=ORIENTED_EDGE('',*,*,#2149,.T.);
#884=ORIENTED_EDGE('',*,*,#2420,.F.);
#885=ORIENTED_EDGE('',*,*,#2421,.T.);
#886=ORIENTED_EDGE('',*,*,#2422,.T.);
#887=ORIENTED_EDGE('',*,*,#2204,.F.);
#888=ORIENTED_EDGE('',*,*,#2423,.F.);
#889=ORIENTED_EDGE('',*,*,#2154,.T.);
#890=ORIENTED_EDGE('',*,*,#2343,.T.);
#891=ORIENTED_EDGE('',*,*,#2155,.T.);
#892=ORIENTED_EDGE('',*,*,#2423,.T.);
#893=ORIENTED_EDGE('',*,*,#2203,.F.);
#894=ORIENTED_EDGE('',*,*,#2424,.F.);
#895=ORIENTED_EDGE('',*,*,#2213,.F.);
#896=ORIENTED_EDGE('',*,*,#2425,.F.);
#897=ORIENTED_EDGE('',*,*,#2136,.T.);
#898=ORIENTED_EDGE('',*,*,#2426,.T.);
#899=ORIENTED_EDGE('',*,*,#2427,.F.);
#900=ORIENTED_EDGE('',*,*,#2126,.T.);
#901=ORIENTED_EDGE('',*,*,#2337,.T.);
#902=ORIENTED_EDGE('',*,*,#2218,.F.);
#903=ORIENTED_EDGE('',*,*,#2319,.F.);
#904=ORIENTED_EDGE('',*,*,#2137,.T.);
#905=ORIENTED_EDGE('',*,*,#2425,.T.);
#906=ORIENTED_EDGE('',*,*,#2212,.F.);
#907=ORIENTED_EDGE('',*,*,#2171,.T.);
#908=ORIENTED_EDGE('',*,*,#2428,.T.);
#909=ORIENTED_EDGE('',*,*,#2420,.T.);
#910=ORIENTED_EDGE('',*,*,#2153,.F.);
#911=ORIENTED_EDGE('',*,*,#2228,.F.);
#912=ORIENTED_EDGE('',*,*,#2233,.T.);
#913=ORIENTED_EDGE('',*,*,#2429,.T.);
#914=ORIENTED_EDGE('',*,*,#2421,.F.);
#915=ORIENTED_EDGE('',*,*,#2428,.F.);
#916=ORIENTED_EDGE('',*,*,#2232,.T.);
#917=ORIENTED_EDGE('',*,*,#2205,.T.);
#918=ORIENTED_EDGE('',*,*,#2422,.F.);
#919=ORIENTED_EDGE('',*,*,#2429,.F.);
#920=ORIENTED_EDGE('',*,*,#2231,.T.);
#921=ORIENTED_EDGE('',*,*,#2430,.T.);
#922=ORIENTED_EDGE('',*,*,#2327,.F.);
#923=ORIENTED_EDGE('',*,*,#2207,.F.);
#924=ORIENTED_EDGE('',*,*,#2230,.T.);
#925=ORIENTED_EDGE('',*,*,#2431,.T.);
#926=ORIENTED_EDGE('',*,*,#2328,.F.);
#927=ORIENTED_EDGE('',*,*,#2430,.F.);
#928=ORIENTED_EDGE('',*,*,#2151,.T.);
#929=ORIENTED_EDGE('',*,*,#2329,.T.);
#930=ORIENTED_EDGE('',*,*,#2431,.F.);
#931=ORIENTED_EDGE('',*,*,#2229,.F.);
#932=ORIENTED_EDGE('',*,*,#2397,.T.);
#933=ORIENTED_EDGE('',*,*,#2402,.F.);
#934=ORIENTED_EDGE('',*,*,#2315,.F.);
#935=ORIENTED_EDGE('',*,*,#2128,.F.);
#936=ORIENTED_EDGE('',*,*,#2318,.T.);
#937=ORIENTED_EDGE('',*,*,#2432,.F.);
#938=ORIENTED_EDGE('',*,*,#2280,.F.);
#939=ORIENTED_EDGE('',*,*,#2432,.T.);
#940=ORIENTED_EDGE('',*,*,#2320,.T.);
#941=ORIENTED_EDGE('',*,*,#2216,.F.);
#942=ORIENTED_EDGE('',*,*,#2281,.F.);
#943=ORIENTED_EDGE('',*,*,#2214,.T.);
#944=ORIENTED_EDGE('',*,*,#2424,.T.);
#945=ORIENTED_EDGE('',*,*,#2433,.F.);
#946=ORIENTED_EDGE('',*,*,#2282,.F.);
#947=ORIENTED_EDGE('',*,*,#2433,.T.);
#948=ORIENTED_EDGE('',*,*,#2427,.T.);
#949=ORIENTED_EDGE('',*,*,#2434,.F.);
#950=ORIENTED_EDGE('',*,*,#2283,.F.);
#951=ORIENTED_EDGE('',*,*,#2284,.T.);
#952=ORIENTED_EDGE('',*,*,#2434,.T.);
#953=ORIENTED_EDGE('',*,*,#2426,.F.);
#954=ORIENTED_EDGE('',*,*,#2135,.F.);
#955=ORIENTED_EDGE('',*,*,#2333,.F.);
#956=ORIENTED_EDGE('',*,*,#2244,.T.);
#957=ORIENTED_EDGE('',*,*,#2324,.T.);
#958=ORIENTED_EDGE('',*,*,#2307,.T.);
#959=ORIENTED_EDGE('',*,*,#2311,.T.);
#960=ORIENTED_EDGE('',*,*,#2435,.T.);
#961=ORIENTED_EDGE('',*,*,#2006,.T.);
#962=ORIENTED_EDGE('',*,*,#2272,.T.);
#963=ORIENTED_EDGE('',*,*,#2016,.F.);
#964=ORIENTED_EDGE('',*,*,#2436,.T.);
#965=ORIENTED_EDGE('',*,*,#2024,.T.);
#966=ORIENTED_EDGE('',*,*,#2270,.T.);
#967=ORIENTED_EDGE('',*,*,#2034,.F.);
#968=ORIENTED_EDGE('',*,*,#2437,.F.);
#969=ORIENTED_EDGE('',*,*,#2264,.T.);
#970=ORIENTED_EDGE('',*,*,#2269,.T.);
#971=ORIENTED_EDGE('',*,*,#2438,.F.);
#972=ORIENTED_EDGE('',*,*,#2439,.T.);
#973=ORIENTED_EDGE('',*,*,#2440,.T.);
#974=ORIENTED_EDGE('',*,*,#2295,.T.);
#975=ORIENTED_EDGE('',*,*,#2266,.F.);
#976=ORIENTED_EDGE('',*,*,#2441,.F.);
#977=ORIENTED_EDGE('',*,*,#2438,.T.);
#978=ORIENTED_EDGE('',*,*,#2296,.T.);
#979=ORIENTED_EDGE('',*,*,#2440,.F.);
#980=ORIENTED_EDGE('',*,*,#2384,.F.);
#981=ORIENTED_EDGE('',*,*,#2442,.F.);
#982=ORIENTED_EDGE('',*,*,#2443,.T.);
#983=ORIENTED_EDGE('',*,*,#2444,.T.);
#984=ORIENTED_EDGE('',*,*,#2385,.F.);
#985=ORIENTED_EDGE('',*,*,#2444,.F.);
#986=ORIENTED_EDGE('',*,*,#2445,.T.);
#987=ORIENTED_EDGE('',*,*,#2446,.T.);
#988=ORIENTED_EDGE('',*,*,#2386,.F.);
#989=ORIENTED_EDGE('',*,*,#2446,.F.);
#990=ORIENTED_EDGE('',*,*,#2447,.T.);
#991=ORIENTED_EDGE('',*,*,#2448,.T.);
#992=ORIENTED_EDGE('',*,*,#2387,.F.);
#993=ORIENTED_EDGE('',*,*,#2448,.F.);
#994=ORIENTED_EDGE('',*,*,#2449,.T.);
#995=ORIENTED_EDGE('',*,*,#2450,.T.);
#996=ORIENTED_EDGE('',*,*,#2388,.F.);
#997=ORIENTED_EDGE('',*,*,#2450,.F.);
#998=ORIENTED_EDGE('',*,*,#2451,.T.);
#999=ORIENTED_EDGE('',*,*,#2452,.T.);
#1000=ORIENTED_EDGE('',*,*,#2389,.F.);
#1001=ORIENTED_EDGE('',*,*,#2452,.F.);
#1002=ORIENTED_EDGE('',*,*,#2453,.T.);
#1003=ORIENTED_EDGE('',*,*,#2454,.T.);
#1004=ORIENTED_EDGE('',*,*,#2390,.F.);
#1005=ORIENTED_EDGE('',*,*,#2454,.F.);
#1006=ORIENTED_EDGE('',*,*,#2455,.T.);
#1007=ORIENTED_EDGE('',*,*,#2456,.T.);
#1008=ORIENTED_EDGE('',*,*,#2383,.F.);
#1009=ORIENTED_EDGE('',*,*,#2456,.F.);
#1010=ORIENTED_EDGE('',*,*,#2457,.T.);
#1011=ORIENTED_EDGE('',*,*,#2442,.T.);
#1012=ORIENTED_EDGE('',*,*,#2443,.F.);
#1013=ORIENTED_EDGE('',*,*,#2457,.F.);
#1014=ORIENTED_EDGE('',*,*,#2455,.F.);
#1015=ORIENTED_EDGE('',*,*,#2453,.F.);
#1016=ORIENTED_EDGE('',*,*,#2451,.F.);
#1017=ORIENTED_EDGE('',*,*,#2449,.F.);
#1018=ORIENTED_EDGE('',*,*,#2447,.F.);
#1019=ORIENTED_EDGE('',*,*,#2445,.F.);
#1020=ORIENTED_EDGE('',*,*,#2376,.F.);
#1021=ORIENTED_EDGE('',*,*,#2458,.F.);
#1022=ORIENTED_EDGE('',*,*,#2459,.T.);
#1023=ORIENTED_EDGE('',*,*,#2460,.T.);
#1024=ORIENTED_EDGE('',*,*,#2377,.F.);
#1025=ORIENTED_EDGE('',*,*,#2460,.F.);
#1026=ORIENTED_EDGE('',*,*,#2461,.T.);
#1027=ORIENTED_EDGE('',*,*,#2462,.T.);
#1028=ORIENTED_EDGE('',*,*,#2378,.F.);
#1029=ORIENTED_EDGE('',*,*,#2462,.F.);
#1030=ORIENTED_EDGE('',*,*,#2463,.T.);
#1031=ORIENTED_EDGE('',*,*,#2464,.T.);
#1032=ORIENTED_EDGE('',*,*,#2379,.F.);
#1033=ORIENTED_EDGE('',*,*,#2464,.F.);
#1034=ORIENTED_EDGE('',*,*,#2465,.T.);
#1035=ORIENTED_EDGE('',*,*,#2466,.T.);
#1036=ORIENTED_EDGE('',*,*,#2380,.F.);
#1037=ORIENTED_EDGE('',*,*,#2466,.F.);
#1038=ORIENTED_EDGE('',*,*,#2467,.T.);
#1039=ORIENTED_EDGE('',*,*,#2468,.T.);
#1040=ORIENTED_EDGE('',*,*,#2381,.F.);
#1041=ORIENTED_EDGE('',*,*,#2468,.F.);
#1042=ORIENTED_EDGE('',*,*,#2469,.T.);
#1043=ORIENTED_EDGE('',*,*,#2470,.T.);
#1044=ORIENTED_EDGE('',*,*,#2382,.F.);
#1045=ORIENTED_EDGE('',*,*,#2470,.F.);
#1046=ORIENTED_EDGE('',*,*,#2471,.T.);
#1047=ORIENTED_EDGE('',*,*,#2472,.T.);
#1048=ORIENTED_EDGE('',*,*,#2375,.F.);
#1049=ORIENTED_EDGE('',*,*,#2472,.F.);
#1050=ORIENTED_EDGE('',*,*,#2473,.T.);
#1051=ORIENTED_EDGE('',*,*,#2458,.T.);
#1052=ORIENTED_EDGE('',*,*,#2459,.F.);
#1053=ORIENTED_EDGE('',*,*,#2473,.F.);
#1054=ORIENTED_EDGE('',*,*,#2471,.F.);
#1055=ORIENTED_EDGE('',*,*,#2469,.F.);
#1056=ORIENTED_EDGE('',*,*,#2467,.F.);
#1057=ORIENTED_EDGE('',*,*,#2465,.F.);
#1058=ORIENTED_EDGE('',*,*,#2463,.F.);
#1059=ORIENTED_EDGE('',*,*,#2461,.F.);
#1060=ORIENTED_EDGE('',*,*,#2368,.F.);
#1061=ORIENTED_EDGE('',*,*,#2474,.F.);
#1062=ORIENTED_EDGE('',*,*,#2475,.T.);
#1063=ORIENTED_EDGE('',*,*,#2476,.T.);
#1064=ORIENTED_EDGE('',*,*,#2369,.F.);
#1065=ORIENTED_EDGE('',*,*,#2476,.F.);
#1066=ORIENTED_EDGE('',*,*,#2477,.T.);
#1067=ORIENTED_EDGE('',*,*,#2478,.T.);
#1068=ORIENTED_EDGE('',*,*,#2370,.F.);
#1069=ORIENTED_EDGE('',*,*,#2478,.F.);
#1070=ORIENTED_EDGE('',*,*,#2479,.T.);
#1071=ORIENTED_EDGE('',*,*,#2480,.T.);
#1072=ORIENTED_EDGE('',*,*,#2371,.F.);
#1073=ORIENTED_EDGE('',*,*,#2480,.F.);
#1074=ORIENTED_EDGE('',*,*,#2481,.T.);
#1075=ORIENTED_EDGE('',*,*,#2482,.T.);
#1076=ORIENTED_EDGE('',*,*,#2372,.F.);
#1077=ORIENTED_EDGE('',*,*,#2482,.F.);
#1078=ORIENTED_EDGE('',*,*,#2483,.T.);
#1079=ORIENTED_EDGE('',*,*,#2484,.T.);
#1080=ORIENTED_EDGE('',*,*,#2373,.F.);
#1081=ORIENTED_EDGE('',*,*,#2484,.F.);
#1082=ORIENTED_EDGE('',*,*,#2485,.T.);
#1083=ORIENTED_EDGE('',*,*,#2486,.T.);
#1084=ORIENTED_EDGE('',*,*,#2374,.F.);
#1085=ORIENTED_EDGE('',*,*,#2486,.F.);
#1086=ORIENTED_EDGE('',*,*,#2487,.T.);
#1087=ORIENTED_EDGE('',*,*,#2488,.T.);
#1088=ORIENTED_EDGE('',*,*,#2367,.F.);
#1089=ORIENTED_EDGE('',*,*,#2488,.F.);
#1090=ORIENTED_EDGE('',*,*,#2489,.T.);
#1091=ORIENTED_EDGE('',*,*,#2474,.T.);
#1092=ORIENTED_EDGE('',*,*,#2475,.F.);
#1093=ORIENTED_EDGE('',*,*,#2489,.F.);
#1094=ORIENTED_EDGE('',*,*,#2487,.F.);
#1095=ORIENTED_EDGE('',*,*,#2485,.F.);
#1096=ORIENTED_EDGE('',*,*,#2483,.F.);
#1097=ORIENTED_EDGE('',*,*,#2481,.F.);
#1098=ORIENTED_EDGE('',*,*,#2479,.F.);
#1099=ORIENTED_EDGE('',*,*,#2477,.F.);
#1100=ORIENTED_EDGE('',*,*,#2360,.F.);
#1101=ORIENTED_EDGE('',*,*,#2490,.F.);
#1102=ORIENTED_EDGE('',*,*,#2491,.T.);
#1103=ORIENTED_EDGE('',*,*,#2492,.T.);
#1104=ORIENTED_EDGE('',*,*,#2361,.F.);
#1105=ORIENTED_EDGE('',*,*,#2492,.F.);
#1106=ORIENTED_EDGE('',*,*,#2493,.T.);
#1107=ORIENTED_EDGE('',*,*,#2494,.T.);
#1108=ORIENTED_EDGE('',*,*,#2362,.F.);
#1109=ORIENTED_EDGE('',*,*,#2494,.F.);
#1110=ORIENTED_EDGE('',*,*,#2495,.T.);
#1111=ORIENTED_EDGE('',*,*,#2496,.T.);
#1112=ORIENTED_EDGE('',*,*,#2363,.F.);
#1113=ORIENTED_EDGE('',*,*,#2496,.F.);
#1114=ORIENTED_EDGE('',*,*,#2497,.T.);
#1115=ORIENTED_EDGE('',*,*,#2498,.T.);
#1116=ORIENTED_EDGE('',*,*,#2364,.F.);
#1117=ORIENTED_EDGE('',*,*,#2498,.F.);
#1118=ORIENTED_EDGE('',*,*,#2499,.T.);
#1119=ORIENTED_EDGE('',*,*,#2500,.T.);
#1120=ORIENTED_EDGE('',*,*,#2365,.F.);
#1121=ORIENTED_EDGE('',*,*,#2500,.F.);
#1122=ORIENTED_EDGE('',*,*,#2501,.T.);
#1123=ORIENTED_EDGE('',*,*,#2502,.T.);
#1124=ORIENTED_EDGE('',*,*,#2366,.F.);
#1125=ORIENTED_EDGE('',*,*,#2502,.F.);
#1126=ORIENTED_EDGE('',*,*,#2503,.T.);
#1127=ORIENTED_EDGE('',*,*,#2504,.T.);
#1128=ORIENTED_EDGE('',*,*,#2359,.F.);
#1129=ORIENTED_EDGE('',*,*,#2504,.F.);
#1130=ORIENTED_EDGE('',*,*,#2505,.T.);
#1131=ORIENTED_EDGE('',*,*,#2490,.T.);
#1132=ORIENTED_EDGE('',*,*,#2491,.F.);
#1133=ORIENTED_EDGE('',*,*,#2505,.F.);
#1134=ORIENTED_EDGE('',*,*,#2503,.F.);
#1135=ORIENTED_EDGE('',*,*,#2501,.F.);
#1136=ORIENTED_EDGE('',*,*,#2499,.F.);
#1137=ORIENTED_EDGE('',*,*,#2497,.F.);
#1138=ORIENTED_EDGE('',*,*,#2495,.F.);
#1139=ORIENTED_EDGE('',*,*,#2493,.F.);
#1140=ORIENTED_EDGE('',*,*,#2506,.T.);
#1141=ORIENTED_EDGE('',*,*,#2358,.T.);
#1142=ORIENTED_EDGE('',*,*,#2506,.F.);
#1143=ORIENTED_EDGE('',*,*,#2507,.T.);
#1144=ORIENTED_EDGE('',*,*,#2357,.T.);
#1145=ORIENTED_EDGE('',*,*,#2507,.F.);
#1146=ORIENTED_EDGE('',*,*,#2508,.T.);
#1147=ORIENTED_EDGE('',*,*,#2079,.F.);
#1148=ORIENTED_EDGE('',*,*,#2412,.F.);
#1149=ORIENTED_EDGE('',*,*,#2277,.F.);
#1150=ORIENTED_EDGE('',*,*,#2166,.F.);
#1151=ORIENTED_EDGE('',*,*,#2336,.F.);
#1152=ORIENTED_EDGE('',*,*,#2509,.T.);
#1153=ORIENTED_EDGE('',*,*,#2510,.F.);
#1154=ORIENTED_EDGE('',*,*,#2275,.F.);
#1155=ORIENTED_EDGE('',*,*,#2511,.F.);
#1156=ORIENTED_EDGE('',*,*,#2512,.F.);
#1157=ORIENTED_EDGE('',*,*,#2513,.F.);
#1158=ORIENTED_EDGE('',*,*,#2250,.F.);
#1159=ORIENTED_EDGE('',*,*,#2514,.F.);
#1160=ORIENTED_EDGE('',*,*,#2515,.T.);
#1161=ORIENTED_EDGE('',*,*,#2339,.F.);
#1162=ORIENTED_EDGE('',*,*,#2161,.F.);
#1163=ORIENTED_EDGE('',*,*,#2247,.F.);
#1164=ORIENTED_EDGE('',*,*,#2411,.F.);
#1165=ORIENTED_EDGE('',*,*,#2069,.T.);
#1166=ORIENTED_EDGE('',*,*,#2516,.T.);
#1167=ORIENTED_EDGE('',*,*,#2517,.T.);
#1168=ORIENTED_EDGE('',*,*,#2073,.F.);
#1169=ORIENTED_EDGE('',*,*,#2159,.F.);
#1170=ORIENTED_EDGE('',*,*,#2082,.F.);
#1171=ORIENTED_EDGE('',*,*,#2516,.F.);
#1172=ORIENTED_EDGE('',*,*,#2158,.T.);
#1173=ORIENTED_EDGE('',*,*,#2322,.T.);
#1174=ORIENTED_EDGE('',*,*,#2518,.T.);
#1175=ORIENTED_EDGE('',*,*,#2083,.F.);
#1176=ORIENTED_EDGE('',*,*,#2518,.F.);
#1177=ORIENTED_EDGE('',*,*,#2321,.T.);
#1178=ORIENTED_EDGE('',*,*,#2519,.T.);
#1179=ORIENTED_EDGE('',*,*,#2084,.T.);
#1180=ORIENTED_EDGE('',*,*,#2519,.F.);
#1181=ORIENTED_EDGE('',*,*,#2326,.F.);
#1182=ORIENTED_EDGE('',*,*,#2520,.T.);
#1183=ORIENTED_EDGE('',*,*,#2085,.F.);
#1184=ORIENTED_EDGE('',*,*,#2520,.F.);
#1185=ORIENTED_EDGE('',*,*,#2325,.T.);
#1186=ORIENTED_EDGE('',*,*,#2242,.T.);
#1187=ORIENTED_EDGE('',*,*,#2087,.F.);
#1188=ORIENTED_EDGE('',*,*,#2241,.F.);
#1189=ORIENTED_EDGE('',*,*,#2346,.T.);
#1190=ORIENTED_EDGE('',*,*,#2521,.T.);
#1191=ORIENTED_EDGE('',*,*,#2088,.T.);
#1192=ORIENTED_EDGE('',*,*,#2521,.F.);
#1193=ORIENTED_EDGE('',*,*,#2345,.F.);
#1194=ORIENTED_EDGE('',*,*,#2522,.T.);
#1195=ORIENTED_EDGE('',*,*,#2089,.F.);
#1196=ORIENTED_EDGE('',*,*,#2522,.F.);
#1197=ORIENTED_EDGE('',*,*,#2351,.T.);
#1198=ORIENTED_EDGE('',*,*,#2523,.T.);
#1199=ORIENTED_EDGE('',*,*,#2090,.F.);
#1200=ORIENTED_EDGE('',*,*,#2523,.F.);
#1201=ORIENTED_EDGE('',*,*,#2350,.T.);
#1202=ORIENTED_EDGE('',*,*,#2146,.T.);
#1203=ORIENTED_EDGE('',*,*,#2524,.T.);
#1204=ORIENTED_EDGE('',*,*,#2525,.T.);
#1205=ORIENTED_EDGE('',*,*,#2526,.T.);
#1206=ORIENTED_EDGE('',*,*,#2524,.F.);
#1207=ORIENTED_EDGE('',*,*,#2145,.F.);
#1208=ORIENTED_EDGE('',*,*,#2527,.F.);
#1209=ORIENTED_EDGE('',*,*,#2525,.F.);
#1210=ORIENTED_EDGE('',*,*,#2144,.F.);
#1211=ORIENTED_EDGE('',*,*,#2528,.T.);
#1212=ORIENTED_EDGE('',*,*,#2418,.F.);
#1213=ORIENTED_EDGE('',*,*,#2050,.T.);
#1214=ORIENTED_EDGE('',*,*,#2529,.F.);
#1215=ORIENTED_EDGE('',*,*,#2048,.F.);
#1216=ORIENTED_EDGE('',*,*,#2419,.T.);
#1217=ORIENTED_EDGE('',*,*,#2530,.T.);
#1218=ORIENTED_EDGE('',*,*,#2142,.F.);
#1219=ORIENTED_EDGE('',*,*,#2531,.T.);
#1220=ORIENTED_EDGE('',*,*,#2532,.T.);
#1221=ORIENTED_EDGE('',*,*,#2533,.T.);
#1222=ORIENTED_EDGE('',*,*,#2531,.F.);
#1223=ORIENTED_EDGE('',*,*,#2141,.F.);
#1224=ORIENTED_EDGE('',*,*,#2092,.F.);
#1225=ORIENTED_EDGE('',*,*,#2532,.F.);
#1226=ORIENTED_EDGE('',*,*,#2140,.T.);
#1227=ORIENTED_EDGE('',*,*,#2221,.T.);
#1228=ORIENTED_EDGE('',*,*,#2534,.T.);
#1229=ORIENTED_EDGE('',*,*,#2093,.F.);
#1230=ORIENTED_EDGE('',*,*,#2534,.F.);
#1231=ORIENTED_EDGE('',*,*,#2220,.T.);
#1232=ORIENTED_EDGE('',*,*,#2535,.T.);
#1233=ORIENTED_EDGE('',*,*,#2094,.T.);
#1234=ORIENTED_EDGE('',*,*,#2535,.F.);
#1235=ORIENTED_EDGE('',*,*,#2227,.F.);
#1236=ORIENTED_EDGE('',*,*,#2536,.T.);
#1237=ORIENTED_EDGE('',*,*,#2095,.F.);
#1238=ORIENTED_EDGE('',*,*,#2536,.F.);
#1239=ORIENTED_EDGE('',*,*,#2226,.T.);
#1240=ORIENTED_EDGE('',*,*,#2287,.T.);
#1241=ORIENTED_EDGE('',*,*,#2097,.F.);
#1242=ORIENTED_EDGE('',*,*,#2286,.F.);
#1243=ORIENTED_EDGE('',*,*,#2332,.T.);
#1244=ORIENTED_EDGE('',*,*,#2537,.T.);
#1245=ORIENTED_EDGE('',*,*,#2098,.T.);
#1246=ORIENTED_EDGE('',*,*,#2537,.F.);
#1247=ORIENTED_EDGE('',*,*,#2331,.F.);
#1248=ORIENTED_EDGE('',*,*,#2134,.F.);
#1249=ORIENTED_EDGE('',*,*,#2538,.T.);
#1250=ORIENTED_EDGE('',*,*,#2099,.F.);
#1251=ORIENTED_EDGE('',*,*,#2538,.F.);
#1252=ORIENTED_EDGE('',*,*,#2133,.T.);
#1253=ORIENTED_EDGE('',*,*,#2539,.T.);
#1254=ORIENTED_EDGE('',*,*,#2100,.T.);
#1255=ORIENTED_EDGE('',*,*,#2539,.F.);
#1256=ORIENTED_EDGE('',*,*,#2132,.F.);
#1257=ORIENTED_EDGE('',*,*,#2540,.T.);
#1258=ORIENTED_EDGE('',*,*,#2102,.F.);
#1259=ORIENTED_EDGE('',*,*,#2541,.F.);
#1260=ORIENTED_EDGE('',*,*,#2542,.F.);
#1261=ORIENTED_EDGE('',*,*,#2543,.T.);
#1262=ORIENTED_EDGE('',*,*,#2130,.T.);
#1263=ORIENTED_EDGE('',*,*,#2544,.T.);
#1264=ORIENTED_EDGE('',*,*,#2103,.F.);
#1265=ORIENTED_EDGE('',*,*,#2544,.F.);
#1266=ORIENTED_EDGE('',*,*,#2129,.T.);
#1267=ORIENTED_EDGE('',*,*,#2314,.T.);
#1268=ORIENTED_EDGE('',*,*,#2545,.T.);
#1269=ORIENTED_EDGE('',*,*,#2080,.F.);
#1270=ORIENTED_EDGE('',*,*,#2545,.F.);
#1271=ORIENTED_EDGE('',*,*,#2313,.T.);
#1272=ORIENTED_EDGE('',*,*,#2123,.T.);
#1273=ORIENTED_EDGE('',*,*,#2546,.T.);
#1274=ORIENTED_EDGE('',*,*,#2075,.T.);
#1275=ORIENTED_EDGE('',*,*,#2547,.T.);
#1276=ORIENTED_EDGE('',*,*,#2546,.F.);
#1277=ORIENTED_EDGE('',*,*,#2122,.F.);
#1278=ORIENTED_EDGE('',*,*,#2548,.T.);
#1279=ORIENTED_EDGE('',*,*,#2210,.T.);
#1280=ORIENTED_EDGE('',*,*,#2549,.T.);
#1281=ORIENTED_EDGE('',*,*,#2181,.F.);
#1282=ORIENTED_EDGE('',*,*,#2528,.F.);
#1283=ORIENTED_EDGE('',*,*,#2143,.T.);
#1284=ORIENTED_EDGE('',*,*,#2530,.F.);
#1285=ORIENTED_EDGE('',*,*,#2169,.F.);
#1286=ORIENTED_EDGE('',*,*,#2058,.F.);
#1287=ORIENTED_EDGE('',*,*,#2235,.F.);
#1288=ORIENTED_EDGE('',*,*,#2182,.T.);
#1289=ORIENTED_EDGE('',*,*,#2550,.T.);
#1290=ORIENTED_EDGE('',*,*,#2059,.F.);
#1291=ORIENTED_EDGE('',*,*,#2550,.F.);
#1292=ORIENTED_EDGE('',*,*,#2193,.T.);
#1293=ORIENTED_EDGE('',*,*,#2551,.T.);
#1294=ORIENTED_EDGE('',*,*,#2060,.F.);
#1295=ORIENTED_EDGE('',*,*,#2551,.F.);
#1296=ORIENTED_EDGE('',*,*,#2192,.T.);
#1297=ORIENTED_EDGE('',*,*,#2294,.T.);
#1298=ORIENTED_EDGE('',*,*,#2062,.F.);
#1299=ORIENTED_EDGE('',*,*,#2293,.F.);
#1300=ORIENTED_EDGE('',*,*,#2416,.T.);
#1301=ORIENTED_EDGE('',*,*,#2552,.T.);
#1302=ORIENTED_EDGE('',*,*,#2063,.T.);
#1303=ORIENTED_EDGE('',*,*,#2552,.F.);
#1304=ORIENTED_EDGE('',*,*,#2417,.F.);
#1305=ORIENTED_EDGE('',*,*,#2548,.F.);
#1306=ORIENTED_EDGE('',*,*,#2168,.T.);
#1307=ORIENTED_EDGE('',*,*,#2055,.T.);
#1308=ORIENTED_EDGE('',*,*,#2175,.F.);
#1309=ORIENTED_EDGE('',*,*,#2549,.F.);
#1310=ORIENTED_EDGE('',*,*,#2195,.F.);
#1311=ORIENTED_EDGE('',*,*,#2553,.T.);
#1312=ORIENTED_EDGE('',*,*,#2056,.F.);
#1313=ORIENTED_EDGE('',*,*,#2553,.F.);
#1314=ORIENTED_EDGE('',*,*,#2194,.T.);
#1315=ORIENTED_EDGE('',*,*,#2236,.T.);
#1316=ORIENTED_EDGE('',*,*,#2200,.F.);
#1317=ORIENTED_EDGE('',*,*,#2554,.F.);
#1318=ORIENTED_EDGE('',*,*,#2334,.T.);
#1319=ORIENTED_EDGE('',*,*,#2077,.T.);
#1320=ORIENTED_EDGE('',*,*,#2160,.F.);
#1321=ORIENTED_EDGE('',*,*,#2071,.T.);
#1322=ORIENTED_EDGE('',*,*,#2341,.T.);
#1323=ORIENTED_EDGE('',*,*,#2555,.F.);
#1324=ORIENTED_EDGE('',*,*,#2513,.T.);
#1325=ORIENTED_EDGE('',*,*,#2556,.F.);
#1326=ORIENTED_EDGE('',*,*,#2105,.F.);
#1327=ORIENTED_EDGE('',*,*,#2251,.T.);
#1328=ORIENTED_EDGE('',*,*,#2512,.T.);
#1329=ORIENTED_EDGE('',*,*,#2557,.F.);
#1330=ORIENTED_EDGE('',*,*,#2106,.F.);
#1331=ORIENTED_EDGE('',*,*,#2556,.T.);
#1332=ORIENTED_EDGE('',*,*,#2511,.T.);
#1333=ORIENTED_EDGE('',*,*,#2274,.F.);
#1334=ORIENTED_EDGE('',*,*,#2107,.F.);
#1335=ORIENTED_EDGE('',*,*,#2557,.T.);
#1336=ORIENTED_EDGE('',*,*,#2510,.T.);
#1337=ORIENTED_EDGE('',*,*,#2558,.F.);
#1338=ORIENTED_EDGE('',*,*,#2117,.F.);
#1339=ORIENTED_EDGE('',*,*,#2276,.T.);
#1340=ORIENTED_EDGE('',*,*,#2509,.F.);
#1341=ORIENTED_EDGE('',*,*,#2335,.F.);
#1342=ORIENTED_EDGE('',*,*,#2554,.T.);
#1343=ORIENTED_EDGE('',*,*,#2118,.T.);
#1344=ORIENTED_EDGE('',*,*,#2558,.T.);
#1345=ORIENTED_EDGE('',*,*,#2515,.F.);
#1346=ORIENTED_EDGE('',*,*,#2559,.F.);
#1347=ORIENTED_EDGE('',*,*,#2413,.T.);
#1348=ORIENTED_EDGE('',*,*,#2555,.T.);
#1349=ORIENTED_EDGE('',*,*,#2340,.T.);
#1350=ORIENTED_EDGE('',*,*,#2514,.T.);
#1351=ORIENTED_EDGE('',*,*,#2249,.F.);
#1352=ORIENTED_EDGE('',*,*,#2414,.F.);
#1353=ORIENTED_EDGE('',*,*,#2559,.T.);
#1354=ORIENTED_EDGE('',*,*,#2527,.T.);
#1355=ORIENTED_EDGE('',*,*,#2049,.T.);
#1356=ORIENTED_EDGE('',*,*,#2529,.T.);
#1357=ORIENTED_EDGE('',*,*,#2533,.F.);
#1358=ORIENTED_EDGE('',*,*,#2091,.F.);
#1359=ORIENTED_EDGE('',*,*,#2526,.F.);
#1360=ORIENTED_EDGE('',*,*,#2068,.T.);
#1361=ORIENTED_EDGE('',*,*,#2517,.F.);
#1362=ORIENTED_EDGE('',*,*,#2081,.T.);
#1363=ORIENTED_EDGE('',*,*,#2547,.F.);
#1364=ORIENTED_EDGE('',*,*,#2074,.T.);
#1365=ORIENTED_EDGE('',*,*,#2508,.F.);
#1366=ORIENTED_EDGE('',*,*,#2560,.T.);
#1367=ORIENTED_EDGE('',*,*,#2131,.T.);
#1368=ORIENTED_EDGE('',*,*,#2543,.F.);
#1369=ORIENTED_EDGE('',*,*,#2561,.T.);
#1370=ORIENTED_EDGE('',*,*,#2562,.F.);
#1371=ORIENTED_EDGE('',*,*,#2563,.F.);
#1372=ORIENTED_EDGE('',*,*,#2541,.T.);
#1373=ORIENTED_EDGE('',*,*,#2101,.F.);
#1374=ORIENTED_EDGE('',*,*,#2540,.F.);
#1375=ORIENTED_EDGE('',*,*,#2560,.F.);
#1376=ORIENTED_EDGE('',*,*,#2564,.T.);
#1377=ORIENTED_EDGE('',*,*,#2565,.T.);
#1378=ORIENTED_EDGE('',*,*,#2566,.F.);
#1379=ORIENTED_EDGE('',*,*,#2562,.T.);
#1380=ORIENTED_EDGE('',*,*,#2567,.F.);
#1381=ORIENTED_EDGE('',*,*,#2568,.F.);
#1382=ORIENTED_EDGE('',*,*,#2569,.T.);
#1383=ORIENTED_EDGE('',*,*,#2570,.F.);
#1384=ORIENTED_EDGE('',*,*,#2571,.T.);
#1385=ORIENTED_EDGE('',*,*,#2572,.T.);
#1386=ORIENTED_EDGE('',*,*,#2573,.T.);
#1387=ORIENTED_EDGE('',*,*,#2574,.T.);
#1388=ORIENTED_EDGE('',*,*,#2575,.T.);
#1389=ORIENTED_EDGE('',*,*,#2576,.F.);
#1390=ORIENTED_EDGE('',*,*,#2577,.T.);
#1391=ORIENTED_EDGE('',*,*,#2578,.T.);
#1392=ORIENTED_EDGE('',*,*,#2579,.F.);
#1393=ORIENTED_EDGE('',*,*,#2580,.F.);
#1394=ORIENTED_EDGE('',*,*,#2581,.F.);
#1395=ORIENTED_EDGE('',*,*,#2582,.T.);
#1396=ORIENTED_EDGE('',*,*,#2583,.F.);
#1397=ORIENTED_EDGE('',*,*,#2584,.F.);
#1398=ORIENTED_EDGE('',*,*,#2585,.F.);
#1399=ORIENTED_EDGE('',*,*,#2586,.F.);
#1400=ORIENTED_EDGE('',*,*,#2587,.F.);
#1401=ORIENTED_EDGE('',*,*,#2588,.T.);
#1402=ORIENTED_EDGE('',*,*,#2589,.T.);
#1403=ORIENTED_EDGE('',*,*,#2590,.T.);
#1404=ORIENTED_EDGE('',*,*,#2591,.F.);
#1405=ORIENTED_EDGE('',*,*,#2590,.F.);
#1406=ORIENTED_EDGE('',*,*,#2592,.T.);
#1407=ORIENTED_EDGE('',*,*,#2593,.T.);
#1408=ORIENTED_EDGE('',*,*,#2594,.F.);
#1409=ORIENTED_EDGE('',*,*,#2593,.F.);
#1410=ORIENTED_EDGE('',*,*,#2595,.T.);
#1411=ORIENTED_EDGE('',*,*,#2542,.T.);
#1412=ORIENTED_EDGE('',*,*,#2596,.T.);
#1413=ORIENTED_EDGE('',*,*,#2565,.F.);
#1414=ORIENTED_EDGE('',*,*,#2597,.F.);
#1415=ORIENTED_EDGE('',*,*,#2568,.T.);
#1416=ORIENTED_EDGE('',*,*,#2569,.F.);
#1417=ORIENTED_EDGE('',*,*,#2597,.T.);
#1418=ORIENTED_EDGE('',*,*,#2564,.F.);
#1419=ORIENTED_EDGE('',*,*,#2561,.F.);
#1420=ORIENTED_EDGE('',*,*,#2595,.F.);
#1421=ORIENTED_EDGE('',*,*,#2592,.F.);
#1422=ORIENTED_EDGE('',*,*,#2589,.F.);
#1423=ORIENTED_EDGE('',*,*,#2598,.T.);
#1424=ORIENTED_EDGE('',*,*,#2567,.T.);
#1425=ORIENTED_EDGE('',*,*,#2599,.F.);
#1426=ORIENTED_EDGE('',*,*,#2579,.T.);
#1427=ORIENTED_EDGE('',*,*,#2591,.T.);
#1428=ORIENTED_EDGE('',*,*,#2594,.T.);
#1429=ORIENTED_EDGE('',*,*,#2563,.T.);
#1430=ORIENTED_EDGE('',*,*,#2566,.T.);
#1431=ORIENTED_EDGE('',*,*,#2596,.F.);
#1432=ORIENTED_EDGE('',*,*,#2570,.T.);
#1433=ORIENTED_EDGE('',*,*,#2598,.F.);
#1434=ORIENTED_EDGE('',*,*,#2588,.F.);
#1435=ORIENTED_EDGE('',*,*,#2600,.T.);
#1436=ORIENTED_EDGE('',*,*,#2571,.F.);
#1437=ORIENTED_EDGE('',*,*,#2600,.F.);
#1438=ORIENTED_EDGE('',*,*,#2587,.T.);
#1439=ORIENTED_EDGE('',*,*,#2601,.T.);
#1440=ORIENTED_EDGE('',*,*,#2572,.F.);
#1441=ORIENTED_EDGE('',*,*,#2601,.F.);
#1442=ORIENTED_EDGE('',*,*,#2586,.T.);
#1443=ORIENTED_EDGE('',*,*,#2602,.T.);
#1444=ORIENTED_EDGE('',*,*,#2573,.F.);
#1445=ORIENTED_EDGE('',*,*,#2602,.F.);
#1446=ORIENTED_EDGE('',*,*,#2585,.T.);
#1447=ORIENTED_EDGE('',*,*,#2603,.T.);
#1448=ORIENTED_EDGE('',*,*,#2574,.F.);
#1449=ORIENTED_EDGE('',*,*,#2603,.F.);
#1450=ORIENTED_EDGE('',*,*,#2584,.T.);
#1451=ORIENTED_EDGE('',*,*,#2604,.T.);
#1452=ORIENTED_EDGE('',*,*,#2575,.F.);
#1453=ORIENTED_EDGE('',*,*,#2604,.F.);
#1454=ORIENTED_EDGE('',*,*,#2583,.T.);
#1455=ORIENTED_EDGE('',*,*,#2605,.T.);
#1456=ORIENTED_EDGE('',*,*,#2576,.T.);
#1457=ORIENTED_EDGE('',*,*,#2605,.F.);
#1458=ORIENTED_EDGE('',*,*,#2582,.F.);
#1459=ORIENTED_EDGE('',*,*,#2606,.T.);
#1460=ORIENTED_EDGE('',*,*,#2577,.F.);
#1461=ORIENTED_EDGE('',*,*,#2606,.F.);
#1462=ORIENTED_EDGE('',*,*,#2581,.T.);
#1463=ORIENTED_EDGE('',*,*,#2607,.T.);
#1464=ORIENTED_EDGE('',*,*,#2578,.F.);
#1465=ORIENTED_EDGE('',*,*,#2607,.F.);
#1466=ORIENTED_EDGE('',*,*,#2580,.T.);
#1467=ORIENTED_EDGE('',*,*,#2599,.T.);
#1468=ORIENTED_EDGE('',*,*,#2608,.F.);
#1469=ORIENTED_EDGE('',*,*,#2609,.F.);
#1470=ORIENTED_EDGE('',*,*,#2610,.T.);
#1471=ORIENTED_EDGE('',*,*,#2611,.T.);
#1472=ORIENTED_EDGE('',*,*,#2612,.F.);
#1473=ORIENTED_EDGE('',*,*,#2613,.F.);
#1474=ORIENTED_EDGE('',*,*,#2614,.T.);
#1475=ORIENTED_EDGE('',*,*,#2609,.T.);
#1476=ORIENTED_EDGE('',*,*,#2615,.F.);
#1477=ORIENTED_EDGE('',*,*,#2616,.F.);
#1478=ORIENTED_EDGE('',*,*,#2617,.T.);
#1479=ORIENTED_EDGE('',*,*,#2613,.T.);
#1480=ORIENTED_EDGE('',*,*,#2618,.F.);
#1481=ORIENTED_EDGE('',*,*,#2619,.F.);
#1482=ORIENTED_EDGE('',*,*,#2620,.T.);
#1483=ORIENTED_EDGE('',*,*,#2616,.T.);
#1484=ORIENTED_EDGE('',*,*,#2621,.T.);
#1485=ORIENTED_EDGE('',*,*,#2622,.F.);
#1486=ORIENTED_EDGE('',*,*,#2623,.F.);
#1487=ORIENTED_EDGE('',*,*,#2619,.T.);
#1488=ORIENTED_EDGE('',*,*,#2624,.F.);
#1489=ORIENTED_EDGE('',*,*,#2611,.F.);
#1490=ORIENTED_EDGE('',*,*,#2625,.T.);
#1491=ORIENTED_EDGE('',*,*,#2626,.T.);
#1492=ORIENTED_EDGE('',*,*,#2627,.F.);
#1493=ORIENTED_EDGE('',*,*,#2628,.F.);
#1494=ORIENTED_EDGE('',*,*,#2629,.T.);
#1495=ORIENTED_EDGE('',*,*,#2622,.T.);
#1496=ORIENTED_EDGE('',*,*,#2630,.F.);
#1497=ORIENTED_EDGE('',*,*,#2626,.F.);
#1498=ORIENTED_EDGE('',*,*,#2631,.T.);
#1499=ORIENTED_EDGE('',*,*,#2437,.T.);
#1500=ORIENTED_EDGE('',*,*,#2441,.T.);
#1501=ORIENTED_EDGE('',*,*,#2439,.F.);
#1502=ORIENTED_EDGE('',*,*,#2632,.T.);
#1503=ORIENTED_EDGE('',*,*,#2395,.T.);
#1504=ORIENTED_EDGE('',*,*,#2633,.F.);
#1505=ORIENTED_EDGE('',*,*,#2628,.T.);
#1506=ORIENTED_EDGE('',*,*,#2265,.F.);
#1507=ORIENTED_EDGE('',*,*,#2632,.F.);
#1508=ORIENTED_EDGE('',*,*,#2627,.T.);
#1509=ORIENTED_EDGE('',*,*,#2621,.F.);
#1510=ORIENTED_EDGE('',*,*,#2618,.T.);
#1511=ORIENTED_EDGE('',*,*,#2615,.T.);
#1512=ORIENTED_EDGE('',*,*,#2612,.T.);
#1513=ORIENTED_EDGE('',*,*,#2608,.T.);
#1514=ORIENTED_EDGE('',*,*,#2624,.T.);
#1515=ORIENTED_EDGE('',*,*,#2630,.T.);
#1516=ORIENTED_EDGE('',*,*,#2633,.T.);
#1517=ORIENTED_EDGE('',*,*,#2260,.T.);
#1518=ORIENTED_EDGE('',*,*,#2631,.F.);
#1519=ORIENTED_EDGE('',*,*,#2625,.F.);
#1520=ORIENTED_EDGE('',*,*,#2610,.F.);
#1521=ORIENTED_EDGE('',*,*,#2614,.F.);
#1522=ORIENTED_EDGE('',*,*,#2617,.F.);
#1523=ORIENTED_EDGE('',*,*,#2620,.F.);
#1524=ORIENTED_EDGE('',*,*,#2623,.T.);
#1525=ORIENTED_EDGE('',*,*,#2629,.F.);
#1526=ORIENTED_EDGE('',*,*,#2634,.F.);
#1527=ORIENTED_EDGE('',*,*,#2257,.T.);
#1528=ORIENTED_EDGE('',*,*,#2635,.T.);
#1529=ORIENTED_EDGE('',*,*,#2636,.F.);
#1530=ORIENTED_EDGE('',*,*,#2637,.T.);
#1531=ORIENTED_EDGE('',*,*,#2638,.F.);
#1532=ORIENTED_EDGE('',*,*,#2639,.F.);
#1533=ORIENTED_EDGE('',*,*,#2640,.F.);
#1534=ORIENTED_EDGE('',*,*,#2641,.F.);
#1535=ORIENTED_EDGE('',*,*,#2642,.F.);
#1536=ORIENTED_EDGE('',*,*,#2258,.F.);
#1537=ORIENTED_EDGE('',*,*,#2643,.T.);
#1538=ORIENTED_EDGE('',*,*,#2644,.T.);
#1539=ORIENTED_EDGE('',*,*,#2645,.T.);
#1540=ORIENTED_EDGE('',*,*,#2646,.T.);
#1541=ORIENTED_EDGE('',*,*,#2647,.T.);
#1542=ORIENTED_EDGE('',*,*,#2648,.T.);
#1543=ORIENTED_EDGE('',*,*,#2649,.F.);
#1544=ORIENTED_EDGE('',*,*,#2650,.T.);
#1545=ORIENTED_EDGE('',*,*,#2651,.F.);
#1546=ORIENTED_EDGE('',*,*,#2042,.F.);
#1547=ORIENTED_EDGE('',*,*,#2046,.F.);
#1548=ORIENTED_EDGE('',*,*,#2038,.T.);
#1549=ORIENTED_EDGE('',*,*,#2634,.T.);
#1550=ORIENTED_EDGE('',*,*,#2652,.T.);
#1551=ORIENTED_EDGE('',*,*,#2643,.F.);
#1552=ORIENTED_EDGE('',*,*,#2644,.F.);
#1553=ORIENTED_EDGE('',*,*,#2652,.F.);
#1554=ORIENTED_EDGE('',*,*,#2642,.T.);
#1555=ORIENTED_EDGE('',*,*,#2653,.T.);
#1556=ORIENTED_EDGE('',*,*,#2645,.F.);
#1557=ORIENTED_EDGE('',*,*,#2653,.F.);
#1558=ORIENTED_EDGE('',*,*,#2641,.T.);
#1559=ORIENTED_EDGE('',*,*,#2654,.T.);
#1560=ORIENTED_EDGE('',*,*,#2646,.F.);
#1561=ORIENTED_EDGE('',*,*,#2654,.F.);
#1562=ORIENTED_EDGE('',*,*,#2640,.T.);
#1563=ORIENTED_EDGE('',*,*,#2655,.T.);
#1564=ORIENTED_EDGE('',*,*,#2647,.F.);
#1565=ORIENTED_EDGE('',*,*,#2655,.F.);
#1566=ORIENTED_EDGE('',*,*,#2639,.T.);
#1567=ORIENTED_EDGE('',*,*,#2656,.T.);
#1568=ORIENTED_EDGE('',*,*,#2648,.F.);
#1569=ORIENTED_EDGE('',*,*,#2656,.F.);
#1570=ORIENTED_EDGE('',*,*,#2638,.T.);
#1571=ORIENTED_EDGE('',*,*,#2657,.T.);
#1572=ORIENTED_EDGE('',*,*,#2649,.T.);
#1573=ORIENTED_EDGE('',*,*,#2657,.F.);
#1574=ORIENTED_EDGE('',*,*,#2637,.F.);
#1575=ORIENTED_EDGE('',*,*,#2658,.T.);
#1576=ORIENTED_EDGE('',*,*,#2650,.F.);
#1577=ORIENTED_EDGE('',*,*,#2658,.F.);
#1578=ORIENTED_EDGE('',*,*,#2636,.T.);
#1579=ORIENTED_EDGE('',*,*,#2659,.T.);
#1580=ORIENTED_EDGE('',*,*,#2651,.T.);
#1581=ORIENTED_EDGE('',*,*,#2659,.F.);
#1582=ORIENTED_EDGE('',*,*,#2635,.F.);
#1583=ORIENTED_EDGE('',*,*,#2353,.T.);
#1584=ORIENTED_EDGE('',*,*,#2660,.F.);
#1585=ORIENTED_EDGE('',*,*,#2661,.F.);
#1586=ORIENTED_EDGE('',*,*,#2662,.T.);
#1587=ORIENTED_EDGE('',*,*,#2663,.T.);
#1588=ORIENTED_EDGE('',*,*,#2664,.T.);
#1589=ORIENTED_EDGE('',*,*,#2665,.F.);
#1590=ORIENTED_EDGE('',*,*,#2666,.F.);
#1591=ORIENTED_EDGE('',*,*,#2661,.T.);
#1592=ORIENTED_EDGE('',*,*,#2667,.T.);
#1593=ORIENTED_EDGE('',*,*,#2668,.F.);
#1594=ORIENTED_EDGE('',*,*,#2669,.F.);
#1595=ORIENTED_EDGE('',*,*,#2665,.T.);
#1596=ORIENTED_EDGE('',*,*,#2670,.T.);
#1597=ORIENTED_EDGE('',*,*,#2671,.F.);
#1598=ORIENTED_EDGE('',*,*,#2672,.F.);
#1599=ORIENTED_EDGE('',*,*,#2668,.T.);
#1600=ORIENTED_EDGE('',*,*,#2673,.T.);
#1601=ORIENTED_EDGE('',*,*,#2674,.F.);
#1602=ORIENTED_EDGE('',*,*,#2675,.F.);
#1603=ORIENTED_EDGE('',*,*,#2671,.T.);
#1604=ORIENTED_EDGE('',*,*,#2676,.T.);
#1605=ORIENTED_EDGE('',*,*,#2677,.F.);
#1606=ORIENTED_EDGE('',*,*,#2678,.F.);
#1607=ORIENTED_EDGE('',*,*,#2674,.T.);
#1608=ORIENTED_EDGE('',*,*,#2679,.T.);
#1609=ORIENTED_EDGE('',*,*,#2663,.F.);
#1610=ORIENTED_EDGE('',*,*,#2680,.F.);
#1611=ORIENTED_EDGE('',*,*,#2681,.T.);
#1612=ORIENTED_EDGE('',*,*,#2682,.T.);
#1613=ORIENTED_EDGE('',*,*,#2025,.T.);
#1614=ORIENTED_EDGE('',*,*,#2436,.F.);
#1615=ORIENTED_EDGE('',*,*,#2033,.F.);
#1616=ORIENTED_EDGE('',*,*,#2683,.F.);
#1617=ORIENTED_EDGE('',*,*,#2677,.T.);
#1618=ORIENTED_EDGE('',*,*,#2684,.F.);
#1619=ORIENTED_EDGE('',*,*,#2681,.F.);
#1620=ORIENTED_EDGE('',*,*,#2685,.T.);
#1621=ORIENTED_EDGE('',*,*,#2394,.T.);
#1622=ORIENTED_EDGE('',*,*,#2684,.T.);
#1623=ORIENTED_EDGE('',*,*,#2300,.T.);
#1624=ORIENTED_EDGE('',*,*,#2682,.F.);
#1625=ORIENTED_EDGE('',*,*,#2676,.F.);
#1626=ORIENTED_EDGE('',*,*,#2673,.F.);
#1627=ORIENTED_EDGE('',*,*,#2670,.F.);
#1628=ORIENTED_EDGE('',*,*,#2667,.F.);
#1629=ORIENTED_EDGE('',*,*,#2664,.F.);
#1630=ORIENTED_EDGE('',*,*,#2660,.T.);
#1631=ORIENTED_EDGE('',*,*,#2679,.F.);
#1632=ORIENTED_EDGE('',*,*,#2262,.F.);
#1633=ORIENTED_EDGE('',*,*,#2685,.F.);
#1634=ORIENTED_EDGE('',*,*,#2680,.T.);
#1635=ORIENTED_EDGE('',*,*,#2662,.F.);
#1636=ORIENTED_EDGE('',*,*,#2666,.T.);
#1637=ORIENTED_EDGE('',*,*,#2669,.T.);
#1638=ORIENTED_EDGE('',*,*,#2672,.T.);
#1639=ORIENTED_EDGE('',*,*,#2675,.T.);
#1640=ORIENTED_EDGE('',*,*,#2678,.T.);
#1641=ORIENTED_EDGE('',*,*,#2683,.T.);
#1642=ORIENTED_EDGE('',*,*,#2255,.F.);
#1643=ORIENTED_EDGE('',*,*,#2686,.T.);
#1644=ORIENTED_EDGE('',*,*,#2687,.T.);
#1645=ORIENTED_EDGE('',*,*,#2688,.T.);
#1646=ORIENTED_EDGE('',*,*,#2689,.T.);
#1647=ORIENTED_EDGE('',*,*,#2690,.T.);
#1648=ORIENTED_EDGE('',*,*,#2691,.T.);
#1649=ORIENTED_EDGE('',*,*,#2692,.F.);
#1650=ORIENTED_EDGE('',*,*,#2693,.T.);
#1651=ORIENTED_EDGE('',*,*,#2694,.F.);
#1652=ORIENTED_EDGE('',*,*,#2695,.F.);
#1653=ORIENTED_EDGE('',*,*,#2299,.T.);
#1654=ORIENTED_EDGE('',*,*,#2696,.T.);
#1655=ORIENTED_EDGE('',*,*,#2697,.F.);
#1656=ORIENTED_EDGE('',*,*,#2698,.T.);
#1657=ORIENTED_EDGE('',*,*,#2699,.F.);
#1658=ORIENTED_EDGE('',*,*,#2700,.F.);
#1659=ORIENTED_EDGE('',*,*,#2701,.F.);
#1660=ORIENTED_EDGE('',*,*,#2702,.F.);
#1661=ORIENTED_EDGE('',*,*,#2703,.F.);
#1662=ORIENTED_EDGE('',*,*,#2021,.T.);
#1663=ORIENTED_EDGE('',*,*,#2695,.T.);
#1664=ORIENTED_EDGE('',*,*,#2704,.F.);
#1665=ORIENTED_EDGE('',*,*,#2686,.F.);
#1666=ORIENTED_EDGE('',*,*,#2029,.F.);
#1667=ORIENTED_EDGE('',*,*,#2036,.T.);
#1668=ORIENTED_EDGE('',*,*,#2703,.T.);
#1669=ORIENTED_EDGE('',*,*,#2705,.F.);
#1670=ORIENTED_EDGE('',*,*,#2687,.F.);
#1671=ORIENTED_EDGE('',*,*,#2704,.T.);
#1672=ORIENTED_EDGE('',*,*,#2702,.T.);
#1673=ORIENTED_EDGE('',*,*,#2706,.F.);
#1674=ORIENTED_EDGE('',*,*,#2688,.F.);
#1675=ORIENTED_EDGE('',*,*,#2705,.T.);
#1676=ORIENTED_EDGE('',*,*,#2701,.T.);
#1677=ORIENTED_EDGE('',*,*,#2707,.F.);
#1678=ORIENTED_EDGE('',*,*,#2689,.F.);
#1679=ORIENTED_EDGE('',*,*,#2706,.T.);
#1680=ORIENTED_EDGE('',*,*,#2700,.T.);
#1681=ORIENTED_EDGE('',*,*,#2708,.F.);
#1682=ORIENTED_EDGE('',*,*,#2690,.F.);
#1683=ORIENTED_EDGE('',*,*,#2707,.T.);
#1684=ORIENTED_EDGE('',*,*,#2699,.T.);
#1685=ORIENTED_EDGE('',*,*,#2709,.F.);
#1686=ORIENTED_EDGE('',*,*,#2691,.F.);
#1687=ORIENTED_EDGE('',*,*,#2708,.T.);
#1688=ORIENTED_EDGE('',*,*,#2698,.F.);
#1689=ORIENTED_EDGE('',*,*,#2710,.F.);
#1690=ORIENTED_EDGE('',*,*,#2692,.T.);
#1691=ORIENTED_EDGE('',*,*,#2709,.T.);
#1692=ORIENTED_EDGE('',*,*,#2697,.T.);
#1693=ORIENTED_EDGE('',*,*,#2711,.F.);
#1694=ORIENTED_EDGE('',*,*,#2693,.F.);
#1695=ORIENTED_EDGE('',*,*,#2710,.T.);
#1696=ORIENTED_EDGE('',*,*,#2696,.F.);
#1697=ORIENTED_EDGE('',*,*,#2354,.T.);
#1698=ORIENTED_EDGE('',*,*,#2694,.T.);
#1699=ORIENTED_EDGE('',*,*,#2711,.T.);
#1700=ORIENTED_EDGE('',*,*,#2712,.F.);
#1701=ORIENTED_EDGE('',*,*,#2713,.F.);
#1702=ORIENTED_EDGE('',*,*,#2714,.T.);
#1703=ORIENTED_EDGE('',*,*,#2715,.T.);
#1704=ORIENTED_EDGE('',*,*,#2716,.T.);
#1705=ORIENTED_EDGE('',*,*,#2717,.F.);
#1706=ORIENTED_EDGE('',*,*,#2718,.F.);
#1707=ORIENTED_EDGE('',*,*,#2713,.T.);
#1708=ORIENTED_EDGE('',*,*,#2719,.T.);
#1709=ORIENTED_EDGE('',*,*,#2720,.F.);
#1710=ORIENTED_EDGE('',*,*,#2721,.F.);
#1711=ORIENTED_EDGE('',*,*,#2717,.T.);
#1712=ORIENTED_EDGE('',*,*,#2722,.T.);
#1713=ORIENTED_EDGE('',*,*,#2723,.F.);
#1714=ORIENTED_EDGE('',*,*,#2724,.F.);
#1715=ORIENTED_EDGE('',*,*,#2720,.T.);
#1716=ORIENTED_EDGE('',*,*,#2725,.T.);
#1717=ORIENTED_EDGE('',*,*,#2726,.F.);
#1718=ORIENTED_EDGE('',*,*,#2727,.F.);
#1719=ORIENTED_EDGE('',*,*,#2723,.T.);
#1720=ORIENTED_EDGE('',*,*,#2728,.T.);
#1721=ORIENTED_EDGE('',*,*,#2715,.F.);
#1722=ORIENTED_EDGE('',*,*,#2729,.F.);
#1723=ORIENTED_EDGE('',*,*,#2730,.T.);
#1724=ORIENTED_EDGE('',*,*,#2731,.T.);
#1725=ORIENTED_EDGE('',*,*,#2732,.F.);
#1726=ORIENTED_EDGE('',*,*,#2733,.F.);
#1727=ORIENTED_EDGE('',*,*,#2726,.T.);
#1728=ORIENTED_EDGE('',*,*,#2734,.T.);
#1729=ORIENTED_EDGE('',*,*,#2007,.T.);
#1730=ORIENTED_EDGE('',*,*,#2435,.F.);
#1731=ORIENTED_EDGE('',*,*,#2015,.F.);
#1732=ORIENTED_EDGE('',*,*,#2735,.F.);
#1733=ORIENTED_EDGE('',*,*,#2732,.T.);
#1734=ORIENTED_EDGE('',*,*,#2736,.F.);
#1735=ORIENTED_EDGE('',*,*,#2730,.F.);
#1736=ORIENTED_EDGE('',*,*,#2737,.T.);
#1737=ORIENTED_EDGE('',*,*,#2393,.T.);
#1738=ORIENTED_EDGE('',*,*,#2736,.T.);
#1739=ORIENTED_EDGE('',*,*,#2305,.T.);
#1740=ORIENTED_EDGE('',*,*,#2734,.F.);
#1741=ORIENTED_EDGE('',*,*,#2731,.F.);
#1742=ORIENTED_EDGE('',*,*,#2725,.F.);
#1743=ORIENTED_EDGE('',*,*,#2722,.F.);
#1744=ORIENTED_EDGE('',*,*,#2719,.F.);
#1745=ORIENTED_EDGE('',*,*,#2716,.F.);
#1746=ORIENTED_EDGE('',*,*,#2712,.T.);
#1747=ORIENTED_EDGE('',*,*,#2728,.F.);
#1748=ORIENTED_EDGE('',*,*,#2302,.F.);
#1749=ORIENTED_EDGE('',*,*,#2737,.F.);
#1750=ORIENTED_EDGE('',*,*,#2729,.T.);
#1751=ORIENTED_EDGE('',*,*,#2714,.F.);
#1752=ORIENTED_EDGE('',*,*,#2718,.T.);
#1753=ORIENTED_EDGE('',*,*,#2721,.T.);
#1754=ORIENTED_EDGE('',*,*,#2724,.T.);
#1755=ORIENTED_EDGE('',*,*,#2727,.T.);
#1756=ORIENTED_EDGE('',*,*,#2733,.T.);
#1757=ORIENTED_EDGE('',*,*,#2735,.T.);
#1758=ORIENTED_EDGE('',*,*,#2297,.F.);
#1759=ORIENTED_EDGE('',*,*,#2738,.T.);
#1760=ORIENTED_EDGE('',*,*,#2739,.T.);
#1761=ORIENTED_EDGE('',*,*,#2740,.T.);
#1762=ORIENTED_EDGE('',*,*,#2741,.T.);
#1763=ORIENTED_EDGE('',*,*,#2742,.T.);
#1764=ORIENTED_EDGE('',*,*,#2743,.T.);
#1765=ORIENTED_EDGE('',*,*,#2744,.F.);
#1766=ORIENTED_EDGE('',*,*,#2745,.T.);
#1767=ORIENTED_EDGE('',*,*,#2746,.F.);
#1768=ORIENTED_EDGE('',*,*,#2747,.F.);
#1769=ORIENTED_EDGE('',*,*,#2304,.T.);
#1770=ORIENTED_EDGE('',*,*,#2748,.T.);
#1771=ORIENTED_EDGE('',*,*,#2749,.F.);
#1772=ORIENTED_EDGE('',*,*,#2750,.T.);
#1773=ORIENTED_EDGE('',*,*,#2751,.F.);
#1774=ORIENTED_EDGE('',*,*,#2752,.F.);
#1775=ORIENTED_EDGE('',*,*,#2753,.F.);
#1776=ORIENTED_EDGE('',*,*,#2754,.F.);
#1777=ORIENTED_EDGE('',*,*,#2755,.F.);
#1778=ORIENTED_EDGE('',*,*,#2003,.T.);
#1779=ORIENTED_EDGE('',*,*,#2747,.T.);
#1780=ORIENTED_EDGE('',*,*,#2756,.F.);
#1781=ORIENTED_EDGE('',*,*,#2738,.F.);
#1782=ORIENTED_EDGE('',*,*,#2011,.F.);
#1783=ORIENTED_EDGE('',*,*,#2018,.T.);
#1784=ORIENTED_EDGE('',*,*,#2755,.T.);
#1785=ORIENTED_EDGE('',*,*,#2757,.F.);
#1786=ORIENTED_EDGE('',*,*,#2739,.F.);
#1787=ORIENTED_EDGE('',*,*,#2756,.T.);
#1788=ORIENTED_EDGE('',*,*,#2754,.T.);
#1789=ORIENTED_EDGE('',*,*,#2758,.F.);
#1790=ORIENTED_EDGE('',*,*,#2740,.F.);
#1791=ORIENTED_EDGE('',*,*,#2757,.T.);
#1792=ORIENTED_EDGE('',*,*,#2753,.T.);
#1793=ORIENTED_EDGE('',*,*,#2759,.F.);
#1794=ORIENTED_EDGE('',*,*,#2741,.F.);
#1795=ORIENTED_EDGE('',*,*,#2758,.T.);
#1796=ORIENTED_EDGE('',*,*,#2752,.T.);
#1797=ORIENTED_EDGE('',*,*,#2760,.F.);
#1798=ORIENTED_EDGE('',*,*,#2742,.F.);
#1799=ORIENTED_EDGE('',*,*,#2759,.T.);
#1800=ORIENTED_EDGE('',*,*,#2751,.T.);
#1801=ORIENTED_EDGE('',*,*,#2761,.F.);
#1802=ORIENTED_EDGE('',*,*,#2743,.F.);
#1803=ORIENTED_EDGE('',*,*,#2760,.T.);
#1804=ORIENTED_EDGE('',*,*,#2750,.F.);
#1805=ORIENTED_EDGE('',*,*,#2762,.F.);
#1806=ORIENTED_EDGE('',*,*,#2744,.T.);
#1807=ORIENTED_EDGE('',*,*,#2761,.T.);
#1808=ORIENTED_EDGE('',*,*,#2749,.T.);
#1809=ORIENTED_EDGE('',*,*,#2763,.F.);
#1810=ORIENTED_EDGE('',*,*,#2745,.F.);
#1811=ORIENTED_EDGE('',*,*,#2762,.T.);
#1812=ORIENTED_EDGE('',*,*,#2748,.F.);
#1813=ORIENTED_EDGE('',*,*,#2355,.T.);
#1814=ORIENTED_EDGE('',*,*,#2746,.T.);
#1815=ORIENTED_EDGE('',*,*,#2763,.T.);
#1816=ORIENTED_EDGE('',*,*,#2764,.F.);
#1817=ORIENTED_EDGE('',*,*,#2765,.T.);
#1818=ORIENTED_EDGE('',*,*,#2766,.T.);
#1819=ORIENTED_EDGE('',*,*,#2767,.F.);
#1820=ORIENTED_EDGE('',*,*,#2768,.F.);
#1821=ORIENTED_EDGE('',*,*,#2769,.F.);
#1822=ORIENTED_EDGE('',*,*,#2770,.T.);
#1823=ORIENTED_EDGE('',*,*,#2771,.T.);
#1824=ORIENTED_EDGE('',*,*,#2772,.F.);
#1825=ORIENTED_EDGE('',*,*,#2771,.F.);
#1826=ORIENTED_EDGE('',*,*,#2773,.T.);
#1827=ORIENTED_EDGE('',*,*,#2774,.T.);
#1828=ORIENTED_EDGE('',*,*,#2775,.F.);
#1829=ORIENTED_EDGE('',*,*,#2774,.F.);
#1830=ORIENTED_EDGE('',*,*,#2776,.T.);
#1831=ORIENTED_EDGE('',*,*,#2777,.T.);
#1832=ORIENTED_EDGE('',*,*,#2766,.F.);
#1833=ORIENTED_EDGE('',*,*,#2778,.F.);
#1834=ORIENTED_EDGE('',*,*,#2777,.F.);
#1835=ORIENTED_EDGE('',*,*,#2779,.T.);
#1836=ORIENTED_EDGE('',*,*,#2780,.T.);
#1837=ORIENTED_EDGE('',*,*,#2781,.F.);
#1838=ORIENTED_EDGE('',*,*,#2782,.T.);
#1839=ORIENTED_EDGE('',*,*,#2783,.T.);
#1840=ORIENTED_EDGE('',*,*,#2767,.T.);
#1841=ORIENTED_EDGE('',*,*,#2780,.F.);
#1842=ORIENTED_EDGE('',*,*,#2784,.T.);
#1843=ORIENTED_EDGE('',*,*,#2785,.T.);
#1844=ORIENTED_EDGE('',*,*,#2786,.T.);
#1845=ORIENTED_EDGE('',*,*,#2787,.F.);
#1846=ORIENTED_EDGE('',*,*,#2785,.F.);
#1847=ORIENTED_EDGE('',*,*,#2788,.T.);
#1848=ORIENTED_EDGE('',*,*,#2789,.T.);
#1849=ORIENTED_EDGE('',*,*,#2790,.F.);
#1850=ORIENTED_EDGE('',*,*,#2791,.F.);
#1851=ORIENTED_EDGE('',*,*,#2789,.F.);
#1852=ORIENTED_EDGE('',*,*,#2792,.T.);
#1853=ORIENTED_EDGE('',*,*,#2793,.T.);
#1854=ORIENTED_EDGE('',*,*,#2794,.F.);
#1855=ORIENTED_EDGE('',*,*,#2793,.F.);
#1856=ORIENTED_EDGE('',*,*,#2795,.T.);
#1857=ORIENTED_EDGE('',*,*,#2796,.T.);
#1858=ORIENTED_EDGE('',*,*,#2797,.F.);
#1859=ORIENTED_EDGE('',*,*,#2796,.F.);
#1860=ORIENTED_EDGE('',*,*,#2798,.T.);
#1861=ORIENTED_EDGE('',*,*,#2799,.T.);
#1862=ORIENTED_EDGE('',*,*,#2800,.F.);
#1863=ORIENTED_EDGE('',*,*,#2801,.F.);
#1864=ORIENTED_EDGE('',*,*,#2799,.F.);
#1865=ORIENTED_EDGE('',*,*,#2802,.T.);
#1866=ORIENTED_EDGE('',*,*,#2803,.T.);
#1867=ORIENTED_EDGE('',*,*,#2804,.F.);
#1868=ORIENTED_EDGE('',*,*,#2803,.F.);
#1869=ORIENTED_EDGE('',*,*,#2805,.T.);
#1870=ORIENTED_EDGE('',*,*,#2806,.T.);
#1871=ORIENTED_EDGE('',*,*,#2807,.F.);
#1872=ORIENTED_EDGE('',*,*,#2806,.F.);
#1873=ORIENTED_EDGE('',*,*,#2808,.T.);
#1874=ORIENTED_EDGE('',*,*,#2809,.T.);
#1875=ORIENTED_EDGE('',*,*,#2810,.F.);
#1876=ORIENTED_EDGE('',*,*,#2811,.F.);
#1877=ORIENTED_EDGE('',*,*,#2809,.F.);
#1878=ORIENTED_EDGE('',*,*,#2812,.T.);
#1879=ORIENTED_EDGE('',*,*,#2813,.T.);
#1880=ORIENTED_EDGE('',*,*,#2814,.F.);
#1881=ORIENTED_EDGE('',*,*,#2815,.F.);
#1882=ORIENTED_EDGE('',*,*,#2813,.F.);
#1883=ORIENTED_EDGE('',*,*,#2816,.T.);
#1884=ORIENTED_EDGE('',*,*,#2817,.T.);
#1885=ORIENTED_EDGE('',*,*,#2818,.F.);
#1886=ORIENTED_EDGE('',*,*,#2817,.F.);
#1887=ORIENTED_EDGE('',*,*,#2819,.T.);
#1888=ORIENTED_EDGE('',*,*,#2820,.T.);
#1889=ORIENTED_EDGE('',*,*,#2821,.F.);
#1890=ORIENTED_EDGE('',*,*,#2820,.F.);
#1891=ORIENTED_EDGE('',*,*,#2822,.T.);
#1892=ORIENTED_EDGE('',*,*,#2823,.T.);
#1893=ORIENTED_EDGE('',*,*,#2824,.F.);
#1894=ORIENTED_EDGE('',*,*,#2825,.F.);
#1895=ORIENTED_EDGE('',*,*,#2823,.F.);
#1896=ORIENTED_EDGE('',*,*,#2826,.T.);
#1897=ORIENTED_EDGE('',*,*,#2827,.T.);
#1898=ORIENTED_EDGE('',*,*,#2828,.F.);
#1899=ORIENTED_EDGE('',*,*,#2829,.F.);
#1900=ORIENTED_EDGE('',*,*,#2827,.F.);
#1901=ORIENTED_EDGE('',*,*,#2830,.T.);
#1902=ORIENTED_EDGE('',*,*,#2831,.T.);
#1903=ORIENTED_EDGE('',*,*,#2832,.F.);
#1904=ORIENTED_EDGE('',*,*,#2831,.F.);
#1905=ORIENTED_EDGE('',*,*,#2833,.T.);
#1906=ORIENTED_EDGE('',*,*,#2834,.T.);
#1907=ORIENTED_EDGE('',*,*,#2835,.F.);
#1908=ORIENTED_EDGE('',*,*,#2834,.F.);
#1909=ORIENTED_EDGE('',*,*,#2836,.T.);
#1910=ORIENTED_EDGE('',*,*,#2769,.T.);
#1911=ORIENTED_EDGE('',*,*,#2837,.F.);
#1912=ORIENTED_EDGE('',*,*,#2770,.F.);
#1913=ORIENTED_EDGE('',*,*,#2836,.F.);
#1914=ORIENTED_EDGE('',*,*,#2833,.F.);
#1915=ORIENTED_EDGE('',*,*,#2830,.F.);
#1916=ORIENTED_EDGE('',*,*,#2826,.F.);
#1917=ORIENTED_EDGE('',*,*,#2822,.F.);
#1918=ORIENTED_EDGE('',*,*,#2819,.F.);
#1919=ORIENTED_EDGE('',*,*,#2816,.F.);
#1920=ORIENTED_EDGE('',*,*,#2812,.F.);
#1921=ORIENTED_EDGE('',*,*,#2808,.F.);
#1922=ORIENTED_EDGE('',*,*,#2805,.F.);
#1923=ORIENTED_EDGE('',*,*,#2802,.F.);
#1924=ORIENTED_EDGE('',*,*,#2798,.F.);
#1925=ORIENTED_EDGE('',*,*,#2795,.F.);
#1926=ORIENTED_EDGE('',*,*,#2792,.F.);
#1927=ORIENTED_EDGE('',*,*,#2788,.F.);
#1928=ORIENTED_EDGE('',*,*,#2784,.F.);
#1929=ORIENTED_EDGE('',*,*,#2779,.F.);
#1930=ORIENTED_EDGE('',*,*,#2776,.F.);
#1931=ORIENTED_EDGE('',*,*,#2773,.F.);
#1932=ORIENTED_EDGE('',*,*,#2838,.F.);
#1933=ORIENTED_EDGE('',*,*,#2839,.F.);
#1934=ORIENTED_EDGE('',*,*,#2790,.T.);
#1935=ORIENTED_EDGE('',*,*,#2791,.T.);
#1936=ORIENTED_EDGE('',*,*,#2794,.T.);
#1937=ORIENTED_EDGE('',*,*,#2797,.T.);
#1938=ORIENTED_EDGE('',*,*,#2801,.T.);
#1939=ORIENTED_EDGE('',*,*,#2840,.F.);
#1940=ORIENTED_EDGE('',*,*,#2810,.T.);
#1941=ORIENTED_EDGE('',*,*,#2811,.T.);
#1942=ORIENTED_EDGE('',*,*,#2815,.T.);
#1943=ORIENTED_EDGE('',*,*,#2841,.F.);
#1944=ORIENTED_EDGE('',*,*,#2824,.T.);
#1945=ORIENTED_EDGE('',*,*,#2825,.T.);
#1946=ORIENTED_EDGE('',*,*,#2829,.T.);
#1947=ORIENTED_EDGE('',*,*,#2842,.F.);
#1948=ORIENTED_EDGE('',*,*,#2837,.T.);
#1949=ORIENTED_EDGE('',*,*,#2768,.T.);
#1950=ORIENTED_EDGE('',*,*,#2772,.T.);
#1951=ORIENTED_EDGE('',*,*,#2775,.T.);
#1952=ORIENTED_EDGE('',*,*,#2778,.T.);
#1953=ORIENTED_EDGE('',*,*,#2765,.F.);
#1954=ORIENTED_EDGE('',*,*,#2843,.T.);
#1955=ORIENTED_EDGE('',*,*,#2844,.F.);
#1956=ORIENTED_EDGE('',*,*,#2800,.T.);
#1957=ORIENTED_EDGE('',*,*,#2804,.T.);
#1958=ORIENTED_EDGE('',*,*,#2807,.T.);
#1959=ORIENTED_EDGE('',*,*,#2840,.T.);
#1960=ORIENTED_EDGE('',*,*,#2814,.T.);
#1961=ORIENTED_EDGE('',*,*,#2818,.T.);
#1962=ORIENTED_EDGE('',*,*,#2821,.T.);
#1963=ORIENTED_EDGE('',*,*,#2841,.T.);
#1964=ORIENTED_EDGE('',*,*,#2828,.T.);
#1965=ORIENTED_EDGE('',*,*,#2832,.T.);
#1966=ORIENTED_EDGE('',*,*,#2835,.T.);
#1967=ORIENTED_EDGE('',*,*,#2842,.T.);
#1968=ORIENTED_EDGE('',*,*,#2839,.T.);
#1969=ORIENTED_EDGE('',*,*,#2845,.T.);
#1970=ORIENTED_EDGE('',*,*,#2786,.F.);
#1971=ORIENTED_EDGE('',*,*,#2787,.T.);
#1972=ORIENTED_EDGE('',*,*,#2846,.T.);
#1973=ORIENTED_EDGE('',*,*,#2847,.F.);
#1974=ORIENTED_EDGE('',*,*,#2848,.F.);
#1975=ORIENTED_EDGE('',*,*,#2844,.T.);
#1976=ORIENTED_EDGE('',*,*,#2849,.T.);
#1977=ORIENTED_EDGE('',*,*,#2850,.F.);
#1978=ORIENTED_EDGE('',*,*,#2851,.F.);
#1979=ORIENTED_EDGE('',*,*,#2847,.T.);
#1980=ORIENTED_EDGE('',*,*,#2852,.T.);
#1981=ORIENTED_EDGE('',*,*,#2853,.F.);
#1982=ORIENTED_EDGE('',*,*,#2854,.F.);
#1983=ORIENTED_EDGE('',*,*,#2850,.T.);
#1984=ORIENTED_EDGE('',*,*,#2782,.F.);
#1985=ORIENTED_EDGE('',*,*,#2855,.F.);
#1986=ORIENTED_EDGE('',*,*,#2853,.T.);
#1987=ORIENTED_EDGE('',*,*,#2856,.T.);
#1988=ORIENTED_EDGE('',*,*,#2855,.T.);
#1989=ORIENTED_EDGE('',*,*,#2781,.T.);
#1990=ORIENTED_EDGE('',*,*,#2845,.F.);
#1991=ORIENTED_EDGE('',*,*,#2838,.T.);
#1992=ORIENTED_EDGE('',*,*,#2848,.T.);
#1993=ORIENTED_EDGE('',*,*,#2851,.T.);
#1994=ORIENTED_EDGE('',*,*,#2854,.T.);
#1995=ORIENTED_EDGE('',*,*,#2783,.F.);
#1996=ORIENTED_EDGE('',*,*,#2856,.F.);
#1997=ORIENTED_EDGE('',*,*,#2852,.F.);
#1998=ORIENTED_EDGE('',*,*,#2849,.F.);
#1999=ORIENTED_EDGE('',*,*,#2846,.F.);
#2000=ORIENTED_EDGE('',*,*,#2843,.F.);
#2001=ORIENTED_EDGE('',*,*,#2764,.T.);
#2002=EDGE_CURVE('',#2857,#2858,#3413,.T.);
#2003=EDGE_CURVE('',#2859,#2858,#115,.T.);
#2004=EDGE_CURVE('',#2860,#2859,#3414,.T.);
#2005=EDGE_CURVE('',#2860,#2857,#3415,.T.);
#2006=EDGE_CURVE('',#2861,#2862,#3416,.T.);
#2007=EDGE_CURVE('',#2863,#2861,#116,.T.);
#2008=EDGE_CURVE('',#2863,#2864,#3417,.T.);
#2009=EDGE_CURVE('',#2864,#2862,#3418,.T.);
#2010=EDGE_CURVE('',#2865,#2866,#3419,.T.);
#2011=EDGE_CURVE('',#2866,#2867,#117,.T.);
#2012=EDGE_CURVE('',#2868,#2867,#3420,.T.);
#2013=EDGE_CURVE('',#2868,#2865,#3421,.T.);
#2014=EDGE_CURVE('',#2869,#2870,#3422,.T.);
#2015=EDGE_CURVE('',#2869,#2871,#118,.T.);
#2016=EDGE_CURVE('',#2871,#2872,#3423,.T.);
#2017=EDGE_CURVE('',#2872,#2870,#3424,.T.);
#2018=EDGE_CURVE('',#2866,#2859,#3425,.T.);
#2019=EDGE_CURVE('',#2865,#2860,#3426,.T.);
#2020=EDGE_CURVE('',#2873,#2874,#3427,.T.);
#2021=EDGE_CURVE('',#2875,#2874,#119,.T.);
#2022=EDGE_CURVE('',#2876,#2875,#3428,.T.);
#2023=EDGE_CURVE('',#2876,#2873,#3429,.T.);
#2024=EDGE_CURVE('',#2877,#2878,#3430,.T.);
#2025=EDGE_CURVE('',#2879,#2877,#120,.T.);
#2026=EDGE_CURVE('',#2879,#2880,#3431,.T.);
#2027=EDGE_CURVE('',#2880,#2878,#3432,.T.);
#2028=EDGE_CURVE('',#2881,#2882,#3433,.T.);
#2029=EDGE_CURVE('',#2882,#2883,#121,.T.);
#2030=EDGE_CURVE('',#2884,#2883,#3434,.T.);
#2031=EDGE_CURVE('',#2884,#2881,#3435,.T.);
#2032=EDGE_CURVE('',#2885,#2886,#3436,.T.);
#2033=EDGE_CURVE('',#2885,#2887,#122,.T.);
#2034=EDGE_CURVE('',#2887,#2888,#3437,.T.);
#2035=EDGE_CURVE('',#2888,#2886,#3438,.T.);
#2036=EDGE_CURVE('',#2882,#2875,#3439,.T.);
#2037=EDGE_CURVE('',#2881,#2876,#3440,.T.);
#2038=EDGE_CURVE('',#2889,#2890,#123,.T.);
#2039=EDGE_CURVE('',#2891,#2889,#3441,.T.);
#2040=EDGE_CURVE('',#2891,#2892,#3442,.T.);
#2041=EDGE_CURVE('',#2892,#2890,#3443,.T.);
#2042=EDGE_CURVE('',#2893,#2894,#124,.T.);
#2043=EDGE_CURVE('',#2895,#2894,#3444,.T.);
#2044=EDGE_CURVE('',#2895,#2896,#3445,.T.);
#2045=EDGE_CURVE('',#2896,#2893,#3446,.T.);
#2046=EDGE_CURVE('',#2889,#2893,#3447,.T.);
#2047=EDGE_CURVE('',#2896,#2891,#3448,.T.);
#2048=EDGE_CURVE('',#2897,#2898,#3449,.T.);
#2049=EDGE_CURVE('',#2899,#2898,#3450,.T.);
#2050=EDGE_CURVE('',#2900,#2899,#3451,.T.);
#2051=EDGE_CURVE('',#2900,#2901,#3452,.T.);
#2052=EDGE_CURVE('',#2901,#2902,#3453,.T.);
#2053=EDGE_CURVE('',#2902,#2903,#3454,.T.);
#2054=EDGE_CURVE('',#2903,#2904,#3455,.T.);
#2055=EDGE_CURVE('',#2905,#2904,#125,.T.);
#2056=EDGE_CURVE('',#2905,#2906,#3456,.T.);
#2057=EDGE_CURVE('',#2906,#2907,#3457,.T.);
#2058=EDGE_CURVE('',#2907,#2908,#126,.T.);
#2059=EDGE_CURVE('',#2908,#2909,#3458,.T.);
#2060=EDGE_CURVE('',#2909,#2910,#127,.T.);
#2061=EDGE_CURVE('',#2910,#2911,#3459,.T.);
#2062=EDGE_CURVE('',#2911,#2912,#3460,.T.);
#2063=EDGE_CURVE('',#2913,#2912,#128,.T.);
#2064=EDGE_CURVE('',#2913,#2914,#3461,.T.);
#2065=EDGE_CURVE('',#2914,#2915,#3462,.T.);
#2066=EDGE_CURVE('',#2915,#2916,#3463,.T.);
#2067=EDGE_CURVE('',#2916,#2897,#3464,.T.);
#2068=EDGE_CURVE('',#2917,#2918,#129,.F.);
#2069=EDGE_CURVE('',#2919,#2917,#3465,.T.);
#2070=EDGE_CURVE('',#2920,#2919,#3466,.T.);
#2071=EDGE_CURVE('',#2921,#2920,#3467,.T.);
#2072=EDGE_CURVE('',#2921,#2922,#3468,.T.);
#2073=EDGE_CURVE('',#2922,#2918,#3469,.T.);
#2074=EDGE_CURVE('',#2923,#2924,#130,.F.);
#2075=EDGE_CURVE('',#2925,#2923,#3470,.T.);
#2076=EDGE_CURVE('',#2925,#2926,#3471,.T.);
#2077=EDGE_CURVE('',#2927,#2926,#3472,.T.);
#2078=EDGE_CURVE('',#2928,#2927,#3473,.T.);
#2079=EDGE_CURVE('',#2928,#2924,#3474,.T.);
#2080=EDGE_CURVE('',#2929,#2930,#131,.T.);
#2081=EDGE_CURVE('',#2931,#2930,#3475,.T.);
#2082=EDGE_CURVE('',#2931,#2932,#132,.T.);
#2083=EDGE_CURVE('',#2932,#2933,#3476,.T.);
#2084=EDGE_CURVE('',#2934,#2933,#133,.T.);
#2085=EDGE_CURVE('',#2934,#2935,#3477,.T.);
#2086=EDGE_CURVE('',#2935,#2936,#3478,.T.);
#2087=EDGE_CURVE('',#2936,#2937,#3479,.T.);
#2088=EDGE_CURVE('',#2938,#2937,#134,.T.);
#2089=EDGE_CURVE('',#2938,#2939,#3480,.T.);
#2090=EDGE_CURVE('',#2939,#2940,#135,.T.);
#2091=EDGE_CURVE('',#2940,#2941,#3481,.T.);
#2092=EDGE_CURVE('',#2941,#2942,#136,.T.);
#2093=EDGE_CURVE('',#2942,#2943,#3482,.T.);
#2094=EDGE_CURVE('',#2944,#2943,#137,.T.);
#2095=EDGE_CURVE('',#2944,#2945,#3483,.T.);
#2096=EDGE_CURVE('',#2945,#2946,#3484,.T.);
#2097=EDGE_CURVE('',#2946,#2947,#3485,.T.);
#2098=EDGE_CURVE('',#2948,#2947,#138,.T.);
#2099=EDGE_CURVE('',#2948,#2949,#3486,.T.);
#2100=EDGE_CURVE('',#2950,#2949,#139,.T.);
#2101=EDGE_CURVE('',#2950,#2951,#3487,.T.);
#2102=EDGE_CURVE('',#2951,#2952,#3488,.T.);
#2103=EDGE_CURVE('',#2952,#2929,#3489,.T.);
#2104=EDGE_CURVE('',#2953,#2954,#3490,.T.);
#2105=EDGE_CURVE('',#2954,#2955,#140,.T.);
#2106=EDGE_CURVE('',#2955,#2956,#3491,.T.);
#2107=EDGE_CURVE('',#2956,#2957,#141,.T.);
#2108=EDGE_CURVE('',#2958,#2957,#3492,.T.);
#2109=EDGE_CURVE('',#2958,#2959,#3493,.T.);
#2110=EDGE_CURVE('',#2959,#2960,#3494,.T.);
#2111=EDGE_CURVE('',#2960,#2961,#3495,.T.);
#2112=EDGE_CURVE('',#2961,#2962,#3496,.T.);
#2113=EDGE_CURVE('',#2962,#2963,#3497,.T.);
#2114=EDGE_CURVE('',#2963,#2964,#3498,.T.);
#2115=EDGE_CURVE('',#2964,#2953,#3499,.T.);
#2116=EDGE_CURVE('',#2965,#2966,#3500,.T.);
#2117=EDGE_CURVE('',#2965,#2967,#3501,.T.);
#2118=EDGE_CURVE('',#2968,#2967,#142,.T.);
#2119=EDGE_CURVE('',#2969,#2968,#3502,.T.);
#2120=EDGE_CURVE('',#2970,#2969,#3503,.T.);
#2121=EDGE_CURVE('',#2970,#2966,#3504,.T.);
#2122=EDGE_CURVE('',#2925,#2971,#143,.T.);
#2123=EDGE_CURVE('',#2972,#2971,#144,.T.);
#2124=EDGE_CURVE('',#2973,#2972,#3505,.T.);
#2125=EDGE_CURVE('',#2974,#2973,#3506,.T.);
#2126=EDGE_CURVE('',#2975,#2974,#3507,.T.);
#2127=EDGE_CURVE('',#2976,#2975,#3508,.T.);
#2128=EDGE_CURVE('',#2976,#2977,#3509,.T.);
#2129=EDGE_CURVE('',#2978,#2977,#3510,.T.);
#2130=EDGE_CURVE('',#2979,#2978,#3511,.T.);
#2131=EDGE_CURVE('',#2980,#2979,#3512,.T.);
#2132=EDGE_CURVE('',#2980,#2981,#145,.T.);
#2133=EDGE_CURVE('',#2982,#2981,#3513,.T.);
#2134=EDGE_CURVE('',#2982,#2983,#146,.T.);
#2135=EDGE_CURVE('',#2983,#2984,#3514,.T.);
#2136=EDGE_CURVE('',#2985,#2984,#3515,.T.);
#2137=EDGE_CURVE('',#2986,#2985,#3516,.T.);
#2138=EDGE_CURVE('',#2987,#2986,#3517,.T.);
#2139=EDGE_CURVE('',#2988,#2987,#3518,.T.);
#2140=EDGE_CURVE('',#2989,#2988,#147,.T.);
#2141=EDGE_CURVE('',#2989,#2990,#148,.T.);
#2142=EDGE_CURVE('',#2990,#2991,#3519,.T.);
#2143=EDGE_CURVE('',#2992,#2991,#3520,.T.);
#2144=EDGE_CURVE('',#2992,#2993,#3521,.T.);
#2145=EDGE_CURVE('',#2993,#2994,#149,.T.);
#2146=EDGE_CURVE('',#2995,#2994,#150,.T.);
#2147=EDGE_CURVE('',#2996,#2995,#3522,.T.);
#2148=EDGE_CURVE('',#2996,#2997,#3523,.T.);
#2149=EDGE_CURVE('',#2998,#2997,#3524,.T.);
#2150=EDGE_CURVE('',#2999,#2998,#3525,.T.);
#2151=EDGE_CURVE('',#3000,#2999,#3526,.T.);
#2152=EDGE_CURVE('',#3001,#3000,#3527,.T.);
#2153=EDGE_CURVE('',#3001,#3002,#3528,.T.);
#2154=EDGE_CURVE('',#3003,#3002,#3529,.T.);
#2155=EDGE_CURVE('',#3004,#3003,#3530,.T.);
#2156=EDGE_CURVE('',#3004,#3005,#3531,.T.);
#2157=EDGE_CURVE('',#3006,#3005,#3532,.T.);
#2158=EDGE_CURVE('',#3007,#3006,#151,.T.);
#2159=EDGE_CURVE('',#3007,#2922,#152,.T.);
#2160=EDGE_CURVE('',#2921,#2926,#3533,.T.);
#2161=EDGE_CURVE('',#3008,#3009,#3534,.T.);
#2162=EDGE_CURVE('',#3009,#3010,#3535,.T.);
#2163=EDGE_CURVE('',#3011,#3010,#3536,.T.);
#2164=EDGE_CURVE('',#3011,#3008,#3537,.T.);
#2165=EDGE_CURVE('',#2970,#3012,#3538,.T.);
#2166=EDGE_CURVE('',#3012,#3013,#3539,.T.);
#2167=EDGE_CURVE('',#2966,#3013,#3540,.T.);
#2168=EDGE_CURVE('',#3014,#2913,#3541,.T.);
#2169=EDGE_CURVE('',#3014,#3015,#3542,.T.);
#2170=EDGE_CURVE('',#2987,#3015,#3543,.T.);
#2171=EDGE_CURVE('',#3016,#2986,#3544,.T.);
#2172=EDGE_CURVE('',#3017,#3016,#3545,.T.);
#2173=EDGE_CURVE('',#3018,#3017,#3546,.T.);
#2174=EDGE_CURVE('',#3018,#2914,#3547,.T.);
#2175=EDGE_CURVE('',#3019,#2904,#3548,.T.);
#2176=EDGE_CURVE('',#2903,#3020,#3549,.T.);
#2177=EDGE_CURVE('',#3021,#3020,#3550,.T.);
#2178=EDGE_CURVE('',#3021,#3022,#3551,.T.);
#2179=EDGE_CURVE('',#2997,#3022,#3552,.T.);
#2180=EDGE_CURVE('',#3023,#2996,#3553,.T.);
#2181=EDGE_CURVE('',#3023,#3019,#3554,.T.);
#2182=EDGE_CURVE('',#3024,#3025,#153,.T.);
#2183=EDGE_CURVE('',#3024,#3026,#3555,.T.);
#2184=EDGE_CURVE('',#3026,#3027,#3556,.T.);
#2185=EDGE_CURVE('',#3027,#3028,#3557,.T.);
#2186=EDGE_CURVE('',#3028,#3029,#3558,.T.);
#2187=EDGE_CURVE('',#3029,#3030,#3559,.T.);
#2188=EDGE_CURVE('',#3030,#3031,#3560,.T.);
#2189=EDGE_CURVE('',#3031,#3032,#3561,.T.);
#2190=EDGE_CURVE('',#3032,#3033,#3562,.T.);
#2191=EDGE_CURVE('',#3034,#3033,#3563,.T.);
#2192=EDGE_CURVE('',#3035,#3034,#154,.T.);
#2193=EDGE_CURVE('',#3025,#3035,#3564,.T.);
#2194=EDGE_CURVE('',#3036,#3037,#3565,.T.);
#2195=EDGE_CURVE('',#3036,#3038,#155,.T.);
#2196=EDGE_CURVE('',#3038,#3021,#3566,.T.);
#2197=EDGE_CURVE('',#3039,#3020,#3567,.T.);
#2198=EDGE_CURVE('',#3039,#3037,#3568,.T.);
#2199=EDGE_CURVE('',#3040,#2969,#3569,.T.);
#2200=EDGE_CURVE('',#2968,#3041,#3570,.T.);
#2201=EDGE_CURVE('',#3041,#3042,#3571,.T.);
#2202=EDGE_CURVE('',#3043,#3042,#3572,.T.);
#2203=EDGE_CURVE('',#3043,#3044,#3573,.T.);
#2204=EDGE_CURVE('',#3044,#3045,#3574,.T.);
#2205=EDGE_CURVE('',#3046,#3045,#3575,.T.);
#2206=EDGE_CURVE('',#3046,#3047,#3576,.T.);
#2207=EDGE_CURVE('',#3047,#3048,#3577,.T.);
#2208=EDGE_CURVE('',#3048,#3049,#3578,.T.);
#2209=EDGE_CURVE('',#3049,#3022,#3579,.T.);
#2210=EDGE_CURVE('',#3050,#3038,#3580,.T.);
#2211=EDGE_CURVE('',#3017,#3050,#3581,.T.);
#2212=EDGE_CURVE('',#3016,#3051,#3582,.T.);
#2213=EDGE_CURVE('',#3051,#3052,#3583,.T.);
#2214=EDGE_CURVE('',#3053,#3052,#3584,.T.);
#2215=EDGE_CURVE('',#3054,#3053,#3585,.T.);
#2216=EDGE_CURVE('',#3054,#3055,#3586,.T.);
#2217=EDGE_CURVE('',#3055,#3056,#3587,.T.);
#2218=EDGE_CURVE('',#3056,#3040,#3588,.T.);
#2219=EDGE_CURVE('',#2902,#3039,#3589,.T.);
#2220=EDGE_CURVE('',#3057,#3058,#3590,.T.);
#2221=EDGE_CURVE('',#2988,#3057,#156,.T.);
#2222=EDGE_CURVE('',#3059,#2988,#3591,.T.);
#2223=EDGE_CURVE('',#3059,#3060,#3592,.T.);
#2224=EDGE_CURVE('',#3060,#3061,#3593,.T.);
#2225=EDGE_CURVE('',#3062,#3061,#3594,.T.);
#2226=EDGE_CURVE('',#3063,#3062,#3595,.T.);
#2227=EDGE_CURVE('',#3063,#3058,#157,.T.);
#2228=EDGE_CURVE('',#3064,#3001,#158,.F.);
#2229=EDGE_CURVE('',#3000,#3065,#159,.F.);
#2230=EDGE_CURVE('',#3066,#3065,#3596,.T.);
#2231=EDGE_CURVE('',#3047,#3066,#160,.F.);
#2232=EDGE_CURVE('',#3067,#3046,#161,.F.);
#2233=EDGE_CURVE('',#3064,#3067,#3597,.T.);
#2234=EDGE_CURVE('',#3026,#2895,#3598,.T.);
#2235=EDGE_CURVE('',#3024,#2907,#3599,.T.);
#2236=EDGE_CURVE('',#3037,#2906,#3600,.T.);
#2237=EDGE_CURVE('',#3068,#2901,#3601,.T.);
#2238=EDGE_CURVE('',#3068,#3069,#3602,.T.);
#2239=EDGE_CURVE('',#3070,#3069,#3603,.T.);
#2240=EDGE_CURVE('',#3071,#3070,#3604,.T.);
#2241=EDGE_CURVE('',#3071,#2936,#3605,.T.);
#2242=EDGE_CURVE('',#3072,#2935,#3606,.T.);
#2243=EDGE_CURVE('',#3073,#3072,#3607,.T.);
#2244=EDGE_CURVE('',#3074,#3073,#3608,.T.);
#2245=EDGE_CURVE('',#3074,#3075,#3609,.T.);
#2246=EDGE_CURVE('',#3076,#3075,#3610,.T.);
#2247=EDGE_CURVE('',#3076,#3008,#3611,.T.);
#2248=EDGE_CURVE('',#3077,#3011,#3612,.T.);
#2249=EDGE_CURVE('',#3077,#3078,#3613,.T.);
#2250=EDGE_CURVE('',#3078,#3079,#3614,.T.);
#2251=EDGE_CURVE('',#2954,#3079,#3615,.T.);
#2252=EDGE_CURVE('',#2857,#2953,#3616,.T.);
#2253=EDGE_CURVE('',#2873,#2868,#3617,.T.);
#2254=EDGE_CURVE('',#2892,#2884,#3618,.T.);
#2255=EDGE_CURVE('',#2883,#3080,#3619,.T.);
#2256=EDGE_CURVE('',#3081,#3080,#3620,.T.);
#2257=EDGE_CURVE('',#2890,#3081,#3621,.T.);
#2258=EDGE_CURVE('',#2894,#3082,#3622,.T.);
#2259=EDGE_CURVE('',#3027,#3082,#3623,.T.);
#2260=EDGE_CURVE('',#3083,#3084,#3624,.T.);
#2261=EDGE_CURVE('',#3083,#3085,#3625,.T.);
#2262=EDGE_CURVE('',#3085,#2885,#3626,.T.);
#2263=EDGE_CURVE('',#3086,#2886,#3627,.T.);
#2264=EDGE_CURVE('',#3084,#3086,#3628,.T.);
#2265=EDGE_CURVE('',#3087,#3088,#3629,.T.);
#2266=EDGE_CURVE('',#3088,#3089,#3630,.T.);
#2267=EDGE_CURVE('',#3033,#3089,#3631,.T.);
#2268=EDGE_CURVE('',#3032,#3087,#3632,.T.);
#2269=EDGE_CURVE('',#3086,#3090,#3633,.T.);
#2270=EDGE_CURVE('',#2878,#2888,#3634,.T.);
#2271=EDGE_CURVE('',#2880,#2870,#3635,.T.);
#2272=EDGE_CURVE('',#2862,#2872,#3636,.T.);
#2273=EDGE_CURVE('',#2864,#2958,#3637,.T.);
#2274=EDGE_CURVE('',#2957,#3091,#3638,.T.);
#2275=EDGE_CURVE('',#3091,#3092,#3639,.T.);
#2276=EDGE_CURVE('',#2965,#3092,#3640,.T.);
#2277=EDGE_CURVE('',#3013,#3093,#3641,.T.);
#2278=EDGE_CURVE('',#3093,#3094,#3642,.T.);
#2279=EDGE_CURVE('',#3095,#3094,#3643,.T.);
#2280=EDGE_CURVE('',#3095,#3096,#3644,.T.);
#2281=EDGE_CURVE('',#3096,#3054,#162,.T.);
#2282=EDGE_CURVE('',#3053,#3097,#163,.T.);
#2283=EDGE_CURVE('',#3097,#3098,#3645,.T.);
#2284=EDGE_CURVE('',#3099,#3098,#164,.T.);
#2285=EDGE_CURVE('',#3099,#3100,#3646,.T.);
#2286=EDGE_CURVE('',#3100,#2946,#3647,.T.);
#2287=EDGE_CURVE('',#3062,#2945,#3648,.T.);
#2288=EDGE_CURVE('',#3061,#3101,#3649,.T.);
#2289=EDGE_CURVE('',#3102,#3101,#3650,.T.);
#2290=EDGE_CURVE('',#3102,#2916,#3651,.T.);
#2291=EDGE_CURVE('',#2915,#3103,#3652,.T.);
#2292=EDGE_CURVE('',#3103,#3104,#3653,.T.);
#2293=EDGE_CURVE('',#3104,#2911,#3654,.T.);
#2294=EDGE_CURVE('',#3034,#2910,#3655,.T.);
#2295=EDGE_CURVE('',#3105,#3089,#3656,.T.);
#2296=EDGE_CURVE('',#3090,#3105,#3657,.T.);
#2297=EDGE_CURVE('',#2867,#3106,#3658,.T.);
#2298=EDGE_CURVE('',#3107,#3106,#3659,.T.);
#2299=EDGE_CURVE('',#2874,#3107,#3660,.T.);
#2300=EDGE_CURVE('',#3108,#2879,#3661,.T.);
#2301=EDGE_CURVE('',#3108,#3109,#3662,.T.);
#2302=EDGE_CURVE('',#3109,#2869,#3663,.T.);
#2303=EDGE_CURVE('',#3110,#2964,#3664,.T.);
#2304=EDGE_CURVE('',#2858,#3110,#3665,.T.);
#2305=EDGE_CURVE('',#3111,#2863,#3666,.T.);
#2306=EDGE_CURVE('',#3111,#2959,#3667,.T.);
#2307=EDGE_CURVE('',#3112,#3113,#3668,.T.);
#2308=EDGE_CURVE('',#3112,#3114,#3669,.T.);
#2309=EDGE_CURVE('',#3115,#3114,#3670,.T.);
#2310=EDGE_CURVE('',#3113,#3115,#3671,.T.);
#2311=EDGE_CURVE('',#3113,#3074,#3672,.T.);
#2312=EDGE_CURVE('',#3075,#3115,#3673,.T.);
#2313=EDGE_CURVE('',#3116,#2972,#165,.T.);
#2314=EDGE_CURVE('',#2977,#3116,#3674,.T.);
#2315=EDGE_CURVE('',#2977,#3117,#3675,.T.);
#2316=EDGE_CURVE('',#3117,#3118,#3676,.T.);
#2317=EDGE_CURVE('',#2972,#3118,#3677,.T.);
#2318=EDGE_CURVE('',#2976,#3119,#3678,.T.);
#2319=EDGE_CURVE('',#2975,#3056,#3679,.T.);
#2320=EDGE_CURVE('',#3119,#3055,#166,.T.);
#2321=EDGE_CURVE('',#3120,#3121,#3680,.T.);
#2322=EDGE_CURVE('',#3006,#3120,#167,.T.);
#2323=EDGE_CURVE('',#3114,#3006,#3681,.T.);
#2324=EDGE_CURVE('',#3073,#3112,#3682,.T.);
#2325=EDGE_CURVE('',#3122,#3072,#3683,.T.);
#2326=EDGE_CURVE('',#3122,#3121,#168,.T.);
#2327=EDGE_CURVE('',#3048,#3123,#169,.F.);
#2328=EDGE_CURVE('',#3123,#3124,#3684,.T.);
#2329=EDGE_CURVE('',#2999,#3124,#170,.F.);
#2330=EDGE_CURVE('',#2998,#3049,#3685,.T.);
#2331=EDGE_CURVE('',#2983,#3125,#171,.T.);
#2332=EDGE_CURVE('',#3100,#3125,#3686,.T.);
#2333=EDGE_CURVE('',#3099,#2983,#3687,.T.);
#2334=EDGE_CURVE('',#3126,#2927,#3688,.T.);
#2335=EDGE_CURVE('',#3126,#3127,#3689,.T.);
#2336=EDGE_CURVE('',#3127,#3012,#3690,.T.);
#2337=EDGE_CURVE('',#2974,#3040,#3691,.T.);
#2338=EDGE_CURVE('',#2927,#2973,#3692,.T.);
#2339=EDGE_CURVE('',#3009,#3128,#3693,.T.);
#2340=EDGE_CURVE('',#3129,#3128,#3694,.T.);
#2341=EDGE_CURVE('',#2920,#3129,#3695,.T.);
#2342=EDGE_CURVE('',#3005,#2920,#3696,.T.);
#2343=EDGE_CURVE('',#3043,#3004,#3697,.T.);
#2344=EDGE_CURVE('',#3042,#3010,#3698,.T.);
#2345=EDGE_CURVE('',#3130,#3131,#172,.T.);
#2346=EDGE_CURVE('',#3071,#3131,#3699,.T.);
#2347=EDGE_CURVE('',#3070,#3132,#3700,.T.);
#2348=EDGE_CURVE('',#3133,#3132,#3701,.T.);
#2349=EDGE_CURVE('',#2995,#3133,#3702,.T.);
#2350=EDGE_CURVE('',#3134,#2995,#173,.T.);
#2351=EDGE_CURVE('',#3130,#3134,#3703,.T.);
#2352=EDGE_CURVE('',#3028,#2963,#3704,.T.);
#2353=EDGE_CURVE('',#3081,#3082,#3705,.T.);
#2354=EDGE_CURVE('',#3107,#3080,#3706,.T.);
#2355=EDGE_CURVE('',#3110,#3106,#3707,.T.);
#2356=EDGE_CURVE('',#3029,#2962,#3708,.T.);
#2357=EDGE_CURVE('',#3135,#3135,#174,.T.);
#2358=EDGE_CURVE('',#3136,#3136,#175,.T.);
#2359=EDGE_CURVE('',#3137,#3138,#3709,.T.);
#2360=EDGE_CURVE('',#3138,#3139,#176,.T.);
#2361=EDGE_CURVE('',#3139,#3140,#3710,.T.);
#2362=EDGE_CURVE('',#3140,#3141,#177,.T.);
#2363=EDGE_CURVE('',#3141,#3142,#3711,.T.);
#2364=EDGE_CURVE('',#3142,#3143,#178,.T.);
#2365=EDGE_CURVE('',#3143,#3144,#3712,.T.);
#2366=EDGE_CURVE('',#3144,#3137,#179,.T.);
#2367=EDGE_CURVE('',#3145,#3146,#3713,.T.);
#2368=EDGE_CURVE('',#3146,#3147,#180,.T.);
#2369=EDGE_CURVE('',#3147,#3148,#3714,.T.);
#2370=EDGE_CURVE('',#3148,#3149,#181,.T.);
#2371=EDGE_CURVE('',#3149,#3150,#3715,.T.);
#2372=EDGE_CURVE('',#3150,#3151,#182,.T.);
#2373=EDGE_CURVE('',#3151,#3152,#3716,.T.);
#2374=EDGE_CURVE('',#3152,#3145,#183,.T.);
#2375=EDGE_CURVE('',#3153,#3154,#3717,.T.);
#2376=EDGE_CURVE('',#3154,#3155,#184,.T.);
#2377=EDGE_CURVE('',#3155,#3156,#3718,.T.);
#2378=EDGE_CURVE('',#3156,#3157,#185,.T.);
#2379=EDGE_CURVE('',#3157,#3158,#3719,.T.);
#2380=EDGE_CURVE('',#3158,#3159,#186,.T.);
#2381=EDGE_CURVE('',#3159,#3160,#3720,.T.);
#2382=EDGE_CURVE('',#3160,#3153,#187,.T.);
#2383=EDGE_CURVE('',#3161,#3162,#3721,.T.);
#2384=EDGE_CURVE('',#3162,#3163,#188,.T.);
#2385=EDGE_CURVE('',#3163,#3164,#3722,.T.);
#2386=EDGE_CURVE('',#3164,#3165,#189,.T.);
#2387=EDGE_CURVE('',#3165,#3166,#3723,.T.);
#2388=EDGE_CURVE('',#3166,#3167,#190,.T.);
#2389=EDGE_CURVE('',#3167,#3168,#3724,.T.);
#2390=EDGE_CURVE('',#3168,#3161,#191,.T.);
#2391=EDGE_CURVE('',#3030,#2961,#3725,.T.);
#2392=EDGE_CURVE('',#3031,#2960,#3726,.T.);
#2393=EDGE_CURVE('',#3109,#3111,#3727,.T.);
#2394=EDGE_CURVE('',#3085,#3108,#3728,.T.);
#2395=EDGE_CURVE('',#3087,#3083,#3729,.T.);
#2396=EDGE_CURVE('',#3169,#3170,#3730,.T.);
#2397=EDGE_CURVE('',#3095,#3169,#3731,.T.);
#2398=EDGE_CURVE('',#3170,#3094,#3732,.T.);
#2399=EDGE_CURVE('',#3171,#3101,#3733,.T.);
#2400=EDGE_CURVE('',#3172,#3171,#3734,.T.);
#2401=EDGE_CURVE('',#3102,#3172,#3735,.T.);
#2402=EDGE_CURVE('',#3117,#3169,#3736,.T.);
#2403=EDGE_CURVE('',#3118,#3170,#3737,.T.);
#2404=EDGE_CURVE('',#3060,#3171,#3738,.T.);
#2405=EDGE_CURVE('',#3172,#3059,#3739,.T.);
#2406=EDGE_CURVE('',#3173,#3132,#3740,.T.);
#2407=EDGE_CURVE('',#3174,#3173,#3741,.T.);
#2408=EDGE_CURVE('',#3133,#3174,#3742,.T.);
#2409=EDGE_CURVE('',#3069,#3173,#3743,.T.);
#2410=EDGE_CURVE('',#3174,#3068,#3744,.T.);
#2411=EDGE_CURVE('',#2919,#3076,#3745,.T.);
#2412=EDGE_CURVE('',#3093,#2928,#3746,.T.);
#2413=EDGE_CURVE('',#3175,#3041,#192,.T.);
#2414=EDGE_CURVE('',#3175,#3077,#3747,.T.);
#2415=EDGE_CURVE('',#3018,#3103,#3748,.T.);
#2416=EDGE_CURVE('',#3104,#3176,#3749,.T.);
#2417=EDGE_CURVE('',#3050,#3176,#193,.T.);
#2418=EDGE_CURVE('',#2900,#3023,#3750,.T.);
#2419=EDGE_CURVE('',#2897,#3015,#3751,.T.);
#2420=EDGE_CURVE('',#3177,#3002,#194,.F.);
#2421=EDGE_CURVE('',#3177,#3178,#3752,.T.);
#2422=EDGE_CURVE('',#3178,#3045,#195,.F.);
#2423=EDGE_CURVE('',#3003,#3044,#3753,.T.);
#2424=EDGE_CURVE('',#3052,#3179,#196,.T.);
#2425=EDGE_CURVE('',#2985,#3051,#3754,.T.);
#2426=EDGE_CURVE('',#2984,#3180,#197,.T.);
#2427=EDGE_CURVE('',#3179,#3180,#3755,.T.);
#2428=EDGE_CURVE('',#3064,#3177,#3756,.T.);
#2429=EDGE_CURVE('',#3067,#3178,#3757,.T.);
#2430=EDGE_CURVE('',#3066,#3123,#3758,.T.);
#2431=EDGE_CURVE('',#3065,#3124,#3759,.T.);
#2432=EDGE_CURVE('',#3096,#3119,#3760,.T.);
#2433=EDGE_CURVE('',#3097,#3179,#3761,.T.);
#2434=EDGE_CURVE('',#3098,#3180,#3762,.T.);
#2435=EDGE_CURVE('',#2871,#2861,#3763,.T.);
#2436=EDGE_CURVE('',#2887,#2877,#3764,.T.);
#2437=EDGE_CURVE('',#3084,#3181,#198,.T.);
#2438=EDGE_CURVE('',#3181,#3090,#3765,.T.);
#2439=EDGE_CURVE('',#3088,#3182,#199,.T.);
#2440=EDGE_CURVE('',#3182,#3105,#3766,.T.);
#2441=EDGE_CURVE('',#3181,#3182,#3767,.T.);
#2442=EDGE_CURVE('',#3183,#3162,#3768,.T.);
#2443=EDGE_CURVE('',#3183,#3184,#200,.T.);
#2444=EDGE_CURVE('',#3184,#3163,#3769,.T.);
#2445=EDGE_CURVE('',#3184,#3185,#3770,.T.);
#2446=EDGE_CURVE('',#3185,#3164,#3771,.T.);
#2447=EDGE_CURVE('',#3185,#3186,#201,.T.);
#2448=EDGE_CURVE('',#3186,#3165,#3772,.T.);
#2449=EDGE_CURVE('',#3186,#3187,#3773,.T.);
#2450=EDGE_CURVE('',#3187,#3166,#3774,.T.);
#2451=EDGE_CURVE('',#3187,#3188,#202,.T.);
#2452=EDGE_CURVE('',#3188,#3167,#3775,.T.);
#2453=EDGE_CURVE('',#3188,#3189,#3776,.T.);
#2454=EDGE_CURVE('',#3189,#3168,#3777,.T.);
#2455=EDGE_CURVE('',#3189,#3190,#203,.T.);
#2456=EDGE_CURVE('',#3190,#3161,#3778,.T.);
#2457=EDGE_CURVE('',#3190,#3183,#3779,.T.);
#2458=EDGE_CURVE('',#3191,#3154,#3780,.T.);
#2459=EDGE_CURVE('',#3191,#3192,#204,.T.);
#2460=EDGE_CURVE('',#3192,#3155,#3781,.T.);
#2461=EDGE_CURVE('',#3192,#3193,#3782,.T.);
#2462=EDGE_CURVE('',#3193,#3156,#3783,.T.);
#2463=EDGE_CURVE('',#3193,#3194,#205,.T.);
#2464=EDGE_CURVE('',#3194,#3157,#3784,.T.);
#2465=EDGE_CURVE('',#3194,#3195,#3785,.T.);
#2466=EDGE_CURVE('',#3195,#3158,#3786,.T.);
#2467=EDGE_CURVE('',#3195,#3196,#206,.T.);
#2468=EDGE_CURVE('',#3196,#3159,#3787,.T.);
#2469=EDGE_CURVE('',#3196,#3197,#3788,.T.);
#2470=EDGE_CURVE('',#3197,#3160,#3789,.T.);
#2471=EDGE_CURVE('',#3197,#3198,#207,.T.);
#2472=EDGE_CURVE('',#3198,#3153,#3790,.T.);
#2473=EDGE_CURVE('',#3198,#3191,#3791,.T.);
#2474=EDGE_CURVE('',#3199,#3146,#3792,.T.);
#2475=EDGE_CURVE('',#3199,#3200,#208,.T.);
#2476=EDGE_CURVE('',#3200,#3147,#3793,.T.);
#2477=EDGE_CURVE('',#3200,#3201,#3794,.T.);
#2478=EDGE_CURVE('',#3201,#3148,#3795,.T.);
#2479=EDGE_CURVE('',#3201,#3202,#209,.T.);
#2480=EDGE_CURVE('',#3202,#3149,#3796,.T.);
#2481=EDGE_CURVE('',#3202,#3203,#3797,.T.);
#2482=EDGE_CURVE('',#3203,#3150,#3798,.T.);
#2483=EDGE_CURVE('',#3203,#3204,#210,.T.);
#2484=EDGE_CURVE('',#3204,#3151,#3799,.T.);
#2485=EDGE_CURVE('',#3204,#3205,#3800,.T.);
#2486=EDGE_CURVE('',#3205,#3152,#3801,.T.);
#2487=EDGE_CURVE('',#3205,#3206,#211,.T.);
#2488=EDGE_CURVE('',#3206,#3145,#3802,.T.);
#2489=EDGE_CURVE('',#3206,#3199,#3803,.T.);
#2490=EDGE_CURVE('',#3207,#3138,#3804,.T.);
#2491=EDGE_CURVE('',#3207,#3208,#212,.T.);
#2492=EDGE_CURVE('',#3208,#3139,#3805,.T.);
#2493=EDGE_CURVE('',#3208,#3209,#3806,.T.);
#2494=EDGE_CURVE('',#3209,#3140,#3807,.T.);
#2495=EDGE_CURVE('',#3209,#3210,#213,.T.);
#2496=EDGE_CURVE('',#3210,#3141,#3808,.T.);
#2497=EDGE_CURVE('',#3210,#3211,#3809,.T.);
#2498=EDGE_CURVE('',#3211,#3142,#3810,.T.);
#2499=EDGE_CURVE('',#3211,#3212,#214,.T.);
#2500=EDGE_CURVE('',#3212,#3143,#3811,.T.);
#2501=EDGE_CURVE('',#3212,#3213,#3812,.T.);
#2502=EDGE_CURVE('',#3213,#3144,#3813,.T.);
#2503=EDGE_CURVE('',#3213,#3214,#215,.T.);
#2504=EDGE_CURVE('',#3214,#3137,#3814,.T.);
#2505=EDGE_CURVE('',#3214,#3207,#3815,.T.);
#2506=EDGE_CURVE('',#3215,#3215,#216,.T.);
#2507=EDGE_CURVE('',#3216,#3216,#217,.T.);
#2508=EDGE_CURVE('',#2917,#2924,#3816,.T.);
#2509=EDGE_CURVE('',#3127,#3217,#218,.T.);
#2510=EDGE_CURVE('',#3092,#3217,#3817,.T.);
#2511=EDGE_CURVE('',#3218,#3091,#219,.T.);
#2512=EDGE_CURVE('',#3219,#3218,#3818,.T.);
#2513=EDGE_CURVE('',#3079,#3219,#220,.T.);
#2514=EDGE_CURVE('',#3220,#3078,#3819,.T.);
#2515=EDGE_CURVE('',#3220,#3128,#221,.T.);
#2516=EDGE_CURVE('',#3007,#2931,#3820,.T.);
#2517=EDGE_CURVE('',#2931,#2918,#31,.T.);
#2518=EDGE_CURVE('',#3120,#2932,#3821,.T.);
#2519=EDGE_CURVE('',#3121,#2933,#3822,.T.);
#2520=EDGE_CURVE('',#3122,#2934,#3823,.T.);
#2521=EDGE_CURVE('',#3131,#2937,#3824,.T.);
#2522=EDGE_CURVE('',#3130,#2938,#3825,.T.);
#2523=EDGE_CURVE('',#3134,#2939,#3826,.T.);
#2524=EDGE_CURVE('',#2994,#2940,#3827,.T.);
#2525=EDGE_CURVE('',#2993,#3221,#3828,.T.);
#2526=EDGE_CURVE('',#3221,#2940,#32,.T.);
#2527=EDGE_CURVE('',#3221,#2899,#222,.F.);
#2528=EDGE_CURVE('',#2992,#3023,#3829,.T.);
#2529=EDGE_CURVE('',#2898,#3222,#223,.F.);
#2530=EDGE_CURVE('',#3015,#2991,#3830,.T.);
#2531=EDGE_CURVE('',#2990,#3222,#3831,.T.);
#2532=EDGE_CURVE('',#2989,#2941,#3832,.T.);
#2533=EDGE_CURVE('',#2941,#3222,#33,.T.);
#2534=EDGE_CURVE('',#3057,#2942,#3833,.T.);
#2535=EDGE_CURVE('',#3058,#2943,#3834,.T.);
#2536=EDGE_CURVE('',#3063,#2944,#3835,.T.);
#2537=EDGE_CURVE('',#3125,#2947,#3836,.T.);
#2538=EDGE_CURVE('',#2982,#2948,#3837,.T.);
#2539=EDGE_CURVE('',#2981,#2949,#3838,.T.);
#2540=EDGE_CURVE('',#2980,#2950,#3839,.T.);
#2541=EDGE_CURVE('',#3223,#2951,#224,.T.);
#2542=EDGE_CURVE('',#3224,#3223,#3840,.T.);
#2543=EDGE_CURVE('',#3224,#2979,#225,.T.);
#2544=EDGE_CURVE('',#2978,#2952,#3841,.T.);
#2545=EDGE_CURVE('',#3116,#2929,#3842,.T.);
#2546=EDGE_CURVE('',#2971,#2930,#3843,.T.);
#2547=EDGE_CURVE('',#2923,#2930,#34,.T.);
#2548=EDGE_CURVE('',#3014,#3050,#226,.T.);
#2549=EDGE_CURVE('',#3038,#3019,#227,.T.);
#2550=EDGE_CURVE('',#3025,#2908,#3844,.T.);
#2551=EDGE_CURVE('',#3035,#2909,#3845,.T.);
#2552=EDGE_CURVE('',#3176,#2912,#3846,.T.);
#2553=EDGE_CURVE('',#3036,#2905,#3847,.T.);
#2554=EDGE_CURVE('',#3126,#2968,#228,.T.);
#2555=EDGE_CURVE('',#3041,#3129,#229,.T.);
#2556=EDGE_CURVE('',#2955,#3219,#3848,.T.);
#2557=EDGE_CURVE('',#2956,#3218,#3849,.T.);
#2558=EDGE_CURVE('',#2967,#3217,#3850,.T.);
#2559=EDGE_CURVE('',#3175,#3220,#3851,.T.);
#2560=EDGE_CURVE('',#3225,#2980,#230,.T.);
#2561=EDGE_CURVE('',#3224,#3225,#3852,.T.);
#2562=EDGE_CURVE('',#3226,#2950,#231,.T.);
#2563=EDGE_CURVE('',#3223,#3226,#3853,.T.);
#2564=EDGE_CURVE('',#3225,#3227,#3854,.T.);
#2565=EDGE_CURVE('',#3227,#3228,#3855,.T.);
#2566=EDGE_CURVE('',#3226,#3228,#3856,.T.);
#2567=EDGE_CURVE('',#3229,#3230,#3857,.T.);
#2568=EDGE_CURVE('',#3231,#3229,#3858,.T.);
#2569=EDGE_CURVE('',#3231,#3232,#3859,.T.);
#2570=EDGE_CURVE('',#3233,#3232,#232,.T.);
#2571=EDGE_CURVE('',#3233,#3234,#3860,.T.);
#2572=EDGE_CURVE('',#3234,#3235,#233,.T.);
#2573=EDGE_CURVE('',#3235,#3236,#3861,.T.);
#2574=EDGE_CURVE('',#3236,#3237,#3862,.T.);
#2575=EDGE_CURVE('',#3237,#3238,#3863,.T.);
#2576=EDGE_CURVE('',#3239,#3238,#234,.T.);
#2577=EDGE_CURVE('',#3239,#3240,#3864,.T.);
#2578=EDGE_CURVE('',#3240,#3230,#235,.T.);
#2579=EDGE_CURVE('',#3241,#3242,#3865,.T.);
#2580=EDGE_CURVE('',#3243,#3241,#236,.T.);
#2581=EDGE_CURVE('',#3244,#3243,#3866,.T.);
#2582=EDGE_CURVE('',#3244,#3245,#237,.T.);
#2583=EDGE_CURVE('',#3246,#3245,#3867,.T.);
#2584=EDGE_CURVE('',#3247,#3246,#3868,.T.);
#2585=EDGE_CURVE('',#3248,#3247,#3869,.T.);
#2586=EDGE_CURVE('',#3249,#3248,#238,.T.);
#2587=EDGE_CURVE('',#3250,#3249,#3870,.T.);
#2588=EDGE_CURVE('',#3250,#3251,#239,.T.);
#2589=EDGE_CURVE('',#3251,#3252,#3871,.T.);
#2590=EDGE_CURVE('',#3252,#3242,#3872,.T.);
#2591=EDGE_CURVE('',#3242,#3253,#240,.T.);
#2592=EDGE_CURVE('',#3252,#3254,#241,.T.);
#2593=EDGE_CURVE('',#3254,#3253,#3873,.T.);
#2594=EDGE_CURVE('',#3253,#3223,#3874,.T.);
#2595=EDGE_CURVE('',#3254,#3224,#3875,.T.);
#2596=EDGE_CURVE('',#3229,#3228,#242,.T.);
#2597=EDGE_CURVE('',#3231,#3227,#243,.T.);
#2598=EDGE_CURVE('',#3251,#3232,#3876,.T.);
#2599=EDGE_CURVE('',#3241,#3230,#3877,.T.);
#2600=EDGE_CURVE('',#3250,#3233,#3878,.T.);
#2601=EDGE_CURVE('',#3249,#3234,#3879,.T.);
#2602=EDGE_CURVE('',#3248,#3235,#3880,.T.);
#2603=EDGE_CURVE('',#3247,#3236,#3881,.T.);
#2604=EDGE_CURVE('',#3246,#3237,#3882,.T.);
#2605=EDGE_CURVE('',#3245,#3238,#3883,.T.);
#2606=EDGE_CURVE('',#3244,#3239,#3884,.T.);
#2607=EDGE_CURVE('',#3243,#3240,#3885,.T.);
#2608=EDGE_CURVE('',#3255,#3256,#244,.T.);
#2609=EDGE_CURVE('',#3257,#3255,#3886,.T.);
#2610=EDGE_CURVE('',#3257,#3258,#245,.T.);
#2611=EDGE_CURVE('',#3258,#3256,#3887,.T.);
#2612=EDGE_CURVE('',#3259,#3255,#3888,.T.);
#2613=EDGE_CURVE('',#3260,#3259,#3889,.T.);
#2614=EDGE_CURVE('',#3260,#3257,#3890,.T.);
#2615=EDGE_CURVE('',#3261,#3259,#3891,.T.);
#2616=EDGE_CURVE('',#3262,#3261,#3892,.T.);
#2617=EDGE_CURVE('',#3262,#3260,#3893,.T.);
#2618=EDGE_CURVE('',#3263,#3261,#3894,.T.);
#2619=EDGE_CURVE('',#3264,#3263,#3895,.T.);
#2620=EDGE_CURVE('',#3264,#3262,#3896,.T.);
#2621=EDGE_CURVE('',#3263,#3265,#246,.T.);
#2622=EDGE_CURVE('',#3266,#3265,#3897,.T.);
#2623=EDGE_CURVE('',#3264,#3266,#247,.T.);
#2624=EDGE_CURVE('',#3256,#3267,#3898,.T.);
#2625=EDGE_CURVE('',#3258,#3268,#3899,.T.);
#2626=EDGE_CURVE('',#3268,#3267,#3900,.T.);
#2627=EDGE_CURVE('',#3269,#3265,#3901,.T.);
#2628=EDGE_CURVE('',#3270,#3269,#3902,.T.);
#2629=EDGE_CURVE('',#3270,#3266,#3903,.T.);
#2630=EDGE_CURVE('',#3267,#3088,#248,.T.);
#2631=EDGE_CURVE('',#3268,#3084,#249,.T.);
#2632=EDGE_CURVE('',#3269,#3087,#250,.T.);
#2633=EDGE_CURVE('',#3270,#3083,#251,.T.);
#2634=EDGE_CURVE('',#2890,#3271,#252,.T.);
#2635=EDGE_CURVE('',#3081,#3272,#253,.T.);
#2636=EDGE_CURVE('',#3273,#3272,#3904,.T.);
#2637=EDGE_CURVE('',#3273,#3274,#254,.T.);
#2638=EDGE_CURVE('',#3275,#3274,#3905,.T.);
#2639=EDGE_CURVE('',#3276,#3275,#3906,.T.);
#2640=EDGE_CURVE('',#3277,#3276,#3907,.T.);
#2641=EDGE_CURVE('',#3278,#3277,#255,.T.);
#2642=EDGE_CURVE('',#3271,#3278,#3908,.T.);
#2643=EDGE_CURVE('',#2894,#3279,#256,.T.);
#2644=EDGE_CURVE('',#3279,#3280,#3909,.T.);
#2645=EDGE_CURVE('',#3280,#3281,#257,.T.);
#2646=EDGE_CURVE('',#3281,#3282,#3910,.T.);
#2647=EDGE_CURVE('',#3282,#3283,#3911,.T.);
#2648=EDGE_CURVE('',#3283,#3284,#3912,.T.);
#2649=EDGE_CURVE('',#3285,#3284,#258,.T.);
#2650=EDGE_CURVE('',#3285,#3286,#3913,.T.);
#2651=EDGE_CURVE('',#3082,#3286,#259,.T.);
#2652=EDGE_CURVE('',#3271,#3279,#3914,.T.);
#2653=EDGE_CURVE('',#3278,#3280,#3915,.T.);
#2654=EDGE_CURVE('',#3277,#3281,#3916,.T.);
#2655=EDGE_CURVE('',#3276,#3282,#3917,.T.);
#2656=EDGE_CURVE('',#3275,#3283,#3918,.T.);
#2657=EDGE_CURVE('',#3274,#3284,#3919,.T.);
#2658=EDGE_CURVE('',#3273,#3285,#3920,.T.);
#2659=EDGE_CURVE('',#3272,#3286,#3921,.T.);
#2660=EDGE_CURVE('',#3287,#3288,#260,.T.);
#2661=EDGE_CURVE('',#3289,#3287,#3922,.T.);
#2662=EDGE_CURVE('',#3289,#3290,#261,.T.);
#2663=EDGE_CURVE('',#3290,#3288,#3923,.T.);
#2664=EDGE_CURVE('',#3287,#3291,#3924,.T.);
#2665=EDGE_CURVE('',#3292,#3291,#3925,.T.);
#2666=EDGE_CURVE('',#3289,#3292,#3926,.T.);
#2667=EDGE_CURVE('',#3291,#3293,#3927,.T.);
#2668=EDGE_CURVE('',#3294,#3293,#3928,.T.);
#2669=EDGE_CURVE('',#3292,#3294,#3929,.T.);
#2670=EDGE_CURVE('',#3293,#3295,#3930,.T.);
#2671=EDGE_CURVE('',#3296,#3295,#3931,.T.);
#2672=EDGE_CURVE('',#3294,#3296,#3932,.T.);
#2673=EDGE_CURVE('',#3295,#3297,#262,.T.);
#2674=EDGE_CURVE('',#3298,#3297,#3933,.T.);
#2675=EDGE_CURVE('',#3296,#3298,#263,.T.);
#2676=EDGE_CURVE('',#3297,#3299,#3934,.T.);
#2677=EDGE_CURVE('',#3300,#3299,#3935,.T.);
#2678=EDGE_CURVE('',#3298,#3300,#3936,.T.);
#2679=EDGE_CURVE('',#3301,#3288,#3937,.T.);
#2680=EDGE_CURVE('',#3302,#3290,#3938,.T.);
#2681=EDGE_CURVE('',#3302,#3301,#3939,.T.);
#2682=EDGE_CURVE('',#3299,#2879,#264,.T.);
#2683=EDGE_CURVE('',#3300,#2885,#265,.T.);
#2684=EDGE_CURVE('',#3301,#3108,#266,.T.);
#2685=EDGE_CURVE('',#3302,#3085,#267,.T.);
#2686=EDGE_CURVE('',#2883,#3303,#268,.T.);
#2687=EDGE_CURVE('',#3303,#3304,#3940,.T.);
#2688=EDGE_CURVE('',#3304,#3305,#269,.T.);
#2689=EDGE_CURVE('',#3305,#3306,#3941,.T.);
#2690=EDGE_CURVE('',#3306,#3307,#3942,.T.);
#2691=EDGE_CURVE('',#3307,#3308,#3943,.T.);
#2692=EDGE_CURVE('',#3309,#3308,#270,.T.);
#2693=EDGE_CURVE('',#3309,#3310,#3944,.T.);
#2694=EDGE_CURVE('',#3080,#3310,#271,.T.);
#2695=EDGE_CURVE('',#2874,#3311,#272,.T.);
#2696=EDGE_CURVE('',#3107,#3312,#273,.T.);
#2697=EDGE_CURVE('',#3313,#3312,#3945,.T.);
#2698=EDGE_CURVE('',#3313,#3314,#274,.T.);
#2699=EDGE_CURVE('',#3315,#3314,#3946,.T.);
#2700=EDGE_CURVE('',#3316,#3315,#3947,.T.);
#2701=EDGE_CURVE('',#3317,#3316,#3948,.T.);
#2702=EDGE_CURVE('',#3318,#3317,#275,.T.);
#2703=EDGE_CURVE('',#3311,#3318,#3949,.T.);
#2704=EDGE_CURVE('',#3303,#3311,#3950,.T.);
#2705=EDGE_CURVE('',#3304,#3318,#3951,.T.);
#2706=EDGE_CURVE('',#3305,#3317,#3952,.T.);
#2707=EDGE_CURVE('',#3306,#3316,#3953,.T.);
#2708=EDGE_CURVE('',#3307,#3315,#3954,.T.);
#2709=EDGE_CURVE('',#3308,#3314,#3955,.T.);
#2710=EDGE_CURVE('',#3309,#3313,#3956,.T.);
#2711=EDGE_CURVE('',#3310,#3312,#3957,.T.);
#2712=EDGE_CURVE('',#3319,#3320,#276,.T.);
#2713=EDGE_CURVE('',#3321,#3319,#3958,.T.);
#2714=EDGE_CURVE('',#3321,#3322,#277,.T.);
#2715=EDGE_CURVE('',#3322,#3320,#3959,.T.);
#2716=EDGE_CURVE('',#3319,#3323,#3960,.T.);
#2717=EDGE_CURVE('',#3324,#3323,#3961,.T.);
#2718=EDGE_CURVE('',#3321,#3324,#3962,.T.);
#2719=EDGE_CURVE('',#3323,#3325,#3963,.T.);
#2720=EDGE_CURVE('',#3326,#3325,#3964,.T.);
#2721=EDGE_CURVE('',#3324,#3326,#3965,.T.);
#2722=EDGE_CURVE('',#3325,#3327,#3966,.T.);
#2723=EDGE_CURVE('',#3328,#3327,#3967,.T.);
#2724=EDGE_CURVE('',#3326,#3328,#3968,.T.);
#2725=EDGE_CURVE('',#3327,#3329,#278,.T.);
#2726=EDGE_CURVE('',#3330,#3329,#3969,.T.);
#2727=EDGE_CURVE('',#3328,#3330,#279,.T.);
#2728=EDGE_CURVE('',#3331,#3320,#3970,.T.);
#2729=EDGE_CURVE('',#3332,#3322,#3971,.T.);
#2730=EDGE_CURVE('',#3332,#3331,#3972,.T.);
#2731=EDGE_CURVE('',#3329,#3333,#3973,.T.);
#2732=EDGE_CURVE('',#3334,#3333,#3974,.T.);
#2733=EDGE_CURVE('',#3330,#3334,#3975,.T.);
#2734=EDGE_CURVE('',#3333,#2863,#280,.T.);
#2735=EDGE_CURVE('',#3334,#2869,#281,.T.);
#2736=EDGE_CURVE('',#3331,#3111,#282,.T.);
#2737=EDGE_CURVE('',#3332,#3109,#283,.T.);
#2738=EDGE_CURVE('',#2867,#3335,#284,.T.);
#2739=EDGE_CURVE('',#3335,#3336,#3976,.T.);
#2740=EDGE_CURVE('',#3336,#3337,#285,.T.);
#2741=EDGE_CURVE('',#3337,#3338,#3977,.T.);
#2742=EDGE_CURVE('',#3338,#3339,#3978,.T.);
#2743=EDGE_CURVE('',#3339,#3340,#3979,.T.);
#2744=EDGE_CURVE('',#3341,#3340,#286,.T.);
#2745=EDGE_CURVE('',#3341,#3342,#3980,.T.);
#2746=EDGE_CURVE('',#3106,#3342,#287,.T.);
#2747=EDGE_CURVE('',#2858,#3343,#288,.T.);
#2748=EDGE_CURVE('',#3110,#3344,#289,.T.);
#2749=EDGE_CURVE('',#3345,#3344,#3981,.T.);
#2750=EDGE_CURVE('',#3345,#3346,#290,.T.);
#2751=EDGE_CURVE('',#3347,#3346,#3982,.T.);
#2752=EDGE_CURVE('',#3348,#3347,#3983,.T.);
#2753=EDGE_CURVE('',#3349,#3348,#3984,.T.);
#2754=EDGE_CURVE('',#3350,#3349,#291,.T.);
#2755=EDGE_CURVE('',#3343,#3350,#3985,.T.);
#2756=EDGE_CURVE('',#3335,#3343,#3986,.T.);
#2757=EDGE_CURVE('',#3336,#3350,#3987,.T.);
#2758=EDGE_CURVE('',#3337,#3349,#3988,.T.);
#2759=EDGE_CURVE('',#3338,#3348,#3989,.T.);
#2760=EDGE_CURVE('',#3339,#3347,#3990,.T.);
#2761=EDGE_CURVE('',#3340,#3346,#3991,.T.);
#2762=EDGE_CURVE('',#3341,#3345,#3992,.T.);
#2763=EDGE_CURVE('',#3342,#3344,#3993,.T.);
#2764=EDGE_CURVE('',#3351,#3352,#3994,.T.);
#2765=EDGE_CURVE('',#3351,#3353,#3995,.T.);
#2766=EDGE_CURVE('',#3353,#3354,#3996,.T.);
#2767=EDGE_CURVE('',#3352,#3354,#3997,.T.);
#2768=EDGE_CURVE('',#3355,#3356,#3998,.T.);
#2769=EDGE_CURVE('',#3357,#3355,#3999,.T.);
#2770=EDGE_CURVE('',#3357,#3358,#4000,.T.);
#2771=EDGE_CURVE('',#3358,#3356,#4001,.T.);
#2772=EDGE_CURVE('',#3356,#3359,#4002,.T.);
#2773=EDGE_CURVE('',#3358,#3360,#4003,.T.);
#2774=EDGE_CURVE('',#3360,#3359,#4004,.T.);
#2775=EDGE_CURVE('',#3359,#3361,#4005,.T.);
#2776=EDGE_CURVE('',#3360,#3362,#4006,.T.);
#2777=EDGE_CURVE('',#3362,#3361,#4007,.T.);
#2778=EDGE_CURVE('',#3361,#3353,#4008,.T.);
#2779=EDGE_CURVE('',#3362,#3363,#4009,.T.);
#2780=EDGE_CURVE('',#3363,#3354,#4010,.T.);
#2781=EDGE_CURVE('',#3364,#3365,#4011,.T.);
#2782=EDGE_CURVE('',#3364,#3366,#4012,.T.);
#2783=EDGE_CURVE('',#3366,#3352,#4013,.T.);
#2784=EDGE_CURVE('',#3363,#3367,#4014,.T.);
#2785=EDGE_CURVE('',#3367,#3368,#4015,.T.);
#2786=EDGE_CURVE('',#3368,#3365,#4016,.T.);
#2787=EDGE_CURVE('',#3368,#3369,#4017,.T.);
#2788=EDGE_CURVE('',#3367,#3370,#4018,.T.);
#2789=EDGE_CURVE('',#3370,#3371,#4019,.T.);
#2790=EDGE_CURVE('',#3369,#3371,#4020,.T.);
#2791=EDGE_CURVE('',#3371,#3372,#4021,.T.);
#2792=EDGE_CURVE('',#3370,#3373,#4022,.T.);
#2793=EDGE_CURVE('',#3373,#3372,#4023,.T.);
#2794=EDGE_CURVE('',#3372,#3374,#4024,.T.);
#2795=EDGE_CURVE('',#3373,#3375,#4025,.T.);
#2796=EDGE_CURVE('',#3375,#3374,#4026,.T.);
#2797=EDGE_CURVE('',#3374,#3376,#4027,.T.);
#2798=EDGE_CURVE('',#3375,#3377,#4028,.T.);
#2799=EDGE_CURVE('',#3377,#3376,#4029,.T.);
#2800=EDGE_CURVE('',#3378,#3379,#4030,.T.);
#2801=EDGE_CURVE('',#3376,#3378,#4031,.T.);
#2802=EDGE_CURVE('',#3377,#3380,#4032,.T.);
#2803=EDGE_CURVE('',#3380,#3379,#4033,.T.);
#2804=EDGE_CURVE('',#3379,#3381,#4034,.T.);
#2805=EDGE_CURVE('',#3380,#3382,#4035,.T.);
#2806=EDGE_CURVE('',#3382,#3381,#4036,.T.);
#2807=EDGE_CURVE('',#3381,#3383,#4037,.T.);
#2808=EDGE_CURVE('',#3382,#3384,#4038,.T.);
#2809=EDGE_CURVE('',#3384,#3385,#4039,.T.);
#2810=EDGE_CURVE('',#3383,#3385,#4040,.T.);
#2811=EDGE_CURVE('',#3385,#3386,#4041,.T.);
#2812=EDGE_CURVE('',#3384,#3387,#4042,.T.);
#2813=EDGE_CURVE('',#3387,#3386,#4043,.T.);
#2814=EDGE_CURVE('',#3388,#3389,#4044,.T.);
#2815=EDGE_CURVE('',#3386,#3388,#4045,.T.);
#2816=EDGE_CURVE('',#3387,#3390,#4046,.T.);
#2817=EDGE_CURVE('',#3390,#3389,#4047,.T.);
#2818=EDGE_CURVE('',#3389,#3391,#4048,.T.);
#2819=EDGE_CURVE('',#3390,#3392,#4049,.T.);
#2820=EDGE_CURVE('',#3392,#3391,#4050,.T.);
#2821=EDGE_CURVE('',#3391,#3393,#4051,.T.);
#2822=EDGE_CURVE('',#3392,#3394,#4052,.T.);
#2823=EDGE_CURVE('',#3394,#3395,#4053,.T.);
#2824=EDGE_CURVE('',#3393,#3395,#4054,.T.);
#2825=EDGE_CURVE('',#3395,#3396,#4055,.T.);
#2826=EDGE_CURVE('',#3394,#3397,#4056,.T.);
#2827=EDGE_CURVE('',#3397,#3396,#4057,.T.);
#2828=EDGE_CURVE('',#3398,#3399,#4058,.T.);
#2829=EDGE_CURVE('',#3396,#3398,#4059,.T.);
#2830=EDGE_CURVE('',#3397,#3400,#4060,.T.);
#2831=EDGE_CURVE('',#3400,#3399,#4061,.T.);
#2832=EDGE_CURVE('',#3399,#3401,#4062,.T.);
#2833=EDGE_CURVE('',#3400,#3402,#4063,.T.);
#2834=EDGE_CURVE('',#3402,#3401,#4064,.T.);
#2835=EDGE_CURVE('',#3401,#3403,#4065,.T.);
#2836=EDGE_CURVE('',#3402,#3357,#4066,.T.);
#2837=EDGE_CURVE('',#3403,#3355,#4067,.T.);
#2838=EDGE_CURVE('',#3404,#3405,#4068,.T.);
#2839=EDGE_CURVE('',#3369,#3404,#4069,.T.);
#2840=EDGE_CURVE('',#3383,#3378,#4070,.T.);
#2841=EDGE_CURVE('',#3393,#3388,#4071,.T.);
#2842=EDGE_CURVE('',#3403,#3398,#4072,.T.);
#2843=EDGE_CURVE('',#3351,#3406,#4073,.T.);
#2844=EDGE_CURVE('',#3405,#3406,#4074,.T.);
#2845=EDGE_CURVE('',#3404,#3365,#4075,.T.);
#2846=EDGE_CURVE('',#3406,#3407,#4076,.T.);
#2847=EDGE_CURVE('',#3408,#3407,#4077,.T.);
#2848=EDGE_CURVE('',#3405,#3408,#4078,.T.);
#2849=EDGE_CURVE('',#3407,#3409,#4079,.T.);
#2850=EDGE_CURVE('',#3410,#3409,#4080,.T.);
#2851=EDGE_CURVE('',#3408,#3410,#4081,.T.);
#2852=EDGE_CURVE('',#3409,#3411,#4082,.T.);
#2853=EDGE_CURVE('',#3412,#3411,#4083,.T.);
#2854=EDGE_CURVE('',#3410,#3412,#4084,.T.);
#2855=EDGE_CURVE('',#3412,#3364,#4085,.T.);
#2856=EDGE_CURVE('',#3411,#3366,#4086,.T.);
#2857=VERTEX_POINT('',#9820);
#2858=VERTEX_POINT('',#9821);
#2859=VERTEX_POINT('',#9823);
#2860=VERTEX_POINT('',#9825);
#2861=VERTEX_POINT('',#9829);
#2862=VERTEX_POINT('',#9830);
#2863=VERTEX_POINT('',#9832);
#2864=VERTEX_POINT('',#9834);
#2865=VERTEX_POINT('',#9838);
#2866=VERTEX_POINT('',#9839);
#2867=VERTEX_POINT('',#9841);
#2868=VERTEX_POINT('',#9843);
#2869=VERTEX_POINT('',#9847);
#2870=VERTEX_POINT('',#9848);
#2871=VERTEX_POINT('',#9850);
#2872=VERTEX_POINT('',#9852);
#2873=VERTEX_POINT('',#9859);
#2874=VERTEX_POINT('',#9860);
#2875=VERTEX_POINT('',#9862);
#2876=VERTEX_POINT('',#9864);
#2877=VERTEX_POINT('',#9868);
#2878=VERTEX_POINT('',#9869);
#2879=VERTEX_POINT('',#9871);
#2880=VERTEX_POINT('',#9873);
#2881=VERTEX_POINT('',#9877);
#2882=VERTEX_POINT('',#9878);
#2883=VERTEX_POINT('',#9880);
#2884=VERTEX_POINT('',#9882);
#2885=VERTEX_POINT('',#9886);
#2886=VERTEX_POINT('',#9887);
#2887=VERTEX_POINT('',#9889);
#2888=VERTEX_POINT('',#9891);
#2889=VERTEX_POINT('',#9898);
#2890=VERTEX_POINT('',#9899);
#2891=VERTEX_POINT('',#9901);
#2892=VERTEX_POINT('',#9903);
#2893=VERTEX_POINT('',#9907);
#2894=VERTEX_POINT('',#9908);
#2895=VERTEX_POINT('',#9910);
#2896=VERTEX_POINT('',#9912);
#2897=VERTEX_POINT('',#9919);
#2898=VERTEX_POINT('',#9920);
#2899=VERTEX_POINT('',#9922);
#2900=VERTEX_POINT('',#9924);
#2901=VERTEX_POINT('',#9926);
#2902=VERTEX_POINT('',#9928);
#2903=VERTEX_POINT('',#9930);
#2904=VERTEX_POINT('',#9932);
#2905=VERTEX_POINT('',#9934);
#2906=VERTEX_POINT('',#9936);
#2907=VERTEX_POINT('',#9938);
#2908=VERTEX_POINT('',#9940);
#2909=VERTEX_POINT('',#9942);
#2910=VERTEX_POINT('',#9944);
#2911=VERTEX_POINT('',#9946);
#2912=VERTEX_POINT('',#9948);
#2913=VERTEX_POINT('',#9950);
#2914=VERTEX_POINT('',#9952);
#2915=VERTEX_POINT('',#9954);
#2916=VERTEX_POINT('',#9956);
#2917=VERTEX_POINT('',#9960);
#2918=VERTEX_POINT('',#9961);
#2919=VERTEX_POINT('',#9963);
#2920=VERTEX_POINT('',#9965);
#2921=VERTEX_POINT('',#9967);
#2922=VERTEX_POINT('',#9969);
#2923=VERTEX_POINT('',#9973);
#2924=VERTEX_POINT('',#9974);
#2925=VERTEX_POINT('',#9976);
#2926=VERTEX_POINT('',#9978);
#2927=VERTEX_POINT('',#9980);
#2928=VERTEX_POINT('',#9982);
#2929=VERTEX_POINT('',#9986);
#2930=VERTEX_POINT('',#9987);
#2931=VERTEX_POINT('',#9989);
#2932=VERTEX_POINT('',#9991);
#2933=VERTEX_POINT('',#9993);
#2934=VERTEX_POINT('',#9995);
#2935=VERTEX_POINT('',#9997);
#2936=VERTEX_POINT('',#9999);
#2937=VERTEX_POINT('',#10001);
#2938=VERTEX_POINT('',#10003);
#2939=VERTEX_POINT('',#10005);
#2940=VERTEX_POINT('',#10007);
#2941=VERTEX_POINT('',#10009);
#2942=VERTEX_POINT('',#10011);
#2943=VERTEX_POINT('',#10013);
#2944=VERTEX_POINT('',#10015);
#2945=VERTEX_POINT('',#10017);
#2946=VERTEX_POINT('',#10019);
#2947=VERTEX_POINT('',#10021);
#2948=VERTEX_POINT('',#10023);
#2949=VERTEX_POINT('',#10025);
#2950=VERTEX_POINT('',#10027);
#2951=VERTEX_POINT('',#10029);
#2952=VERTEX_POINT('',#10031);
#2953=VERTEX_POINT('',#10035);
#2954=VERTEX_POINT('',#10036);
#2955=VERTEX_POINT('',#10038);
#2956=VERTEX_POINT('',#10040);
#2957=VERTEX_POINT('',#10042);
#2958=VERTEX_POINT('',#10044);
#2959=VERTEX_POINT('',#10046);
#2960=VERTEX_POINT('',#10048);
#2961=VERTEX_POINT('',#10050);
#2962=VERTEX_POINT('',#10052);
#2963=VERTEX_POINT('',#10054);
#2964=VERTEX_POINT('',#10056);
#2965=VERTEX_POINT('',#10060);
#2966=VERTEX_POINT('',#10061);
#2967=VERTEX_POINT('',#10063);
#2968=VERTEX_POINT('',#10065);
#2969=VERTEX_POINT('',#10067);
#2970=VERTEX_POINT('',#10069);
#2971=VERTEX_POINT('',#10073);
#2972=VERTEX_POINT('',#10075);
#2973=VERTEX_POINT('',#10077);
#2974=VERTEX_POINT('',#10079);
#2975=VERTEX_POINT('',#10081);
#2976=VERTEX_POINT('',#10083);
#2977=VERTEX_POINT('',#10085);
#2978=VERTEX_POINT('',#10087);
#2979=VERTEX_POINT('',#10089);
#2980=VERTEX_POINT('',#10091);
#2981=VERTEX_POINT('',#10093);
#2982=VERTEX_POINT('',#10095);
#2983=VERTEX_POINT('',#10097);
#2984=VERTEX_POINT('',#10099);
#2985=VERTEX_POINT('',#10101);
#2986=VERTEX_POINT('',#10103);
#2987=VERTEX_POINT('',#10105);
#2988=VERTEX_POINT('',#10107);
#2989=VERTEX_POINT('',#10109);
#2990=VERTEX_POINT('',#10111);
#2991=VERTEX_POINT('',#10113);
#2992=VERTEX_POINT('',#10115);
#2993=VERTEX_POINT('',#10117);
#2994=VERTEX_POINT('',#10119);
#2995=VERTEX_POINT('',#10121);
#2996=VERTEX_POINT('',#10123);
#2997=VERTEX_POINT('',#10125);
#2998=VERTEX_POINT('',#10127);
#2999=VERTEX_POINT('',#10129);
#3000=VERTEX_POINT('',#10131);
#3001=VERTEX_POINT('',#10133);
#3002=VERTEX_POINT('',#10135);
#3003=VERTEX_POINT('',#10137);
#3004=VERTEX_POINT('',#10139);
#3005=VERTEX_POINT('',#10141);
#3006=VERTEX_POINT('',#10143);
#3007=VERTEX_POINT('',#10145);
#3008=VERTEX_POINT('',#10150);
#3009=VERTEX_POINT('',#10151);
#3010=VERTEX_POINT('',#10153);
#3011=VERTEX_POINT('',#10155);
#3012=VERTEX_POINT('',#10159);
#3013=VERTEX_POINT('',#10161);
#3014=VERTEX_POINT('',#10165);
#3015=VERTEX_POINT('',#10167);
#3016=VERTEX_POINT('',#10170);
#3017=VERTEX_POINT('',#10172);
#3018=VERTEX_POINT('',#10174);
#3019=VERTEX_POINT('',#10178);
#3020=VERTEX_POINT('',#10180);
#3021=VERTEX_POINT('',#10182);
#3022=VERTEX_POINT('',#10184);
#3023=VERTEX_POINT('',#10187);
#3024=VERTEX_POINT('',#10191);
#3025=VERTEX_POINT('',#10192);
#3026=VERTEX_POINT('',#10194);
#3027=VERTEX_POINT('',#10196);
#3028=VERTEX_POINT('',#10198);
#3029=VERTEX_POINT('',#10200);
#3030=VERTEX_POINT('',#10202);
#3031=VERTEX_POINT('',#10204);
#3032=VERTEX_POINT('',#10206);
#3033=VERTEX_POINT('',#10208);
#3034=VERTEX_POINT('',#10210);
#3035=VERTEX_POINT('',#10212);
#3036=VERTEX_POINT('',#10216);
#3037=VERTEX_POINT('',#10217);
#3038=VERTEX_POINT('',#10219);
#3039=VERTEX_POINT('',#10222);
#3040=VERTEX_POINT('',#10226);
#3041=VERTEX_POINT('',#10228);
#3042=VERTEX_POINT('',#10230);
#3043=VERTEX_POINT('',#10232);
#3044=VERTEX_POINT('',#10234);
#3045=VERTEX_POINT('',#10236);
#3046=VERTEX_POINT('',#10238);
#3047=VERTEX_POINT('',#10240);
#3048=VERTEX_POINT('',#10242);
#3049=VERTEX_POINT('',#10244);
#3050=VERTEX_POINT('',#10247);
#3051=VERTEX_POINT('',#10250);
#3052=VERTEX_POINT('',#10252);
#3053=VERTEX_POINT('',#10254);
#3054=VERTEX_POINT('',#10256);
#3055=VERTEX_POINT('',#10258);
#3056=VERTEX_POINT('',#10260);
#3057=VERTEX_POINT('',#10266);
#3058=VERTEX_POINT('',#10267);
#3059=VERTEX_POINT('',#10270);
#3060=VERTEX_POINT('',#10272);
#3061=VERTEX_POINT('',#10274);
#3062=VERTEX_POINT('',#10276);
#3063=VERTEX_POINT('',#10278);
#3064=VERTEX_POINT('',#10282);
#3065=VERTEX_POINT('',#10284);
#3066=VERTEX_POINT('',#10286);
#3067=VERTEX_POINT('',#10289);
#3068=VERTEX_POINT('',#10295);
#3069=VERTEX_POINT('',#10297);
#3070=VERTEX_POINT('',#10299);
#3071=VERTEX_POINT('',#10301);
#3072=VERTEX_POINT('',#10304);
#3073=VERTEX_POINT('',#10306);
#3074=VERTEX_POINT('',#10308);
#3075=VERTEX_POINT('',#10310);
#3076=VERTEX_POINT('',#10312);
#3077=VERTEX_POINT('',#10315);
#3078=VERTEX_POINT('',#10317);
#3079=VERTEX_POINT('',#10319);
#3080=VERTEX_POINT('',#10326);
#3081=VERTEX_POINT('',#10328);
#3082=VERTEX_POINT('',#10332);
#3083=VERTEX_POINT('',#10336);
#3084=VERTEX_POINT('',#10337);
#3085=VERTEX_POINT('',#10339);
#3086=VERTEX_POINT('',#10342);
#3087=VERTEX_POINT('',#10346);
#3088=VERTEX_POINT('',#10347);
#3089=VERTEX_POINT('',#10349);
#3090=VERTEX_POINT('',#10354);
#3091=VERTEX_POINT('',#10360);
#3092=VERTEX_POINT('',#10362);
#3093=VERTEX_POINT('',#10365);
#3094=VERTEX_POINT('',#10367);
#3095=VERTEX_POINT('',#10369);
#3096=VERTEX_POINT('',#10371);
#3097=VERTEX_POINT('',#10374);
#3098=VERTEX_POINT('',#10376);
#3099=VERTEX_POINT('',#10378);
#3100=VERTEX_POINT('',#10380);
#3101=VERTEX_POINT('',#10384);
#3102=VERTEX_POINT('',#10386);
#3103=VERTEX_POINT('',#10389);
#3104=VERTEX_POINT('',#10391);
#3105=VERTEX_POINT('',#10395);
#3106=VERTEX_POINT('',#10399);
#3107=VERTEX_POINT('',#10401);
#3108=VERTEX_POINT('',#10405);
#3109=VERTEX_POINT('',#10407);
#3110=VERTEX_POINT('',#10411);
#3111=VERTEX_POINT('',#10415);
#3112=VERTEX_POINT('',#10419);
#3113=VERTEX_POINT('',#10420);
#3114=VERTEX_POINT('',#10422);
#3115=VERTEX_POINT('',#10424);
#3116=VERTEX_POINT('',#10431);
#3117=VERTEX_POINT('',#10434);
#3118=VERTEX_POINT('',#10436);
#3119=VERTEX_POINT('',#10440);
#3120=VERTEX_POINT('',#10445);
#3121=VERTEX_POINT('',#10446);
#3122=VERTEX_POINT('',#10451);
#3123=VERTEX_POINT('',#10455);
#3124=VERTEX_POINT('',#10457);
#3125=VERTEX_POINT('',#10462);
#3126=VERTEX_POINT('',#10467);
#3127=VERTEX_POINT('',#10469);
#3128=VERTEX_POINT('',#10475);
#3129=VERTEX_POINT('',#10477);
#3130=VERTEX_POINT('',#10484);
#3131=VERTEX_POINT('',#10485);
#3132=VERTEX_POINT('',#10488);
#3133=VERTEX_POINT('',#10490);
#3134=VERTEX_POINT('',#10493);
#3135=VERTEX_POINT('',#10504);
#3136=VERTEX_POINT('',#10506);
#3137=VERTEX_POINT('',#10508);
#3138=VERTEX_POINT('',#10509);
#3139=VERTEX_POINT('',#10511);
#3140=VERTEX_POINT('',#10513);
#3141=VERTEX_POINT('',#10515);
#3142=VERTEX_POINT('',#10517);
#3143=VERTEX_POINT('',#10519);
#3144=VERTEX_POINT('',#10521);
#3145=VERTEX_POINT('',#10524);
#3146=VERTEX_POINT('',#10525);
#3147=VERTEX_POINT('',#10527);
#3148=VERTEX_POINT('',#10529);
#3149=VERTEX_POINT('',#10531);
#3150=VERTEX_POINT('',#10533);
#3151=VERTEX_POINT('',#10535);
#3152=VERTEX_POINT('',#10537);
#3153=VERTEX_POINT('',#10540);
#3154=VERTEX_POINT('',#10541);
#3155=VERTEX_POINT('',#10543);
#3156=VERTEX_POINT('',#10545);
#3157=VERTEX_POINT('',#10547);
#3158=VERTEX_POINT('',#10549);
#3159=VERTEX_POINT('',#10551);
#3160=VERTEX_POINT('',#10553);
#3161=VERTEX_POINT('',#10556);
#3162=VERTEX_POINT('',#10557);
#3163=VERTEX_POINT('',#10559);
#3164=VERTEX_POINT('',#10561);
#3165=VERTEX_POINT('',#10563);
#3166=VERTEX_POINT('',#10565);
#3167=VERTEX_POINT('',#10567);
#3168=VERTEX_POINT('',#10569);
#3169=VERTEX_POINT('',#10580);
#3170=VERTEX_POINT('',#10581);
#3171=VERTEX_POINT('',#10586);
#3172=VERTEX_POINT('',#10588);
#3173=VERTEX_POINT('',#10598);
#3174=VERTEX_POINT('',#10600);
#3175=VERTEX_POINT('',#10611);
#3176=VERTEX_POINT('',#10617);
#3177=VERTEX_POINT('',#10628);
#3178=VERTEX_POINT('',#10630);
#3179=VERTEX_POINT('',#10636);
#3180=VERTEX_POINT('',#10639);
#3181=VERTEX_POINT('',#10668);
#3182=VERTEX_POINT('',#10672);
#3183=VERTEX_POINT('',#10678);
#3184=VERTEX_POINT('',#10680);
#3185=VERTEX_POINT('',#10684);
#3186=VERTEX_POINT('',#10688);
#3187=VERTEX_POINT('',#10692);
#3188=VERTEX_POINT('',#10696);
#3189=VERTEX_POINT('',#10700);
#3190=VERTEX_POINT('',#10704);
#3191=VERTEX_POINT('',#10711);
#3192=VERTEX_POINT('',#10713);
#3193=VERTEX_POINT('',#10717);
#3194=VERTEX_POINT('',#10721);
#3195=VERTEX_POINT('',#10725);
#3196=VERTEX_POINT('',#10729);
#3197=VERTEX_POINT('',#10733);
#3198=VERTEX_POINT('',#10737);
#3199=VERTEX_POINT('',#10744);
#3200=VERTEX_POINT('',#10746);
#3201=VERTEX_POINT('',#10750);
#3202=VERTEX_POINT('',#10754);
#3203=VERTEX_POINT('',#10758);
#3204=VERTEX_POINT('',#10762);
#3205=VERTEX_POINT('',#10766);
#3206=VERTEX_POINT('',#10770);
#3207=VERTEX_POINT('',#10777);
#3208=VERTEX_POINT('',#10779);
#3209=VERTEX_POINT('',#10783);
#3210=VERTEX_POINT('',#10787);
#3211=VERTEX_POINT('',#10791);
#3212=VERTEX_POINT('',#10795);
#3213=VERTEX_POINT('',#10799);
#3214=VERTEX_POINT('',#10803);
#3215=VERTEX_POINT('',#10810);
#3216=VERTEX_POINT('',#10814);
#3217=VERTEX_POINT('',#10819);
#3218=VERTEX_POINT('',#10822);
#3219=VERTEX_POINT('',#10824);
#3220=VERTEX_POINT('',#10827);
#3221=VERTEX_POINT('',#10853);
#3222=VERTEX_POINT('',#10864);
#3223=VERTEX_POINT('',#10891);
#3224=VERTEX_POINT('',#10893);
#3225=VERTEX_POINT('',#10938);
#3226=VERTEX_POINT('',#10942);
#3227=VERTEX_POINT('',#10946);
#3228=VERTEX_POINT('',#10948);
#3229=VERTEX_POINT('',#10952);
#3230=VERTEX_POINT('',#10953);
#3231=VERTEX_POINT('',#10955);
#3232=VERTEX_POINT('',#10957);
#3233=VERTEX_POINT('',#10959);
#3234=VERTEX_POINT('',#10961);
#3235=VERTEX_POINT('',#10963);
#3236=VERTEX_POINT('',#10965);
#3237=VERTEX_POINT('',#10967);
#3238=VERTEX_POINT('',#10969);
#3239=VERTEX_POINT('',#10971);
#3240=VERTEX_POINT('',#10973);
#3241=VERTEX_POINT('',#10977);
#3242=VERTEX_POINT('',#10978);
#3243=VERTEX_POINT('',#10980);
#3244=VERTEX_POINT('',#10982);
#3245=VERTEX_POINT('',#10984);
#3246=VERTEX_POINT('',#10986);
#3247=VERTEX_POINT('',#10988);
#3248=VERTEX_POINT('',#10990);
#3249=VERTEX_POINT('',#10992);
#3250=VERTEX_POINT('',#10994);
#3251=VERTEX_POINT('',#10996);
#3252=VERTEX_POINT('',#10998);
#3253=VERTEX_POINT('',#11002);
#3254=VERTEX_POINT('',#11004);
#3255=VERTEX_POINT('',#11035);
#3256=VERTEX_POINT('',#11036);
#3257=VERTEX_POINT('',#11038);
#3258=VERTEX_POINT('',#11040);
#3259=VERTEX_POINT('',#11044);
#3260=VERTEX_POINT('',#11046);
#3261=VERTEX_POINT('',#11050);
#3262=VERTEX_POINT('',#11052);
#3263=VERTEX_POINT('',#11056);
#3264=VERTEX_POINT('',#11058);
#3265=VERTEX_POINT('',#11062);
#3266=VERTEX_POINT('',#11064);
#3267=VERTEX_POINT('',#11068);
#3268=VERTEX_POINT('',#11070);
#3269=VERTEX_POINT('',#11074);
#3270=VERTEX_POINT('',#11076);
#3271=VERTEX_POINT('',#11088);
#3272=VERTEX_POINT('',#11090);
#3273=VERTEX_POINT('',#11092);
#3274=VERTEX_POINT('',#11094);
#3275=VERTEX_POINT('',#11096);
#3276=VERTEX_POINT('',#11098);
#3277=VERTEX_POINT('',#11100);
#3278=VERTEX_POINT('',#11102);
#3279=VERTEX_POINT('',#11106);
#3280=VERTEX_POINT('',#11108);
#3281=VERTEX_POINT('',#11110);
#3282=VERTEX_POINT('',#11112);
#3283=VERTEX_POINT('',#11114);
#3284=VERTEX_POINT('',#11116);
#3285=VERTEX_POINT('',#11118);
#3286=VERTEX_POINT('',#11120);
#3287=VERTEX_POINT('',#11141);
#3288=VERTEX_POINT('',#11142);
#3289=VERTEX_POINT('',#11144);
#3290=VERTEX_POINT('',#11146);
#3291=VERTEX_POINT('',#11150);
#3292=VERTEX_POINT('',#11152);
#3293=VERTEX_POINT('',#11156);
#3294=VERTEX_POINT('',#11158);
#3295=VERTEX_POINT('',#11162);
#3296=VERTEX_POINT('',#11164);
#3297=VERTEX_POINT('',#11168);
#3298=VERTEX_POINT('',#11170);
#3299=VERTEX_POINT('',#11174);
#3300=VERTEX_POINT('',#11176);
#3301=VERTEX_POINT('',#11180);
#3302=VERTEX_POINT('',#11182);
#3303=VERTEX_POINT('',#11194);
#3304=VERTEX_POINT('',#11196);
#3305=VERTEX_POINT('',#11198);
#3306=VERTEX_POINT('',#11200);
#3307=VERTEX_POINT('',#11202);
#3308=VERTEX_POINT('',#11204);
#3309=VERTEX_POINT('',#11206);
#3310=VERTEX_POINT('',#11208);
#3311=VERTEX_POINT('',#11212);
#3312=VERTEX_POINT('',#11214);
#3313=VERTEX_POINT('',#11216);
#3314=VERTEX_POINT('',#11218);
#3315=VERTEX_POINT('',#11220);
#3316=VERTEX_POINT('',#11222);
#3317=VERTEX_POINT('',#11224);
#3318=VERTEX_POINT('',#11226);
#3319=VERTEX_POINT('',#11247);
#3320=VERTEX_POINT('',#11248);
#3321=VERTEX_POINT('',#11250);
#3322=VERTEX_POINT('',#11252);
#3323=VERTEX_POINT('',#11256);
#3324=VERTEX_POINT('',#11258);
#3325=VERTEX_POINT('',#11262);
#3326=VERTEX_POINT('',#11264);
#3327=VERTEX_POINT('',#11268);
#3328=VERTEX_POINT('',#11270);
#3329=VERTEX_POINT('',#11274);
#3330=VERTEX_POINT('',#11276);
#3331=VERTEX_POINT('',#11280);
#3332=VERTEX_POINT('',#11282);
#3333=VERTEX_POINT('',#11286);
#3334=VERTEX_POINT('',#11288);
#3335=VERTEX_POINT('',#11300);
#3336=VERTEX_POINT('',#11302);
#3337=VERTEX_POINT('',#11304);
#3338=VERTEX_POINT('',#11306);
#3339=VERTEX_POINT('',#11308);
#3340=VERTEX_POINT('',#11310);
#3341=VERTEX_POINT('',#11312);
#3342=VERTEX_POINT('',#11314);
#3343=VERTEX_POINT('',#11318);
#3344=VERTEX_POINT('',#11320);
#3345=VERTEX_POINT('',#11322);
#3346=VERTEX_POINT('',#11324);
#3347=VERTEX_POINT('',#11326);
#3348=VERTEX_POINT('',#11328);
#3349=VERTEX_POINT('',#11330);
#3350=VERTEX_POINT('',#11332);
#3351=VERTEX_POINT('',#11354);
#3352=VERTEX_POINT('',#11355);
#3353=VERTEX_POINT('',#11357);
#3354=VERTEX_POINT('',#11359);
#3355=VERTEX_POINT('',#11363);
#3356=VERTEX_POINT('',#11364);
#3357=VERTEX_POINT('',#11366);
#3358=VERTEX_POINT('',#11368);
#3359=VERTEX_POINT('',#11372);
#3360=VERTEX_POINT('',#11374);
#3361=VERTEX_POINT('',#11378);
#3362=VERTEX_POINT('',#11380);
#3363=VERTEX_POINT('',#11385);
#3364=VERTEX_POINT('',#11389);
#3365=VERTEX_POINT('',#11390);
#3366=VERTEX_POINT('',#11392);
#3367=VERTEX_POINT('',#11395);
#3368=VERTEX_POINT('',#11397);
#3369=VERTEX_POINT('',#11401);
#3370=VERTEX_POINT('',#11403);
#3371=VERTEX_POINT('',#11405);
#3372=VERTEX_POINT('',#11409);
#3373=VERTEX_POINT('',#11411);
#3374=VERTEX_POINT('',#11415);
#3375=VERTEX_POINT('',#11417);
#3376=VERTEX_POINT('',#11421);
#3377=VERTEX_POINT('',#11423);
#3378=VERTEX_POINT('',#11427);
#3379=VERTEX_POINT('',#11428);
#3380=VERTEX_POINT('',#11431);
#3381=VERTEX_POINT('',#11435);
#3382=VERTEX_POINT('',#11437);
#3383=VERTEX_POINT('',#11441);
#3384=VERTEX_POINT('',#11443);
#3385=VERTEX_POINT('',#11445);
#3386=VERTEX_POINT('',#11449);
#3387=VERTEX_POINT('',#11451);
#3388=VERTEX_POINT('',#11455);
#3389=VERTEX_POINT('',#11456);
#3390=VERTEX_POINT('',#11459);
#3391=VERTEX_POINT('',#11463);
#3392=VERTEX_POINT('',#11465);
#3393=VERTEX_POINT('',#11469);
#3394=VERTEX_POINT('',#11471);
#3395=VERTEX_POINT('',#11473);
#3396=VERTEX_POINT('',#11477);
#3397=VERTEX_POINT('',#11479);
#3398=VERTEX_POINT('',#11483);
#3399=VERTEX_POINT('',#11484);
#3400=VERTEX_POINT('',#11487);
#3401=VERTEX_POINT('',#11491);
#3402=VERTEX_POINT('',#11493);
#3403=VERTEX_POINT('',#11497);
#3404=VERTEX_POINT('',#11503);
#3405=VERTEX_POINT('',#11504);
#3406=VERTEX_POINT('',#11510);
#3407=VERTEX_POINT('',#11519);
#3408=VERTEX_POINT('',#11521);
#3409=VERTEX_POINT('',#11525);
#3410=VERTEX_POINT('',#11527);
#3411=VERTEX_POINT('',#11531);
#3412=VERTEX_POINT('',#11533);
#3413=LINE('',#9819,#4087);
#3414=LINE('',#9824,#4088);
#3415=LINE('',#9826,#4089);
#3416=LINE('',#9828,#4090);
#3417=LINE('',#9833,#4091);
#3418=LINE('',#9835,#4092);
#3419=LINE('',#9837,#4093);
#3420=LINE('',#9842,#4094);
#3421=LINE('',#9844,#4095);
#3422=LINE('',#9846,#4096);
#3423=LINE('',#9851,#4097);
#3424=LINE('',#9853,#4098);
#3425=LINE('',#9855,#4099);
#3426=LINE('',#9856,#4100);
#3427=LINE('',#9858,#4101);
#3428=LINE('',#9863,#4102);
#3429=LINE('',#9865,#4103);
#3430=LINE('',#9867,#4104);
#3431=LINE('',#9872,#4105);
#3432=LINE('',#9874,#4106);
#3433=LINE('',#9876,#4107);
#3434=LINE('',#9881,#4108);
#3435=LINE('',#9883,#4109);
#3436=LINE('',#9885,#4110);
#3437=LINE('',#9890,#4111);
#3438=LINE('',#9892,#4112);
#3439=LINE('',#9894,#4113);
#3440=LINE('',#9895,#4114);
#3441=LINE('',#9900,#4115);
#3442=LINE('',#9902,#4116);
#3443=LINE('',#9904,#4117);
#3444=LINE('',#9909,#4118);
#3445=LINE('',#9911,#4119);
#3446=LINE('',#9913,#4120);
#3447=LINE('',#9915,#4121);
#3448=LINE('',#9916,#4122);
#3449=LINE('',#9918,#4123);
#3450=LINE('',#9921,#4124);
#3451=LINE('',#9923,#4125);
#3452=LINE('',#9925,#4126);
#3453=LINE('',#9927,#4127);
#3454=LINE('',#9929,#4128);
#3455=LINE('',#9931,#4129);
#3456=LINE('',#9935,#4130);
#3457=LINE('',#9937,#4131);
#3458=LINE('',#9941,#4132);
#3459=LINE('',#9945,#4133);
#3460=LINE('',#9947,#4134);
#3461=LINE('',#9951,#4135);
#3462=LINE('',#9953,#4136);
#3463=LINE('',#9955,#4137);
#3464=LINE('',#9957,#4138);
#3465=LINE('',#9962,#4139);
#3466=LINE('',#9964,#4140);
#3467=LINE('',#9966,#4141);
#3468=LINE('',#9968,#4142);
#3469=LINE('',#9970,#4143);
#3470=LINE('',#9975,#4144);
#3471=LINE('',#9977,#4145);
#3472=LINE('',#9979,#4146);
#3473=LINE('',#9981,#4147);
#3474=LINE('',#9983,#4148);
#3475=LINE('',#9988,#4149);
#3476=LINE('',#9992,#4150);
#3477=LINE('',#9996,#4151);
#3478=LINE('',#9998,#4152);
#3479=LINE('',#10000,#4153);
#3480=LINE('',#10004,#4154);
#3481=LINE('',#10008,#4155);
#3482=LINE('',#10012,#4156);
#3483=LINE('',#10016,#4157);
#3484=LINE('',#10018,#4158);
#3485=LINE('',#10020,#4159);
#3486=LINE('',#10024,#4160);
#3487=LINE('',#10028,#4161);
#3488=LINE('',#10030,#4162);
#3489=LINE('',#10032,#4163);
#3490=LINE('',#10034,#4164);
#3491=LINE('',#10039,#4165);
#3492=LINE('',#10043,#4166);
#3493=LINE('',#10045,#4167);
#3494=LINE('',#10047,#4168);
#3495=LINE('',#10049,#4169);
#3496=LINE('',#10051,#4170);
#3497=LINE('',#10053,#4171);
#3498=LINE('',#10055,#4172);
#3499=LINE('',#10057,#4173);
#3500=LINE('',#10059,#4174);
#3501=LINE('',#10062,#4175);
#3502=LINE('',#10066,#4176);
#3503=LINE('',#10068,#4177);
#3504=LINE('',#10070,#4178);
#3505=LINE('',#10076,#4179);
#3506=LINE('',#10078,#4180);
#3507=LINE('',#10080,#4181);
#3508=LINE('',#10082,#4182);
#3509=LINE('',#10084,#4183);
#3510=LINE('',#10086,#4184);
#3511=LINE('',#10088,#4185);
#3512=LINE('',#10090,#4186);
#3513=LINE('',#10094,#4187);
#3514=LINE('',#10098,#4188);
#3515=LINE('',#10100,#4189);
#3516=LINE('',#10102,#4190);
#3517=LINE('',#10104,#4191);
#3518=LINE('',#10106,#4192);
#3519=LINE('',#10112,#4193);
#3520=LINE('',#10114,#4194);
#3521=LINE('',#10116,#4195);
#3522=LINE('',#10122,#4196);
#3523=LINE('',#10124,#4197);
#3524=LINE('',#10126,#4198);
#3525=LINE('',#10128,#4199);
#3526=LINE('',#10130,#4200);
#3527=LINE('',#10132,#4201);
#3528=LINE('',#10134,#4202);
#3529=LINE('',#10136,#4203);
#3530=LINE('',#10138,#4204);
#3531=LINE('',#10140,#4205);
#3532=LINE('',#10142,#4206);
#3533=LINE('',#10147,#4207);
#3534=LINE('',#10149,#4208);
#3535=LINE('',#10152,#4209);
#3536=LINE('',#10154,#4210);
#3537=LINE('',#10156,#4211);
#3538=LINE('',#10158,#4212);
#3539=LINE('',#10160,#4213);
#3540=LINE('',#10162,#4214);
#3541=LINE('',#10164,#4215);
#3542=LINE('',#10166,#4216);
#3543=LINE('',#10168,#4217);
#3544=LINE('',#10169,#4218);
#3545=LINE('',#10171,#4219);
#3546=LINE('',#10173,#4220);
#3547=LINE('',#10175,#4221);
#3548=LINE('',#10177,#4222);
#3549=LINE('',#10179,#4223);
#3550=LINE('',#10181,#4224);
#3551=LINE('',#10183,#4225);
#3552=LINE('',#10185,#4226);
#3553=LINE('',#10186,#4227);
#3554=LINE('',#10188,#4228);
#3555=LINE('',#10193,#4229);
#3556=LINE('',#10195,#4230);
#3557=LINE('',#10197,#4231);
#3558=LINE('',#10199,#4232);
#3559=LINE('',#10201,#4233);
#3560=LINE('',#10203,#4234);
#3561=LINE('',#10205,#4235);
#3562=LINE('',#10207,#4236);
#3563=LINE('',#10209,#4237);
#3564=LINE('',#10213,#4238);
#3565=LINE('',#10215,#4239);
#3566=LINE('',#10220,#4240);
#3567=LINE('',#10221,#4241);
#3568=LINE('',#10223,#4242);
#3569=LINE('',#10225,#4243);
#3570=LINE('',#10227,#4244);
#3571=LINE('',#10229,#4245);
#3572=LINE('',#10231,#4246);
#3573=LINE('',#10233,#4247);
#3574=LINE('',#10235,#4248);
#3575=LINE('',#10237,#4249);
#3576=LINE('',#10239,#4250);
#3577=LINE('',#10241,#4251);
#3578=LINE('',#10243,#4252);
#3579=LINE('',#10245,#4253);
#3580=LINE('',#10246,#4254);
#3581=LINE('',#10248,#4255);
#3582=LINE('',#10249,#4256);
#3583=LINE('',#10251,#4257);
#3584=LINE('',#10253,#4258);
#3585=LINE('',#10255,#4259);
#3586=LINE('',#10257,#4260);
#3587=LINE('',#10259,#4261);
#3588=LINE('',#10261,#4262);
#3589=LINE('',#10263,#4263);
#3590=LINE('',#10265,#4264);
#3591=LINE('',#10269,#4265);
#3592=LINE('',#10271,#4266);
#3593=LINE('',#10273,#4267);
#3594=LINE('',#10275,#4268);
#3595=LINE('',#10277,#4269);
#3596=LINE('',#10285,#4270);
#3597=LINE('',#10290,#4271);
#3598=LINE('',#10291,#4272);
#3599=LINE('',#10292,#4273);
#3600=LINE('',#10293,#4274);
#3601=LINE('',#10294,#4275);
#3602=LINE('',#10296,#4276);
#3603=LINE('',#10298,#4277);
#3604=LINE('',#10300,#4278);
#3605=LINE('',#10302,#4279);
#3606=LINE('',#10303,#4280);
#3607=LINE('',#10305,#4281);
#3608=LINE('',#10307,#4282);
#3609=LINE('',#10309,#4283);
#3610=LINE('',#10311,#4284);
#3611=LINE('',#10313,#4285);
#3612=LINE('',#10314,#4286);
#3613=LINE('',#10316,#4287);
#3614=LINE('',#10318,#4288);
#3615=LINE('',#10320,#4289);
#3616=LINE('',#10321,#4290);
#3617=LINE('',#10322,#4291);
#3618=LINE('',#10323,#4292);
#3619=LINE('',#10325,#4293);
#3620=LINE('',#10327,#4294);
#3621=LINE('',#10329,#4295);
#3622=LINE('',#10331,#4296);
#3623=LINE('',#10333,#4297);
#3624=LINE('',#10335,#4298);
#3625=LINE('',#10338,#4299);
#3626=LINE('',#10340,#4300);
#3627=LINE('',#10341,#4301);
#3628=LINE('',#10343,#4302);
#3629=LINE('',#10345,#4303);
#3630=LINE('',#10348,#4304);
#3631=LINE('',#10350,#4305);
#3632=LINE('',#10351,#4306);
#3633=LINE('',#10353,#4307);
#3634=LINE('',#10355,#4308);
#3635=LINE('',#10356,#4309);
#3636=LINE('',#10357,#4310);
#3637=LINE('',#10358,#4311);
#3638=LINE('',#10359,#4312);
#3639=LINE('',#10361,#4313);
#3640=LINE('',#10363,#4314);
#3641=LINE('',#10364,#4315);
#3642=LINE('',#10366,#4316);
#3643=LINE('',#10368,#4317);
#3644=LINE('',#10370,#4318);
#3645=LINE('',#10375,#4319);
#3646=LINE('',#10379,#4320);
#3647=LINE('',#10381,#4321);
#3648=LINE('',#10382,#4322);
#3649=LINE('',#10383,#4323);
#3650=LINE('',#10385,#4324);
#3651=LINE('',#10387,#4325);
#3652=LINE('',#10388,#4326);
#3653=LINE('',#10390,#4327);
#3654=LINE('',#10392,#4328);
#3655=LINE('',#10393,#4329);
#3656=LINE('',#10394,#4330);
#3657=LINE('',#10396,#4331);
#3658=LINE('',#10398,#4332);
#3659=LINE('',#10400,#4333);
#3660=LINE('',#10402,#4334);
#3661=LINE('',#10404,#4335);
#3662=LINE('',#10406,#4336);
#3663=LINE('',#10408,#4337);
#3664=LINE('',#10410,#4338);
#3665=LINE('',#10412,#4339);
#3666=LINE('',#10414,#4340);
#3667=LINE('',#10416,#4341);
#3668=LINE('',#10418,#4342);
#3669=LINE('',#10421,#4343);
#3670=LINE('',#10423,#4344);
#3671=LINE('',#10425,#4345);
#3672=LINE('',#10427,#4346);
#3673=LINE('',#10428,#4347);
#3674=LINE('',#10432,#4348);
#3675=LINE('',#10433,#4349);
#3676=LINE('',#10435,#4350);
#3677=LINE('',#10437,#4351);
#3678=LINE('',#10439,#4352);
#3679=LINE('',#10441,#4353);
#3680=LINE('',#10444,#4354);
#3681=LINE('',#10448,#4355);
#3682=LINE('',#10449,#4356);
#3683=LINE('',#10450,#4357);
#3684=LINE('',#10456,#4358);
#3685=LINE('',#10459,#4359);
#3686=LINE('',#10463,#4360);
#3687=LINE('',#10464,#4361);
#3688=LINE('',#10466,#4362);
#3689=LINE('',#10468,#4363);
#3690=LINE('',#10470,#4364);
#3691=LINE('',#10471,#4365);
#3692=LINE('',#10472,#4366);
#3693=LINE('',#10474,#4367);
#3694=LINE('',#10476,#4368);
#3695=LINE('',#10478,#4369);
#3696=LINE('',#10479,#4370);
#3697=LINE('',#10480,#4371);
#3698=LINE('',#10481,#4372);
#3699=LINE('',#10486,#4373);
#3700=LINE('',#10487,#4374);
#3701=LINE('',#10489,#4375);
#3702=LINE('',#10491,#4376);
#3703=LINE('',#10494,#4377);
#3704=LINE('',#10496,#4378);
#3705=LINE('',#10497,#4379);
#3706=LINE('',#10498,#4380);
#3707=LINE('',#10499,#4381);
#3708=LINE('',#10501,#4382);
#3709=LINE('',#10507,#4383);
#3710=LINE('',#10512,#4384);
#3711=LINE('',#10516,#4385);
#3712=LINE('',#10520,#4386);
#3713=LINE('',#10523,#4387);
#3714=LINE('',#10528,#4388);
#3715=LINE('',#10532,#4389);
#3716=LINE('',#10536,#4390);
#3717=LINE('',#10539,#4391);
#3718=LINE('',#10544,#4392);
#3719=LINE('',#10548,#4393);
#3720=LINE('',#10552,#4394);
#3721=LINE('',#10555,#4395);
#3722=LINE('',#10560,#4396);
#3723=LINE('',#10564,#4397);
#3724=LINE('',#10568,#4398);
#3725=LINE('',#10571,#4399);
#3726=LINE('',#10573,#4400);
#3727=LINE('',#10575,#4401);
#3728=LINE('',#10576,#4402);
#3729=LINE('',#10577,#4403);
#3730=LINE('',#10579,#4404);
#3731=LINE('',#10582,#4405);
#3732=LINE('',#10583,#4406);
#3733=LINE('',#10585,#4407);
#3734=LINE('',#10587,#4408);
#3735=LINE('',#10589,#4409);
#3736=LINE('',#10591,#4410);
#3737=LINE('',#10592,#4411);
#3738=LINE('',#10594,#4412);
#3739=LINE('',#10595,#4413);
#3740=LINE('',#10597,#4414);
#3741=LINE('',#10599,#4415);
#3742=LINE('',#10601,#4416);
#3743=LINE('',#10603,#4417);
#3744=LINE('',#10604,#4418);
#3745=LINE('',#10606,#4419);
#3746=LINE('',#10608,#4420);
#3747=LINE('',#10612,#4421);
#3748=LINE('',#10614,#4422);
#3749=LINE('',#10616,#4423);
#3750=LINE('',#10620,#4424);
#3751=LINE('',#10622,#4425);
#3752=LINE('',#10629,#4426);
#3753=LINE('',#10632,#4427);
#3754=LINE('',#10637,#4428);
#3755=LINE('',#10640,#4429);
#3756=LINE('',#10644,#4430);
#3757=LINE('',#10646,#4431);
#3758=LINE('',#10649,#4432);
#3759=LINE('',#10651,#4433);
#3760=LINE('',#10654,#4434);
#3761=LINE('',#10657,#4435);
#3762=LINE('',#10659,#4436);
#3763=LINE('',#10663,#4437);
#3764=LINE('',#10665,#4438);
#3765=LINE('',#10669,#4439);
#3766=LINE('',#10673,#4440);
#3767=LINE('',#10675,#4441);
#3768=LINE('',#10677,#4442);
#3769=LINE('',#10681,#4443);
#3770=LINE('',#10683,#4444);
#3771=LINE('',#10685,#4445);
#3772=LINE('',#10689,#4446);
#3773=LINE('',#10691,#4447);
#3774=LINE('',#10693,#4448);
#3775=LINE('',#10697,#4449);
#3776=LINE('',#10699,#4450);
#3777=LINE('',#10701,#4451);
#3778=LINE('',#10705,#4452);
#3779=LINE('',#10707,#4453);
#3780=LINE('',#10710,#4454);
#3781=LINE('',#10714,#4455);
#3782=LINE('',#10716,#4456);
#3783=LINE('',#10718,#4457);
#3784=LINE('',#10722,#4458);
#3785=LINE('',#10724,#4459);
#3786=LINE('',#10726,#4460);
#3787=LINE('',#10730,#4461);
#3788=LINE('',#10732,#4462);
#3789=LINE('',#10734,#4463);
#3790=LINE('',#10738,#4464);
#3791=LINE('',#10740,#4465);
#3792=LINE('',#10743,#4466);
#3793=LINE('',#10747,#4467);
#3794=LINE('',#10749,#4468);
#3795=LINE('',#10751,#4469);
#3796=LINE('',#10755,#4470);
#3797=LINE('',#10757,#4471);
#3798=LINE('',#10759,#4472);
#3799=LINE('',#10763,#4473);
#3800=LINE('',#10765,#4474);
#3801=LINE('',#10767,#4475);
#3802=LINE('',#10771,#4476);
#3803=LINE('',#10773,#4477);
#3804=LINE('',#10776,#4478);
#3805=LINE('',#10780,#4479);
#3806=LINE('',#10782,#4480);
#3807=LINE('',#10784,#4481);
#3808=LINE('',#10788,#4482);
#3809=LINE('',#10790,#4483);
#3810=LINE('',#10792,#4484);
#3811=LINE('',#10796,#4485);
#3812=LINE('',#10798,#4486);
#3813=LINE('',#10800,#4487);
#3814=LINE('',#10804,#4488);
#3815=LINE('',#10806,#4489);
#3816=LINE('',#10817,#4490);
#3817=LINE('',#10820,#4491);
#3818=LINE('',#10823,#4492);
#3819=LINE('',#10826,#4493);
#3820=LINE('',#10830,#4494);
#3821=LINE('',#10837,#4495);
#3822=LINE('',#10839,#4496);
#3823=LINE('',#10841,#4497);
#3824=LINE('',#10844,#4498);
#3825=LINE('',#10846,#4499);
#3826=LINE('',#10848,#4500);
#3827=LINE('',#10850,#4501);
#3828=LINE('',#10852,#4502);
#3829=LINE('',#10861,#4503);
#3830=LINE('',#10865,#4504);
#3831=LINE('',#10866,#4505);
#3832=LINE('',#10868,#4506);
#3833=LINE('',#10875,#4507);
#3834=LINE('',#10877,#4508);
#3835=LINE('',#10879,#4509);
#3836=LINE('',#10882,#4510);
#3837=LINE('',#10884,#4511);
#3838=LINE('',#10886,#4512);
#3839=LINE('',#10888,#4513);
#3840=LINE('',#10892,#4514);
#3841=LINE('',#10895,#4515);
#3842=LINE('',#10897,#4516);
#3843=LINE('',#10899,#4517);
#3844=LINE('',#10910,#4518);
#3845=LINE('',#10912,#4519);
#3846=LINE('',#10915,#4520);
#3847=LINE('',#10918,#4521);
#3848=LINE('',#10924,#4522);
#3849=LINE('',#10926,#4523);
#3850=LINE('',#10929,#4524);
#3851=LINE('',#10932,#4525);
#3852=LINE('',#10939,#4526);
#3853=LINE('',#10943,#4527);
#3854=LINE('',#10945,#4528);
#3855=LINE('',#10947,#4529);
#3856=LINE('',#10949,#4530);
#3857=LINE('',#10951,#4531);
#3858=LINE('',#10954,#4532);
#3859=LINE('',#10956,#4533);
#3860=LINE('',#10960,#4534);
#3861=LINE('',#10964,#4535);
#3862=LINE('',#10966,#4536);
#3863=LINE('',#10968,#4537);
#3864=LINE('',#10972,#4538);
#3865=LINE('',#10976,#4539);
#3866=LINE('',#10981,#4540);
#3867=LINE('',#10985,#4541);
#3868=LINE('',#10987,#4542);
#3869=LINE('',#10989,#4543);
#3870=LINE('',#10993,#4544);
#3871=LINE('',#10997,#4545);
#3872=LINE('',#10999,#4546);
#3873=LINE('',#11005,#4547);
#3874=LINE('',#11007,#4548);
#3875=LINE('',#11008,#4549);
#3876=LINE('',#11013,#4550);
#3877=LINE('',#11015,#4551);
#3878=LINE('',#11017,#4552);
#3879=LINE('',#11019,#4553);
#3880=LINE('',#11021,#4554);
#3881=LINE('',#11023,#4555);
#3882=LINE('',#11025,#4556);
#3883=LINE('',#11027,#4557);
#3884=LINE('',#11029,#4558);
#3885=LINE('',#11031,#4559);
#3886=LINE('',#11037,#4560);
#3887=LINE('',#11041,#4561);
#3888=LINE('',#11043,#4562);
#3889=LINE('',#11045,#4563);
#3890=LINE('',#11047,#4564);
#3891=LINE('',#11049,#4565);
#3892=LINE('',#11051,#4566);
#3893=LINE('',#11053,#4567);
#3894=LINE('',#11055,#4568);
#3895=LINE('',#11057,#4569);
#3896=LINE('',#11059,#4570);
#3897=LINE('',#11063,#4571);
#3898=LINE('',#11067,#4572);
#3899=LINE('',#11069,#4573);
#3900=LINE('',#11071,#4574);
#3901=LINE('',#11073,#4575);
#3902=LINE('',#11075,#4576);
#3903=LINE('',#11077,#4577);
#3904=LINE('',#11091,#4578);
#3905=LINE('',#11095,#4579);
#3906=LINE('',#11097,#4580);
#3907=LINE('',#11099,#4581);
#3908=LINE('',#11103,#4582);
#3909=LINE('',#11107,#4583);
#3910=LINE('',#11111,#4584);
#3911=LINE('',#11113,#4585);
#3912=LINE('',#11115,#4586);
#3913=LINE('',#11119,#4587);
#3914=LINE('',#11123,#4588);
#3915=LINE('',#11125,#4589);
#3916=LINE('',#11127,#4590);
#3917=LINE('',#11129,#4591);
#3918=LINE('',#11131,#4592);
#3919=LINE('',#11133,#4593);
#3920=LINE('',#11135,#4594);
#3921=LINE('',#11137,#4595);
#3922=LINE('',#11143,#4596);
#3923=LINE('',#11147,#4597);
#3924=LINE('',#11149,#4598);
#3925=LINE('',#11151,#4599);
#3926=LINE('',#11153,#4600);
#3927=LINE('',#11155,#4601);
#3928=LINE('',#11157,#4602);
#3929=LINE('',#11159,#4603);
#3930=LINE('',#11161,#4604);
#3931=LINE('',#11163,#4605);
#3932=LINE('',#11165,#4606);
#3933=LINE('',#11169,#4607);
#3934=LINE('',#11173,#4608);
#3935=LINE('',#11175,#4609);
#3936=LINE('',#11177,#4610);
#3937=LINE('',#11179,#4611);
#3938=LINE('',#11181,#4612);
#3939=LINE('',#11183,#4613);
#3940=LINE('',#11195,#4614);
#3941=LINE('',#11199,#4615);
#3942=LINE('',#11201,#4616);
#3943=LINE('',#11203,#4617);
#3944=LINE('',#11207,#4618);
#3945=LINE('',#11215,#4619);
#3946=LINE('',#11219,#4620);
#3947=LINE('',#11221,#4621);
#3948=LINE('',#11223,#4622);
#3949=LINE('',#11227,#4623);
#3950=LINE('',#11229,#4624);
#3951=LINE('',#11231,#4625);
#3952=LINE('',#11233,#4626);
#3953=LINE('',#11235,#4627);
#3954=LINE('',#11237,#4628);
#3955=LINE('',#11239,#4629);
#3956=LINE('',#11241,#4630);
#3957=LINE('',#11243,#4631);
#3958=LINE('',#11249,#4632);
#3959=LINE('',#11253,#4633);
#3960=LINE('',#11255,#4634);
#3961=LINE('',#11257,#4635);
#3962=LINE('',#11259,#4636);
#3963=LINE('',#11261,#4637);
#3964=LINE('',#11263,#4638);
#3965=LINE('',#11265,#4639);
#3966=LINE('',#11267,#4640);
#3967=LINE('',#11269,#4641);
#3968=LINE('',#11271,#4642);
#3969=LINE('',#11275,#4643);
#3970=LINE('',#11279,#4644);
#3971=LINE('',#11281,#4645);
#3972=LINE('',#11283,#4646);
#3973=LINE('',#11285,#4647);
#3974=LINE('',#11287,#4648);
#3975=LINE('',#11289,#4649);
#3976=LINE('',#11301,#4650);
#3977=LINE('',#11305,#4651);
#3978=LINE('',#11307,#4652);
#3979=LINE('',#11309,#4653);
#3980=LINE('',#11313,#4654);
#3981=LINE('',#11321,#4655);
#3982=LINE('',#11325,#4656);
#3983=LINE('',#11327,#4657);
#3984=LINE('',#11329,#4658);
#3985=LINE('',#11333,#4659);
#3986=LINE('',#11335,#4660);
#3987=LINE('',#11337,#4661);
#3988=LINE('',#11339,#4662);
#3989=LINE('',#11341,#4663);
#3990=LINE('',#11343,#4664);
#3991=LINE('',#11345,#4665);
#3992=LINE('',#11347,#4666);
#3993=LINE('',#11349,#4667);
#3994=LINE('',#11353,#4668);
#3995=LINE('',#11356,#4669);
#3996=LINE('',#11358,#4670);
#3997=LINE('',#11360,#4671);
#3998=LINE('',#11362,#4672);
#3999=LINE('',#11365,#4673);
#4000=LINE('',#11367,#4674);
#4001=LINE('',#11369,#4675);
#4002=LINE('',#11371,#4676);
#4003=LINE('',#11373,#4677);
#4004=LINE('',#11375,#4678);
#4005=LINE('',#11377,#4679);
#4006=LINE('',#11379,#4680);
#4007=LINE('',#11381,#4681);
#4008=LINE('',#11383,#4682);
#4009=LINE('',#11384,#4683);
#4010=LINE('',#11386,#4684);
#4011=LINE('',#11388,#4685);
#4012=LINE('',#11391,#4686);
#4013=LINE('',#11393,#4687);
#4014=LINE('',#11394,#4688);
#4015=LINE('',#11396,#4689);
#4016=LINE('',#11398,#4690);
#4017=LINE('',#11400,#4691);
#4018=LINE('',#11402,#4692);
#4019=LINE('',#11404,#4693);
#4020=LINE('',#11406,#4694);
#4021=LINE('',#11408,#4695);
#4022=LINE('',#11410,#4696);
#4023=LINE('',#11412,#4697);
#4024=LINE('',#11414,#4698);
#4025=LINE('',#11416,#4699);
#4026=LINE('',#11418,#4700);
#4027=LINE('',#11420,#4701);
#4028=LINE('',#11422,#4702);
#4029=LINE('',#11424,#4703);
#4030=LINE('',#11426,#4704);
#4031=LINE('',#11429,#4705);
#4032=LINE('',#11430,#4706);
#4033=LINE('',#11432,#4707);
#4034=LINE('',#11434,#4708);
#4035=LINE('',#11436,#4709);
#4036=LINE('',#11438,#4710);
#4037=LINE('',#11440,#4711);
#4038=LINE('',#11442,#4712);
#4039=LINE('',#11444,#4713);
#4040=LINE('',#11446,#4714);
#4041=LINE('',#11448,#4715);
#4042=LINE('',#11450,#4716);
#4043=LINE('',#11452,#4717);
#4044=LINE('',#11454,#4718);
#4045=LINE('',#11457,#4719);
#4046=LINE('',#11458,#4720);
#4047=LINE('',#11460,#4721);
#4048=LINE('',#11462,#4722);
#4049=LINE('',#11464,#4723);
#4050=LINE('',#11466,#4724);
#4051=LINE('',#11468,#4725);
#4052=LINE('',#11470,#4726);
#4053=LINE('',#11472,#4727);
#4054=LINE('',#11474,#4728);
#4055=LINE('',#11476,#4729);
#4056=LINE('',#11478,#4730);
#4057=LINE('',#11480,#4731);
#4058=LINE('',#11482,#4732);
#4059=LINE('',#11485,#4733);
#4060=LINE('',#11486,#4734);
#4061=LINE('',#11488,#4735);
#4062=LINE('',#11490,#4736);
#4063=LINE('',#11492,#4737);
#4064=LINE('',#11494,#4738);
#4065=LINE('',#11496,#4739);
#4066=LINE('',#11498,#4740);
#4067=LINE('',#11499,#4741);
#4068=LINE('',#11502,#4742);
#4069=LINE('',#11505,#4743);
#4070=LINE('',#11506,#4744);
#4071=LINE('',#11507,#4745);
#4072=LINE('',#11508,#4746);
#4073=LINE('',#11509,#4747);
#4074=LINE('',#11511,#4748);
#4075=LINE('',#11516,#4749);
#4076=LINE('',#11518,#4750);
#4077=LINE('',#11520,#4751);
#4078=LINE('',#11522,#4752);
#4079=LINE('',#11524,#4753);
#4080=LINE('',#11526,#4754);
#4081=LINE('',#11528,#4755);
#4082=LINE('',#11530,#4756);
#4083=LINE('',#11532,#4757);
#4084=LINE('',#11534,#4758);
#4085=LINE('',#11536,#4759);
#4086=LINE('',#11537,#4760);
#4087=VECTOR('',#8199,1000.);
#4088=VECTOR('',#8202,1000.);
#4089=VECTOR('',#8203,1000.);
#4090=VECTOR('',#8206,1000.);
#4091=VECTOR('',#8209,1000.);
#4092=VECTOR('',#8210,1000.);
#4093=VECTOR('',#8213,1000.);
#4094=VECTOR('',#8216,1000.);
#4095=VECTOR('',#8217,1000.);
#4096=VECTOR('',#8220,1000.);
#4097=VECTOR('',#8223,1000.);
#4098=VECTOR('',#8224,1000.);
#4099=VECTOR('',#8227,1000.);
#4100=VECTOR('',#8228,1000.);
#4101=VECTOR('',#8231,1000.);
#4102=VECTOR('',#8234,1000.);
#4103=VECTOR('',#8235,1000.);
#4104=VECTOR('',#8238,1000.);
#4105=VECTOR('',#8241,1000.);
#4106=VECTOR('',#8242,1000.);
#4107=VECTOR('',#8245,1000.);
#4108=VECTOR('',#8248,1000.);
#4109=VECTOR('',#8249,1000.);
#4110=VECTOR('',#8252,1000.);
#4111=VECTOR('',#8255,1000.);
#4112=VECTOR('',#8256,1000.);
#4113=VECTOR('',#8259,1000.);
#4114=VECTOR('',#8260,1000.);
#4115=VECTOR('',#8265,1000.);
#4116=VECTOR('',#8266,1000.);
#4117=VECTOR('',#8267,1000.);
#4118=VECTOR('',#8272,1000.);
#4119=VECTOR('',#8273,1000.);
#4120=VECTOR('',#8274,1000.);
#4121=VECTOR('',#8277,1000.);
#4122=VECTOR('',#8278,1000.);
#4123=VECTOR('',#8281,1000.);
#4124=VECTOR('',#8282,1000.);
#4125=VECTOR('',#8283,1000.);
#4126=VECTOR('',#8284,1000.);
#4127=VECTOR('',#8285,1000.);
#4128=VECTOR('',#8286,1000.);
#4129=VECTOR('',#8287,1000.);
#4130=VECTOR('',#8290,1000.);
#4131=VECTOR('',#8291,1000.);
#4132=VECTOR('',#8294,1000.);
#4133=VECTOR('',#8297,1000.);
#4134=VECTOR('',#8298,1000.);
#4135=VECTOR('',#8301,1000.);
#4136=VECTOR('',#8302,1000.);
#4137=VECTOR('',#8303,1000.);
#4138=VECTOR('',#8304,1000.);
#4139=VECTOR('',#8309,1000.);
#4140=VECTOR('',#8310,1000.);
#4141=VECTOR('',#8311,1000.);
#4142=VECTOR('',#8312,1000.);
#4143=VECTOR('',#8313,1000.);
#4144=VECTOR('',#8318,1000.);
#4145=VECTOR('',#8319,1000.);
#4146=VECTOR('',#8320,1000.);
#4147=VECTOR('',#8321,1000.);
#4148=VECTOR('',#8322,1000.);
#4149=VECTOR('',#8327,1000.);
#4150=VECTOR('',#8330,1000.);
#4151=VECTOR('',#8333,1000.);
#4152=VECTOR('',#8334,1000.);
#4153=VECTOR('',#8335,1000.);
#4154=VECTOR('',#8338,1000.);
#4155=VECTOR('',#8341,1000.);
#4156=VECTOR('',#8344,1000.);
#4157=VECTOR('',#8347,1000.);
#4158=VECTOR('',#8348,1000.);
#4159=VECTOR('',#8349,1000.);
#4160=VECTOR('',#8352,1000.);
#4161=VECTOR('',#8355,1000.);
#4162=VECTOR('',#8356,1000.);
#4163=VECTOR('',#8357,1000.);
#4164=VECTOR('',#8360,1000.);
#4165=VECTOR('',#8363,1000.);
#4166=VECTOR('',#8366,1000.);
#4167=VECTOR('',#8367,1000.);
#4168=VECTOR('',#8368,1000.);
#4169=VECTOR('',#8369,1000.);
#4170=VECTOR('',#8370,1000.);
#4171=VECTOR('',#8371,1000.);
#4172=VECTOR('',#8372,1000.);
#4173=VECTOR('',#8373,1000.);
#4174=VECTOR('',#8376,1000.);
#4175=VECTOR('',#8377,1000.);
#4176=VECTOR('',#8380,1000.);
#4177=VECTOR('',#8381,1000.);
#4178=VECTOR('',#8382,1000.);
#4179=VECTOR('',#8389,1000.);
#4180=VECTOR('',#8390,1000.);
#4181=VECTOR('',#8391,1000.);
#4182=VECTOR('',#8392,1000.);
#4183=VECTOR('',#8393,1000.);
#4184=VECTOR('',#8394,1000.);
#4185=VECTOR('',#8395,1000.);
#4186=VECTOR('',#8396,1000.);
#4187=VECTOR('',#8399,1000.);
#4188=VECTOR('',#8402,1000.);
#4189=VECTOR('',#8403,1000.);
#4190=VECTOR('',#8404,1000.);
#4191=VECTOR('',#8405,1000.);
#4192=VECTOR('',#8406,1000.);
#4193=VECTOR('',#8411,1000.);
#4194=VECTOR('',#8412,1000.);
#4195=VECTOR('',#8413,1000.);
#4196=VECTOR('',#8418,1000.);
#4197=VECTOR('',#8419,1000.);
#4198=VECTOR('',#8420,1000.);
#4199=VECTOR('',#8421,1000.);
#4200=VECTOR('',#8422,1000.);
#4201=VECTOR('',#8423,1000.);
#4202=VECTOR('',#8424,1000.);
#4203=VECTOR('',#8425,1000.);
#4204=VECTOR('',#8426,1000.);
#4205=VECTOR('',#8427,1000.);
#4206=VECTOR('',#8428,1000.);
#4207=VECTOR('',#8433,1000.);
#4208=VECTOR('',#8436,1000.);
#4209=VECTOR('',#8437,1000.);
#4210=VECTOR('',#8438,1000.);
#4211=VECTOR('',#8439,1000.);
#4212=VECTOR('',#8442,1000.);
#4213=VECTOR('',#8443,1000.);
#4214=VECTOR('',#8444,1000.);
#4215=VECTOR('',#8447,1000.);
#4216=VECTOR('',#8448,1000.);
#4217=VECTOR('',#8449,1000.);
#4218=VECTOR('',#8450,1000.);
#4219=VECTOR('',#8451,1000.);
#4220=VECTOR('',#8452,1000.);
#4221=VECTOR('',#8453,1000.);
#4222=VECTOR('',#8456,1000.);
#4223=VECTOR('',#8457,1000.);
#4224=VECTOR('',#8458,1000.);
#4225=VECTOR('',#8459,1000.);
#4226=VECTOR('',#8460,1000.);
#4227=VECTOR('',#8461,1000.);
#4228=VECTOR('',#8462,1000.);
#4229=VECTOR('',#8467,1000.);
#4230=VECTOR('',#8468,1000.);
#4231=VECTOR('',#8469,1000.);
#4232=VECTOR('',#8470,1000.);
#4233=VECTOR('',#8471,1000.);
#4234=VECTOR('',#8472,1000.);
#4235=VECTOR('',#8473,1000.);
#4236=VECTOR('',#8474,1000.);
#4237=VECTOR('',#8475,1000.);
#4238=VECTOR('',#8478,1000.);
#4239=VECTOR('',#8481,1000.);
#4240=VECTOR('',#8484,1000.);
#4241=VECTOR('',#8485,1000.);
#4242=VECTOR('',#8486,1000.);
#4243=VECTOR('',#8489,1000.);
#4244=VECTOR('',#8490,1000.);
#4245=VECTOR('',#8491,1000.);
#4246=VECTOR('',#8492,1000.);
#4247=VECTOR('',#8493,1000.);
#4248=VECTOR('',#8494,1000.);
#4249=VECTOR('',#8495,1000.);
#4250=VECTOR('',#8496,1000.);
#4251=VECTOR('',#8497,1000.);
#4252=VECTOR('',#8498,1000.);
#4253=VECTOR('',#8499,1000.);
#4254=VECTOR('',#8500,1000.);
#4255=VECTOR('',#8501,1000.);
#4256=VECTOR('',#8502,1000.);
#4257=VECTOR('',#8503,1000.);
#4258=VECTOR('',#8504,1000.);
#4259=VECTOR('',#8505,1000.);
#4260=VECTOR('',#8506,1000.);
#4261=VECTOR('',#8507,1000.);
#4262=VECTOR('',#8508,1000.);
#4263=VECTOR('',#8511,1000.);
#4264=VECTOR('',#8514,1000.);
#4265=VECTOR('',#8517,1000.);
#4266=VECTOR('',#8518,1000.);
#4267=VECTOR('',#8519,1000.);
#4268=VECTOR('',#8520,1000.);
#4269=VECTOR('',#8521,1000.);
#4270=VECTOR('',#8530,1000.);
#4271=VECTOR('',#8535,1000.);
#4272=VECTOR('',#8536,1000.);
#4273=VECTOR('',#8537,1000.);
#4274=VECTOR('',#8538,1000.);
#4275=VECTOR('',#8539,1000.);
#4276=VECTOR('',#8540,1000.);
#4277=VECTOR('',#8541,1000.);
#4278=VECTOR('',#8542,1000.);
#4279=VECTOR('',#8543,1000.);
#4280=VECTOR('',#8544,1000.);
#4281=VECTOR('',#8545,1000.);
#4282=VECTOR('',#8546,1000.);
#4283=VECTOR('',#8547,1000.);
#4284=VECTOR('',#8548,1000.);
#4285=VECTOR('',#8549,1000.);
#4286=VECTOR('',#8550,1000.);
#4287=VECTOR('',#8551,1000.);
#4288=VECTOR('',#8552,1000.);
#4289=VECTOR('',#8553,1000.);
#4290=VECTOR('',#8554,1000.);
#4291=VECTOR('',#8555,1000.);
#4292=VECTOR('',#8556,1000.);
#4293=VECTOR('',#8559,1000.);
#4294=VECTOR('',#8560,1000.);
#4295=VECTOR('',#8561,1000.);
#4296=VECTOR('',#8564,1000.);
#4297=VECTOR('',#8565,1000.);
#4298=VECTOR('',#8568,1000.);
#4299=VECTOR('',#8569,1000.);
#4300=VECTOR('',#8570,1000.);
#4301=VECTOR('',#8571,1000.);
#4302=VECTOR('',#8572,1000.);
#4303=VECTOR('',#8575,1000.);
#4304=VECTOR('',#8576,1000.);
#4305=VECTOR('',#8577,1000.);
#4306=VECTOR('',#8578,1000.);
#4307=VECTOR('',#8581,1000.);
#4308=VECTOR('',#8582,1000.);
#4309=VECTOR('',#8583,1000.);
#4310=VECTOR('',#8584,1000.);
#4311=VECTOR('',#8585,1000.);
#4312=VECTOR('',#8586,1000.);
#4313=VECTOR('',#8587,1000.);
#4314=VECTOR('',#8588,1000.);
#4315=VECTOR('',#8589,1000.);
#4316=VECTOR('',#8590,1000.);
#4317=VECTOR('',#8591,1000.);
#4318=VECTOR('',#8592,1000.);
#4319=VECTOR('',#8597,1000.);
#4320=VECTOR('',#8600,1000.);
#4321=VECTOR('',#8601,1000.);
#4322=VECTOR('',#8602,1000.);
#4323=VECTOR('',#8603,1000.);
#4324=VECTOR('',#8604,1000.);
#4325=VECTOR('',#8605,1000.);
#4326=VECTOR('',#8606,1000.);
#4327=VECTOR('',#8607,1000.);
#4328=VECTOR('',#8608,1000.);
#4329=VECTOR('',#8609,1000.);
#4330=VECTOR('',#8610,1000.);
#4331=VECTOR('',#8611,1000.);
#4332=VECTOR('',#8614,1000.);
#4333=VECTOR('',#8615,1000.);
#4334=VECTOR('',#8616,1000.);
#4335=VECTOR('',#8619,1000.);
#4336=VECTOR('',#8620,1000.);
#4337=VECTOR('',#8621,1000.);
#4338=VECTOR('',#8624,1000.);
#4339=VECTOR('',#8625,1000.);
#4340=VECTOR('',#8628,1000.);
#4341=VECTOR('',#8629,1000.);
#4342=VECTOR('',#8632,1000.);
#4343=VECTOR('',#8633,1000.);
#4344=VECTOR('',#8634,1000.);
#4345=VECTOR('',#8635,1000.);
#4346=VECTOR('',#8638,1000.);
#4347=VECTOR('',#8639,1000.);
#4348=VECTOR('',#8644,1000.);
#4349=VECTOR('',#8645,1000.);
#4350=VECTOR('',#8646,1000.);
#4351=VECTOR('',#8647,1000.);
#4352=VECTOR('',#8650,1000.);
#4353=VECTOR('',#8651,1000.);
#4354=VECTOR('',#8656,1000.);
#4355=VECTOR('',#8659,1000.);
#4356=VECTOR('',#8660,1000.);
#4357=VECTOR('',#8661,1000.);
#4358=VECTOR('',#8668,1000.);
#4359=VECTOR('',#8671,1000.);
#4360=VECTOR('',#8676,1000.);
#4361=VECTOR('',#8677,1000.);
#4362=VECTOR('',#8680,1000.);
#4363=VECTOR('',#8681,1000.);
#4364=VECTOR('',#8682,1000.);
#4365=VECTOR('',#8683,1000.);
#4366=VECTOR('',#8684,1000.);
#4367=VECTOR('',#8687,1000.);
#4368=VECTOR('',#8688,1000.);
#4369=VECTOR('',#8689,1000.);
#4370=VECTOR('',#8690,1000.);
#4371=VECTOR('',#8691,1000.);
#4372=VECTOR('',#8692,1000.);
#4373=VECTOR('',#8697,1000.);
#4374=VECTOR('',#8698,1000.);
#4375=VECTOR('',#8699,1000.);
#4376=VECTOR('',#8700,1000.);
#4377=VECTOR('',#8703,1000.);
#4378=VECTOR('',#8706,1000.);
#4379=VECTOR('',#8707,1000.);
#4380=VECTOR('',#8708,1000.);
#4381=VECTOR('',#8709,1000.);
#4382=VECTOR('',#8712,1000.);
#4383=VECTOR('',#8719,1000.);
#4384=VECTOR('',#8722,1000.);
#4385=VECTOR('',#8725,1000.);
#4386=VECTOR('',#8728,1000.);
#4387=VECTOR('',#8731,1000.);
#4388=VECTOR('',#8734,1000.);
#4389=VECTOR('',#8737,1000.);
#4390=VECTOR('',#8740,1000.);
#4391=VECTOR('',#8743,1000.);
#4392=VECTOR('',#8746,1000.);
#4393=VECTOR('',#8749,1000.);
#4394=VECTOR('',#8752,1000.);
#4395=VECTOR('',#8755,1000.);
#4396=VECTOR('',#8758,1000.);
#4397=VECTOR('',#8761,1000.);
#4398=VECTOR('',#8764,1000.);
#4399=VECTOR('',#8767,1000.);
#4400=VECTOR('',#8770,1000.);
#4401=VECTOR('',#8773,1000.);
#4402=VECTOR('',#8774,1000.);
#4403=VECTOR('',#8775,1000.);
#4404=VECTOR('',#8778,1000.);
#4405=VECTOR('',#8779,1000.);
#4406=VECTOR('',#8780,1000.);
#4407=VECTOR('',#8783,1000.);
#4408=VECTOR('',#8784,1000.);
#4409=VECTOR('',#8785,1000.);
#4410=VECTOR('',#8788,1000.);
#4411=VECTOR('',#8789,1000.);
#4412=VECTOR('',#8792,1000.);
#4413=VECTOR('',#8793,1000.);
#4414=VECTOR('',#8796,1000.);
#4415=VECTOR('',#8797,1000.);
#4416=VECTOR('',#8798,1000.);
#4417=VECTOR('',#8801,1000.);
#4418=VECTOR('',#8802,1000.);
#4419=VECTOR('',#8805,1000.);
#4420=VECTOR('',#8808,1000.);
#4421=VECTOR('',#8813,1000.);
#4422=VECTOR('',#8816,1000.);
#4423=VECTOR('',#8819,1000.);
#4424=VECTOR('',#8824,1000.);
#4425=VECTOR('',#8827,1000.);
#4426=VECTOR('',#8838,1000.);
#4427=VECTOR('',#8841,1000.);
#4428=VECTOR('',#8848,1000.);
#4429=VECTOR('',#8851,1000.);
#4430=VECTOR('',#8858,1000.);
#4431=VECTOR('',#8861,1000.);
#4432=VECTOR('',#8866,1000.);
#4433=VECTOR('',#8869,1000.);
#4434=VECTOR('',#8874,1000.);
#4435=VECTOR('',#8879,1000.);
#4436=VECTOR('',#8882,1000.);
#4437=VECTOR('',#8889,1000.);
#4438=VECTOR('',#8892,1000.);
#4439=VECTOR('',#8897,1000.);
#4440=VECTOR('',#8902,1000.);
#4441=VECTOR('',#8905,1000.);
#4442=VECTOR('',#8908,1000.);
#4443=VECTOR('',#8911,1000.);
#4444=VECTOR('',#8914,1000.);
#4445=VECTOR('',#8915,1000.);
#4446=VECTOR('',#8920,1000.);
#4447=VECTOR('',#8923,1000.);
#4448=VECTOR('',#8924,1000.);
#4449=VECTOR('',#8929,1000.);
#4450=VECTOR('',#8932,1000.);
#4451=VECTOR('',#8933,1000.);
#4452=VECTOR('',#8938,1000.);
#4453=VECTOR('',#8941,1000.);
#4454=VECTOR('',#8946,1000.);
#4455=VECTOR('',#8949,1000.);
#4456=VECTOR('',#8952,1000.);
#4457=VECTOR('',#8953,1000.);
#4458=VECTOR('',#8958,1000.);
#4459=VECTOR('',#8961,1000.);
#4460=VECTOR('',#8962,1000.);
#4461=VECTOR('',#8967,1000.);
#4462=VECTOR('',#8970,1000.);
#4463=VECTOR('',#8971,1000.);
#4464=VECTOR('',#8976,1000.);
#4465=VECTOR('',#8979,1000.);
#4466=VECTOR('',#8984,1000.);
#4467=VECTOR('',#8987,1000.);
#4468=VECTOR('',#8990,1000.);
#4469=VECTOR('',#8991,1000.);
#4470=VECTOR('',#8996,1000.);
#4471=VECTOR('',#8999,1000.);
#4472=VECTOR('',#9000,1000.);
#4473=VECTOR('',#9005,1000.);
#4474=VECTOR('',#9008,1000.);
#4475=VECTOR('',#9009,1000.);
#4476=VECTOR('',#9014,1000.);
#4477=VECTOR('',#9017,1000.);
#4478=VECTOR('',#9022,1000.);
#4479=VECTOR('',#9025,1000.);
#4480=VECTOR('',#9028,1000.);
#4481=VECTOR('',#9029,1000.);
#4482=VECTOR('',#9034,1000.);
#4483=VECTOR('',#9037,1000.);
#4484=VECTOR('',#9038,1000.);
#4485=VECTOR('',#9043,1000.);
#4486=VECTOR('',#9046,1000.);
#4487=VECTOR('',#9047,1000.);
#4488=VECTOR('',#9052,1000.);
#4489=VECTOR('',#9055,1000.);
#4490=VECTOR('',#9072,1000.);
#4491=VECTOR('',#9075,1000.);
#4492=VECTOR('',#9078,1000.);
#4493=VECTOR('',#9081,1000.);
#4494=VECTOR('',#9086,1000.);
#4495=VECTOR('',#9089,1000.);
#4496=VECTOR('',#9092,1000.);
#4497=VECTOR('',#9095,1000.);
#4498=VECTOR('',#9100,1000.);
#4499=VECTOR('',#9103,1000.);
#4500=VECTOR('',#9106,1000.);
#4501=VECTOR('',#9109,1000.);
#4502=VECTOR('',#9112,1000.);
#4503=VECTOR('',#9117,1000.);
#4504=VECTOR('',#9122,1000.);
#4505=VECTOR('',#9123,1000.);
#4506=VECTOR('',#9126,1000.);
#4507=VECTOR('',#9129,1000.);
#4508=VECTOR('',#9132,1000.);
#4509=VECTOR('',#9135,1000.);
#4510=VECTOR('',#9140,1000.);
#4511=VECTOR('',#9143,1000.);
#4512=VECTOR('',#9146,1000.);
#4513=VECTOR('',#9149,1000.);
#4514=VECTOR('',#9154,1000.);
#4515=VECTOR('',#9157,1000.);
#4516=VECTOR('',#9160,1000.);
#4517=VECTOR('',#9163,1000.);
#4518=VECTOR('',#9174,1000.);
#4519=VECTOR('',#9177,1000.);
#4520=VECTOR('',#9182,1000.);
#4521=VECTOR('',#9187,1000.);
#4522=VECTOR('',#9198,1000.);
#4523=VECTOR('',#9201,1000.);
#4524=VECTOR('',#9206,1000.);
#4525=VECTOR('',#9211,1000.);
#4526=VECTOR('',#9222,1000.);
#4527=VECTOR('',#9227,1000.);
#4528=VECTOR('',#9230,1000.);
#4529=VECTOR('',#9231,1000.);
#4530=VECTOR('',#9232,1000.);
#4531=VECTOR('',#9235,1000.);
#4532=VECTOR('',#9236,1000.);
#4533=VECTOR('',#9237,1000.);
#4534=VECTOR('',#9240,1000.);
#4535=VECTOR('',#9243,1000.);
#4536=VECTOR('',#9244,1000.);
#4537=VECTOR('',#9245,1000.);
#4538=VECTOR('',#9248,1000.);
#4539=VECTOR('',#9253,1000.);
#4540=VECTOR('',#9256,1000.);
#4541=VECTOR('',#9259,1000.);
#4542=VECTOR('',#9260,1000.);
#4543=VECTOR('',#9261,1000.);
#4544=VECTOR('',#9264,1000.);
#4545=VECTOR('',#9267,1000.);
#4546=VECTOR('',#9268,1000.);
#4547=VECTOR('',#9275,1000.);
#4548=VECTOR('',#9278,1000.);
#4549=VECTOR('',#9279,1000.);
#4550=VECTOR('',#9288,1000.);
#4551=VECTOR('',#9291,1000.);
#4552=VECTOR('',#9294,1000.);
#4553=VECTOR('',#9297,1000.);
#4554=VECTOR('',#9300,1000.);
#4555=VECTOR('',#9303,1000.);
#4556=VECTOR('',#9306,1000.);
#4557=VECTOR('',#9309,1000.);
#4558=VECTOR('',#9312,1000.);
#4559=VECTOR('',#9315,1000.);
#4560=VECTOR('',#9322,1000.);
#4561=VECTOR('',#9325,1000.);
#4562=VECTOR('',#9328,1000.);
#4563=VECTOR('',#9329,1000.);
#4564=VECTOR('',#9330,1000.);
#4565=VECTOR('',#9333,1000.);
#4566=VECTOR('',#9334,1000.);
#4567=VECTOR('',#9335,1000.);
#4568=VECTOR('',#9338,1000.);
#4569=VECTOR('',#9339,1000.);
#4570=VECTOR('',#9340,1000.);
#4571=VECTOR('',#9345,1000.);
#4572=VECTOR('',#9350,1000.);
#4573=VECTOR('',#9351,1000.);
#4574=VECTOR('',#9352,1000.);
#4575=VECTOR('',#9355,1000.);
#4576=VECTOR('',#9356,1000.);
#4577=VECTOR('',#9357,1000.);
#4578=VECTOR('',#9380,1000.);
#4579=VECTOR('',#9383,1000.);
#4580=VECTOR('',#9384,1000.);
#4581=VECTOR('',#9385,1000.);
#4582=VECTOR('',#9388,1000.);
#4583=VECTOR('',#9393,1000.);
#4584=VECTOR('',#9396,1000.);
#4585=VECTOR('',#9397,1000.);
#4586=VECTOR('',#9398,1000.);
#4587=VECTOR('',#9401,1000.);
#4588=VECTOR('',#9406,1000.);
#4589=VECTOR('',#9409,1000.);
#4590=VECTOR('',#9412,1000.);
#4591=VECTOR('',#9415,1000.);
#4592=VECTOR('',#9418,1000.);
#4593=VECTOR('',#9421,1000.);
#4594=VECTOR('',#9424,1000.);
#4595=VECTOR('',#9427,1000.);
#4596=VECTOR('',#9434,1000.);
#4597=VECTOR('',#9437,1000.);
#4598=VECTOR('',#9440,1000.);
#4599=VECTOR('',#9441,1000.);
#4600=VECTOR('',#9442,1000.);
#4601=VECTOR('',#9445,1000.);
#4602=VECTOR('',#9446,1000.);
#4603=VECTOR('',#9447,1000.);
#4604=VECTOR('',#9450,1000.);
#4605=VECTOR('',#9451,1000.);
#4606=VECTOR('',#9452,1000.);
#4607=VECTOR('',#9457,1000.);
#4608=VECTOR('',#9462,1000.);
#4609=VECTOR('',#9463,1000.);
#4610=VECTOR('',#9464,1000.);
#4611=VECTOR('',#9467,1000.);
#4612=VECTOR('',#9468,1000.);
#4613=VECTOR('',#9469,1000.);
#4614=VECTOR('',#9490,1000.);
#4615=VECTOR('',#9493,1000.);
#4616=VECTOR('',#9494,1000.);
#4617=VECTOR('',#9495,1000.);
#4618=VECTOR('',#9498,1000.);
#4619=VECTOR('',#9507,1000.);
#4620=VECTOR('',#9510,1000.);
#4621=VECTOR('',#9511,1000.);
#4622=VECTOR('',#9512,1000.);
#4623=VECTOR('',#9515,1000.);
#4624=VECTOR('',#9518,1000.);
#4625=VECTOR('',#9521,1000.);
#4626=VECTOR('',#9524,1000.);
#4627=VECTOR('',#9527,1000.);
#4628=VECTOR('',#9530,1000.);
#4629=VECTOR('',#9533,1000.);
#4630=VECTOR('',#9536,1000.);
#4631=VECTOR('',#9539,1000.);
#4632=VECTOR('',#9546,1000.);
#4633=VECTOR('',#9549,1000.);
#4634=VECTOR('',#9552,1000.);
#4635=VECTOR('',#9553,1000.);
#4636=VECTOR('',#9554,1000.);
#4637=VECTOR('',#9557,1000.);
#4638=VECTOR('',#9558,1000.);
#4639=VECTOR('',#9559,1000.);
#4640=VECTOR('',#9562,1000.);
#4641=VECTOR('',#9563,1000.);
#4642=VECTOR('',#9564,1000.);
#4643=VECTOR('',#9569,1000.);
#4644=VECTOR('',#9574,1000.);
#4645=VECTOR('',#9575,1000.);
#4646=VECTOR('',#9576,1000.);
#4647=VECTOR('',#9579,1000.);
#4648=VECTOR('',#9580,1000.);
#4649=VECTOR('',#9581,1000.);
#4650=VECTOR('',#9602,1000.);
#4651=VECTOR('',#9605,1000.);
#4652=VECTOR('',#9606,1000.);
#4653=VECTOR('',#9607,1000.);
#4654=VECTOR('',#9610,1000.);
#4655=VECTOR('',#9619,1000.);
#4656=VECTOR('',#9622,1000.);
#4657=VECTOR('',#9623,1000.);
#4658=VECTOR('',#9624,1000.);
#4659=VECTOR('',#9627,1000.);
#4660=VECTOR('',#9630,1000.);
#4661=VECTOR('',#9633,1000.);
#4662=VECTOR('',#9636,1000.);
#4663=VECTOR('',#9639,1000.);
#4664=VECTOR('',#9642,1000.);
#4665=VECTOR('',#9645,1000.);
#4666=VECTOR('',#9648,1000.);
#4667=VECTOR('',#9651,1000.);
#4668=VECTOR('',#9658,1000.);
#4669=VECTOR('',#9659,1000.);
#4670=VECTOR('',#9660,1000.);
#4671=VECTOR('',#9661,1000.);
#4672=VECTOR('',#9664,1000.);
#4673=VECTOR('',#9665,1000.);
#4674=VECTOR('',#9666,1000.);
#4675=VECTOR('',#9667,1000.);
#4676=VECTOR('',#9670,1000.);
#4677=VECTOR('',#9671,1000.);
#4678=VECTOR('',#9672,1000.);
#4679=VECTOR('',#9675,1000.);
#4680=VECTOR('',#9676,1000.);
#4681=VECTOR('',#9677,1000.);
#4682=VECTOR('',#9680,1000.);
#4683=VECTOR('',#9681,1000.);
#4684=VECTOR('',#9682,1000.);
#4685=VECTOR('',#9685,1000.);
#4686=VECTOR('',#9686,1000.);
#4687=VECTOR('',#9687,1000.);
#4688=VECTOR('',#9688,1000.);
#4689=VECTOR('',#9689,1000.);
#4690=VECTOR('',#9690,1000.);
#4691=VECTOR('',#9693,1000.);
#4692=VECTOR('',#9694,1000.);
#4693=VECTOR('',#9695,1000.);
#4694=VECTOR('',#9696,1000.);
#4695=VECTOR('',#9699,1000.);
#4696=VECTOR('',#9700,1000.);
#4697=VECTOR('',#9701,1000.);
#4698=VECTOR('',#9704,1000.);
#4699=VECTOR('',#9705,1000.);
#4700=VECTOR('',#9706,1000.);
#4701=VECTOR('',#9709,1000.);
#4702=VECTOR('',#9710,1000.);
#4703=VECTOR('',#9711,1000.);
#4704=VECTOR('',#9714,1000.);
#4705=VECTOR('',#9715,1000.);
#4706=VECTOR('',#9716,1000.);
#4707=VECTOR('',#9717,1000.);
#4708=VECTOR('',#9720,1000.);
#4709=VECTOR('',#9721,1000.);
#4710=VECTOR('',#9722,1000.);
#4711=VECTOR('',#9725,1000.);
#4712=VECTOR('',#9726,1000.);
#4713=VECTOR('',#9727,1000.);
#4714=VECTOR('',#9728,1000.);
#4715=VECTOR('',#9731,1000.);
#4716=VECTOR('',#9732,1000.);
#4717=VECTOR('',#9733,1000.);
#4718=VECTOR('',#9736,1000.);
#4719=VECTOR('',#9737,1000.);
#4720=VECTOR('',#9738,1000.);
#4721=VECTOR('',#9739,1000.);
#4722=VECTOR('',#9742,1000.);
#4723=VECTOR('',#9743,1000.);
#4724=VECTOR('',#9744,1000.);
#4725=VECTOR('',#9747,1000.);
#4726=VECTOR('',#9748,1000.);
#4727=VECTOR('',#9749,1000.);
#4728=VECTOR('',#9750,1000.);
#4729=VECTOR('',#9753,1000.);
#4730=VECTOR('',#9754,1000.);
#4731=VECTOR('',#9755,1000.);
#4732=VECTOR('',#9758,1000.);
#4733=VECTOR('',#9759,1000.);
#4734=VECTOR('',#9760,1000.);
#4735=VECTOR('',#9761,1000.);
#4736=VECTOR('',#9764,1000.);
#4737=VECTOR('',#9765,1000.);
#4738=VECTOR('',#9766,1000.);
#4739=VECTOR('',#9769,1000.);
#4740=VECTOR('',#9770,1000.);
#4741=VECTOR('',#9771,1000.);
#4742=VECTOR('',#9776,1000.);
#4743=VECTOR('',#9777,1000.);
#4744=VECTOR('',#9778,1000.);
#4745=VECTOR('',#9779,1000.);
#4746=VECTOR('',#9780,1000.);
#4747=VECTOR('',#9781,1000.);
#4748=VECTOR('',#9782,1000.);
#4749=VECTOR('',#9791,1000.);
#4750=VECTOR('',#9794,1000.);
#4751=VECTOR('',#9795,1000.);
#4752=VECTOR('',#9796,1000.);
#4753=VECTOR('',#9799,1000.);
#4754=VECTOR('',#9800,1000.);
#4755=VECTOR('',#9801,1000.);
#4756=VECTOR('',#9804,1000.);
#4757=VECTOR('',#9805,1000.);
#4758=VECTOR('',#9806,1000.);
#4759=VECTOR('',#9809,1000.);
#4760=VECTOR('',#9810,1000.);
#4761=EDGE_LOOP('',(#292,#293,#294,#295));
#4762=EDGE_LOOP('',(#296,#297,#298,#299));
#4763=EDGE_LOOP('',(#300,#301,#302,#303));
#4764=EDGE_LOOP('',(#304,#305,#306,#307));
#4765=EDGE_LOOP('',(#308,#309,#310,#311));
#4766=EDGE_LOOP('',(#312,#313,#314,#315));
#4767=EDGE_LOOP('',(#316,#317,#318,#319));
#4768=EDGE_LOOP('',(#320,#321,#322,#323));
#4769=EDGE_LOOP('',(#324,#325,#326,#327));
#4770=EDGE_LOOP('',(#328,#329,#330,#331));
#4771=EDGE_LOOP('',(#332,#333,#334,#335));
#4772=EDGE_LOOP('',(#336,#337,#338,#339));
#4773=EDGE_LOOP('',(#340,#341,#342,#343));
#4774=EDGE_LOOP('',(#344,#345,#346,#347,#348,#349,#350,#351,#352,#353,#354,
#355,#356,#357,#358,#359,#360,#361,#362,#363));
#4775=EDGE_LOOP('',(#364,#365,#366,#367,#368,#369));
#4776=EDGE_LOOP('',(#370,#371,#372,#373,#374,#375));
#4777=EDGE_LOOP('',(#376,#377,#378,#379,#380,#381,#382,#383,#384,#385,#386,
#387,#388,#389,#390,#391,#392,#393,#394,#395,#396,#397,#398,#399));
#4778=EDGE_LOOP('',(#400,#401,#402,#403,#404,#405,#406,#407,#408,#409,#410,
#411));
#4779=EDGE_LOOP('',(#412,#413,#414,#415,#416,#417));
#4780=EDGE_LOOP('',(#418,#419,#420,#421,#422,#423,#424,#425,#426,#427,#428,
#429,#430,#431,#432,#433,#434,#435,#436,#437,#438,#439,#440,#441,#442,#443,
#444,#445,#446,#447,#448,#449,#450,#451,#452,#453,#454,#455,#456,#457,#458));
#4781=EDGE_LOOP('',(#459,#460,#461,#462));
#4782=EDGE_LOOP('',(#463,#464,#465,#466));
#4783=EDGE_LOOP('',(#467,#468,#469,#470,#471,#472,#473,#474,#475));
#4784=EDGE_LOOP('',(#476,#477,#478,#479,#480,#481,#482,#483,#484));
#4785=EDGE_LOOP('',(#485,#486,#487,#488,#489,#490,#491,#492,#493,#494,#495,
#496));
#4786=EDGE_LOOP('',(#497,#498,#499,#500,#501,#502));
#4787=EDGE_LOOP('',(#503,#504,#505,#506,#507,#508,#509,#510,#511,#512,#513,
#514,#515,#516,#517,#518,#519,#520,#521,#522,#523,#524,#525,#526));
#4788=EDGE_LOOP('',(#527,#528,#529,#530));
#4789=EDGE_LOOP('',(#531,#532,#533,#534,#535,#536,#537,#538));
#4790=EDGE_LOOP('',(#539,#540,#541,#542,#543,#544,#545,#546));
#4791=EDGE_LOOP('',(#547,#548,#549,#550,#551,#552,#553,#554,#555,#556,#557,
#558,#559,#560,#561,#562,#563,#564,#565,#566,#567,#568,#569,#570,#571,#572,
#573,#574,#575,#576,#577,#578,#579,#580,#581,#582,#583,#584));
#4792=EDGE_LOOP('',(#585,#586,#587,#588,#589,#590));
#4793=EDGE_LOOP('',(#591,#592,#593,#594,#595));
#4794=EDGE_LOOP('',(#596,#597,#598,#599,#600,#601));
#4795=EDGE_LOOP('',(#602,#603,#604,#605,#606));
#4796=EDGE_LOOP('',(#607,#608,#609,#610,#611,#612,#613,#614,#615,#616,#617,
#618,#619,#620,#621,#622,#623,#624,#625,#626,#627,#628,#629,#630,#631,#632,
#633,#634,#635,#636,#637,#638,#639,#640,#641,#642,#643,#644,#645,#646,#647,
#648,#649));
#4797=EDGE_LOOP('',(#650,#651,#652,#653,#654,#655));
#4798=EDGE_LOOP('',(#656,#657,#658,#659,#660,#661));
#4799=EDGE_LOOP('',(#662,#663,#664,#665,#666));
#4800=EDGE_LOOP('',(#667,#668,#669,#670,#671));
#4801=EDGE_LOOP('',(#672,#673,#674,#675));
#4802=EDGE_LOOP('',(#676,#677,#678,#679));
#4803=EDGE_LOOP('',(#680,#681,#682,#683,#684));
#4804=EDGE_LOOP('',(#685,#686,#687,#688,#689));
#4805=EDGE_LOOP('',(#690,#691,#692,#693,#694,#695,#696,#697));
#4806=EDGE_LOOP('',(#698,#699,#700,#701,#702,#703));
#4807=EDGE_LOOP('',(#704,#705,#706,#707));
#4808=EDGE_LOOP('',(#708,#709,#710,#711,#712,#713,#714,#715,#716));
#4809=EDGE_LOOP('',(#717,#718,#719,#720,#721,#722,#723,#724,#725));
#4810=EDGE_LOOP('',(#726,#727,#728,#729,#730,#731,#732,#733));
#4811=EDGE_LOOP('',(#734,#735,#736,#737,#738,#739,#740,#741,#742,#743));
#4812=EDGE_LOOP('',(#744,#745,#746,#747));
#4813=EDGE_LOOP('',(#748));
#4814=EDGE_LOOP('',(#749));
#4815=EDGE_LOOP('',(#750,#751,#752,#753,#754,#755,#756,#757));
#4816=EDGE_LOOP('',(#758,#759,#760,#761,#762,#763,#764,#765));
#4817=EDGE_LOOP('',(#766,#767,#768,#769,#770,#771,#772,#773));
#4818=EDGE_LOOP('',(#774,#775,#776,#777,#778,#779,#780,#781));
#4819=EDGE_LOOP('',(#782,#783,#784,#785));
#4820=EDGE_LOOP('',(#786,#787,#788,#789));
#4821=EDGE_LOOP('',(#790,#791,#792,#793,#794,#795,#796,#797,#798,#799));
#4822=EDGE_LOOP('',(#800,#801,#802,#803));
#4823=EDGE_LOOP('',(#804,#805,#806,#807));
#4824=EDGE_LOOP('',(#808,#809,#810,#811));
#4825=EDGE_LOOP('',(#812,#813,#814,#815));
#4826=EDGE_LOOP('',(#816,#817,#818,#819));
#4827=EDGE_LOOP('',(#820,#821,#822,#823));
#4828=EDGE_LOOP('',(#824,#825,#826,#827,#828,#829,#830,#831));
#4829=EDGE_LOOP('',(#832,#833,#834,#835,#836,#837,#838,#839));
#4830=EDGE_LOOP('',(#840,#841,#842,#843,#844,#845));
#4831=EDGE_LOOP('',(#846,#847,#848,#849));
#4832=EDGE_LOOP('',(#850,#851,#852,#853,#854,#855));
#4833=EDGE_LOOP('',(#856,#857,#858,#859,#860,#861,#862,#863));
#4834=EDGE_LOOP('',(#864,#865,#866,#867,#868,#869,#870,#871));
#4835=EDGE_LOOP('',(#872,#873,#874,#875));
#4836=EDGE_LOOP('',(#876,#877,#878,#879));
#4837=EDGE_LOOP('',(#880,#881,#882,#883));
#4838=EDGE_LOOP('',(#884,#885,#886,#887,#888,#889));
#4839=EDGE_LOOP('',(#890,#891,#892,#893));
#4840=EDGE_LOOP('',(#894,#895,#896,#897,#898,#899));
#4841=EDGE_LOOP('',(#900,#901,#902,#903));
#4842=EDGE_LOOP('',(#904,#905,#906,#907));
#4843=EDGE_LOOP('',(#908,#909,#910,#911));
#4844=EDGE_LOOP('',(#912,#913,#914,#915));
#4845=EDGE_LOOP('',(#916,#917,#918,#919));
#4846=EDGE_LOOP('',(#920,#921,#922,#923));
#4847=EDGE_LOOP('',(#924,#925,#926,#927));
#4848=EDGE_LOOP('',(#928,#929,#930,#931));
#4849=EDGE_LOOP('',(#932,#933,#934,#935,#936,#937,#938));
#4850=EDGE_LOOP('',(#939,#940,#941,#942));
#4851=EDGE_LOOP('',(#943,#944,#945,#946));
#4852=EDGE_LOOP('',(#947,#948,#949,#950));
#4853=EDGE_LOOP('',(#951,#952,#953,#954,#955));
#4854=EDGE_LOOP('',(#956,#957,#958,#959));
#4855=EDGE_LOOP('',(#960,#961,#962,#963));
#4856=EDGE_LOOP('',(#964,#965,#966,#967));
#4857=EDGE_LOOP('',(#968,#969,#970,#971));
#4858=EDGE_LOOP('',(#972,#973,#974,#975));
#4859=EDGE_LOOP('',(#976,#977,#978,#979));
#4860=EDGE_LOOP('',(#980,#981,#982,#983));
#4861=EDGE_LOOP('',(#984,#985,#986,#987));
#4862=EDGE_LOOP('',(#988,#989,#990,#991));
#4863=EDGE_LOOP('',(#992,#993,#994,#995));
#4864=EDGE_LOOP('',(#996,#997,#998,#999));
#4865=EDGE_LOOP('',(#1000,#1001,#1002,#1003));
#4866=EDGE_LOOP('',(#1004,#1005,#1006,#1007));
#4867=EDGE_LOOP('',(#1008,#1009,#1010,#1011));
#4868=EDGE_LOOP('',(#1012,#1013,#1014,#1015,#1016,#1017,#1018,#1019));
#4869=EDGE_LOOP('',(#1020,#1021,#1022,#1023));
#4870=EDGE_LOOP('',(#1024,#1025,#1026,#1027));
#4871=EDGE_LOOP('',(#1028,#1029,#1030,#1031));
#4872=EDGE_LOOP('',(#1032,#1033,#1034,#1035));
#4873=EDGE_LOOP('',(#1036,#1037,#1038,#1039));
#4874=EDGE_LOOP('',(#1040,#1041,#1042,#1043));
#4875=EDGE_LOOP('',(#1044,#1045,#1046,#1047));
#4876=EDGE_LOOP('',(#1048,#1049,#1050,#1051));
#4877=EDGE_LOOP('',(#1052,#1053,#1054,#1055,#1056,#1057,#1058,#1059));
#4878=EDGE_LOOP('',(#1060,#1061,#1062,#1063));
#4879=EDGE_LOOP('',(#1064,#1065,#1066,#1067));
#4880=EDGE_LOOP('',(#1068,#1069,#1070,#1071));
#4881=EDGE_LOOP('',(#1072,#1073,#1074,#1075));
#4882=EDGE_LOOP('',(#1076,#1077,#1078,#1079));
#4883=EDGE_LOOP('',(#1080,#1081,#1082,#1083));
#4884=EDGE_LOOP('',(#1084,#1085,#1086,#1087));
#4885=EDGE_LOOP('',(#1088,#1089,#1090,#1091));
#4886=EDGE_LOOP('',(#1092,#1093,#1094,#1095,#1096,#1097,#1098,#1099));
#4887=EDGE_LOOP('',(#1100,#1101,#1102,#1103));
#4888=EDGE_LOOP('',(#1104,#1105,#1106,#1107));
#4889=EDGE_LOOP('',(#1108,#1109,#1110,#1111));
#4890=EDGE_LOOP('',(#1112,#1113,#1114,#1115));
#4891=EDGE_LOOP('',(#1116,#1117,#1118,#1119));
#4892=EDGE_LOOP('',(#1120,#1121,#1122,#1123));
#4893=EDGE_LOOP('',(#1124,#1125,#1126,#1127));
#4894=EDGE_LOOP('',(#1128,#1129,#1130,#1131));
#4895=EDGE_LOOP('',(#1132,#1133,#1134,#1135,#1136,#1137,#1138,#1139));
#4896=EDGE_LOOP('',(#1140));
#4897=EDGE_LOOP('',(#1141));
#4898=EDGE_LOOP('',(#1142));
#4899=EDGE_LOOP('',(#1143));
#4900=EDGE_LOOP('',(#1144));
#4901=EDGE_LOOP('',(#1145));
#4902=EDGE_LOOP('',(#1146,#1147,#1148,#1149,#1150,#1151,#1152,#1153,#1154,
#1155,#1156,#1157,#1158,#1159,#1160,#1161,#1162,#1163,#1164,#1165));
#4903=EDGE_LOOP('',(#1166,#1167,#1168,#1169));
#4904=EDGE_LOOP('',(#1170,#1171,#1172,#1173,#1174));
#4905=EDGE_LOOP('',(#1175,#1176,#1177,#1178));
#4906=EDGE_LOOP('',(#1179,#1180,#1181,#1182));
#4907=EDGE_LOOP('',(#1183,#1184,#1185,#1186));
#4908=EDGE_LOOP('',(#1187,#1188,#1189,#1190));
#4909=EDGE_LOOP('',(#1191,#1192,#1193,#1194));
#4910=EDGE_LOOP('',(#1195,#1196,#1197,#1198));
#4911=EDGE_LOOP('',(#1199,#1200,#1201,#1202,#1203));
#4912=EDGE_LOOP('',(#1204,#1205,#1206,#1207));
#4913=EDGE_LOOP('',(#1208,#1209,#1210,#1211,#1212,#1213));
#4914=EDGE_LOOP('',(#1214,#1215,#1216,#1217,#1218,#1219));
#4915=EDGE_LOOP('',(#1220,#1221,#1222,#1223));
#4916=EDGE_LOOP('',(#1224,#1225,#1226,#1227,#1228));
#4917=EDGE_LOOP('',(#1229,#1230,#1231,#1232));
#4918=EDGE_LOOP('',(#1233,#1234,#1235,#1236));
#4919=EDGE_LOOP('',(#1237,#1238,#1239,#1240));
#4920=EDGE_LOOP('',(#1241,#1242,#1243,#1244));
#4921=EDGE_LOOP('',(#1245,#1246,#1247,#1248,#1249));
#4922=EDGE_LOOP('',(#1250,#1251,#1252,#1253));
#4923=EDGE_LOOP('',(#1254,#1255,#1256,#1257));
#4924=EDGE_LOOP('',(#1258,#1259,#1260,#1261,#1262,#1263));
#4925=EDGE_LOOP('',(#1264,#1265,#1266,#1267,#1268));
#4926=EDGE_LOOP('',(#1269,#1270,#1271,#1272,#1273));
#4927=EDGE_LOOP('',(#1274,#1275,#1276,#1277));
#4928=EDGE_LOOP('',(#1278,#1279,#1280,#1281,#1282,#1283,#1284,#1285));
#4929=EDGE_LOOP('',(#1286,#1287,#1288,#1289));
#4930=EDGE_LOOP('',(#1290,#1291,#1292,#1293));
#4931=EDGE_LOOP('',(#1294,#1295,#1296,#1297));
#4932=EDGE_LOOP('',(#1298,#1299,#1300,#1301));
#4933=EDGE_LOOP('',(#1302,#1303,#1304,#1305,#1306));
#4934=EDGE_LOOP('',(#1307,#1308,#1309,#1310,#1311));
#4935=EDGE_LOOP('',(#1312,#1313,#1314,#1315));
#4936=EDGE_LOOP('',(#1316,#1317,#1318,#1319,#1320,#1321,#1322,#1323));
#4937=EDGE_LOOP('',(#1324,#1325,#1326,#1327));
#4938=EDGE_LOOP('',(#1328,#1329,#1330,#1331));
#4939=EDGE_LOOP('',(#1332,#1333,#1334,#1335));
#4940=EDGE_LOOP('',(#1336,#1337,#1338,#1339));
#4941=EDGE_LOOP('',(#1340,#1341,#1342,#1343,#1344));
#4942=EDGE_LOOP('',(#1345,#1346,#1347,#1348,#1349));
#4943=EDGE_LOOP('',(#1350,#1351,#1352,#1353));
#4944=EDGE_LOOP('',(#1354,#1355,#1356,#1357,#1358,#1359));
#4945=EDGE_LOOP('',(#1360,#1361,#1362,#1363,#1364,#1365));
#4946=EDGE_LOOP('',(#1366,#1367,#1368,#1369));
#4947=EDGE_LOOP('',(#1370,#1371,#1372,#1373));
#4948=EDGE_LOOP('',(#1374,#1375,#1376,#1377,#1378,#1379));
#4949=EDGE_LOOP('',(#1380,#1381,#1382,#1383,#1384,#1385,#1386,#1387,#1388,
#1389,#1390,#1391));
#4950=EDGE_LOOP('',(#1392,#1393,#1394,#1395,#1396,#1397,#1398,#1399,#1400,
#1401,#1402,#1403));
#4951=EDGE_LOOP('',(#1404,#1405,#1406,#1407));
#4952=EDGE_LOOP('',(#1408,#1409,#1410,#1411));
#4953=EDGE_LOOP('',(#1412,#1413,#1414,#1415));
#4954=EDGE_LOOP('',(#1416,#1417,#1418,#1419,#1420,#1421,#1422,#1423));
#4955=EDGE_LOOP('',(#1424,#1425,#1426,#1427,#1428,#1429,#1430,#1431));
#4956=EDGE_LOOP('',(#1432,#1433,#1434,#1435));
#4957=EDGE_LOOP('',(#1436,#1437,#1438,#1439));
#4958=EDGE_LOOP('',(#1440,#1441,#1442,#1443));
#4959=EDGE_LOOP('',(#1444,#1445,#1446,#1447));
#4960=EDGE_LOOP('',(#1448,#1449,#1450,#1451));
#4961=EDGE_LOOP('',(#1452,#1453,#1454,#1455));
#4962=EDGE_LOOP('',(#1456,#1457,#1458,#1459));
#4963=EDGE_LOOP('',(#1460,#1461,#1462,#1463));
#4964=EDGE_LOOP('',(#1464,#1465,#1466,#1467));
#4965=EDGE_LOOP('',(#1468,#1469,#1470,#1471));
#4966=EDGE_LOOP('',(#1472,#1473,#1474,#1475));
#4967=EDGE_LOOP('',(#1476,#1477,#1478,#1479));
#4968=EDGE_LOOP('',(#1480,#1481,#1482,#1483));
#4969=EDGE_LOOP('',(#1484,#1485,#1486,#1487));
#4970=EDGE_LOOP('',(#1488,#1489,#1490,#1491));
#4971=EDGE_LOOP('',(#1492,#1493,#1494,#1495));
#4972=EDGE_LOOP('',(#1496,#1497,#1498,#1499,#1500,#1501));
#4973=EDGE_LOOP('',(#1502,#1503,#1504,#1505));
#4974=EDGE_LOOP('',(#1506,#1507,#1508,#1509,#1510,#1511,#1512,#1513,#1514,
#1515));
#4975=EDGE_LOOP('',(#1516,#1517,#1518,#1519,#1520,#1521,#1522,#1523,#1524,
#1525));
#4976=EDGE_LOOP('',(#1526,#1527,#1528,#1529,#1530,#1531,#1532,#1533,#1534,
#1535));
#4977=EDGE_LOOP('',(#1536,#1537,#1538,#1539,#1540,#1541,#1542,#1543,#1544,
#1545));
#4978=EDGE_LOOP('',(#1546,#1547,#1548,#1549,#1550,#1551));
#4979=EDGE_LOOP('',(#1552,#1553,#1554,#1555));
#4980=EDGE_LOOP('',(#1556,#1557,#1558,#1559));
#4981=EDGE_LOOP('',(#1560,#1561,#1562,#1563));
#4982=EDGE_LOOP('',(#1564,#1565,#1566,#1567));
#4983=EDGE_LOOP('',(#1568,#1569,#1570,#1571));
#4984=EDGE_LOOP('',(#1572,#1573,#1574,#1575));
#4985=EDGE_LOOP('',(#1576,#1577,#1578,#1579));
#4986=EDGE_LOOP('',(#1580,#1581,#1582,#1583));
#4987=EDGE_LOOP('',(#1584,#1585,#1586,#1587));
#4988=EDGE_LOOP('',(#1588,#1589,#1590,#1591));
#4989=EDGE_LOOP('',(#1592,#1593,#1594,#1595));
#4990=EDGE_LOOP('',(#1596,#1597,#1598,#1599));
#4991=EDGE_LOOP('',(#1600,#1601,#1602,#1603));
#4992=EDGE_LOOP('',(#1604,#1605,#1606,#1607));
#4993=EDGE_LOOP('',(#1608,#1609,#1610,#1611));
#4994=EDGE_LOOP('',(#1612,#1613,#1614,#1615,#1616,#1617));
#4995=EDGE_LOOP('',(#1618,#1619,#1620,#1621));
#4996=EDGE_LOOP('',(#1622,#1623,#1624,#1625,#1626,#1627,#1628,#1629,#1630,
#1631));
#4997=EDGE_LOOP('',(#1632,#1633,#1634,#1635,#1636,#1637,#1638,#1639,#1640,
#1641));
#4998=EDGE_LOOP('',(#1642,#1643,#1644,#1645,#1646,#1647,#1648,#1649,#1650,
#1651));
#4999=EDGE_LOOP('',(#1652,#1653,#1654,#1655,#1656,#1657,#1658,#1659,#1660,
#1661));
#5000=EDGE_LOOP('',(#1662,#1663,#1664,#1665,#1666,#1667));
#5001=EDGE_LOOP('',(#1668,#1669,#1670,#1671));
#5002=EDGE_LOOP('',(#1672,#1673,#1674,#1675));
#5003=EDGE_LOOP('',(#1676,#1677,#1678,#1679));
#5004=EDGE_LOOP('',(#1680,#1681,#1682,#1683));
#5005=EDGE_LOOP('',(#1684,#1685,#1686,#1687));
#5006=EDGE_LOOP('',(#1688,#1689,#1690,#1691));
#5007=EDGE_LOOP('',(#1692,#1693,#1694,#1695));
#5008=EDGE_LOOP('',(#1696,#1697,#1698,#1699));
#5009=EDGE_LOOP('',(#1700,#1701,#1702,#1703));
#5010=EDGE_LOOP('',(#1704,#1705,#1706,#1707));
#5011=EDGE_LOOP('',(#1708,#1709,#1710,#1711));
#5012=EDGE_LOOP('',(#1712,#1713,#1714,#1715));
#5013=EDGE_LOOP('',(#1716,#1717,#1718,#1719));
#5014=EDGE_LOOP('',(#1720,#1721,#1722,#1723));
#5015=EDGE_LOOP('',(#1724,#1725,#1726,#1727));
#5016=EDGE_LOOP('',(#1728,#1729,#1730,#1731,#1732,#1733));
#5017=EDGE_LOOP('',(#1734,#1735,#1736,#1737));
#5018=EDGE_LOOP('',(#1738,#1739,#1740,#1741,#1742,#1743,#1744,#1745,#1746,
#1747));
#5019=EDGE_LOOP('',(#1748,#1749,#1750,#1751,#1752,#1753,#1754,#1755,#1756,
#1757));
#5020=EDGE_LOOP('',(#1758,#1759,#1760,#1761,#1762,#1763,#1764,#1765,#1766,
#1767));
#5021=EDGE_LOOP('',(#1768,#1769,#1770,#1771,#1772,#1773,#1774,#1775,#1776,
#1777));
#5022=EDGE_LOOP('',(#1778,#1779,#1780,#1781,#1782,#1783));
#5023=EDGE_LOOP('',(#1784,#1785,#1786,#1787));
#5024=EDGE_LOOP('',(#1788,#1789,#1790,#1791));
#5025=EDGE_LOOP('',(#1792,#1793,#1794,#1795));
#5026=EDGE_LOOP('',(#1796,#1797,#1798,#1799));
#5027=EDGE_LOOP('',(#1800,#1801,#1802,#1803));
#5028=EDGE_LOOP('',(#1804,#1805,#1806,#1807));
#5029=EDGE_LOOP('',(#1808,#1809,#1810,#1811));
#5030=EDGE_LOOP('',(#1812,#1813,#1814,#1815));
#5031=EDGE_LOOP('',(#1816,#1817,#1818,#1819));
#5032=EDGE_LOOP('',(#1820,#1821,#1822,#1823));
#5033=EDGE_LOOP('',(#1824,#1825,#1826,#1827));
#5034=EDGE_LOOP('',(#1828,#1829,#1830,#1831));
#5035=EDGE_LOOP('',(#1832,#1833,#1834,#1835,#1836));
#5036=EDGE_LOOP('',(#1837,#1838,#1839,#1840,#1841,#1842,#1843,#1844));
#5037=EDGE_LOOP('',(#1845,#1846,#1847,#1848,#1849));
#5038=EDGE_LOOP('',(#1850,#1851,#1852,#1853));
#5039=EDGE_LOOP('',(#1854,#1855,#1856,#1857));
#5040=EDGE_LOOP('',(#1858,#1859,#1860,#1861));
#5041=EDGE_LOOP('',(#1862,#1863,#1864,#1865,#1866));
#5042=EDGE_LOOP('',(#1867,#1868,#1869,#1870));
#5043=EDGE_LOOP('',(#1871,#1872,#1873,#1874,#1875));
#5044=EDGE_LOOP('',(#1876,#1877,#1878,#1879));
#5045=EDGE_LOOP('',(#1880,#1881,#1882,#1883,#1884));
#5046=EDGE_LOOP('',(#1885,#1886,#1887,#1888));
#5047=EDGE_LOOP('',(#1889,#1890,#1891,#1892,#1893));
#5048=EDGE_LOOP('',(#1894,#1895,#1896,#1897));
#5049=EDGE_LOOP('',(#1898,#1899,#1900,#1901,#1902));
#5050=EDGE_LOOP('',(#1903,#1904,#1905,#1906));
#5051=EDGE_LOOP('',(#1907,#1908,#1909,#1910,#1911));
#5052=EDGE_LOOP('',(#1912,#1913,#1914,#1915,#1916,#1917,#1918,#1919,#1920,
#1921,#1922,#1923,#1924,#1925,#1926,#1927,#1928,#1929,#1930,#1931));
#5053=EDGE_LOOP('',(#1932,#1933,#1934,#1935,#1936,#1937,#1938,#1939,#1940,
#1941,#1942,#1943,#1944,#1945,#1946,#1947,#1948,#1949,#1950,#1951,#1952,
#1953,#1954,#1955));
#5054=EDGE_LOOP('',(#1956,#1957,#1958,#1959));
#5055=EDGE_LOOP('',(#1960,#1961,#1962,#1963));
#5056=EDGE_LOOP('',(#1964,#1965,#1966,#1967));
#5057=EDGE_LOOP('',(#1968,#1969,#1970,#1971));
#5058=EDGE_LOOP('',(#1972,#1973,#1974,#1975));
#5059=EDGE_LOOP('',(#1976,#1977,#1978,#1979));
#5060=EDGE_LOOP('',(#1980,#1981,#1982,#1983));
#5061=EDGE_LOOP('',(#1984,#1985,#1986,#1987));
#5062=EDGE_LOOP('',(#1988,#1989,#1990,#1991,#1992,#1993,#1994));
#5063=EDGE_LOOP('',(#1995,#1996,#1997,#1998,#1999,#2000,#2001));
#5064=FACE_BOUND('',#4761,.T.);
#5065=FACE_BOUND('',#4762,.T.);
#5066=FACE_BOUND('',#4763,.T.);
#5067=FACE_BOUND('',#4764,.T.);
#5068=FACE_BOUND('',#4765,.T.);
#5069=FACE_BOUND('',#4766,.T.);
#5070=FACE_BOUND('',#4767,.T.);
#5071=FACE_BOUND('',#4768,.T.);
#5072=FACE_BOUND('',#4769,.T.);
#5073=FACE_BOUND('',#4770,.T.);
#5074=FACE_BOUND('',#4771,.T.);
#5075=FACE_BOUND('',#4772,.T.);
#5076=FACE_BOUND('',#4773,.T.);
#5077=FACE_BOUND('',#4774,.T.);
#5078=FACE_BOUND('',#4775,.T.);
#5079=FACE_BOUND('',#4776,.T.);
#5080=FACE_BOUND('',#4777,.T.);
#5081=FACE_BOUND('',#4778,.T.);
#5082=FACE_BOUND('',#4779,.T.);
#5083=FACE_BOUND('',#4780,.T.);
#5084=FACE_BOUND('',#4781,.T.);
#5085=FACE_BOUND('',#4782,.T.);
#5086=FACE_BOUND('',#4783,.T.);
#5087=FACE_BOUND('',#4784,.T.);
#5088=FACE_BOUND('',#4785,.T.);
#5089=FACE_BOUND('',#4786,.T.);
#5090=FACE_BOUND('',#4787,.T.);
#5091=FACE_BOUND('',#4788,.T.);
#5092=FACE_BOUND('',#4789,.T.);
#5093=FACE_BOUND('',#4790,.T.);
#5094=FACE_BOUND('',#4791,.T.);
#5095=FACE_BOUND('',#4792,.T.);
#5096=FACE_BOUND('',#4793,.T.);
#5097=FACE_BOUND('',#4794,.T.);
#5098=FACE_BOUND('',#4795,.T.);
#5099=FACE_BOUND('',#4796,.T.);
#5100=FACE_BOUND('',#4797,.T.);
#5101=FACE_BOUND('',#4798,.T.);
#5102=FACE_BOUND('',#4799,.T.);
#5103=FACE_BOUND('',#4800,.T.);
#5104=FACE_BOUND('',#4801,.T.);
#5105=FACE_BOUND('',#4802,.T.);
#5106=FACE_BOUND('',#4803,.T.);
#5107=FACE_BOUND('',#4804,.T.);
#5108=FACE_BOUND('',#4805,.T.);
#5109=FACE_BOUND('',#4806,.T.);
#5110=FACE_BOUND('',#4807,.T.);
#5111=FACE_BOUND('',#4808,.T.);
#5112=FACE_BOUND('',#4809,.T.);
#5113=FACE_BOUND('',#4810,.T.);
#5114=FACE_BOUND('',#4811,.T.);
#5115=FACE_BOUND('',#4812,.T.);
#5116=FACE_BOUND('',#4813,.T.);
#5117=FACE_BOUND('',#4814,.T.);
#5118=FACE_BOUND('',#4815,.T.);
#5119=FACE_BOUND('',#4816,.T.);
#5120=FACE_BOUND('',#4817,.T.);
#5121=FACE_BOUND('',#4818,.T.);
#5122=FACE_BOUND('',#4819,.T.);
#5123=FACE_BOUND('',#4820,.T.);
#5124=FACE_BOUND('',#4821,.T.);
#5125=FACE_BOUND('',#4822,.T.);
#5126=FACE_BOUND('',#4823,.T.);
#5127=FACE_BOUND('',#4824,.T.);
#5128=FACE_BOUND('',#4825,.T.);
#5129=FACE_BOUND('',#4826,.T.);
#5130=FACE_BOUND('',#4827,.T.);
#5131=FACE_BOUND('',#4828,.T.);
#5132=FACE_BOUND('',#4829,.T.);
#5133=FACE_BOUND('',#4830,.T.);
#5134=FACE_BOUND('',#4831,.T.);
#5135=FACE_BOUND('',#4832,.T.);
#5136=FACE_BOUND('',#4833,.T.);
#5137=FACE_BOUND('',#4834,.T.);
#5138=FACE_BOUND('',#4835,.T.);
#5139=FACE_BOUND('',#4836,.T.);
#5140=FACE_BOUND('',#4837,.T.);
#5141=FACE_BOUND('',#4838,.T.);
#5142=FACE_BOUND('',#4839,.T.);
#5143=FACE_BOUND('',#4840,.T.);
#5144=FACE_BOUND('',#4841,.T.);
#5145=FACE_BOUND('',#4842,.T.);
#5146=FACE_BOUND('',#4843,.T.);
#5147=FACE_BOUND('',#4844,.T.);
#5148=FACE_BOUND('',#4845,.T.);
#5149=FACE_BOUND('',#4846,.T.);
#5150=FACE_BOUND('',#4847,.T.);
#5151=FACE_BOUND('',#4848,.T.);
#5152=FACE_BOUND('',#4849,.T.);
#5153=FACE_BOUND('',#4850,.T.);
#5154=FACE_BOUND('',#4851,.T.);
#5155=FACE_BOUND('',#4852,.T.);
#5156=FACE_BOUND('',#4853,.T.);
#5157=FACE_BOUND('',#4854,.T.);
#5158=FACE_BOUND('',#4855,.T.);
#5159=FACE_BOUND('',#4856,.T.);
#5160=FACE_BOUND('',#4857,.T.);
#5161=FACE_BOUND('',#4858,.T.);
#5162=FACE_BOUND('',#4859,.T.);
#5163=FACE_BOUND('',#4860,.T.);
#5164=FACE_BOUND('',#4861,.T.);
#5165=FACE_BOUND('',#4862,.T.);
#5166=FACE_BOUND('',#4863,.T.);
#5167=FACE_BOUND('',#4864,.T.);
#5168=FACE_BOUND('',#4865,.T.);
#5169=FACE_BOUND('',#4866,.T.);
#5170=FACE_BOUND('',#4867,.T.);
#5171=FACE_BOUND('',#4868,.T.);
#5172=FACE_BOUND('',#4869,.T.);
#5173=FACE_BOUND('',#4870,.T.);
#5174=FACE_BOUND('',#4871,.T.);
#5175=FACE_BOUND('',#4872,.T.);
#5176=FACE_BOUND('',#4873,.T.);
#5177=FACE_BOUND('',#4874,.T.);
#5178=FACE_BOUND('',#4875,.T.);
#5179=FACE_BOUND('',#4876,.T.);
#5180=FACE_BOUND('',#4877,.T.);
#5181=FACE_BOUND('',#4878,.T.);
#5182=FACE_BOUND('',#4879,.T.);
#5183=FACE_BOUND('',#4880,.T.);
#5184=FACE_BOUND('',#4881,.T.);
#5185=FACE_BOUND('',#4882,.T.);
#5186=FACE_BOUND('',#4883,.T.);
#5187=FACE_BOUND('',#4884,.T.);
#5188=FACE_BOUND('',#4885,.T.);
#5189=FACE_BOUND('',#4886,.T.);
#5190=FACE_BOUND('',#4887,.T.);
#5191=FACE_BOUND('',#4888,.T.);
#5192=FACE_BOUND('',#4889,.T.);
#5193=FACE_BOUND('',#4890,.T.);
#5194=FACE_BOUND('',#4891,.T.);
#5195=FACE_BOUND('',#4892,.T.);
#5196=FACE_BOUND('',#4893,.T.);
#5197=FACE_BOUND('',#4894,.T.);
#5198=FACE_BOUND('',#4895,.T.);
#5199=FACE_BOUND('',#4896,.T.);
#5200=FACE_BOUND('',#4897,.T.);
#5201=FACE_BOUND('',#4898,.T.);
#5202=FACE_BOUND('',#4899,.T.);
#5203=FACE_BOUND('',#4900,.T.);
#5204=FACE_BOUND('',#4901,.T.);
#5205=FACE_BOUND('',#4902,.T.);
#5206=FACE_BOUND('',#4903,.T.);
#5207=FACE_BOUND('',#4904,.T.);
#5208=FACE_BOUND('',#4905,.T.);
#5209=FACE_BOUND('',#4906,.T.);
#5210=FACE_BOUND('',#4907,.T.);
#5211=FACE_BOUND('',#4908,.T.);
#5212=FACE_BOUND('',#4909,.T.);
#5213=FACE_BOUND('',#4910,.T.);
#5214=FACE_BOUND('',#4911,.T.);
#5215=FACE_BOUND('',#4912,.T.);
#5216=FACE_BOUND('',#4913,.T.);
#5217=FACE_BOUND('',#4914,.T.);
#5218=FACE_BOUND('',#4915,.T.);
#5219=FACE_BOUND('',#4916,.T.);
#5220=FACE_BOUND('',#4917,.T.);
#5221=FACE_BOUND('',#4918,.T.);
#5222=FACE_BOUND('',#4919,.T.);
#5223=FACE_BOUND('',#4920,.T.);
#5224=FACE_BOUND('',#4921,.T.);
#5225=FACE_BOUND('',#4922,.T.);
#5226=FACE_BOUND('',#4923,.T.);
#5227=FACE_BOUND('',#4924,.T.);
#5228=FACE_BOUND('',#4925,.T.);
#5229=FACE_BOUND('',#4926,.T.);
#5230=FACE_BOUND('',#4927,.T.);
#5231=FACE_BOUND('',#4928,.T.);
#5232=FACE_BOUND('',#4929,.T.);
#5233=FACE_BOUND('',#4930,.T.);
#5234=FACE_BOUND('',#4931,.T.);
#5235=FACE_BOUND('',#4932,.T.);
#5236=FACE_BOUND('',#4933,.T.);
#5237=FACE_BOUND('',#4934,.T.);
#5238=FACE_BOUND('',#4935,.T.);
#5239=FACE_BOUND('',#4936,.T.);
#5240=FACE_BOUND('',#4937,.T.);
#5241=FACE_BOUND('',#4938,.T.);
#5242=FACE_BOUND('',#4939,.T.);
#5243=FACE_BOUND('',#4940,.T.);
#5244=FACE_BOUND('',#4941,.T.);
#5245=FACE_BOUND('',#4942,.T.);
#5246=FACE_BOUND('',#4943,.T.);
#5247=FACE_BOUND('',#4944,.T.);
#5248=FACE_BOUND('',#4945,.T.);
#5249=FACE_BOUND('',#4946,.T.);
#5250=FACE_BOUND('',#4947,.T.);
#5251=FACE_BOUND('',#4948,.T.);
#5252=FACE_BOUND('',#4949,.T.);
#5253=FACE_BOUND('',#4950,.T.);
#5254=FACE_BOUND('',#4951,.T.);
#5255=FACE_BOUND('',#4952,.T.);
#5256=FACE_BOUND('',#4953,.T.);
#5257=FACE_BOUND('',#4954,.T.);
#5258=FACE_BOUND('',#4955,.T.);
#5259=FACE_BOUND('',#4956,.T.);
#5260=FACE_BOUND('',#4957,.T.);
#5261=FACE_BOUND('',#4958,.T.);
#5262=FACE_BOUND('',#4959,.T.);
#5263=FACE_BOUND('',#4960,.T.);
#5264=FACE_BOUND('',#4961,.T.);
#5265=FACE_BOUND('',#4962,.T.);
#5266=FACE_BOUND('',#4963,.T.);
#5267=FACE_BOUND('',#4964,.T.);
#5268=FACE_BOUND('',#4965,.T.);
#5269=FACE_BOUND('',#4966,.T.);
#5270=FACE_BOUND('',#4967,.T.);
#5271=FACE_BOUND('',#4968,.T.);
#5272=FACE_BOUND('',#4969,.T.);
#5273=FACE_BOUND('',#4970,.T.);
#5274=FACE_BOUND('',#4971,.T.);
#5275=FACE_BOUND('',#4972,.T.);
#5276=FACE_BOUND('',#4973,.T.);
#5277=FACE_BOUND('',#4974,.T.);
#5278=FACE_BOUND('',#4975,.T.);
#5279=FACE_BOUND('',#4976,.T.);
#5280=FACE_BOUND('',#4977,.T.);
#5281=FACE_BOUND('',#4978,.T.);
#5282=FACE_BOUND('',#4979,.T.);
#5283=FACE_BOUND('',#4980,.T.);
#5284=FACE_BOUND('',#4981,.T.);
#5285=FACE_BOUND('',#4982,.T.);
#5286=FACE_BOUND('',#4983,.T.);
#5287=FACE_BOUND('',#4984,.T.);
#5288=FACE_BOUND('',#4985,.T.);
#5289=FACE_BOUND('',#4986,.T.);
#5290=FACE_BOUND('',#4987,.T.);
#5291=FACE_BOUND('',#4988,.T.);
#5292=FACE_BOUND('',#4989,.T.);
#5293=FACE_BOUND('',#4990,.T.);
#5294=FACE_BOUND('',#4991,.T.);
#5295=FACE_BOUND('',#4992,.T.);
#5296=FACE_BOUND('',#4993,.T.);
#5297=FACE_BOUND('',#4994,.T.);
#5298=FACE_BOUND('',#4995,.T.);
#5299=FACE_BOUND('',#4996,.T.);
#5300=FACE_BOUND('',#4997,.T.);
#5301=FACE_BOUND('',#4998,.T.);
#5302=FACE_BOUND('',#4999,.T.);
#5303=FACE_BOUND('',#5000,.T.);
#5304=FACE_BOUND('',#5001,.T.);
#5305=FACE_BOUND('',#5002,.T.);
#5306=FACE_BOUND('',#5003,.T.);
#5307=FACE_BOUND('',#5004,.T.);
#5308=FACE_BOUND('',#5005,.T.);
#5309=FACE_BOUND('',#5006,.T.);
#5310=FACE_BOUND('',#5007,.T.);
#5311=FACE_BOUND('',#5008,.T.);
#5312=FACE_BOUND('',#5009,.T.);
#5313=FACE_BOUND('',#5010,.T.);
#5314=FACE_BOUND('',#5011,.T.);
#5315=FACE_BOUND('',#5012,.T.);
#5316=FACE_BOUND('',#5013,.T.);
#5317=FACE_BOUND('',#5014,.T.);
#5318=FACE_BOUND('',#5015,.T.);
#5319=FACE_BOUND('',#5016,.T.);
#5320=FACE_BOUND('',#5017,.T.);
#5321=FACE_BOUND('',#5018,.T.);
#5322=FACE_BOUND('',#5019,.T.);
#5323=FACE_BOUND('',#5020,.T.);
#5324=FACE_BOUND('',#5021,.T.);
#5325=FACE_BOUND('',#5022,.T.);
#5326=FACE_BOUND('',#5023,.T.);
#5327=FACE_BOUND('',#5024,.T.);
#5328=FACE_BOUND('',#5025,.T.);
#5329=FACE_BOUND('',#5026,.T.);
#5330=FACE_BOUND('',#5027,.T.);
#5331=FACE_BOUND('',#5028,.T.);
#5332=FACE_BOUND('',#5029,.T.);
#5333=FACE_BOUND('',#5030,.T.);
#5334=FACE_BOUND('',#5031,.T.);
#5335=FACE_BOUND('',#5032,.T.);
#5336=FACE_BOUND('',#5033,.T.);
#5337=FACE_BOUND('',#5034,.T.);
#5338=FACE_BOUND('',#5035,.T.);
#5339=FACE_BOUND('',#5036,.T.);
#5340=FACE_BOUND('',#5037,.T.);
#5341=FACE_BOUND('',#5038,.T.);
#5342=FACE_BOUND('',#5039,.T.);
#5343=FACE_BOUND('',#5040,.T.);
#5344=FACE_BOUND('',#5041,.T.);
#5345=FACE_BOUND('',#5042,.T.);
#5346=FACE_BOUND('',#5043,.T.);
#5347=FACE_BOUND('',#5044,.T.);
#5348=FACE_BOUND('',#5045,.T.);
#5349=FACE_BOUND('',#5046,.T.);
#5350=FACE_BOUND('',#5047,.T.);
#5351=FACE_BOUND('',#5048,.T.);
#5352=FACE_BOUND('',#5049,.T.);
#5353=FACE_BOUND('',#5050,.T.);
#5354=FACE_BOUND('',#5051,.T.);
#5355=FACE_BOUND('',#5052,.T.);
#5356=FACE_BOUND('',#5053,.T.);
#5357=FACE_BOUND('',#5054,.T.);
#5358=FACE_BOUND('',#5055,.T.);
#5359=FACE_BOUND('',#5056,.T.);
#5360=FACE_BOUND('',#5057,.T.);
#5361=FACE_BOUND('',#5058,.T.);
#5362=FACE_BOUND('',#5059,.T.);
#5363=FACE_BOUND('',#5060,.T.);
#5364=FACE_BOUND('',#5061,.T.);
#5365=FACE_BOUND('',#5062,.T.);
#5366=FACE_BOUND('',#5063,.T.);
#5367=PLANE('',#7722);
#5368=PLANE('',#7724);
#5369=PLANE('',#7726);
#5370=PLANE('',#7728);
#5371=PLANE('',#7730);
#5372=PLANE('',#7731);
#5373=PLANE('',#7733);
#5374=PLANE('',#7735);
#5375=PLANE('',#7737);
#5376=PLANE('',#7739);
#5377=PLANE('',#7740);
#5378=PLANE('',#7742);
#5379=PLANE('',#7744);
#5380=PLANE('',#7745);
#5381=PLANE('',#7750);
#5382=PLANE('',#7752);
#5383=PLANE('',#7754);
#5384=PLANE('',#7764);
#5385=PLANE('',#7767);
#5386=PLANE('',#7769);
#5387=PLANE('',#7780);
#5388=PLANE('',#7781);
#5389=PLANE('',#7782);
#5390=PLANE('',#7783);
#5391=PLANE('',#7784);
#5392=PLANE('',#7787);
#5393=PLANE('',#7789);
#5394=PLANE('',#7790);
#5395=PLANE('',#7791);
#5396=PLANE('',#7794);
#5397=PLANE('',#7799);
#5398=PLANE('',#7800);
#5399=PLANE('',#7801);
#5400=PLANE('',#7802);
#5401=PLANE('',#7803);
#5402=PLANE('',#7807);
#5403=PLANE('',#7808);
#5404=PLANE('',#7809);
#5405=PLANE('',#7810);
#5406=PLANE('',#7811);
#5407=PLANE('',#7812);
#5408=PLANE('',#7813);
#5409=PLANE('',#7815);
#5410=PLANE('',#7817);
#5411=PLANE('',#7820);
#5412=PLANE('',#7823);
#5413=PLANE('',#7825);
#5414=PLANE('',#7826);
#5415=PLANE('',#7827);
#5416=PLANE('',#7830);
#5417=PLANE('',#7831);
#5418=PLANE('',#7832);
#5419=PLANE('',#7851);
#5420=PLANE('',#7852);
#5421=PLANE('',#7853);
#5422=PLANE('',#7854);
#5423=PLANE('',#7855);
#5424=PLANE('',#7856);
#5425=PLANE('',#7857);
#5426=PLANE('',#7858);
#5427=PLANE('',#7859);
#5428=PLANE('',#7860);
#5429=PLANE('',#7861);
#5430=PLANE('',#7863);
#5431=PLANE('',#7864);
#5432=PLANE('',#7866);
#5433=PLANE('',#7867);
#5434=PLANE('',#7868);
#5435=PLANE('',#7869);
#5436=PLANE('',#7870);
#5437=PLANE('',#7871);
#5438=PLANE('',#7874);
#5439=PLANE('',#7875);
#5440=PLANE('',#7878);
#5441=PLANE('',#7879);
#5442=PLANE('',#7881);
#5443=PLANE('',#7884);
#5444=PLANE('',#7886);
#5445=PLANE('',#7889);
#5446=PLANE('',#7891);
#5447=PLANE('',#7892);
#5448=PLANE('',#7893);
#5449=PLANE('',#7894);
#5450=PLANE('',#7896);
#5451=PLANE('',#7898);
#5452=PLANE('',#7901);
#5453=PLANE('',#7904);
#5454=PLANE('',#7907);
#5455=PLANE('',#7910);
#5456=PLANE('',#7911);
#5457=PLANE('',#7914);
#5458=PLANE('',#7917);
#5459=PLANE('',#7920);
#5460=PLANE('',#7923);
#5461=PLANE('',#7924);
#5462=PLANE('',#7927);
#5463=PLANE('',#7930);
#5464=PLANE('',#7933);
#5465=PLANE('',#7936);
#5466=PLANE('',#7937);
#5467=PLANE('',#7940);
#5468=PLANE('',#7943);
#5469=PLANE('',#7946);
#5470=PLANE('',#7949);
#5471=PLANE('',#7950);
#5472=PLANE('',#7951);
#5473=PLANE('',#7954);
#5474=PLANE('',#7957);
#5475=PLANE('',#7964);
#5476=PLANE('',#7966);
#5477=PLANE('',#7967);
#5478=PLANE('',#7969);
#5479=PLANE('',#7972);
#5480=PLANE('',#7974);
#5481=PLANE('',#7978);
#5482=PLANE('',#7980);
#5483=PLANE('',#7981);
#5484=PLANE('',#7983);
#5485=PLANE('',#7985);
#5486=PLANE('',#7988);
#5487=PLANE('',#7991);
#5488=PLANE('',#7995);
#5489=PLANE('',#7997);
#5490=PLANE('',#8000);
#5491=PLANE('',#8001);
#5492=PLANE('',#8005);
#5493=PLANE('',#8007);
#5494=PLANE('',#8010);
#5495=PLANE('',#8017);
#5496=PLANE('',#8018);
#5497=PLANE('',#8023);
#5498=PLANE('',#8031);
#5499=PLANE('',#8035);
#5500=PLANE('',#8036);
#5501=PLANE('',#8038);
#5502=PLANE('',#8040);
#5503=PLANE('',#8041);
#5504=PLANE('',#8042);
#5505=PLANE('',#8044);
#5506=PLANE('',#8049);
#5507=PLANE('',#8050);
#5508=PLANE('',#8051);
#5509=PLANE('',#8055);
#5510=PLANE('',#8056);
#5511=PLANE('',#8063);
#5512=PLANE('',#8064);
#5513=PLANE('',#8065);
#5514=PLANE('',#8070);
#5515=PLANE('',#8076);
#5516=PLANE('',#8078);
#5517=PLANE('',#8079);
#5518=PLANE('',#8080);
#5519=PLANE('',#8082);
#5520=PLANE('',#8087);
#5521=PLANE('',#8088);
#5522=PLANE('',#8089);
#5523=PLANE('',#8093);
#5524=PLANE('',#8094);
#5525=PLANE('',#8101);
#5526=PLANE('',#8102);
#5527=PLANE('',#8103);
#5528=PLANE('',#8108);
#5529=PLANE('',#8114);
#5530=PLANE('',#8116);
#5531=PLANE('',#8117);
#5532=PLANE('',#8118);
#5533=PLANE('',#8120);
#5534=PLANE('',#8125);
#5535=PLANE('',#8126);
#5536=PLANE('',#8127);
#5537=PLANE('',#8131);
#5538=PLANE('',#8132);
#5539=PLANE('',#8139);
#5540=PLANE('',#8140);
#5541=PLANE('',#8141);
#5542=PLANE('',#8146);
#5543=PLANE('',#8152);
#5544=PLANE('',#8154);
#5545=PLANE('',#8155);
#5546=PLANE('',#8156);
#5547=PLANE('',#8158);
#5548=PLANE('',#8161);
#5549=PLANE('',#8162);
#5550=PLANE('',#8163);
#5551=PLANE('',#8164);
#5552=PLANE('',#8165);
#5553=PLANE('',#8166);
#5554=PLANE('',#8167);
#5555=PLANE('',#8168);
#5556=PLANE('',#8169);
#5557=PLANE('',#8170);
#5558=PLANE('',#8171);
#5559=PLANE('',#8172);
#5560=PLANE('',#8173);
#5561=PLANE('',#8174);
#5562=PLANE('',#8175);
#5563=PLANE('',#8176);
#5564=PLANE('',#8177);
#5565=PLANE('',#8178);
#5566=PLANE('',#8179);
#5567=PLANE('',#8180);
#5568=PLANE('',#8181);
#5569=PLANE('',#8182);
#5570=PLANE('',#8183);
#5571=PLANE('',#8184);
#5572=PLANE('',#8185);
#5573=PLANE('',#8186);
#5574=PLANE('',#8187);
#5575=PLANE('',#8188);
#5576=PLANE('',#8189);
#5577=PLANE('',#8190);
#5578=PLANE('',#8191);
#5579=PLANE('',#8192);
#5580=PLANE('',#8193);
#5581=STYLED_ITEM('',(#5843),#7417);
#5582=STYLED_ITEM('',(#5844),#7418);
#5583=STYLED_ITEM('',(#5845),#7419);
#5584=STYLED_ITEM('',(#5846),#7420);
#5585=STYLED_ITEM('',(#5847),#7421);
#5586=STYLED_ITEM('',(#5848),#7422);
#5587=STYLED_ITEM('',(#5849),#7423);
#5588=STYLED_ITEM('',(#5850),#7424);
#5589=STYLED_ITEM('',(#5851),#7425);
#5590=STYLED_ITEM('',(#5852),#7426);
#5591=STYLED_ITEM('',(#5853),#7427);
#5592=STYLED_ITEM('',(#5854),#7428);
#5593=STYLED_ITEM('',(#5855),#7429);
#5594=STYLED_ITEM('',(#5856),#7430);
#5595=STYLED_ITEM('',(#5857),#7431);
#5596=STYLED_ITEM('',(#5858),#7432);
#5597=STYLED_ITEM('',(#5859),#7433);
#5598=STYLED_ITEM('',(#5860),#7434);
#5599=STYLED_ITEM('',(#5861),#7435);
#5600=STYLED_ITEM('',(#5862),#7436);
#5601=STYLED_ITEM('',(#5863),#7437);
#5602=STYLED_ITEM('',(#5864),#7438);
#5603=STYLED_ITEM('',(#5865),#7439);
#5604=STYLED_ITEM('',(#5866),#7440);
#5605=STYLED_ITEM('',(#5867),#7441);
#5606=STYLED_ITEM('',(#5868),#7442);
#5607=STYLED_ITEM('',(#5869),#7443);
#5608=STYLED_ITEM('',(#5870),#7444);
#5609=STYLED_ITEM('',(#5871),#7445);
#5610=STYLED_ITEM('',(#5872),#7446);
#5611=STYLED_ITEM('',(#5873),#7447);
#5612=STYLED_ITEM('',(#5874),#7448);
#5613=STYLED_ITEM('',(#5875),#7449);
#5614=STYLED_ITEM('',(#5876),#7450);
#5615=STYLED_ITEM('',(#5877),#7451);
#5616=STYLED_ITEM('',(#5878),#7452);
#5617=STYLED_ITEM('',(#5879),#7453);
#5618=STYLED_ITEM('',(#5880),#7454);
#5619=STYLED_ITEM('',(#5881),#7455);
#5620=STYLED_ITEM('',(#5882),#7456);
#5621=STYLED_ITEM('',(#5883),#7457);
#5622=STYLED_ITEM('',(#5884),#7458);
#5623=STYLED_ITEM('',(#5885),#7459);
#5624=STYLED_ITEM('',(#5886),#7460);
#5625=STYLED_ITEM('',(#5887),#7461);
#5626=STYLED_ITEM('',(#5888),#7462);
#5627=STYLED_ITEM('',(#5889),#7463);
#5628=STYLED_ITEM('',(#5890),#7464);
#5629=STYLED_ITEM('',(#5891),#7465);
#5630=STYLED_ITEM('',(#5892),#7466);
#5631=STYLED_ITEM('',(#5893),#7467);
#5632=STYLED_ITEM('',(#5894),#7468);
#5633=STYLED_ITEM('',(#5895),#7469);
#5634=STYLED_ITEM('',(#5896),#7470);
#5635=STYLED_ITEM('',(#5897),#7471);
#5636=STYLED_ITEM('',(#5898),#7472);
#5637=STYLED_ITEM('',(#5899),#7473);
#5638=STYLED_ITEM('',(#5900),#7474);
#5639=STYLED_ITEM('',(#5901),#7475);
#5640=STYLED_ITEM('',(#5902),#7476);
#5641=STYLED_ITEM('',(#5903),#7477);
#5642=STYLED_ITEM('',(#5904),#7478);
#5643=STYLED_ITEM('',(#5905),#7479);
#5644=STYLED_ITEM('',(#5906),#7480);
#5645=STYLED_ITEM('',(#5907),#7481);
#5646=STYLED_ITEM('',(#5908),#7482);
#5647=STYLED_ITEM('',(#5909),#7483);
#5648=STYLED_ITEM('',(#5910),#7484);
#5649=STYLED_ITEM('',(#5911),#7485);
#5650=STYLED_ITEM('',(#5912),#7486);
#5651=STYLED_ITEM('',(#5913),#7487);
#5652=STYLED_ITEM('',(#5914),#7488);
#5653=STYLED_ITEM('',(#5915),#7489);
#5654=STYLED_ITEM('',(#5916),#7490);
#5655=STYLED_ITEM('',(#5917),#7491);
#5656=STYLED_ITEM('',(#5918),#7492);
#5657=STYLED_ITEM('',(#5919),#7493);
#5658=STYLED_ITEM('',(#5920),#7494);
#5659=STYLED_ITEM('',(#5921),#7495);
#5660=STYLED_ITEM('',(#5922),#7496);
#5661=STYLED_ITEM('',(#5923),#7497);
#5662=STYLED_ITEM('',(#5924),#7498);
#5663=STYLED_ITEM('',(#5925),#7499);
#5664=STYLED_ITEM('',(#5926),#7500);
#5665=STYLED_ITEM('',(#5927),#7501);
#5666=STYLED_ITEM('',(#5928),#7502);
#5667=STYLED_ITEM('',(#5929),#7503);
#5668=STYLED_ITEM('',(#5930),#7504);
#5669=STYLED_ITEM('',(#5931),#7505);
#5670=STYLED_ITEM('',(#5932),#7506);
#5671=STYLED_ITEM('',(#5933),#7507);
#5672=STYLED_ITEM('',(#5934),#7508);
#5673=STYLED_ITEM('',(#5935),#7509);
#5674=STYLED_ITEM('',(#5936),#7510);
#5675=STYLED_ITEM('',(#5937),#7511);
#5676=STYLED_ITEM('',(#5938),#7512);
#5677=STYLED_ITEM('',(#5939),#7513);
#5678=STYLED_ITEM('',(#5940),#7514);
#5679=STYLED_ITEM('',(#5941),#7515);
#5680=STYLED_ITEM('',(#5942),#7516);
#5681=STYLED_ITEM('',(#5943),#7517);
#5682=STYLED_ITEM('',(#5944),#7518);
#5683=STYLED_ITEM('',(#5945),#7519);
#5684=STYLED_ITEM('',(#5946),#7520);
#5685=STYLED_ITEM('',(#5947),#7521);
#5686=STYLED_ITEM('',(#5948),#7522);
#5687=STYLED_ITEM('',(#5949),#7523);
#5688=STYLED_ITEM('',(#5950),#7524);
#5689=STYLED_ITEM('',(#5951),#7525);
#5690=STYLED_ITEM('',(#5952),#7526);
#5691=STYLED_ITEM('',(#5953),#7527);
#5692=STYLED_ITEM('',(#5954),#7528);
#5693=STYLED_ITEM('',(#5955),#7529);
#5694=STYLED_ITEM('',(#5956),#7530);
#5695=STYLED_ITEM('',(#5957),#7531);
#5696=STYLED_ITEM('',(#5958),#7532);
#5697=STYLED_ITEM('',(#5959),#7533);
#5698=STYLED_ITEM('',(#5960),#7534);
#5699=STYLED_ITEM('',(#5961),#7535);
#5700=STYLED_ITEM('',(#5962),#7536);
#5701=STYLED_ITEM('',(#5963),#7537);
#5702=STYLED_ITEM('',(#5964),#7538);
#5703=STYLED_ITEM('',(#5965),#7539);
#5704=STYLED_ITEM('',(#5966),#7540);
#5705=STYLED_ITEM('',(#5967),#7541);
#5706=STYLED_ITEM('',(#5968),#7542);
#5707=STYLED_ITEM('',(#5969),#7543);
#5708=STYLED_ITEM('',(#5970),#7544);
#5709=STYLED_ITEM('',(#5971),#7545);
#5710=STYLED_ITEM('',(#5972),#7546);
#5711=STYLED_ITEM('',(#5973),#7547);
#5712=STYLED_ITEM('',(#5974),#7548);
#5713=STYLED_ITEM('',(#5975),#7549);
#5714=STYLED_ITEM('',(#5976),#7550);
#5715=STYLED_ITEM('',(#5977),#7551);
#5716=STYLED_ITEM('',(#5978),#7552);
#5717=STYLED_ITEM('',(#5979),#7553);
#5718=STYLED_ITEM('',(#5980),#7554);
#5719=STYLED_ITEM('',(#5981),#7555);
#5720=STYLED_ITEM('',(#5982),#7556);
#5721=STYLED_ITEM('',(#5983),#7557);
#5722=STYLED_ITEM('',(#5984),#7558);
#5723=STYLED_ITEM('',(#5985),#7559);
#5724=STYLED_ITEM('',(#5986),#7560);
#5725=STYLED_ITEM('',(#5987),#7561);
#5726=STYLED_ITEM('',(#5988),#7562);
#5727=STYLED_ITEM('',(#5989),#7563);
#5728=STYLED_ITEM('',(#5990),#7564);
#5729=STYLED_ITEM('',(#5991),#7565);
#5730=STYLED_ITEM('',(#5992),#7566);
#5731=STYLED_ITEM('',(#5993),#7567);
#5732=STYLED_ITEM('',(#5994),#7568);
#5733=STYLED_ITEM('',(#5995),#7569);
#5734=STYLED_ITEM('',(#5996),#7570);
#5735=STYLED_ITEM('',(#5997),#7571);
#5736=STYLED_ITEM('',(#5998),#7572);
#5737=STYLED_ITEM('',(#5999),#7573);
#5738=STYLED_ITEM('',(#6000),#7574);
#5739=STYLED_ITEM('',(#6001),#7575);
#5740=STYLED_ITEM('',(#6002),#7576);
#5741=STYLED_ITEM('',(#6003),#7577);
#5742=STYLED_ITEM('',(#6004),#7578);
#5743=STYLED_ITEM('',(#6005),#7579);
#5744=STYLED_ITEM('',(#6006),#7580);
#5745=STYLED_ITEM('',(#6007),#7581);
#5746=STYLED_ITEM('',(#6008),#7582);
#5747=STYLED_ITEM('',(#6009),#7583);
#5748=STYLED_ITEM('',(#6010),#7584);
#5749=STYLED_ITEM('',(#6011),#7585);
#5750=STYLED_ITEM('',(#6012),#7586);
#5751=STYLED_ITEM('',(#6013),#7587);
#5752=STYLED_ITEM('',(#6014),#7588);
#5753=STYLED_ITEM('',(#6015),#7589);
#5754=STYLED_ITEM('',(#6016),#7590);
#5755=STYLED_ITEM('',(#6017),#7591);
#5756=STYLED_ITEM('',(#6018),#7592);
#5757=STYLED_ITEM('',(#6019),#7593);
#5758=STYLED_ITEM('',(#6020),#7594);
#5759=STYLED_ITEM('',(#6021),#7595);
#5760=STYLED_ITEM('',(#6022),#7596);
#5761=STYLED_ITEM('',(#6023),#7597);
#5762=STYLED_ITEM('',(#6024),#7598);
#5763=STYLED_ITEM('',(#6025),#7599);
#5764=STYLED_ITEM('',(#6026),#7600);
#5765=STYLED_ITEM('',(#6027),#7601);
#5766=STYLED_ITEM('',(#6028),#7602);
#5767=STYLED_ITEM('',(#6029),#7603);
#5768=STYLED_ITEM('',(#6030),#7604);
#5769=STYLED_ITEM('',(#6031),#7605);
#5770=STYLED_ITEM('',(#6032),#7606);
#5771=STYLED_ITEM('',(#6033),#7607);
#5772=STYLED_ITEM('',(#6034),#7608);
#5773=STYLED_ITEM('',(#6035),#7609);
#5774=STYLED_ITEM('',(#6036),#7610);
#5775=STYLED_ITEM('',(#6037),#7611);
#5776=STYLED_ITEM('',(#6038),#7612);
#5777=STYLED_ITEM('',(#6039),#7613);
#5778=STYLED_ITEM('',(#6040),#7614);
#5779=STYLED_ITEM('',(#6041),#7615);
#5780=STYLED_ITEM('',(#6042),#7616);
#5781=STYLED_ITEM('',(#6043),#7617);
#5782=STYLED_ITEM('',(#6044),#7618);
#5783=STYLED_ITEM('',(#6045),#7619);
#5784=STYLED_ITEM('',(#6046),#7620);
#5785=STYLED_ITEM('',(#6047),#7621);
#5786=STYLED_ITEM('',(#6048),#7622);
#5787=STYLED_ITEM('',(#6049),#7623);
#5788=STYLED_ITEM('',(#6050),#7624);
#5789=STYLED_ITEM('',(#6051),#7625);
#5790=STYLED_ITEM('',(#6052),#7626);
#5791=STYLED_ITEM('',(#6053),#7627);
#5792=STYLED_ITEM('',(#6054),#7628);
#5793=STYLED_ITEM('',(#6055),#7629);
#5794=STYLED_ITEM('',(#6056),#7630);
#5795=STYLED_ITEM('',(#6057),#7631);
#5796=STYLED_ITEM('',(#6058),#7632);
#5797=STYLED_ITEM('',(#6059),#7633);
#5798=STYLED_ITEM('',(#6060),#7634);
#5799=STYLED_ITEM('',(#6061),#7635);
#5800=STYLED_ITEM('',(#6062),#7636);
#5801=STYLED_ITEM('',(#6063),#7637);
#5802=STYLED_ITEM('',(#6064),#7638);
#5803=STYLED_ITEM('',(#6065),#7639);
#5804=STYLED_ITEM('',(#6066),#7640);
#5805=STYLED_ITEM('',(#6067),#7641);
#5806=STYLED_ITEM('',(#6068),#7642);
#5807=STYLED_ITEM('',(#6069),#7643);
#5808=STYLED_ITEM('',(#6070),#7644);
#5809=STYLED_ITEM('',(#6071),#7645);
#5810=STYLED_ITEM('',(#6072),#7646);
#5811=STYLED_ITEM('',(#6073),#7647);
#5812=STYLED_ITEM('',(#6074),#7648);
#5813=STYLED_ITEM('',(#6075),#7649);
#5814=STYLED_ITEM('',(#6076),#7650);
#5815=STYLED_ITEM('',(#6077),#7651);
#5816=STYLED_ITEM('',(#6078),#7652);
#5817=STYLED_ITEM('',(#6079),#7653);
#5818=STYLED_ITEM('',(#6080),#7654);
#5819=STYLED_ITEM('',(#6081),#7655);
#5820=STYLED_ITEM('',(#6082),#7656);
#5821=STYLED_ITEM('',(#6083),#7657);
#5822=STYLED_ITEM('',(#6084),#7658);
#5823=STYLED_ITEM('',(#6085),#7659);
#5824=STYLED_ITEM('',(#6086),#7660);
#5825=STYLED_ITEM('',(#6087),#7661);
#5826=STYLED_ITEM('',(#6088),#7662);
#5827=STYLED_ITEM('',(#6089),#7663);
#5828=STYLED_ITEM('',(#6090),#7664);
#5829=STYLED_ITEM('',(#6091),#7665);
#5830=STYLED_ITEM('',(#6092),#7666);
#5831=STYLED_ITEM('',(#6093),#7667);
#5832=STYLED_ITEM('',(#6094),#7668);
#5833=STYLED_ITEM('',(#6095),#7669);
#5834=STYLED_ITEM('',(#6096),#7670);
#5835=STYLED_ITEM('',(#6097),#7671);
#5836=STYLED_ITEM('',(#6098),#7672);
#5837=STYLED_ITEM('',(#6099),#7673);
#5838=STYLED_ITEM('',(#6100),#7674);
#5839=STYLED_ITEM('',(#6101),#7675);
#5840=STYLED_ITEM('',(#6102),#7676);
#5841=STYLED_ITEM('',(#6103),#7677);
#5842=STYLED_ITEM('',(#6104),#7714);
#5843=PRESENTATION_STYLE_ASSIGNMENT((#6105));
#5844=PRESENTATION_STYLE_ASSIGNMENT((#6106));
#5845=PRESENTATION_STYLE_ASSIGNMENT((#6107));
#5846=PRESENTATION_STYLE_ASSIGNMENT((#6108));
#5847=PRESENTATION_STYLE_ASSIGNMENT((#6109));
#5848=PRESENTATION_STYLE_ASSIGNMENT((#6110));
#5849=PRESENTATION_STYLE_ASSIGNMENT((#6111));
#5850=PRESENTATION_STYLE_ASSIGNMENT((#6112));
#5851=PRESENTATION_STYLE_ASSIGNMENT((#6113));
#5852=PRESENTATION_STYLE_ASSIGNMENT((#6114));
#5853=PRESENTATION_STYLE_ASSIGNMENT((#6115));
#5854=PRESENTATION_STYLE_ASSIGNMENT((#6116));
#5855=PRESENTATION_STYLE_ASSIGNMENT((#6117));
#5856=PRESENTATION_STYLE_ASSIGNMENT((#6118));
#5857=PRESENTATION_STYLE_ASSIGNMENT((#6119));
#5858=PRESENTATION_STYLE_ASSIGNMENT((#6120));
#5859=PRESENTATION_STYLE_ASSIGNMENT((#6121));
#5860=PRESENTATION_STYLE_ASSIGNMENT((#6122));
#5861=PRESENTATION_STYLE_ASSIGNMENT((#6123));
#5862=PRESENTATION_STYLE_ASSIGNMENT((#6124));
#5863=PRESENTATION_STYLE_ASSIGNMENT((#6125));
#5864=PRESENTATION_STYLE_ASSIGNMENT((#6126));
#5865=PRESENTATION_STYLE_ASSIGNMENT((#6127));
#5866=PRESENTATION_STYLE_ASSIGNMENT((#6128));
#5867=PRESENTATION_STYLE_ASSIGNMENT((#6129));
#5868=PRESENTATION_STYLE_ASSIGNMENT((#6130));
#5869=PRESENTATION_STYLE_ASSIGNMENT((#6131));
#5870=PRESENTATION_STYLE_ASSIGNMENT((#6132));
#5871=PRESENTATION_STYLE_ASSIGNMENT((#6133));
#5872=PRESENTATION_STYLE_ASSIGNMENT((#6134));
#5873=PRESENTATION_STYLE_ASSIGNMENT((#6135));
#5874=PRESENTATION_STYLE_ASSIGNMENT((#6136));
#5875=PRESENTATION_STYLE_ASSIGNMENT((#6137));
#5876=PRESENTATION_STYLE_ASSIGNMENT((#6138));
#5877=PRESENTATION_STYLE_ASSIGNMENT((#6139));
#5878=PRESENTATION_STYLE_ASSIGNMENT((#6140));
#5879=PRESENTATION_STYLE_ASSIGNMENT((#6141));
#5880=PRESENTATION_STYLE_ASSIGNMENT((#6142));
#5881=PRESENTATION_STYLE_ASSIGNMENT((#6143));
#5882=PRESENTATION_STYLE_ASSIGNMENT((#6144));
#5883=PRESENTATION_STYLE_ASSIGNMENT((#6145));
#5884=PRESENTATION_STYLE_ASSIGNMENT((#6146));
#5885=PRESENTATION_STYLE_ASSIGNMENT((#6147));
#5886=PRESENTATION_STYLE_ASSIGNMENT((#6148));
#5887=PRESENTATION_STYLE_ASSIGNMENT((#6149));
#5888=PRESENTATION_STYLE_ASSIGNMENT((#6150));
#5889=PRESENTATION_STYLE_ASSIGNMENT((#6151));
#5890=PRESENTATION_STYLE_ASSIGNMENT((#6152));
#5891=PRESENTATION_STYLE_ASSIGNMENT((#6153));
#5892=PRESENTATION_STYLE_ASSIGNMENT((#6154));
#5893=PRESENTATION_STYLE_ASSIGNMENT((#6155));
#5894=PRESENTATION_STYLE_ASSIGNMENT((#6156));
#5895=PRESENTATION_STYLE_ASSIGNMENT((#6157));
#5896=PRESENTATION_STYLE_ASSIGNMENT((#6158));
#5897=PRESENTATION_STYLE_ASSIGNMENT((#6159));
#5898=PRESENTATION_STYLE_ASSIGNMENT((#6160));
#5899=PRESENTATION_STYLE_ASSIGNMENT((#6161));
#5900=PRESENTATION_STYLE_ASSIGNMENT((#6162));
#5901=PRESENTATION_STYLE_ASSIGNMENT((#6163));
#5902=PRESENTATION_STYLE_ASSIGNMENT((#6164));
#5903=PRESENTATION_STYLE_ASSIGNMENT((#6165));
#5904=PRESENTATION_STYLE_ASSIGNMENT((#6166));
#5905=PRESENTATION_STYLE_ASSIGNMENT((#6167));
#5906=PRESENTATION_STYLE_ASSIGNMENT((#6168));
#5907=PRESENTATION_STYLE_ASSIGNMENT((#6169));
#5908=PRESENTATION_STYLE_ASSIGNMENT((#6170));
#5909=PRESENTATION_STYLE_ASSIGNMENT((#6171));
#5910=PRESENTATION_STYLE_ASSIGNMENT((#6172));
#5911=PRESENTATION_STYLE_ASSIGNMENT((#6173));
#5912=PRESENTATION_STYLE_ASSIGNMENT((#6174));
#5913=PRESENTATION_STYLE_ASSIGNMENT((#6175));
#5914=PRESENTATION_STYLE_ASSIGNMENT((#6176));
#5915=PRESENTATION_STYLE_ASSIGNMENT((#6177));
#5916=PRESENTATION_STYLE_ASSIGNMENT((#6178));
#5917=PRESENTATION_STYLE_ASSIGNMENT((#6179));
#5918=PRESENTATION_STYLE_ASSIGNMENT((#6180));
#5919=PRESENTATION_STYLE_ASSIGNMENT((#6181));
#5920=PRESENTATION_STYLE_ASSIGNMENT((#6182));
#5921=PRESENTATION_STYLE_ASSIGNMENT((#6183));
#5922=PRESENTATION_STYLE_ASSIGNMENT((#6184));
#5923=PRESENTATION_STYLE_ASSIGNMENT((#6185));
#5924=PRESENTATION_STYLE_ASSIGNMENT((#6186));
#5925=PRESENTATION_STYLE_ASSIGNMENT((#6187));
#5926=PRESENTATION_STYLE_ASSIGNMENT((#6188));
#5927=PRESENTATION_STYLE_ASSIGNMENT((#6189));
#5928=PRESENTATION_STYLE_ASSIGNMENT((#6190));
#5929=PRESENTATION_STYLE_ASSIGNMENT((#6191));
#5930=PRESENTATION_STYLE_ASSIGNMENT((#6192));
#5931=PRESENTATION_STYLE_ASSIGNMENT((#6193));
#5932=PRESENTATION_STYLE_ASSIGNMENT((#6194));
#5933=PRESENTATION_STYLE_ASSIGNMENT((#6195));
#5934=PRESENTATION_STYLE_ASSIGNMENT((#6196));
#5935=PRESENTATION_STYLE_ASSIGNMENT((#6197));
#5936=PRESENTATION_STYLE_ASSIGNMENT((#6198));
#5937=PRESENTATION_STYLE_ASSIGNMENT((#6199));
#5938=PRESENTATION_STYLE_ASSIGNMENT((#6200));
#5939=PRESENTATION_STYLE_ASSIGNMENT((#6201));
#5940=PRESENTATION_STYLE_ASSIGNMENT((#6202));
#5941=PRESENTATION_STYLE_ASSIGNMENT((#6203));
#5942=PRESENTATION_STYLE_ASSIGNMENT((#6204));
#5943=PRESENTATION_STYLE_ASSIGNMENT((#6205));
#5944=PRESENTATION_STYLE_ASSIGNMENT((#6206));
#5945=PRESENTATION_STYLE_ASSIGNMENT((#6207));
#5946=PRESENTATION_STYLE_ASSIGNMENT((#6208));
#5947=PRESENTATION_STYLE_ASSIGNMENT((#6209));
#5948=PRESENTATION_STYLE_ASSIGNMENT((#6210));
#5949=PRESENTATION_STYLE_ASSIGNMENT((#6211));
#5950=PRESENTATION_STYLE_ASSIGNMENT((#6212));
#5951=PRESENTATION_STYLE_ASSIGNMENT((#6213));
#5952=PRESENTATION_STYLE_ASSIGNMENT((#6214));
#5953=PRESENTATION_STYLE_ASSIGNMENT((#6215));
#5954=PRESENTATION_STYLE_ASSIGNMENT((#6216));
#5955=PRESENTATION_STYLE_ASSIGNMENT((#6217));
#5956=PRESENTATION_STYLE_ASSIGNMENT((#6218));
#5957=PRESENTATION_STYLE_ASSIGNMENT((#6219));
#5958=PRESENTATION_STYLE_ASSIGNMENT((#6220));
#5959=PRESENTATION_STYLE_ASSIGNMENT((#6221));
#5960=PRESENTATION_STYLE_ASSIGNMENT((#6222));
#5961=PRESENTATION_STYLE_ASSIGNMENT((#6223));
#5962=PRESENTATION_STYLE_ASSIGNMENT((#6224));
#5963=PRESENTATION_STYLE_ASSIGNMENT((#6225));
#5964=PRESENTATION_STYLE_ASSIGNMENT((#6226));
#5965=PRESENTATION_STYLE_ASSIGNMENT((#6227));
#5966=PRESENTATION_STYLE_ASSIGNMENT((#6228));
#5967=PRESENTATION_STYLE_ASSIGNMENT((#6229));
#5968=PRESENTATION_STYLE_ASSIGNMENT((#6230));
#5969=PRESENTATION_STYLE_ASSIGNMENT((#6231));
#5970=PRESENTATION_STYLE_ASSIGNMENT((#6232));
#5971=PRESENTATION_STYLE_ASSIGNMENT((#6233));
#5972=PRESENTATION_STYLE_ASSIGNMENT((#6234));
#5973=PRESENTATION_STYLE_ASSIGNMENT((#6235));
#5974=PRESENTATION_STYLE_ASSIGNMENT((#6236));
#5975=PRESENTATION_STYLE_ASSIGNMENT((#6237));
#5976=PRESENTATION_STYLE_ASSIGNMENT((#6238));
#5977=PRESENTATION_STYLE_ASSIGNMENT((#6239));
#5978=PRESENTATION_STYLE_ASSIGNMENT((#6240));
#5979=PRESENTATION_STYLE_ASSIGNMENT((#6241));
#5980=PRESENTATION_STYLE_ASSIGNMENT((#6242));
#5981=PRESENTATION_STYLE_ASSIGNMENT((#6243));
#5982=PRESENTATION_STYLE_ASSIGNMENT((#6244));
#5983=PRESENTATION_STYLE_ASSIGNMENT((#6245));
#5984=PRESENTATION_STYLE_ASSIGNMENT((#6246));
#5985=PRESENTATION_STYLE_ASSIGNMENT((#6247));
#5986=PRESENTATION_STYLE_ASSIGNMENT((#6248));
#5987=PRESENTATION_STYLE_ASSIGNMENT((#6249));
#5988=PRESENTATION_STYLE_ASSIGNMENT((#6250));
#5989=PRESENTATION_STYLE_ASSIGNMENT((#6251));
#5990=PRESENTATION_STYLE_ASSIGNMENT((#6252));
#5991=PRESENTATION_STYLE_ASSIGNMENT((#6253));
#5992=PRESENTATION_STYLE_ASSIGNMENT((#6254));
#5993=PRESENTATION_STYLE_ASSIGNMENT((#6255));
#5994=PRESENTATION_STYLE_ASSIGNMENT((#6256));
#5995=PRESENTATION_STYLE_ASSIGNMENT((#6257));
#5996=PRESENTATION_STYLE_ASSIGNMENT((#6258));
#5997=PRESENTATION_STYLE_ASSIGNMENT((#6259));
#5998=PRESENTATION_STYLE_ASSIGNMENT((#6260));
#5999=PRESENTATION_STYLE_ASSIGNMENT((#6261));
#6000=PRESENTATION_STYLE_ASSIGNMENT((#6262));
#6001=PRESENTATION_STYLE_ASSIGNMENT((#6263));
#6002=PRESENTATION_STYLE_ASSIGNMENT((#6264));
#6003=PRESENTATION_STYLE_ASSIGNMENT((#6265));
#6004=PRESENTATION_STYLE_ASSIGNMENT((#6266));
#6005=PRESENTATION_STYLE_ASSIGNMENT((#6267));
#6006=PRESENTATION_STYLE_ASSIGNMENT((#6268));
#6007=PRESENTATION_STYLE_ASSIGNMENT((#6269));
#6008=PRESENTATION_STYLE_ASSIGNMENT((#6270));
#6009=PRESENTATION_STYLE_ASSIGNMENT((#6271));
#6010=PRESENTATION_STYLE_ASSIGNMENT((#6272));
#6011=PRESENTATION_STYLE_ASSIGNMENT((#6273));
#6012=PRESENTATION_STYLE_ASSIGNMENT((#6274));
#6013=PRESENTATION_STYLE_ASSIGNMENT((#6275));
#6014=PRESENTATION_STYLE_ASSIGNMENT((#6276));
#6015=PRESENTATION_STYLE_ASSIGNMENT((#6277));
#6016=PRESENTATION_STYLE_ASSIGNMENT((#6278));
#6017=PRESENTATION_STYLE_ASSIGNMENT((#6279));
#6018=PRESENTATION_STYLE_ASSIGNMENT((#6280));
#6019=PRESENTATION_STYLE_ASSIGNMENT((#6281));
#6020=PRESENTATION_STYLE_ASSIGNMENT((#6282));
#6021=PRESENTATION_STYLE_ASSIGNMENT((#6283));
#6022=PRESENTATION_STYLE_ASSIGNMENT((#6284));
#6023=PRESENTATION_STYLE_ASSIGNMENT((#6285));
#6024=PRESENTATION_STYLE_ASSIGNMENT((#6286));
#6025=PRESENTATION_STYLE_ASSIGNMENT((#6287));
#6026=PRESENTATION_STYLE_ASSIGNMENT((#6288));
#6027=PRESENTATION_STYLE_ASSIGNMENT((#6289));
#6028=PRESENTATION_STYLE_ASSIGNMENT((#6290));
#6029=PRESENTATION_STYLE_ASSIGNMENT((#6291));
#6030=PRESENTATION_STYLE_ASSIGNMENT((#6292));
#6031=PRESENTATION_STYLE_ASSIGNMENT((#6293));
#6032=PRESENTATION_STYLE_ASSIGNMENT((#6294));
#6033=PRESENTATION_STYLE_ASSIGNMENT((#6295));
#6034=PRESENTATION_STYLE_ASSIGNMENT((#6296));
#6035=PRESENTATION_STYLE_ASSIGNMENT((#6297));
#6036=PRESENTATION_STYLE_ASSIGNMENT((#6298));
#6037=PRESENTATION_STYLE_ASSIGNMENT((#6299));
#6038=PRESENTATION_STYLE_ASSIGNMENT((#6300));
#6039=PRESENTATION_STYLE_ASSIGNMENT((#6301));
#6040=PRESENTATION_STYLE_ASSIGNMENT((#6302));
#6041=PRESENTATION_STYLE_ASSIGNMENT((#6303));
#6042=PRESENTATION_STYLE_ASSIGNMENT((#6304));
#6043=PRESENTATION_STYLE_ASSIGNMENT((#6305));
#6044=PRESENTATION_STYLE_ASSIGNMENT((#6306));
#6045=PRESENTATION_STYLE_ASSIGNMENT((#6307));
#6046=PRESENTATION_STYLE_ASSIGNMENT((#6308));
#6047=PRESENTATION_STYLE_ASSIGNMENT((#6309));
#6048=PRESENTATION_STYLE_ASSIGNMENT((#6310));
#6049=PRESENTATION_STYLE_ASSIGNMENT((#6311));
#6050=PRESENTATION_STYLE_ASSIGNMENT((#6312));
#6051=PRESENTATION_STYLE_ASSIGNMENT((#6313));
#6052=PRESENTATION_STYLE_ASSIGNMENT((#6314));
#6053=PRESENTATION_STYLE_ASSIGNMENT((#6315));
#6054=PRESENTATION_STYLE_ASSIGNMENT((#6316));
#6055=PRESENTATION_STYLE_ASSIGNMENT((#6317));
#6056=PRESENTATION_STYLE_ASSIGNMENT((#6318));
#6057=PRESENTATION_STYLE_ASSIGNMENT((#6319));
#6058=PRESENTATION_STYLE_ASSIGNMENT((#6320));
#6059=PRESENTATION_STYLE_ASSIGNMENT((#6321));
#6060=PRESENTATION_STYLE_ASSIGNMENT((#6322));
#6061=PRESENTATION_STYLE_ASSIGNMENT((#6323));
#6062=PRESENTATION_STYLE_ASSIGNMENT((#6324));
#6063=PRESENTATION_STYLE_ASSIGNMENT((#6325));
#6064=PRESENTATION_STYLE_ASSIGNMENT((#6326));
#6065=PRESENTATION_STYLE_ASSIGNMENT((#6327));
#6066=PRESENTATION_STYLE_ASSIGNMENT((#6328));
#6067=PRESENTATION_STYLE_ASSIGNMENT((#6329));
#6068=PRESENTATION_STYLE_ASSIGNMENT((#6330));
#6069=PRESENTATION_STYLE_ASSIGNMENT((#6331));
#6070=PRESENTATION_STYLE_ASSIGNMENT((#6332));
#6071=PRESENTATION_STYLE_ASSIGNMENT((#6333));
#6072=PRESENTATION_STYLE_ASSIGNMENT((#6334));
#6073=PRESENTATION_STYLE_ASSIGNMENT((#6335));
#6074=PRESENTATION_STYLE_ASSIGNMENT((#6336));
#6075=PRESENTATION_STYLE_ASSIGNMENT((#6337));
#6076=PRESENTATION_STYLE_ASSIGNMENT((#6338));
#6077=PRESENTATION_STYLE_ASSIGNMENT((#6339));
#6078=PRESENTATION_STYLE_ASSIGNMENT((#6340));
#6079=PRESENTATION_STYLE_ASSIGNMENT((#6341));
#6080=PRESENTATION_STYLE_ASSIGNMENT((#6342));
#6081=PRESENTATION_STYLE_ASSIGNMENT((#6343));
#6082=PRESENTATION_STYLE_ASSIGNMENT((#6344));
#6083=PRESENTATION_STYLE_ASSIGNMENT((#6345));
#6084=PRESENTATION_STYLE_ASSIGNMENT((#6346));
#6085=PRESENTATION_STYLE_ASSIGNMENT((#6347));
#6086=PRESENTATION_STYLE_ASSIGNMENT((#6348));
#6087=PRESENTATION_STYLE_ASSIGNMENT((#6349));
#6088=PRESENTATION_STYLE_ASSIGNMENT((#6350));
#6089=PRESENTATION_STYLE_ASSIGNMENT((#6351));
#6090=PRESENTATION_STYLE_ASSIGNMENT((#6352));
#6091=PRESENTATION_STYLE_ASSIGNMENT((#6353));
#6092=PRESENTATION_STYLE_ASSIGNMENT((#6354));
#6093=PRESENTATION_STYLE_ASSIGNMENT((#6355));
#6094=PRESENTATION_STYLE_ASSIGNMENT((#6356));
#6095=PRESENTATION_STYLE_ASSIGNMENT((#6357));
#6096=PRESENTATION_STYLE_ASSIGNMENT((#6358));
#6097=PRESENTATION_STYLE_ASSIGNMENT((#6359));
#6098=PRESENTATION_STYLE_ASSIGNMENT((#6360));
#6099=PRESENTATION_STYLE_ASSIGNMENT((#6361));
#6100=PRESENTATION_STYLE_ASSIGNMENT((#6362));
#6101=PRESENTATION_STYLE_ASSIGNMENT((#6363));
#6102=PRESENTATION_STYLE_ASSIGNMENT((#6364));
#6103=PRESENTATION_STYLE_ASSIGNMENT((#6365));
#6104=PRESENTATION_STYLE_ASSIGNMENT((#6366));
#6105=SURFACE_STYLE_USAGE(.BOTH.,#6367);
#6106=SURFACE_STYLE_USAGE(.BOTH.,#6368);
#6107=SURFACE_STYLE_USAGE(.BOTH.,#6369);
#6108=SURFACE_STYLE_USAGE(.BOTH.,#6370);
#6109=SURFACE_STYLE_USAGE(.BOTH.,#6371);
#6110=SURFACE_STYLE_USAGE(.BOTH.,#6372);
#6111=SURFACE_STYLE_USAGE(.BOTH.,#6373);
#6112=SURFACE_STYLE_USAGE(.BOTH.,#6374);
#6113=SURFACE_STYLE_USAGE(.BOTH.,#6375);
#6114=SURFACE_STYLE_USAGE(.BOTH.,#6376);
#6115=SURFACE_STYLE_USAGE(.BOTH.,#6377);
#6116=SURFACE_STYLE_USAGE(.BOTH.,#6378);
#6117=SURFACE_STYLE_USAGE(.BOTH.,#6379);
#6118=SURFACE_STYLE_USAGE(.BOTH.,#6380);
#6119=SURFACE_STYLE_USAGE(.BOTH.,#6381);
#6120=SURFACE_STYLE_USAGE(.BOTH.,#6382);
#6121=SURFACE_STYLE_USAGE(.BOTH.,#6383);
#6122=SURFACE_STYLE_USAGE(.BOTH.,#6384);
#6123=SURFACE_STYLE_USAGE(.BOTH.,#6385);
#6124=SURFACE_STYLE_USAGE(.BOTH.,#6386);
#6125=SURFACE_STYLE_USAGE(.BOTH.,#6387);
#6126=SURFACE_STYLE_USAGE(.BOTH.,#6388);
#6127=SURFACE_STYLE_USAGE(.BOTH.,#6389);
#6128=SURFACE_STYLE_USAGE(.BOTH.,#6390);
#6129=SURFACE_STYLE_USAGE(.BOTH.,#6391);
#6130=SURFACE_STYLE_USAGE(.BOTH.,#6392);
#6131=SURFACE_STYLE_USAGE(.BOTH.,#6393);
#6132=SURFACE_STYLE_USAGE(.BOTH.,#6394);
#6133=SURFACE_STYLE_USAGE(.BOTH.,#6395);
#6134=SURFACE_STYLE_USAGE(.BOTH.,#6396);
#6135=SURFACE_STYLE_USAGE(.BOTH.,#6397);
#6136=SURFACE_STYLE_USAGE(.BOTH.,#6398);
#6137=SURFACE_STYLE_USAGE(.BOTH.,#6399);
#6138=SURFACE_STYLE_USAGE(.BOTH.,#6400);
#6139=SURFACE_STYLE_USAGE(.BOTH.,#6401);
#6140=SURFACE_STYLE_USAGE(.BOTH.,#6402);
#6141=SURFACE_STYLE_USAGE(.BOTH.,#6403);
#6142=SURFACE_STYLE_USAGE(.BOTH.,#6404);
#6143=SURFACE_STYLE_USAGE(.BOTH.,#6405);
#6144=SURFACE_STYLE_USAGE(.BOTH.,#6406);
#6145=SURFACE_STYLE_USAGE(.BOTH.,#6407);
#6146=SURFACE_STYLE_USAGE(.BOTH.,#6408);
#6147=SURFACE_STYLE_USAGE(.BOTH.,#6409);
#6148=SURFACE_STYLE_USAGE(.BOTH.,#6410);
#6149=SURFACE_STYLE_USAGE(.BOTH.,#6411);
#6150=SURFACE_STYLE_USAGE(.BOTH.,#6412);
#6151=SURFACE_STYLE_USAGE(.BOTH.,#6413);
#6152=SURFACE_STYLE_USAGE(.BOTH.,#6414);
#6153=SURFACE_STYLE_USAGE(.BOTH.,#6415);
#6154=SURFACE_STYLE_USAGE(.BOTH.,#6416);
#6155=SURFACE_STYLE_USAGE(.BOTH.,#6417);
#6156=SURFACE_STYLE_USAGE(.BOTH.,#6418);
#6157=SURFACE_STYLE_USAGE(.BOTH.,#6419);
#6158=SURFACE_STYLE_USAGE(.BOTH.,#6420);
#6159=SURFACE_STYLE_USAGE(.BOTH.,#6421);
#6160=SURFACE_STYLE_USAGE(.BOTH.,#6422);
#6161=SURFACE_STYLE_USAGE(.BOTH.,#6423);
#6162=SURFACE_STYLE_USAGE(.BOTH.,#6424);
#6163=SURFACE_STYLE_USAGE(.BOTH.,#6425);
#6164=SURFACE_STYLE_USAGE(.BOTH.,#6426);
#6165=SURFACE_STYLE_USAGE(.BOTH.,#6427);
#6166=SURFACE_STYLE_USAGE(.BOTH.,#6428);
#6167=SURFACE_STYLE_USAGE(.BOTH.,#6429);
#6168=SURFACE_STYLE_USAGE(.BOTH.,#6430);
#6169=SURFACE_STYLE_USAGE(.BOTH.,#6431);
#6170=SURFACE_STYLE_USAGE(.BOTH.,#6432);
#6171=SURFACE_STYLE_USAGE(.BOTH.,#6433);
#6172=SURFACE_STYLE_USAGE(.BOTH.,#6434);
#6173=SURFACE_STYLE_USAGE(.BOTH.,#6435);
#6174=SURFACE_STYLE_USAGE(.BOTH.,#6436);
#6175=SURFACE_STYLE_USAGE(.BOTH.,#6437);
#6176=SURFACE_STYLE_USAGE(.BOTH.,#6438);
#6177=SURFACE_STYLE_USAGE(.BOTH.,#6439);
#6178=SURFACE_STYLE_USAGE(.BOTH.,#6440);
#6179=SURFACE_STYLE_USAGE(.BOTH.,#6441);
#6180=SURFACE_STYLE_USAGE(.BOTH.,#6442);
#6181=SURFACE_STYLE_USAGE(.BOTH.,#6443);
#6182=SURFACE_STYLE_USAGE(.BOTH.,#6444);
#6183=SURFACE_STYLE_USAGE(.BOTH.,#6445);
#6184=SURFACE_STYLE_USAGE(.BOTH.,#6446);
#6185=SURFACE_STYLE_USAGE(.BOTH.,#6447);
#6186=SURFACE_STYLE_USAGE(.BOTH.,#6448);
#6187=SURFACE_STYLE_USAGE(.BOTH.,#6449);
#6188=SURFACE_STYLE_USAGE(.BOTH.,#6450);
#6189=SURFACE_STYLE_USAGE(.BOTH.,#6451);
#6190=SURFACE_STYLE_USAGE(.BOTH.,#6452);
#6191=SURFACE_STYLE_USAGE(.BOTH.,#6453);
#6192=SURFACE_STYLE_USAGE(.BOTH.,#6454);
#6193=SURFACE_STYLE_USAGE(.BOTH.,#6455);
#6194=SURFACE_STYLE_USAGE(.BOTH.,#6456);
#6195=SURFACE_STYLE_USAGE(.BOTH.,#6457);
#6196=SURFACE_STYLE_USAGE(.BOTH.,#6458);
#6197=SURFACE_STYLE_USAGE(.BOTH.,#6459);
#6198=SURFACE_STYLE_USAGE(.BOTH.,#6460);
#6199=SURFACE_STYLE_USAGE(.BOTH.,#6461);
#6200=SURFACE_STYLE_USAGE(.BOTH.,#6462);
#6201=SURFACE_STYLE_USAGE(.BOTH.,#6463);
#6202=SURFACE_STYLE_USAGE(.BOTH.,#6464);
#6203=SURFACE_STYLE_USAGE(.BOTH.,#6465);
#6204=SURFACE_STYLE_USAGE(.BOTH.,#6466);
#6205=SURFACE_STYLE_USAGE(.BOTH.,#6467);
#6206=SURFACE_STYLE_USAGE(.BOTH.,#6468);
#6207=SURFACE_STYLE_USAGE(.BOTH.,#6469);
#6208=SURFACE_STYLE_USAGE(.BOTH.,#6470);
#6209=SURFACE_STYLE_USAGE(.BOTH.,#6471);
#6210=SURFACE_STYLE_USAGE(.BOTH.,#6472);
#6211=SURFACE_STYLE_USAGE(.BOTH.,#6473);
#6212=SURFACE_STYLE_USAGE(.BOTH.,#6474);
#6213=SURFACE_STYLE_USAGE(.BOTH.,#6475);
#6214=SURFACE_STYLE_USAGE(.BOTH.,#6476);
#6215=SURFACE_STYLE_USAGE(.BOTH.,#6477);
#6216=SURFACE_STYLE_USAGE(.BOTH.,#6478);
#6217=SURFACE_STYLE_USAGE(.BOTH.,#6479);
#6218=SURFACE_STYLE_USAGE(.BOTH.,#6480);
#6219=SURFACE_STYLE_USAGE(.BOTH.,#6481);
#6220=SURFACE_STYLE_USAGE(.BOTH.,#6482);
#6221=SURFACE_STYLE_USAGE(.BOTH.,#6483);
#6222=SURFACE_STYLE_USAGE(.BOTH.,#6484);
#6223=SURFACE_STYLE_USAGE(.BOTH.,#6485);
#6224=SURFACE_STYLE_USAGE(.BOTH.,#6486);
#6225=SURFACE_STYLE_USAGE(.BOTH.,#6487);
#6226=SURFACE_STYLE_USAGE(.BOTH.,#6488);
#6227=SURFACE_STYLE_USAGE(.BOTH.,#6489);
#6228=SURFACE_STYLE_USAGE(.BOTH.,#6490);
#6229=SURFACE_STYLE_USAGE(.BOTH.,#6491);
#6230=SURFACE_STYLE_USAGE(.BOTH.,#6492);
#6231=SURFACE_STYLE_USAGE(.BOTH.,#6493);
#6232=SURFACE_STYLE_USAGE(.BOTH.,#6494);
#6233=SURFACE_STYLE_USAGE(.BOTH.,#6495);
#6234=SURFACE_STYLE_USAGE(.BOTH.,#6496);
#6235=SURFACE_STYLE_USAGE(.BOTH.,#6497);
#6236=SURFACE_STYLE_USAGE(.BOTH.,#6498);
#6237=SURFACE_STYLE_USAGE(.BOTH.,#6499);
#6238=SURFACE_STYLE_USAGE(.BOTH.,#6500);
#6239=SURFACE_STYLE_USAGE(.BOTH.,#6501);
#6240=SURFACE_STYLE_USAGE(.BOTH.,#6502);
#6241=SURFACE_STYLE_USAGE(.BOTH.,#6503);
#6242=SURFACE_STYLE_USAGE(.BOTH.,#6504);
#6243=SURFACE_STYLE_USAGE(.BOTH.,#6505);
#6244=SURFACE_STYLE_USAGE(.BOTH.,#6506);
#6245=SURFACE_STYLE_USAGE(.BOTH.,#6507);
#6246=SURFACE_STYLE_USAGE(.BOTH.,#6508);
#6247=SURFACE_STYLE_USAGE(.BOTH.,#6509);
#6248=SURFACE_STYLE_USAGE(.BOTH.,#6510);
#6249=SURFACE_STYLE_USAGE(.BOTH.,#6511);
#6250=SURFACE_STYLE_USAGE(.BOTH.,#6512);
#6251=SURFACE_STYLE_USAGE(.BOTH.,#6513);
#6252=SURFACE_STYLE_USAGE(.BOTH.,#6514);
#6253=SURFACE_STYLE_USAGE(.BOTH.,#6515);
#6254=SURFACE_STYLE_USAGE(.BOTH.,#6516);
#6255=SURFACE_STYLE_USAGE(.BOTH.,#6517);
#6256=SURFACE_STYLE_USAGE(.BOTH.,#6518);
#6257=SURFACE_STYLE_USAGE(.BOTH.,#6519);
#6258=SURFACE_STYLE_USAGE(.BOTH.,#6520);
#6259=SURFACE_STYLE_USAGE(.BOTH.,#6521);
#6260=SURFACE_STYLE_USAGE(.BOTH.,#6522);
#6261=SURFACE_STYLE_USAGE(.BOTH.,#6523);
#6262=SURFACE_STYLE_USAGE(.BOTH.,#6524);
#6263=SURFACE_STYLE_USAGE(.BOTH.,#6525);
#6264=SURFACE_STYLE_USAGE(.BOTH.,#6526);
#6265=SURFACE_STYLE_USAGE(.BOTH.,#6527);
#6266=SURFACE_STYLE_USAGE(.BOTH.,#6528);
#6267=SURFACE_STYLE_USAGE(.BOTH.,#6529);
#6268=SURFACE_STYLE_USAGE(.BOTH.,#6530);
#6269=SURFACE_STYLE_USAGE(.BOTH.,#6531);
#6270=SURFACE_STYLE_USAGE(.BOTH.,#6532);
#6271=SURFACE_STYLE_USAGE(.BOTH.,#6533);
#6272=SURFACE_STYLE_USAGE(.BOTH.,#6534);
#6273=SURFACE_STYLE_USAGE(.BOTH.,#6535);
#6274=SURFACE_STYLE_USAGE(.BOTH.,#6536);
#6275=SURFACE_STYLE_USAGE(.BOTH.,#6537);
#6276=SURFACE_STYLE_USAGE(.BOTH.,#6538);
#6277=SURFACE_STYLE_USAGE(.BOTH.,#6539);
#6278=SURFACE_STYLE_USAGE(.BOTH.,#6540);
#6279=SURFACE_STYLE_USAGE(.BOTH.,#6541);
#6280=SURFACE_STYLE_USAGE(.BOTH.,#6542);
#6281=SURFACE_STYLE_USAGE(.BOTH.,#6543);
#6282=SURFACE_STYLE_USAGE(.BOTH.,#6544);
#6283=SURFACE_STYLE_USAGE(.BOTH.,#6545);
#6284=SURFACE_STYLE_USAGE(.BOTH.,#6546);
#6285=SURFACE_STYLE_USAGE(.BOTH.,#6547);
#6286=SURFACE_STYLE_USAGE(.BOTH.,#6548);
#6287=SURFACE_STYLE_USAGE(.BOTH.,#6549);
#6288=SURFACE_STYLE_USAGE(.BOTH.,#6550);
#6289=SURFACE_STYLE_USAGE(.BOTH.,#6551);
#6290=SURFACE_STYLE_USAGE(.BOTH.,#6552);
#6291=SURFACE_STYLE_USAGE(.BOTH.,#6553);
#6292=SURFACE_STYLE_USAGE(.BOTH.,#6554);
#6293=SURFACE_STYLE_USAGE(.BOTH.,#6555);
#6294=SURFACE_STYLE_USAGE(.BOTH.,#6556);
#6295=SURFACE_STYLE_USAGE(.BOTH.,#6557);
#6296=SURFACE_STYLE_USAGE(.BOTH.,#6558);
#6297=SURFACE_STYLE_USAGE(.BOTH.,#6559);
#6298=SURFACE_STYLE_USAGE(.BOTH.,#6560);
#6299=SURFACE_STYLE_USAGE(.BOTH.,#6561);
#6300=SURFACE_STYLE_USAGE(.BOTH.,#6562);
#6301=SURFACE_STYLE_USAGE(.BOTH.,#6563);
#6302=SURFACE_STYLE_USAGE(.BOTH.,#6564);
#6303=SURFACE_STYLE_USAGE(.BOTH.,#6565);
#6304=SURFACE_STYLE_USAGE(.BOTH.,#6566);
#6305=SURFACE_STYLE_USAGE(.BOTH.,#6567);
#6306=SURFACE_STYLE_USAGE(.BOTH.,#6568);
#6307=SURFACE_STYLE_USAGE(.BOTH.,#6569);
#6308=SURFACE_STYLE_USAGE(.BOTH.,#6570);
#6309=SURFACE_STYLE_USAGE(.BOTH.,#6571);
#6310=SURFACE_STYLE_USAGE(.BOTH.,#6572);
#6311=SURFACE_STYLE_USAGE(.BOTH.,#6573);
#6312=SURFACE_STYLE_USAGE(.BOTH.,#6574);
#6313=SURFACE_STYLE_USAGE(.BOTH.,#6575);
#6314=SURFACE_STYLE_USAGE(.BOTH.,#6576);
#6315=SURFACE_STYLE_USAGE(.BOTH.,#6577);
#6316=SURFACE_STYLE_USAGE(.BOTH.,#6578);
#6317=SURFACE_STYLE_USAGE(.BOTH.,#6579);
#6318=SURFACE_STYLE_USAGE(.BOTH.,#6580);
#6319=SURFACE_STYLE_USAGE(.BOTH.,#6581);
#6320=SURFACE_STYLE_USAGE(.BOTH.,#6582);
#6321=SURFACE_STYLE_USAGE(.BOTH.,#6583);
#6322=SURFACE_STYLE_USAGE(.BOTH.,#6584);
#6323=SURFACE_STYLE_USAGE(.BOTH.,#6585);
#6324=SURFACE_STYLE_USAGE(.BOTH.,#6586);
#6325=SURFACE_STYLE_USAGE(.BOTH.,#6587);
#6326=SURFACE_STYLE_USAGE(.BOTH.,#6588);
#6327=SURFACE_STYLE_USAGE(.BOTH.,#6589);
#6328=SURFACE_STYLE_USAGE(.BOTH.,#6590);
#6329=SURFACE_STYLE_USAGE(.BOTH.,#6591);
#6330=SURFACE_STYLE_USAGE(.BOTH.,#6592);
#6331=SURFACE_STYLE_USAGE(.BOTH.,#6593);
#6332=SURFACE_STYLE_USAGE(.BOTH.,#6594);
#6333=SURFACE_STYLE_USAGE(.BOTH.,#6595);
#6334=SURFACE_STYLE_USAGE(.BOTH.,#6596);
#6335=SURFACE_STYLE_USAGE(.BOTH.,#6597);
#6336=SURFACE_STYLE_USAGE(.BOTH.,#6598);
#6337=SURFACE_STYLE_USAGE(.BOTH.,#6599);
#6338=SURFACE_STYLE_USAGE(.BOTH.,#6600);
#6339=SURFACE_STYLE_USAGE(.BOTH.,#6601);
#6340=SURFACE_STYLE_USAGE(.BOTH.,#6602);
#6341=SURFACE_STYLE_USAGE(.BOTH.,#6603);
#6342=SURFACE_STYLE_USAGE(.BOTH.,#6604);
#6343=SURFACE_STYLE_USAGE(.BOTH.,#6605);
#6344=SURFACE_STYLE_USAGE(.BOTH.,#6606);
#6345=SURFACE_STYLE_USAGE(.BOTH.,#6607);
#6346=SURFACE_STYLE_USAGE(.BOTH.,#6608);
#6347=SURFACE_STYLE_USAGE(.BOTH.,#6609);
#6348=SURFACE_STYLE_USAGE(.BOTH.,#6610);
#6349=SURFACE_STYLE_USAGE(.BOTH.,#6611);
#6350=SURFACE_STYLE_USAGE(.BOTH.,#6612);
#6351=SURFACE_STYLE_USAGE(.BOTH.,#6613);
#6352=SURFACE_STYLE_USAGE(.BOTH.,#6614);
#6353=SURFACE_STYLE_USAGE(.BOTH.,#6615);
#6354=SURFACE_STYLE_USAGE(.BOTH.,#6616);
#6355=SURFACE_STYLE_USAGE(.BOTH.,#6617);
#6356=SURFACE_STYLE_USAGE(.BOTH.,#6618);
#6357=SURFACE_STYLE_USAGE(.BOTH.,#6619);
#6358=SURFACE_STYLE_USAGE(.BOTH.,#6620);
#6359=SURFACE_STYLE_USAGE(.BOTH.,#6621);
#6360=SURFACE_STYLE_USAGE(.BOTH.,#6622);
#6361=SURFACE_STYLE_USAGE(.BOTH.,#6623);
#6362=SURFACE_STYLE_USAGE(.BOTH.,#6624);
#6363=SURFACE_STYLE_USAGE(.BOTH.,#6625);
#6364=SURFACE_STYLE_USAGE(.BOTH.,#6626);
#6365=SURFACE_STYLE_USAGE(.BOTH.,#6627);
#6366=SURFACE_STYLE_USAGE(.BOTH.,#6628);
#6367=SURFACE_SIDE_STYLE('',(#6629));
#6368=SURFACE_SIDE_STYLE('',(#6630));
#6369=SURFACE_SIDE_STYLE('',(#6631));
#6370=SURFACE_SIDE_STYLE('',(#6632));
#6371=SURFACE_SIDE_STYLE('',(#6633));
#6372=SURFACE_SIDE_STYLE('',(#6634));
#6373=SURFACE_SIDE_STYLE('',(#6635));
#6374=SURFACE_SIDE_STYLE('',(#6636));
#6375=SURFACE_SIDE_STYLE('',(#6637));
#6376=SURFACE_SIDE_STYLE('',(#6638));
#6377=SURFACE_SIDE_STYLE('',(#6639));
#6378=SURFACE_SIDE_STYLE('',(#6640));
#6379=SURFACE_SIDE_STYLE('',(#6641));
#6380=SURFACE_SIDE_STYLE('',(#6642));
#6381=SURFACE_SIDE_STYLE('',(#6643));
#6382=SURFACE_SIDE_STYLE('',(#6644));
#6383=SURFACE_SIDE_STYLE('',(#6645));
#6384=SURFACE_SIDE_STYLE('',(#6646));
#6385=SURFACE_SIDE_STYLE('',(#6647));
#6386=SURFACE_SIDE_STYLE('',(#6648));
#6387=SURFACE_SIDE_STYLE('',(#6649));
#6388=SURFACE_SIDE_STYLE('',(#6650));
#6389=SURFACE_SIDE_STYLE('',(#6651));
#6390=SURFACE_SIDE_STYLE('',(#6652));
#6391=SURFACE_SIDE_STYLE('',(#6653));
#6392=SURFACE_SIDE_STYLE('',(#6654));
#6393=SURFACE_SIDE_STYLE('',(#6655));
#6394=SURFACE_SIDE_STYLE('',(#6656));
#6395=SURFACE_SIDE_STYLE('',(#6657));
#6396=SURFACE_SIDE_STYLE('',(#6658));
#6397=SURFACE_SIDE_STYLE('',(#6659));
#6398=SURFACE_SIDE_STYLE('',(#6660));
#6399=SURFACE_SIDE_STYLE('',(#6661));
#6400=SURFACE_SIDE_STYLE('',(#6662));
#6401=SURFACE_SIDE_STYLE('',(#6663));
#6402=SURFACE_SIDE_STYLE('',(#6664));
#6403=SURFACE_SIDE_STYLE('',(#6665));
#6404=SURFACE_SIDE_STYLE('',(#6666));
#6405=SURFACE_SIDE_STYLE('',(#6667));
#6406=SURFACE_SIDE_STYLE('',(#6668));
#6407=SURFACE_SIDE_STYLE('',(#6669));
#6408=SURFACE_SIDE_STYLE('',(#6670));
#6409=SURFACE_SIDE_STYLE('',(#6671));
#6410=SURFACE_SIDE_STYLE('',(#6672));
#6411=SURFACE_SIDE_STYLE('',(#6673));
#6412=SURFACE_SIDE_STYLE('',(#6674));
#6413=SURFACE_SIDE_STYLE('',(#6675));
#6414=SURFACE_SIDE_STYLE('',(#6676));
#6415=SURFACE_SIDE_STYLE('',(#6677));
#6416=SURFACE_SIDE_STYLE('',(#6678));
#6417=SURFACE_SIDE_STYLE('',(#6679));
#6418=SURFACE_SIDE_STYLE('',(#6680));
#6419=SURFACE_SIDE_STYLE('',(#6681));
#6420=SURFACE_SIDE_STYLE('',(#6682));
#6421=SURFACE_SIDE_STYLE('',(#6683));
#6422=SURFACE_SIDE_STYLE('',(#6684));
#6423=SURFACE_SIDE_STYLE('',(#6685));
#6424=SURFACE_SIDE_STYLE('',(#6686));
#6425=SURFACE_SIDE_STYLE('',(#6687));
#6426=SURFACE_SIDE_STYLE('',(#6688));
#6427=SURFACE_SIDE_STYLE('',(#6689));
#6428=SURFACE_SIDE_STYLE('',(#6690));
#6429=SURFACE_SIDE_STYLE('',(#6691));
#6430=SURFACE_SIDE_STYLE('',(#6692));
#6431=SURFACE_SIDE_STYLE('',(#6693));
#6432=SURFACE_SIDE_STYLE('',(#6694));
#6433=SURFACE_SIDE_STYLE('',(#6695));
#6434=SURFACE_SIDE_STYLE('',(#6696));
#6435=SURFACE_SIDE_STYLE('',(#6697));
#6436=SURFACE_SIDE_STYLE('',(#6698));
#6437=SURFACE_SIDE_STYLE('',(#6699));
#6438=SURFACE_SIDE_STYLE('',(#6700));
#6439=SURFACE_SIDE_STYLE('',(#6701));
#6440=SURFACE_SIDE_STYLE('',(#6702));
#6441=SURFACE_SIDE_STYLE('',(#6703));
#6442=SURFACE_SIDE_STYLE('',(#6704));
#6443=SURFACE_SIDE_STYLE('',(#6705));
#6444=SURFACE_SIDE_STYLE('',(#6706));
#6445=SURFACE_SIDE_STYLE('',(#6707));
#6446=SURFACE_SIDE_STYLE('',(#6708));
#6447=SURFACE_SIDE_STYLE('',(#6709));
#6448=SURFACE_SIDE_STYLE('',(#6710));
#6449=SURFACE_SIDE_STYLE('',(#6711));
#6450=SURFACE_SIDE_STYLE('',(#6712));
#6451=SURFACE_SIDE_STYLE('',(#6713));
#6452=SURFACE_SIDE_STYLE('',(#6714));
#6453=SURFACE_SIDE_STYLE('',(#6715));
#6454=SURFACE_SIDE_STYLE('',(#6716));
#6455=SURFACE_SIDE_STYLE('',(#6717));
#6456=SURFACE_SIDE_STYLE('',(#6718));
#6457=SURFACE_SIDE_STYLE('',(#6719));
#6458=SURFACE_SIDE_STYLE('',(#6720));
#6459=SURFACE_SIDE_STYLE('',(#6721));
#6460=SURFACE_SIDE_STYLE('',(#6722));
#6461=SURFACE_SIDE_STYLE('',(#6723));
#6462=SURFACE_SIDE_STYLE('',(#6724));
#6463=SURFACE_SIDE_STYLE('',(#6725));
#6464=SURFACE_SIDE_STYLE('',(#6726));
#6465=SURFACE_SIDE_STYLE('',(#6727));
#6466=SURFACE_SIDE_STYLE('',(#6728));
#6467=SURFACE_SIDE_STYLE('',(#6729));
#6468=SURFACE_SIDE_STYLE('',(#6730));
#6469=SURFACE_SIDE_STYLE('',(#6731));
#6470=SURFACE_SIDE_STYLE('',(#6732));
#6471=SURFACE_SIDE_STYLE('',(#6733));
#6472=SURFACE_SIDE_STYLE('',(#6734));
#6473=SURFACE_SIDE_STYLE('',(#6735));
#6474=SURFACE_SIDE_STYLE('',(#6736));
#6475=SURFACE_SIDE_STYLE('',(#6737));
#6476=SURFACE_SIDE_STYLE('',(#6738));
#6477=SURFACE_SIDE_STYLE('',(#6739));
#6478=SURFACE_SIDE_STYLE('',(#6740));
#6479=SURFACE_SIDE_STYLE('',(#6741));
#6480=SURFACE_SIDE_STYLE('',(#6742));
#6481=SURFACE_SIDE_STYLE('',(#6743));
#6482=SURFACE_SIDE_STYLE('',(#6744));
#6483=SURFACE_SIDE_STYLE('',(#6745));
#6484=SURFACE_SIDE_STYLE('',(#6746));
#6485=SURFACE_SIDE_STYLE('',(#6747));
#6486=SURFACE_SIDE_STYLE('',(#6748));
#6487=SURFACE_SIDE_STYLE('',(#6749));
#6488=SURFACE_SIDE_STYLE('',(#6750));
#6489=SURFACE_SIDE_STYLE('',(#6751));
#6490=SURFACE_SIDE_STYLE('',(#6752));
#6491=SURFACE_SIDE_STYLE('',(#6753));
#6492=SURFACE_SIDE_STYLE('',(#6754));
#6493=SURFACE_SIDE_STYLE('',(#6755));
#6494=SURFACE_SIDE_STYLE('',(#6756));
#6495=SURFACE_SIDE_STYLE('',(#6757));
#6496=SURFACE_SIDE_STYLE('',(#6758));
#6497=SURFACE_SIDE_STYLE('',(#6759));
#6498=SURFACE_SIDE_STYLE('',(#6760));
#6499=SURFACE_SIDE_STYLE('',(#6761));
#6500=SURFACE_SIDE_STYLE('',(#6762));
#6501=SURFACE_SIDE_STYLE('',(#6763));
#6502=SURFACE_SIDE_STYLE('',(#6764));
#6503=SURFACE_SIDE_STYLE('',(#6765));
#6504=SURFACE_SIDE_STYLE('',(#6766));
#6505=SURFACE_SIDE_STYLE('',(#6767));
#6506=SURFACE_SIDE_STYLE('',(#6768));
#6507=SURFACE_SIDE_STYLE('',(#6769));
#6508=SURFACE_SIDE_STYLE('',(#6770));
#6509=SURFACE_SIDE_STYLE('',(#6771));
#6510=SURFACE_SIDE_STYLE('',(#6772));
#6511=SURFACE_SIDE_STYLE('',(#6773));
#6512=SURFACE_SIDE_STYLE('',(#6774));
#6513=SURFACE_SIDE_STYLE('',(#6775));
#6514=SURFACE_SIDE_STYLE('',(#6776));
#6515=SURFACE_SIDE_STYLE('',(#6777));
#6516=SURFACE_SIDE_STYLE('',(#6778));
#6517=SURFACE_SIDE_STYLE('',(#6779));
#6518=SURFACE_SIDE_STYLE('',(#6780));
#6519=SURFACE_SIDE_STYLE('',(#6781));
#6520=SURFACE_SIDE_STYLE('',(#6782));
#6521=SURFACE_SIDE_STYLE('',(#6783));
#6522=SURFACE_SIDE_STYLE('',(#6784));
#6523=SURFACE_SIDE_STYLE('',(#6785));
#6524=SURFACE_SIDE_STYLE('',(#6786));
#6525=SURFACE_SIDE_STYLE('',(#6787));
#6526=SURFACE_SIDE_STYLE('',(#6788));
#6527=SURFACE_SIDE_STYLE('',(#6789));
#6528=SURFACE_SIDE_STYLE('',(#6790));
#6529=SURFACE_SIDE_STYLE('',(#6791));
#6530=SURFACE_SIDE_STYLE('',(#6792));
#6531=SURFACE_SIDE_STYLE('',(#6793));
#6532=SURFACE_SIDE_STYLE('',(#6794));
#6533=SURFACE_SIDE_STYLE('',(#6795));
#6534=SURFACE_SIDE_STYLE('',(#6796));
#6535=SURFACE_SIDE_STYLE('',(#6797));
#6536=SURFACE_SIDE_STYLE('',(#6798));
#6537=SURFACE_SIDE_STYLE('',(#6799));
#6538=SURFACE_SIDE_STYLE('',(#6800));
#6539=SURFACE_SIDE_STYLE('',(#6801));
#6540=SURFACE_SIDE_STYLE('',(#6802));
#6541=SURFACE_SIDE_STYLE('',(#6803));
#6542=SURFACE_SIDE_STYLE('',(#6804));
#6543=SURFACE_SIDE_STYLE('',(#6805));
#6544=SURFACE_SIDE_STYLE('',(#6806));
#6545=SURFACE_SIDE_STYLE('',(#6807));
#6546=SURFACE_SIDE_STYLE('',(#6808));
#6547=SURFACE_SIDE_STYLE('',(#6809));
#6548=SURFACE_SIDE_STYLE('',(#6810));
#6549=SURFACE_SIDE_STYLE('',(#6811));
#6550=SURFACE_SIDE_STYLE('',(#6812));
#6551=SURFACE_SIDE_STYLE('',(#6813));
#6552=SURFACE_SIDE_STYLE('',(#6814));
#6553=SURFACE_SIDE_STYLE('',(#6815));
#6554=SURFACE_SIDE_STYLE('',(#6816));
#6555=SURFACE_SIDE_STYLE('',(#6817));
#6556=SURFACE_SIDE_STYLE('',(#6818));
#6557=SURFACE_SIDE_STYLE('',(#6819));
#6558=SURFACE_SIDE_STYLE('',(#6820));
#6559=SURFACE_SIDE_STYLE('',(#6821));
#6560=SURFACE_SIDE_STYLE('',(#6822));
#6561=SURFACE_SIDE_STYLE('',(#6823));
#6562=SURFACE_SIDE_STYLE('',(#6824));
#6563=SURFACE_SIDE_STYLE('',(#6825));
#6564=SURFACE_SIDE_STYLE('',(#6826));
#6565=SURFACE_SIDE_STYLE('',(#6827));
#6566=SURFACE_SIDE_STYLE('',(#6828));
#6567=SURFACE_SIDE_STYLE('',(#6829));
#6568=SURFACE_SIDE_STYLE('',(#6830));
#6569=SURFACE_SIDE_STYLE('',(#6831));
#6570=SURFACE_SIDE_STYLE('',(#6832));
#6571=SURFACE_SIDE_STYLE('',(#6833));
#6572=SURFACE_SIDE_STYLE('',(#6834));
#6573=SURFACE_SIDE_STYLE('',(#6835));
#6574=SURFACE_SIDE_STYLE('',(#6836));
#6575=SURFACE_SIDE_STYLE('',(#6837));
#6576=SURFACE_SIDE_STYLE('',(#6838));
#6577=SURFACE_SIDE_STYLE('',(#6839));
#6578=SURFACE_SIDE_STYLE('',(#6840));
#6579=SURFACE_SIDE_STYLE('',(#6841));
#6580=SURFACE_SIDE_STYLE('',(#6842));
#6581=SURFACE_SIDE_STYLE('',(#6843));
#6582=SURFACE_SIDE_STYLE('',(#6844));
#6583=SURFACE_SIDE_STYLE('',(#6845));
#6584=SURFACE_SIDE_STYLE('',(#6846));
#6585=SURFACE_SIDE_STYLE('',(#6847));
#6586=SURFACE_SIDE_STYLE('',(#6848));
#6587=SURFACE_SIDE_STYLE('',(#6849));
#6588=SURFACE_SIDE_STYLE('',(#6850));
#6589=SURFACE_SIDE_STYLE('',(#6851));
#6590=SURFACE_SIDE_STYLE('',(#6852));
#6591=SURFACE_SIDE_STYLE('',(#6853));
#6592=SURFACE_SIDE_STYLE('',(#6854));
#6593=SURFACE_SIDE_STYLE('',(#6855));
#6594=SURFACE_SIDE_STYLE('',(#6856));
#6595=SURFACE_SIDE_STYLE('',(#6857));
#6596=SURFACE_SIDE_STYLE('',(#6858));
#6597=SURFACE_SIDE_STYLE('',(#6859));
#6598=SURFACE_SIDE_STYLE('',(#6860));
#6599=SURFACE_SIDE_STYLE('',(#6861));
#6600=SURFACE_SIDE_STYLE('',(#6862));
#6601=SURFACE_SIDE_STYLE('',(#6863));
#6602=SURFACE_SIDE_STYLE('',(#6864));
#6603=SURFACE_SIDE_STYLE('',(#6865));
#6604=SURFACE_SIDE_STYLE('',(#6866));
#6605=SURFACE_SIDE_STYLE('',(#6867));
#6606=SURFACE_SIDE_STYLE('',(#6868));
#6607=SURFACE_SIDE_STYLE('',(#6869));
#6608=SURFACE_SIDE_STYLE('',(#6870));
#6609=SURFACE_SIDE_STYLE('',(#6871));
#6610=SURFACE_SIDE_STYLE('',(#6872));
#6611=SURFACE_SIDE_STYLE('',(#6873));
#6612=SURFACE_SIDE_STYLE('',(#6874));
#6613=SURFACE_SIDE_STYLE('',(#6875));
#6614=SURFACE_SIDE_STYLE('',(#6876));
#6615=SURFACE_SIDE_STYLE('',(#6877));
#6616=SURFACE_SIDE_STYLE('',(#6878));
#6617=SURFACE_SIDE_STYLE('',(#6879));
#6618=SURFACE_SIDE_STYLE('',(#6880));
#6619=SURFACE_SIDE_STYLE('',(#6881));
#6620=SURFACE_SIDE_STYLE('',(#6882));
#6621=SURFACE_SIDE_STYLE('',(#6883));
#6622=SURFACE_SIDE_STYLE('',(#6884));
#6623=SURFACE_SIDE_STYLE('',(#6885));
#6624=SURFACE_SIDE_STYLE('',(#6886));
#6625=SURFACE_SIDE_STYLE('',(#6887));
#6626=SURFACE_SIDE_STYLE('',(#6888));
#6627=SURFACE_SIDE_STYLE('',(#6889));
#6628=SURFACE_SIDE_STYLE('',(#6890));
#6629=SURFACE_STYLE_FILL_AREA(#6891);
#6630=SURFACE_STYLE_FILL_AREA(#6892);
#6631=SURFACE_STYLE_FILL_AREA(#6893);
#6632=SURFACE_STYLE_FILL_AREA(#6894);
#6633=SURFACE_STYLE_FILL_AREA(#6895);
#6634=SURFACE_STYLE_FILL_AREA(#6896);
#6635=SURFACE_STYLE_FILL_AREA(#6897);
#6636=SURFACE_STYLE_FILL_AREA(#6898);
#6637=SURFACE_STYLE_FILL_AREA(#6899);
#6638=SURFACE_STYLE_FILL_AREA(#6900);
#6639=SURFACE_STYLE_FILL_AREA(#6901);
#6640=SURFACE_STYLE_FILL_AREA(#6902);
#6641=SURFACE_STYLE_FILL_AREA(#6903);
#6642=SURFACE_STYLE_FILL_AREA(#6904);
#6643=SURFACE_STYLE_FILL_AREA(#6905);
#6644=SURFACE_STYLE_FILL_AREA(#6906);
#6645=SURFACE_STYLE_FILL_AREA(#6907);
#6646=SURFACE_STYLE_FILL_AREA(#6908);
#6647=SURFACE_STYLE_FILL_AREA(#6909);
#6648=SURFACE_STYLE_FILL_AREA(#6910);
#6649=SURFACE_STYLE_FILL_AREA(#6911);
#6650=SURFACE_STYLE_FILL_AREA(#6912);
#6651=SURFACE_STYLE_FILL_AREA(#6913);
#6652=SURFACE_STYLE_FILL_AREA(#6914);
#6653=SURFACE_STYLE_FILL_AREA(#6915);
#6654=SURFACE_STYLE_FILL_AREA(#6916);
#6655=SURFACE_STYLE_FILL_AREA(#6917);
#6656=SURFACE_STYLE_FILL_AREA(#6918);
#6657=SURFACE_STYLE_FILL_AREA(#6919);
#6658=SURFACE_STYLE_FILL_AREA(#6920);
#6659=SURFACE_STYLE_FILL_AREA(#6921);
#6660=SURFACE_STYLE_FILL_AREA(#6922);
#6661=SURFACE_STYLE_FILL_AREA(#6923);
#6662=SURFACE_STYLE_FILL_AREA(#6924);
#6663=SURFACE_STYLE_FILL_AREA(#6925);
#6664=SURFACE_STYLE_FILL_AREA(#6926);
#6665=SURFACE_STYLE_FILL_AREA(#6927);
#6666=SURFACE_STYLE_FILL_AREA(#6928);
#6667=SURFACE_STYLE_FILL_AREA(#6929);
#6668=SURFACE_STYLE_FILL_AREA(#6930);
#6669=SURFACE_STYLE_FILL_AREA(#6931);
#6670=SURFACE_STYLE_FILL_AREA(#6932);
#6671=SURFACE_STYLE_FILL_AREA(#6933);
#6672=SURFACE_STYLE_FILL_AREA(#6934);
#6673=SURFACE_STYLE_FILL_AREA(#6935);
#6674=SURFACE_STYLE_FILL_AREA(#6936);
#6675=SURFACE_STYLE_FILL_AREA(#6937);
#6676=SURFACE_STYLE_FILL_AREA(#6938);
#6677=SURFACE_STYLE_FILL_AREA(#6939);
#6678=SURFACE_STYLE_FILL_AREA(#6940);
#6679=SURFACE_STYLE_FILL_AREA(#6941);
#6680=SURFACE_STYLE_FILL_AREA(#6942);
#6681=SURFACE_STYLE_FILL_AREA(#6943);
#6682=SURFACE_STYLE_FILL_AREA(#6944);
#6683=SURFACE_STYLE_FILL_AREA(#6945);
#6684=SURFACE_STYLE_FILL_AREA(#6946);
#6685=SURFACE_STYLE_FILL_AREA(#6947);
#6686=SURFACE_STYLE_FILL_AREA(#6948);
#6687=SURFACE_STYLE_FILL_AREA(#6949);
#6688=SURFACE_STYLE_FILL_AREA(#6950);
#6689=SURFACE_STYLE_FILL_AREA(#6951);
#6690=SURFACE_STYLE_FILL_AREA(#6952);
#6691=SURFACE_STYLE_FILL_AREA(#6953);
#6692=SURFACE_STYLE_FILL_AREA(#6954);
#6693=SURFACE_STYLE_FILL_AREA(#6955);
#6694=SURFACE_STYLE_FILL_AREA(#6956);
#6695=SURFACE_STYLE_FILL_AREA(#6957);
#6696=SURFACE_STYLE_FILL_AREA(#6958);
#6697=SURFACE_STYLE_FILL_AREA(#6959);
#6698=SURFACE_STYLE_FILL_AREA(#6960);
#6699=SURFACE_STYLE_FILL_AREA(#6961);
#6700=SURFACE_STYLE_FILL_AREA(#6962);
#6701=SURFACE_STYLE_FILL_AREA(#6963);
#6702=SURFACE_STYLE_FILL_AREA(#6964);
#6703=SURFACE_STYLE_FILL_AREA(#6965);
#6704=SURFACE_STYLE_FILL_AREA(#6966);
#6705=SURFACE_STYLE_FILL_AREA(#6967);
#6706=SURFACE_STYLE_FILL_AREA(#6968);
#6707=SURFACE_STYLE_FILL_AREA(#6969);
#6708=SURFACE_STYLE_FILL_AREA(#6970);
#6709=SURFACE_STYLE_FILL_AREA(#6971);
#6710=SURFACE_STYLE_FILL_AREA(#6972);
#6711=SURFACE_STYLE_FILL_AREA(#6973);
#6712=SURFACE_STYLE_FILL_AREA(#6974);
#6713=SURFACE_STYLE_FILL_AREA(#6975);
#6714=SURFACE_STYLE_FILL_AREA(#6976);
#6715=SURFACE_STYLE_FILL_AREA(#6977);
#6716=SURFACE_STYLE_FILL_AREA(#6978);
#6717=SURFACE_STYLE_FILL_AREA(#6979);
#6718=SURFACE_STYLE_FILL_AREA(#6980);
#6719=SURFACE_STYLE_FILL_AREA(#6981);
#6720=SURFACE_STYLE_FILL_AREA(#6982);
#6721=SURFACE_STYLE_FILL_AREA(#6983);
#6722=SURFACE_STYLE_FILL_AREA(#6984);
#6723=SURFACE_STYLE_FILL_AREA(#6985);
#6724=SURFACE_STYLE_FILL_AREA(#6986);
#6725=SURFACE_STYLE_FILL_AREA(#6987);
#6726=SURFACE_STYLE_FILL_AREA(#6988);
#6727=SURFACE_STYLE_FILL_AREA(#6989);
#6728=SURFACE_STYLE_FILL_AREA(#6990);
#6729=SURFACE_STYLE_FILL_AREA(#6991);
#6730=SURFACE_STYLE_FILL_AREA(#6992);
#6731=SURFACE_STYLE_FILL_AREA(#6993);
#6732=SURFACE_STYLE_FILL_AREA(#6994);
#6733=SURFACE_STYLE_FILL_AREA(#6995);
#6734=SURFACE_STYLE_FILL_AREA(#6996);
#6735=SURFACE_STYLE_FILL_AREA(#6997);
#6736=SURFACE_STYLE_FILL_AREA(#6998);
#6737=SURFACE_STYLE_FILL_AREA(#6999);
#6738=SURFACE_STYLE_FILL_AREA(#7000);
#6739=SURFACE_STYLE_FILL_AREA(#7001);
#6740=SURFACE_STYLE_FILL_AREA(#7002);
#6741=SURFACE_STYLE_FILL_AREA(#7003);
#6742=SURFACE_STYLE_FILL_AREA(#7004);
#6743=SURFACE_STYLE_FILL_AREA(#7005);
#6744=SURFACE_STYLE_FILL_AREA(#7006);
#6745=SURFACE_STYLE_FILL_AREA(#7007);
#6746=SURFACE_STYLE_FILL_AREA(#7008);
#6747=SURFACE_STYLE_FILL_AREA(#7009);
#6748=SURFACE_STYLE_FILL_AREA(#7010);
#6749=SURFACE_STYLE_FILL_AREA(#7011);
#6750=SURFACE_STYLE_FILL_AREA(#7012);
#6751=SURFACE_STYLE_FILL_AREA(#7013);
#6752=SURFACE_STYLE_FILL_AREA(#7014);
#6753=SURFACE_STYLE_FILL_AREA(#7015);
#6754=SURFACE_STYLE_FILL_AREA(#7016);
#6755=SURFACE_STYLE_FILL_AREA(#7017);
#6756=SURFACE_STYLE_FILL_AREA(#7018);
#6757=SURFACE_STYLE_FILL_AREA(#7019);
#6758=SURFACE_STYLE_FILL_AREA(#7020);
#6759=SURFACE_STYLE_FILL_AREA(#7021);
#6760=SURFACE_STYLE_FILL_AREA(#7022);
#6761=SURFACE_STYLE_FILL_AREA(#7023);
#6762=SURFACE_STYLE_FILL_AREA(#7024);
#6763=SURFACE_STYLE_FILL_AREA(#7025);
#6764=SURFACE_STYLE_FILL_AREA(#7026);
#6765=SURFACE_STYLE_FILL_AREA(#7027);
#6766=SURFACE_STYLE_FILL_AREA(#7028);
#6767=SURFACE_STYLE_FILL_AREA(#7029);
#6768=SURFACE_STYLE_FILL_AREA(#7030);
#6769=SURFACE_STYLE_FILL_AREA(#7031);
#6770=SURFACE_STYLE_FILL_AREA(#7032);
#6771=SURFACE_STYLE_FILL_AREA(#7033);
#6772=SURFACE_STYLE_FILL_AREA(#7034);
#6773=SURFACE_STYLE_FILL_AREA(#7035);
#6774=SURFACE_STYLE_FILL_AREA(#7036);
#6775=SURFACE_STYLE_FILL_AREA(#7037);
#6776=SURFACE_STYLE_FILL_AREA(#7038);
#6777=SURFACE_STYLE_FILL_AREA(#7039);
#6778=SURFACE_STYLE_FILL_AREA(#7040);
#6779=SURFACE_STYLE_FILL_AREA(#7041);
#6780=SURFACE_STYLE_FILL_AREA(#7042);
#6781=SURFACE_STYLE_FILL_AREA(#7043);
#6782=SURFACE_STYLE_FILL_AREA(#7044);
#6783=SURFACE_STYLE_FILL_AREA(#7045);
#6784=SURFACE_STYLE_FILL_AREA(#7046);
#6785=SURFACE_STYLE_FILL_AREA(#7047);
#6786=SURFACE_STYLE_FILL_AREA(#7048);
#6787=SURFACE_STYLE_FILL_AREA(#7049);
#6788=SURFACE_STYLE_FILL_AREA(#7050);
#6789=SURFACE_STYLE_FILL_AREA(#7051);
#6790=SURFACE_STYLE_FILL_AREA(#7052);
#6791=SURFACE_STYLE_FILL_AREA(#7053);
#6792=SURFACE_STYLE_FILL_AREA(#7054);
#6793=SURFACE_STYLE_FILL_AREA(#7055);
#6794=SURFACE_STYLE_FILL_AREA(#7056);
#6795=SURFACE_STYLE_FILL_AREA(#7057);
#6796=SURFACE_STYLE_FILL_AREA(#7058);
#6797=SURFACE_STYLE_FILL_AREA(#7059);
#6798=SURFACE_STYLE_FILL_AREA(#7060);
#6799=SURFACE_STYLE_FILL_AREA(#7061);
#6800=SURFACE_STYLE_FILL_AREA(#7062);
#6801=SURFACE_STYLE_FILL_AREA(#7063);
#6802=SURFACE_STYLE_FILL_AREA(#7064);
#6803=SURFACE_STYLE_FILL_AREA(#7065);
#6804=SURFACE_STYLE_FILL_AREA(#7066);
#6805=SURFACE_STYLE_FILL_AREA(#7067);
#6806=SURFACE_STYLE_FILL_AREA(#7068);
#6807=SURFACE_STYLE_FILL_AREA(#7069);
#6808=SURFACE_STYLE_FILL_AREA(#7070);
#6809=SURFACE_STYLE_FILL_AREA(#7071);
#6810=SURFACE_STYLE_FILL_AREA(#7072);
#6811=SURFACE_STYLE_FILL_AREA(#7073);
#6812=SURFACE_STYLE_FILL_AREA(#7074);
#6813=SURFACE_STYLE_FILL_AREA(#7075);
#6814=SURFACE_STYLE_FILL_AREA(#7076);
#6815=SURFACE_STYLE_FILL_AREA(#7077);
#6816=SURFACE_STYLE_FILL_AREA(#7078);
#6817=SURFACE_STYLE_FILL_AREA(#7079);
#6818=SURFACE_STYLE_FILL_AREA(#7080);
#6819=SURFACE_STYLE_FILL_AREA(#7081);
#6820=SURFACE_STYLE_FILL_AREA(#7082);
#6821=SURFACE_STYLE_FILL_AREA(#7083);
#6822=SURFACE_STYLE_FILL_AREA(#7084);
#6823=SURFACE_STYLE_FILL_AREA(#7085);
#6824=SURFACE_STYLE_FILL_AREA(#7086);
#6825=SURFACE_STYLE_FILL_AREA(#7087);
#6826=SURFACE_STYLE_FILL_AREA(#7088);
#6827=SURFACE_STYLE_FILL_AREA(#7089);
#6828=SURFACE_STYLE_FILL_AREA(#7090);
#6829=SURFACE_STYLE_FILL_AREA(#7091);
#6830=SURFACE_STYLE_FILL_AREA(#7092);
#6831=SURFACE_STYLE_FILL_AREA(#7093);
#6832=SURFACE_STYLE_FILL_AREA(#7094);
#6833=SURFACE_STYLE_FILL_AREA(#7095);
#6834=SURFACE_STYLE_FILL_AREA(#7096);
#6835=SURFACE_STYLE_FILL_AREA(#7097);
#6836=SURFACE_STYLE_FILL_AREA(#7098);
#6837=SURFACE_STYLE_FILL_AREA(#7099);
#6838=SURFACE_STYLE_FILL_AREA(#7100);
#6839=SURFACE_STYLE_FILL_AREA(#7101);
#6840=SURFACE_STYLE_FILL_AREA(#7102);
#6841=SURFACE_STYLE_FILL_AREA(#7103);
#6842=SURFACE_STYLE_FILL_AREA(#7104);
#6843=SURFACE_STYLE_FILL_AREA(#7105);
#6844=SURFACE_STYLE_FILL_AREA(#7106);
#6845=SURFACE_STYLE_FILL_AREA(#7107);
#6846=SURFACE_STYLE_FILL_AREA(#7108);
#6847=SURFACE_STYLE_FILL_AREA(#7109);
#6848=SURFACE_STYLE_FILL_AREA(#7110);
#6849=SURFACE_STYLE_FILL_AREA(#7111);
#6850=SURFACE_STYLE_FILL_AREA(#7112);
#6851=SURFACE_STYLE_FILL_AREA(#7113);
#6852=SURFACE_STYLE_FILL_AREA(#7114);
#6853=SURFACE_STYLE_FILL_AREA(#7115);
#6854=SURFACE_STYLE_FILL_AREA(#7116);
#6855=SURFACE_STYLE_FILL_AREA(#7117);
#6856=SURFACE_STYLE_FILL_AREA(#7118);
#6857=SURFACE_STYLE_FILL_AREA(#7119);
#6858=SURFACE_STYLE_FILL_AREA(#7120);
#6859=SURFACE_STYLE_FILL_AREA(#7121);
#6860=SURFACE_STYLE_FILL_AREA(#7122);
#6861=SURFACE_STYLE_FILL_AREA(#7123);
#6862=SURFACE_STYLE_FILL_AREA(#7124);
#6863=SURFACE_STYLE_FILL_AREA(#7125);
#6864=SURFACE_STYLE_FILL_AREA(#7126);
#6865=SURFACE_STYLE_FILL_AREA(#7127);
#6866=SURFACE_STYLE_FILL_AREA(#7128);
#6867=SURFACE_STYLE_FILL_AREA(#7129);
#6868=SURFACE_STYLE_FILL_AREA(#7130);
#6869=SURFACE_STYLE_FILL_AREA(#7131);
#6870=SURFACE_STYLE_FILL_AREA(#7132);
#6871=SURFACE_STYLE_FILL_AREA(#7133);
#6872=SURFACE_STYLE_FILL_AREA(#7134);
#6873=SURFACE_STYLE_FILL_AREA(#7135);
#6874=SURFACE_STYLE_FILL_AREA(#7136);
#6875=SURFACE_STYLE_FILL_AREA(#7137);
#6876=SURFACE_STYLE_FILL_AREA(#7138);
#6877=SURFACE_STYLE_FILL_AREA(#7139);
#6878=SURFACE_STYLE_FILL_AREA(#7140);
#6879=SURFACE_STYLE_FILL_AREA(#7141);
#6880=SURFACE_STYLE_FILL_AREA(#7142);
#6881=SURFACE_STYLE_FILL_AREA(#7143);
#6882=SURFACE_STYLE_FILL_AREA(#7144);
#6883=SURFACE_STYLE_FILL_AREA(#7145);
#6884=SURFACE_STYLE_FILL_AREA(#7146);
#6885=SURFACE_STYLE_FILL_AREA(#7147);
#6886=SURFACE_STYLE_FILL_AREA(#7148);
#6887=SURFACE_STYLE_FILL_AREA(#7149);
#6888=SURFACE_STYLE_FILL_AREA(#7150);
#6889=SURFACE_STYLE_FILL_AREA(#7151);
#6890=SURFACE_STYLE_FILL_AREA(#7152);
#6891=FILL_AREA_STYLE('',(#7153));
#6892=FILL_AREA_STYLE('',(#7154));
#6893=FILL_AREA_STYLE('',(#7155));
#6894=FILL_AREA_STYLE('',(#7156));
#6895=FILL_AREA_STYLE('',(#7157));
#6896=FILL_AREA_STYLE('',(#7158));
#6897=FILL_AREA_STYLE('',(#7159));
#6898=FILL_AREA_STYLE('',(#7160));
#6899=FILL_AREA_STYLE('',(#7161));
#6900=FILL_AREA_STYLE('',(#7162));
#6901=FILL_AREA_STYLE('',(#7163));
#6902=FILL_AREA_STYLE('',(#7164));
#6903=FILL_AREA_STYLE('',(#7165));
#6904=FILL_AREA_STYLE('',(#7166));
#6905=FILL_AREA_STYLE('',(#7167));
#6906=FILL_AREA_STYLE('',(#7168));
#6907=FILL_AREA_STYLE('',(#7169));
#6908=FILL_AREA_STYLE('',(#7170));
#6909=FILL_AREA_STYLE('',(#7171));
#6910=FILL_AREA_STYLE('',(#7172));
#6911=FILL_AREA_STYLE('',(#7173));
#6912=FILL_AREA_STYLE('',(#7174));
#6913=FILL_AREA_STYLE('',(#7175));
#6914=FILL_AREA_STYLE('',(#7176));
#6915=FILL_AREA_STYLE('',(#7177));
#6916=FILL_AREA_STYLE('',(#7178));
#6917=FILL_AREA_STYLE('',(#7179));
#6918=FILL_AREA_STYLE('',(#7180));
#6919=FILL_AREA_STYLE('',(#7181));
#6920=FILL_AREA_STYLE('',(#7182));
#6921=FILL_AREA_STYLE('',(#7183));
#6922=FILL_AREA_STYLE('',(#7184));
#6923=FILL_AREA_STYLE('',(#7185));
#6924=FILL_AREA_STYLE('',(#7186));
#6925=FILL_AREA_STYLE('',(#7187));
#6926=FILL_AREA_STYLE('',(#7188));
#6927=FILL_AREA_STYLE('',(#7189));
#6928=FILL_AREA_STYLE('',(#7190));
#6929=FILL_AREA_STYLE('',(#7191));
#6930=FILL_AREA_STYLE('',(#7192));
#6931=FILL_AREA_STYLE('',(#7193));
#6932=FILL_AREA_STYLE('',(#7194));
#6933=FILL_AREA_STYLE('',(#7195));
#6934=FILL_AREA_STYLE('',(#7196));
#6935=FILL_AREA_STYLE('',(#7197));
#6936=FILL_AREA_STYLE('',(#7198));
#6937=FILL_AREA_STYLE('',(#7199));
#6938=FILL_AREA_STYLE('',(#7200));
#6939=FILL_AREA_STYLE('',(#7201));
#6940=FILL_AREA_STYLE('',(#7202));
#6941=FILL_AREA_STYLE('',(#7203));
#6942=FILL_AREA_STYLE('',(#7204));
#6943=FILL_AREA_STYLE('',(#7205));
#6944=FILL_AREA_STYLE('',(#7206));
#6945=FILL_AREA_STYLE('',(#7207));
#6946=FILL_AREA_STYLE('',(#7208));
#6947=FILL_AREA_STYLE('',(#7209));
#6948=FILL_AREA_STYLE('',(#7210));
#6949=FILL_AREA_STYLE('',(#7211));
#6950=FILL_AREA_STYLE('',(#7212));
#6951=FILL_AREA_STYLE('',(#7213));
#6952=FILL_AREA_STYLE('',(#7214));
#6953=FILL_AREA_STYLE('',(#7215));
#6954=FILL_AREA_STYLE('',(#7216));
#6955=FILL_AREA_STYLE('',(#7217));
#6956=FILL_AREA_STYLE('',(#7218));
#6957=FILL_AREA_STYLE('',(#7219));
#6958=FILL_AREA_STYLE('',(#7220));
#6959=FILL_AREA_STYLE('',(#7221));
#6960=FILL_AREA_STYLE('',(#7222));
#6961=FILL_AREA_STYLE('',(#7223));
#6962=FILL_AREA_STYLE('',(#7224));
#6963=FILL_AREA_STYLE('',(#7225));
#6964=FILL_AREA_STYLE('',(#7226));
#6965=FILL_AREA_STYLE('',(#7227));
#6966=FILL_AREA_STYLE('',(#7228));
#6967=FILL_AREA_STYLE('',(#7229));
#6968=FILL_AREA_STYLE('',(#7230));
#6969=FILL_AREA_STYLE('',(#7231));
#6970=FILL_AREA_STYLE('',(#7232));
#6971=FILL_AREA_STYLE('',(#7233));
#6972=FILL_AREA_STYLE('',(#7234));
#6973=FILL_AREA_STYLE('',(#7235));
#6974=FILL_AREA_STYLE('',(#7236));
#6975=FILL_AREA_STYLE('',(#7237));
#6976=FILL_AREA_STYLE('',(#7238));
#6977=FILL_AREA_STYLE('',(#7239));
#6978=FILL_AREA_STYLE('',(#7240));
#6979=FILL_AREA_STYLE('',(#7241));
#6980=FILL_AREA_STYLE('',(#7242));
#6981=FILL_AREA_STYLE('',(#7243));
#6982=FILL_AREA_STYLE('',(#7244));
#6983=FILL_AREA_STYLE('',(#7245));
#6984=FILL_AREA_STYLE('',(#7246));
#6985=FILL_AREA_STYLE('',(#7247));
#6986=FILL_AREA_STYLE('',(#7248));
#6987=FILL_AREA_STYLE('',(#7249));
#6988=FILL_AREA_STYLE('',(#7250));
#6989=FILL_AREA_STYLE('',(#7251));
#6990=FILL_AREA_STYLE('',(#7252));
#6991=FILL_AREA_STYLE('',(#7253));
#6992=FILL_AREA_STYLE('',(#7254));
#6993=FILL_AREA_STYLE('',(#7255));
#6994=FILL_AREA_STYLE('',(#7256));
#6995=FILL_AREA_STYLE('',(#7257));
#6996=FILL_AREA_STYLE('',(#7258));
#6997=FILL_AREA_STYLE('',(#7259));
#6998=FILL_AREA_STYLE('',(#7260));
#6999=FILL_AREA_STYLE('',(#7261));
#7000=FILL_AREA_STYLE('',(#7262));
#7001=FILL_AREA_STYLE('',(#7263));
#7002=FILL_AREA_STYLE('',(#7264));
#7003=FILL_AREA_STYLE('',(#7265));
#7004=FILL_AREA_STYLE('',(#7266));
#7005=FILL_AREA_STYLE('',(#7267));
#7006=FILL_AREA_STYLE('',(#7268));
#7007=FILL_AREA_STYLE('',(#7269));
#7008=FILL_AREA_STYLE('',(#7270));
#7009=FILL_AREA_STYLE('',(#7271));
#7010=FILL_AREA_STYLE('',(#7272));
#7011=FILL_AREA_STYLE('',(#7273));
#7012=FILL_AREA_STYLE('',(#7274));
#7013=FILL_AREA_STYLE('',(#7275));
#7014=FILL_AREA_STYLE('',(#7276));
#7015=FILL_AREA_STYLE('',(#7277));
#7016=FILL_AREA_STYLE('',(#7278));
#7017=FILL_AREA_STYLE('',(#7279));
#7018=FILL_AREA_STYLE('',(#7280));
#7019=FILL_AREA_STYLE('',(#7281));
#7020=FILL_AREA_STYLE('',(#7282));
#7021=FILL_AREA_STYLE('',(#7283));
#7022=FILL_AREA_STYLE('',(#7284));
#7023=FILL_AREA_STYLE('',(#7285));
#7024=FILL_AREA_STYLE('',(#7286));
#7025=FILL_AREA_STYLE('',(#7287));
#7026=FILL_AREA_STYLE('',(#7288));
#7027=FILL_AREA_STYLE('',(#7289));
#7028=FILL_AREA_STYLE('',(#7290));
#7029=FILL_AREA_STYLE('',(#7291));
#7030=FILL_AREA_STYLE('',(#7292));
#7031=FILL_AREA_STYLE('',(#7293));
#7032=FILL_AREA_STYLE('',(#7294));
#7033=FILL_AREA_STYLE('',(#7295));
#7034=FILL_AREA_STYLE('',(#7296));
#7035=FILL_AREA_STYLE('',(#7297));
#7036=FILL_AREA_STYLE('',(#7298));
#7037=FILL_AREA_STYLE('',(#7299));
#7038=FILL_AREA_STYLE('',(#7300));
#7039=FILL_AREA_STYLE('',(#7301));
#7040=FILL_AREA_STYLE('',(#7302));
#7041=FILL_AREA_STYLE('',(#7303));
#7042=FILL_AREA_STYLE('',(#7304));
#7043=FILL_AREA_STYLE('',(#7305));
#7044=FILL_AREA_STYLE('',(#7306));
#7045=FILL_AREA_STYLE('',(#7307));
#7046=FILL_AREA_STYLE('',(#7308));
#7047=FILL_AREA_STYLE('',(#7309));
#7048=FILL_AREA_STYLE('',(#7310));
#7049=FILL_AREA_STYLE('',(#7311));
#7050=FILL_AREA_STYLE('',(#7312));
#7051=FILL_AREA_STYLE('',(#7313));
#7052=FILL_AREA_STYLE('',(#7314));
#7053=FILL_AREA_STYLE('',(#7315));
#7054=FILL_AREA_STYLE('',(#7316));
#7055=FILL_AREA_STYLE('',(#7317));
#7056=FILL_AREA_STYLE('',(#7318));
#7057=FILL_AREA_STYLE('',(#7319));
#7058=FILL_AREA_STYLE('',(#7320));
#7059=FILL_AREA_STYLE('',(#7321));
#7060=FILL_AREA_STYLE('',(#7322));
#7061=FILL_AREA_STYLE('',(#7323));
#7062=FILL_AREA_STYLE('',(#7324));
#7063=FILL_AREA_STYLE('',(#7325));
#7064=FILL_AREA_STYLE('',(#7326));
#7065=FILL_AREA_STYLE('',(#7327));
#7066=FILL_AREA_STYLE('',(#7328));
#7067=FILL_AREA_STYLE('',(#7329));
#7068=FILL_AREA_STYLE('',(#7330));
#7069=FILL_AREA_STYLE('',(#7331));
#7070=FILL_AREA_STYLE('',(#7332));
#7071=FILL_AREA_STYLE('',(#7333));
#7072=FILL_AREA_STYLE('',(#7334));
#7073=FILL_AREA_STYLE('',(#7335));
#7074=FILL_AREA_STYLE('',(#7336));
#7075=FILL_AREA_STYLE('',(#7337));
#7076=FILL_AREA_STYLE('',(#7338));
#7077=FILL_AREA_STYLE('',(#7339));
#7078=FILL_AREA_STYLE('',(#7340));
#7079=FILL_AREA_STYLE('',(#7341));
#7080=FILL_AREA_STYLE('',(#7342));
#7081=FILL_AREA_STYLE('',(#7343));
#7082=FILL_AREA_STYLE('',(#7344));
#7083=FILL_AREA_STYLE('',(#7345));
#7084=FILL_AREA_STYLE('',(#7346));
#7085=FILL_AREA_STYLE('',(#7347));
#7086=FILL_AREA_STYLE('',(#7348));
#7087=FILL_AREA_STYLE('',(#7349));
#7088=FILL_AREA_STYLE('',(#7350));
#7089=FILL_AREA_STYLE('',(#7351));
#7090=FILL_AREA_STYLE('',(#7352));
#7091=FILL_AREA_STYLE('',(#7353));
#7092=FILL_AREA_STYLE('',(#7354));
#7093=FILL_AREA_STYLE('',(#7355));
#7094=FILL_AREA_STYLE('',(#7356));
#7095=FILL_AREA_STYLE('',(#7357));
#7096=FILL_AREA_STYLE('',(#7358));
#7097=FILL_AREA_STYLE('',(#7359));
#7098=FILL_AREA_STYLE('',(#7360));
#7099=FILL_AREA_STYLE('',(#7361));
#7100=FILL_AREA_STYLE('',(#7362));
#7101=FILL_AREA_STYLE('',(#7363));
#7102=FILL_AREA_STYLE('',(#7364));
#7103=FILL_AREA_STYLE('',(#7365));
#7104=FILL_AREA_STYLE('',(#7366));
#7105=FILL_AREA_STYLE('',(#7367));
#7106=FILL_AREA_STYLE('',(#7368));
#7107=FILL_AREA_STYLE('',(#7369));
#7108=FILL_AREA_STYLE('',(#7370));
#7109=FILL_AREA_STYLE('',(#7371));
#7110=FILL_AREA_STYLE('',(#7372));
#7111=FILL_AREA_STYLE('',(#7373));
#7112=FILL_AREA_STYLE('',(#7374));
#7113=FILL_AREA_STYLE('',(#7375));
#7114=FILL_AREA_STYLE('',(#7376));
#7115=FILL_AREA_STYLE('',(#7377));
#7116=FILL_AREA_STYLE('',(#7378));
#7117=FILL_AREA_STYLE('',(#7379));
#7118=FILL_AREA_STYLE('',(#7380));
#7119=FILL_AREA_STYLE('',(#7381));
#7120=FILL_AREA_STYLE('',(#7382));
#7121=FILL_AREA_STYLE('',(#7383));
#7122=FILL_AREA_STYLE('',(#7384));
#7123=FILL_AREA_STYLE('',(#7385));
#7124=FILL_AREA_STYLE('',(#7386));
#7125=FILL_AREA_STYLE('',(#7387));
#7126=FILL_AREA_STYLE('',(#7388));
#7127=FILL_AREA_STYLE('',(#7389));
#7128=FILL_AREA_STYLE('',(#7390));
#7129=FILL_AREA_STYLE('',(#7391));
#7130=FILL_AREA_STYLE('',(#7392));
#7131=FILL_AREA_STYLE('',(#7393));
#7132=FILL_AREA_STYLE('',(#7394));
#7133=FILL_AREA_STYLE('',(#7395));
#7134=FILL_AREA_STYLE('',(#7396));
#7135=FILL_AREA_STYLE('',(#7397));
#7136=FILL_AREA_STYLE('',(#7398));
#7137=FILL_AREA_STYLE('',(#7399));
#7138=FILL_AREA_STYLE('',(#7400));
#7139=FILL_AREA_STYLE('',(#7401));
#7140=FILL_AREA_STYLE('',(#7402));
#7141=FILL_AREA_STYLE('',(#7403));
#7142=FILL_AREA_STYLE('',(#7404));
#7143=FILL_AREA_STYLE('',(#7405));
#7144=FILL_AREA_STYLE('',(#7406));
#7145=FILL_AREA_STYLE('',(#7407));
#7146=FILL_AREA_STYLE('',(#7408));
#7147=FILL_AREA_STYLE('',(#7409));
#7148=FILL_AREA_STYLE('',(#7410));
#7149=FILL_AREA_STYLE('',(#7411));
#7150=FILL_AREA_STYLE('',(#7412));
#7151=FILL_AREA_STYLE('',(#7413));
#7152=FILL_AREA_STYLE('',(#7414));
#7153=FILL_AREA_STYLE_COLOUR('',#7415);
#7154=FILL_AREA_STYLE_COLOUR('',#7415);
#7155=FILL_AREA_STYLE_COLOUR('',#7415);
#7156=FILL_AREA_STYLE_COLOUR('',#7415);
#7157=FILL_AREA_STYLE_COLOUR('',#7415);
#7158=FILL_AREA_STYLE_COLOUR('',#7415);
#7159=FILL_AREA_STYLE_COLOUR('',#7415);
#7160=FILL_AREA_STYLE_COLOUR('',#7415);
#7161=FILL_AREA_STYLE_COLOUR('',#7415);
#7162=FILL_AREA_STYLE_COLOUR('',#7415);
#7163=FILL_AREA_STYLE_COLOUR('',#7415);
#7164=FILL_AREA_STYLE_COLOUR('',#7415);
#7165=FILL_AREA_STYLE_COLOUR('',#7415);
#7166=FILL_AREA_STYLE_COLOUR('',#7416);
#7167=FILL_AREA_STYLE_COLOUR('',#7416);
#7168=FILL_AREA_STYLE_COLOUR('',#7416);
#7169=FILL_AREA_STYLE_COLOUR('',#7416);
#7170=FILL_AREA_STYLE_COLOUR('',#7415);
#7171=FILL_AREA_STYLE_COLOUR('',#7415);
#7172=FILL_AREA_STYLE_COLOUR('',#7416);
#7173=FILL_AREA_STYLE_COLOUR('',#7415);
#7174=FILL_AREA_STYLE_COLOUR('',#7415);
#7175=FILL_AREA_STYLE_COLOUR('',#7415);
#7176=FILL_AREA_STYLE_COLOUR('',#7415);
#7177=FILL_AREA_STYLE_COLOUR('',#7415);
#7178=FILL_AREA_STYLE_COLOUR('',#7415);
#7179=FILL_AREA_STYLE_COLOUR('',#7415);
#7180=FILL_AREA_STYLE_COLOUR('',#7415);
#7181=FILL_AREA_STYLE_COLOUR('',#7415);
#7182=FILL_AREA_STYLE_COLOUR('',#7416);
#7183=FILL_AREA_STYLE_COLOUR('',#7415);
#7184=FILL_AREA_STYLE_COLOUR('',#7415);
#7185=FILL_AREA_STYLE_COLOUR('',#7415);
#7186=FILL_AREA_STYLE_COLOUR('',#7415);
#7187=FILL_AREA_STYLE_COLOUR('',#7416);
#7188=FILL_AREA_STYLE_COLOUR('',#7415);
#7189=FILL_AREA_STYLE_COLOUR('',#7415);
#7190=FILL_AREA_STYLE_COLOUR('',#7415);
#7191=FILL_AREA_STYLE_COLOUR('',#7415);
#7192=FILL_AREA_STYLE_COLOUR('',#7415);
#7193=FILL_AREA_STYLE_COLOUR('',#7415);
#7194=FILL_AREA_STYLE_COLOUR('',#7415);
#7195=FILL_AREA_STYLE_COLOUR('',#7415);
#7196=FILL_AREA_STYLE_COLOUR('',#7415);
#7197=FILL_AREA_STYLE_COLOUR('',#7415);
#7198=FILL_AREA_STYLE_COLOUR('',#7415);
#7199=FILL_AREA_STYLE_COLOUR('',#7415);
#7200=FILL_AREA_STYLE_COLOUR('',#7415);
#7201=FILL_AREA_STYLE_COLOUR('',#7415);
#7202=FILL_AREA_STYLE_COLOUR('',#7415);
#7203=FILL_AREA_STYLE_COLOUR('',#7415);
#7204=FILL_AREA_STYLE_COLOUR('',#7415);
#7205=FILL_AREA_STYLE_COLOUR('',#7415);
#7206=FILL_AREA_STYLE_COLOUR('',#7415);
#7207=FILL_AREA_STYLE_COLOUR('',#7415);
#7208=FILL_AREA_STYLE_COLOUR('',#7415);
#7209=FILL_AREA_STYLE_COLOUR('',#7415);
#7210=FILL_AREA_STYLE_COLOUR('',#7415);
#7211=FILL_AREA_STYLE_COLOUR('',#7415);
#7212=FILL_AREA_STYLE_COLOUR('',#7415);
#7213=FILL_AREA_STYLE_COLOUR('',#7415);
#7214=FILL_AREA_STYLE_COLOUR('',#7415);
#7215=FILL_AREA_STYLE_COLOUR('',#7415);
#7216=FILL_AREA_STYLE_COLOUR('',#7415);
#7217=FILL_AREA_STYLE_COLOUR('',#7415);
#7218=FILL_AREA_STYLE_COLOUR('',#7415);
#7219=FILL_AREA_STYLE_COLOUR('',#7415);
#7220=FILL_AREA_STYLE_COLOUR('',#7415);
#7221=FILL_AREA_STYLE_COLOUR('',#7415);
#7222=FILL_AREA_STYLE_COLOUR('',#7415);
#7223=FILL_AREA_STYLE_COLOUR('',#7415);
#7224=FILL_AREA_STYLE_COLOUR('',#7415);
#7225=FILL_AREA_STYLE_COLOUR('',#7415);
#7226=FILL_AREA_STYLE_COLOUR('',#7415);
#7227=FILL_AREA_STYLE_COLOUR('',#7415);
#7228=FILL_AREA_STYLE_COLOUR('',#7415);
#7229=FILL_AREA_STYLE_COLOUR('',#7415);
#7230=FILL_AREA_STYLE_COLOUR('',#7415);
#7231=FILL_AREA_STYLE_COLOUR('',#7415);
#7232=FILL_AREA_STYLE_COLOUR('',#7415);
#7233=FILL_AREA_STYLE_COLOUR('',#7415);
#7234=FILL_AREA_STYLE_COLOUR('',#7415);
#7235=FILL_AREA_STYLE_COLOUR('',#7415);
#7236=FILL_AREA_STYLE_COLOUR('',#7415);
#7237=FILL_AREA_STYLE_COLOUR('',#7415);
#7238=FILL_AREA_STYLE_COLOUR('',#7415);
#7239=FILL_AREA_STYLE_COLOUR('',#7415);
#7240=FILL_AREA_STYLE_COLOUR('',#7415);
#7241=FILL_AREA_STYLE_COLOUR('',#7415);
#7242=FILL_AREA_STYLE_COLOUR('',#7415);
#7243=FILL_AREA_STYLE_COLOUR('',#7415);
#7244=FILL_AREA_STYLE_COLOUR('',#7415);
#7245=FILL_AREA_STYLE_COLOUR('',#7415);
#7246=FILL_AREA_STYLE_COLOUR('',#7415);
#7247=FILL_AREA_STYLE_COLOUR('',#7415);
#7248=FILL_AREA_STYLE_COLOUR('',#7415);
#7249=FILL_AREA_STYLE_COLOUR('',#7415);
#7250=FILL_AREA_STYLE_COLOUR('',#7415);
#7251=FILL_AREA_STYLE_COLOUR('',#7415);
#7252=FILL_AREA_STYLE_COLOUR('',#7415);
#7253=FILL_AREA_STYLE_COLOUR('',#7415);
#7254=FILL_AREA_STYLE_COLOUR('',#7415);
#7255=FILL_AREA_STYLE_COLOUR('',#7415);
#7256=FILL_AREA_STYLE_COLOUR('',#7415);
#7257=FILL_AREA_STYLE_COLOUR('',#7415);
#7258=FILL_AREA_STYLE_COLOUR('',#7415);
#7259=FILL_AREA_STYLE_COLOUR('',#7415);
#7260=FILL_AREA_STYLE_COLOUR('',#7415);
#7261=FILL_AREA_STYLE_COLOUR('',#7415);
#7262=FILL_AREA_STYLE_COLOUR('',#7415);
#7263=FILL_AREA_STYLE_COLOUR('',#7415);
#7264=FILL_AREA_STYLE_COLOUR('',#7415);
#7265=FILL_AREA_STYLE_COLOUR('',#7415);
#7266=FILL_AREA_STYLE_COLOUR('',#7415);
#7267=FILL_AREA_STYLE_COLOUR('',#7415);
#7268=FILL_AREA_STYLE_COLOUR('',#7415);
#7269=FILL_AREA_STYLE_COLOUR('',#7415);
#7270=FILL_AREA_STYLE_COLOUR('',#7415);
#7271=FILL_AREA_STYLE_COLOUR('',#7415);
#7272=FILL_AREA_STYLE_COLOUR('',#7415);
#7273=FILL_AREA_STYLE_COLOUR('',#7415);
#7274=FILL_AREA_STYLE_COLOUR('',#7415);
#7275=FILL_AREA_STYLE_COLOUR('',#7415);
#7276=FILL_AREA_STYLE_COLOUR('',#7415);
#7277=FILL_AREA_STYLE_COLOUR('',#7415);
#7278=FILL_AREA_STYLE_COLOUR('',#7415);
#7279=FILL_AREA_STYLE_COLOUR('',#7415);
#7280=FILL_AREA_STYLE_COLOUR('',#7415);
#7281=FILL_AREA_STYLE_COLOUR('',#7415);
#7282=FILL_AREA_STYLE_COLOUR('',#7415);
#7283=FILL_AREA_STYLE_COLOUR('',#7415);
#7284=FILL_AREA_STYLE_COLOUR('',#7415);
#7285=FILL_AREA_STYLE_COLOUR('',#7416);
#7286=FILL_AREA_STYLE_COLOUR('',#7416);
#7287=FILL_AREA_STYLE_COLOUR('',#7416);
#7288=FILL_AREA_STYLE_COLOUR('',#7416);
#7289=FILL_AREA_STYLE_COLOUR('',#7416);
#7290=FILL_AREA_STYLE_COLOUR('',#7416);
#7291=FILL_AREA_STYLE_COLOUR('',#7416);
#7292=FILL_AREA_STYLE_COLOUR('',#7416);
#7293=FILL_AREA_STYLE_COLOUR('',#7416);
#7294=FILL_AREA_STYLE_COLOUR('',#7416);
#7295=FILL_AREA_STYLE_COLOUR('',#7416);
#7296=FILL_AREA_STYLE_COLOUR('',#7416);
#7297=FILL_AREA_STYLE_COLOUR('',#7416);
#7298=FILL_AREA_STYLE_COLOUR('',#7416);
#7299=FILL_AREA_STYLE_COLOUR('',#7416);
#7300=FILL_AREA_STYLE_COLOUR('',#7416);
#7301=FILL_AREA_STYLE_COLOUR('',#7416);
#7302=FILL_AREA_STYLE_COLOUR('',#7416);
#7303=FILL_AREA_STYLE_COLOUR('',#7416);
#7304=FILL_AREA_STYLE_COLOUR('',#7416);
#7305=FILL_AREA_STYLE_COLOUR('',#7416);
#7306=FILL_AREA_STYLE_COLOUR('',#7416);
#7307=FILL_AREA_STYLE_COLOUR('',#7416);
#7308=FILL_AREA_STYLE_COLOUR('',#7416);
#7309=FILL_AREA_STYLE_COLOUR('',#7416);
#7310=FILL_AREA_STYLE_COLOUR('',#7416);
#7311=FILL_AREA_STYLE_COLOUR('',#7415);
#7312=FILL_AREA_STYLE_COLOUR('',#7416);
#7313=FILL_AREA_STYLE_COLOUR('',#7416);
#7314=FILL_AREA_STYLE_COLOUR('',#7416);
#7315=FILL_AREA_STYLE_COLOUR('',#7416);
#7316=FILL_AREA_STYLE_COLOUR('',#7416);
#7317=FILL_AREA_STYLE_COLOUR('',#7416);
#7318=FILL_AREA_STYLE_COLOUR('',#7416);
#7319=FILL_AREA_STYLE_COLOUR('',#7415);
#7320=FILL_AREA_STYLE_COLOUR('',#7416);
#7321=FILL_AREA_STYLE_COLOUR('',#7416);
#7322=FILL_AREA_STYLE_COLOUR('',#7416);
#7323=FILL_AREA_STYLE_COLOUR('',#7416);
#7324=FILL_AREA_STYLE_COLOUR('',#7416);
#7325=FILL_AREA_STYLE_COLOUR('',#7416);
#7326=FILL_AREA_STYLE_COLOUR('',#7416);
#7327=FILL_AREA_STYLE_COLOUR('',#7416);
#7328=FILL_AREA_STYLE_COLOUR('',#7416);
#7329=FILL_AREA_STYLE_COLOUR('',#7416);
#7330=FILL_AREA_STYLE_COLOUR('',#7416);
#7331=FILL_AREA_STYLE_COLOUR('',#7416);
#7332=FILL_AREA_STYLE_COLOUR('',#7416);
#7333=FILL_AREA_STYLE_COLOUR('',#7416);
#7334=FILL_AREA_STYLE_COLOUR('',#7416);
#7335=FILL_AREA_STYLE_COLOUR('',#7416);
#7336=FILL_AREA_STYLE_COLOUR('',#7416);
#7337=FILL_AREA_STYLE_COLOUR('',#7416);
#7338=FILL_AREA_STYLE_COLOUR('',#7416);
#7339=FILL_AREA_STYLE_COLOUR('',#7416);
#7340=FILL_AREA_STYLE_COLOUR('',#7416);
#7341=FILL_AREA_STYLE_COLOUR('',#7416);
#7342=FILL_AREA_STYLE_COLOUR('',#7416);
#7343=FILL_AREA_STYLE_COLOUR('',#7416);
#7344=FILL_AREA_STYLE_COLOUR('',#7416);
#7345=FILL_AREA_STYLE_COLOUR('',#7416);
#7346=FILL_AREA_STYLE_COLOUR('',#7416);
#7347=FILL_AREA_STYLE_COLOUR('',#7416);
#7348=FILL_AREA_STYLE_COLOUR('',#7416);
#7349=FILL_AREA_STYLE_COLOUR('',#7416);
#7350=FILL_AREA_STYLE_COLOUR('',#7416);
#7351=FILL_AREA_STYLE_COLOUR('',#7415);
#7352=FILL_AREA_STYLE_COLOUR('',#7415);
#7353=FILL_AREA_STYLE_COLOUR('',#7416);
#7354=FILL_AREA_STYLE_COLOUR('',#7415);
#7355=FILL_AREA_STYLE_COLOUR('',#7416);
#7356=FILL_AREA_STYLE_COLOUR('',#7415);
#7357=FILL_AREA_STYLE_COLOUR('',#7416);
#7358=FILL_AREA_STYLE_COLOUR('',#7416);
#7359=FILL_AREA_STYLE_COLOUR('',#7416);
#7360=FILL_AREA_STYLE_COLOUR('',#7416);
#7361=FILL_AREA_STYLE_COLOUR('',#7416);
#7362=FILL_AREA_STYLE_COLOUR('',#7416);
#7363=FILL_AREA_STYLE_COLOUR('',#7416);
#7364=FILL_AREA_STYLE_COLOUR('',#7416);
#7365=FILL_AREA_STYLE_COLOUR('',#7416);
#7366=FILL_AREA_STYLE_COLOUR('',#7415);
#7367=FILL_AREA_STYLE_COLOUR('',#7415);
#7368=FILL_AREA_STYLE_COLOUR('',#7415);
#7369=FILL_AREA_STYLE_COLOUR('',#7415);
#7370=FILL_AREA_STYLE_COLOUR('',#7415);
#7371=FILL_AREA_STYLE_COLOUR('',#7415);
#7372=FILL_AREA_STYLE_COLOUR('',#7416);
#7373=FILL_AREA_STYLE_COLOUR('',#7416);
#7374=FILL_AREA_STYLE_COLOUR('',#7416);
#7375=FILL_AREA_STYLE_COLOUR('',#7416);
#7376=FILL_AREA_STYLE_COLOUR('',#7415);
#7377=FILL_AREA_STYLE_COLOUR('',#7416);
#7378=FILL_AREA_STYLE_COLOUR('',#7415);
#7379=FILL_AREA_STYLE_COLOUR('',#7416);
#7380=FILL_AREA_STYLE_COLOUR('',#7416);
#7381=FILL_AREA_STYLE_COLOUR('',#7416);
#7382=FILL_AREA_STYLE_COLOUR('',#7416);
#7383=FILL_AREA_STYLE_COLOUR('',#7416);
#7384=FILL_AREA_STYLE_COLOUR('',#7416);
#7385=FILL_AREA_STYLE_COLOUR('',#7416);
#7386=FILL_AREA_STYLE_COLOUR('',#7416);
#7387=FILL_AREA_STYLE_COLOUR('',#7416);
#7388=FILL_AREA_STYLE_COLOUR('',#7415);
#7389=FILL_AREA_STYLE_COLOUR('',#7415);
#7390=FILL_AREA_STYLE_COLOUR('',#7415);
#7391=FILL_AREA_STYLE_COLOUR('',#7415);
#7392=FILL_AREA_STYLE_COLOUR('',#7415);
#7393=FILL_AREA_STYLE_COLOUR('',#7415);
#7394=FILL_AREA_STYLE_COLOUR('',#7416);
#7395=FILL_AREA_STYLE_COLOUR('',#7416);
#7396=FILL_AREA_STYLE_COLOUR('',#7416);
#7397=FILL_AREA_STYLE_COLOUR('',#7415);
#7398=FILL_AREA_STYLE_COLOUR('',#7416);
#7399=FILL_AREA_STYLE_COLOUR('',#7416);
#7400=FILL_AREA_STYLE_COLOUR('',#7415);
#7401=FILL_AREA_STYLE_COLOUR('',#7416);
#7402=FILL_AREA_STYLE_COLOUR('',#7416);
#7403=FILL_AREA_STYLE_COLOUR('',#7416);
#7404=FILL_AREA_STYLE_COLOUR('',#7416);
#7405=FILL_AREA_STYLE_COLOUR('',#7416);
#7406=FILL_AREA_STYLE_COLOUR('',#7416);
#7407=FILL_AREA_STYLE_COLOUR('',#7416);
#7408=FILL_AREA_STYLE_COLOUR('',#7416);
#7409=FILL_AREA_STYLE_COLOUR('',#7416);
#7410=FILL_AREA_STYLE_COLOUR('',#7415);
#7411=FILL_AREA_STYLE_COLOUR('',#7415);
#7412=FILL_AREA_STYLE_COLOUR('',#7415);
#7413=FILL_AREA_STYLE_COLOUR('',#7415);
#7414=FILL_AREA_STYLE_COLOUR('',#18);
#7415=COLOUR_RGB('',0.200000002980232,0.200000002980232,0.200000002980232);
#7416=COLOUR_RGB('',0.75300002098083,0.75300002098083,0.75300002098083);
#7417=ADVANCED_FACE('',(#5064),#5367,.T.);
#7418=ADVANCED_FACE('',(#5065),#5368,.T.);
#7419=ADVANCED_FACE('',(#5066),#5369,.T.);
#7420=ADVANCED_FACE('',(#5067),#5370,.T.);
#7421=ADVANCED_FACE('',(#5068),#5371,.T.);
#7422=ADVANCED_FACE('',(#5069),#5372,.T.);
#7423=ADVANCED_FACE('',(#5070),#5373,.T.);
#7424=ADVANCED_FACE('',(#5071),#5374,.T.);
#7425=ADVANCED_FACE('',(#5072),#5375,.T.);
#7426=ADVANCED_FACE('',(#5073),#5376,.T.);
#7427=ADVANCED_FACE('',(#5074),#5377,.T.);
#7428=ADVANCED_FACE('',(#5075),#5378,.T.);
#7429=ADVANCED_FACE('',(#5076),#5379,.T.);
#7430=ADVANCED_FACE('',(#5077),#5380,.T.);
#7431=ADVANCED_FACE('',(#5078),#5381,.T.);
#7432=ADVANCED_FACE('',(#5079),#5382,.T.);
#7433=ADVANCED_FACE('',(#5080),#5383,.T.);
#7434=ADVANCED_FACE('',(#5081),#5384,.T.);
#7435=ADVANCED_FACE('',(#5082),#5385,.T.);
#7436=ADVANCED_FACE('',(#5083),#5386,.F.);
#7437=ADVANCED_FACE('',(#5084),#5387,.T.);
#7438=ADVANCED_FACE('',(#5085),#5388,.T.);
#7439=ADVANCED_FACE('',(#5086),#5389,.F.);
#7440=ADVANCED_FACE('',(#5087),#5390,.F.);
#7441=ADVANCED_FACE('',(#5088),#5391,.T.);
#7442=ADVANCED_FACE('',(#5089),#5392,.T.);
#7443=ADVANCED_FACE('',(#5090),#5393,.F.);
#7444=ADVANCED_FACE('',(#5091),#5394,.T.);
#7445=ADVANCED_FACE('',(#5092),#5395,.F.);
#7446=ADVANCED_FACE('',(#5093,#5094),#5396,.F.);
#7447=ADVANCED_FACE('',(#5095),#5397,.F.);
#7448=ADVANCED_FACE('',(#5096),#5398,.F.);
#7449=ADVANCED_FACE('',(#5097),#5399,.F.);
#7450=ADVANCED_FACE('',(#5098),#5400,.F.);
#7451=ADVANCED_FACE('',(#5099),#5401,.F.);
#7452=ADVANCED_FACE('',(#5100),#5402,.F.);
#7453=ADVANCED_FACE('',(#5101),#5403,.F.);
#7454=ADVANCED_FACE('',(#5102),#5404,.F.);
#7455=ADVANCED_FACE('',(#5103),#5405,.F.);
#7456=ADVANCED_FACE('',(#5104),#5406,.F.);
#7457=ADVANCED_FACE('',(#5105),#5407,.F.);
#7458=ADVANCED_FACE('',(#5106),#5408,.F.);
#7459=ADVANCED_FACE('',(#5107),#5409,.T.);
#7460=ADVANCED_FACE('',(#5108),#5410,.F.);
#7461=ADVANCED_FACE('',(#5109),#5411,.T.);
#7462=ADVANCED_FACE('',(#5110),#5412,.F.);
#7463=ADVANCED_FACE('',(#5111),#5413,.F.);
#7464=ADVANCED_FACE('',(#5112),#5414,.F.);
#7465=ADVANCED_FACE('',(#5113),#5415,.F.);
#7466=ADVANCED_FACE('',(#5114),#5416,.F.);
#7467=ADVANCED_FACE('',(#5115),#5417,.F.);
#7468=ADVANCED_FACE('',(#5116,#5117,#5118,#5119,#5120,#5121,#5122),#5418,
 .F.);
#7469=ADVANCED_FACE('',(#5123),#5419,.F.);
#7470=ADVANCED_FACE('',(#5124),#5420,.F.);
#7471=ADVANCED_FACE('',(#5125),#5421,.F.);
#7472=ADVANCED_FACE('',(#5126),#5422,.F.);
#7473=ADVANCED_FACE('',(#5127),#5423,.F.);
#7474=ADVANCED_FACE('',(#5128),#5424,.F.);
#7475=ADVANCED_FACE('',(#5129),#5425,.F.);
#7476=ADVANCED_FACE('',(#5130),#5426,.F.);
#7477=ADVANCED_FACE('',(#5131),#5427,.T.);
#7478=ADVANCED_FACE('',(#5132),#5428,.T.);
#7479=ADVANCED_FACE('',(#5133),#5429,.T.);
#7480=ADVANCED_FACE('',(#5134),#5430,.T.);
#7481=ADVANCED_FACE('',(#5135),#5431,.T.);
#7482=ADVANCED_FACE('',(#5136),#5432,.T.);
#7483=ADVANCED_FACE('',(#5137),#5433,.T.);
#7484=ADVANCED_FACE('',(#5138),#5434,.T.);
#7485=ADVANCED_FACE('',(#5139),#5435,.T.);
#7486=ADVANCED_FACE('',(#5140),#5436,.T.);
#7487=ADVANCED_FACE('',(#5141),#5437,.T.);
#7488=ADVANCED_FACE('',(#5142),#5438,.T.);
#7489=ADVANCED_FACE('',(#5143),#5439,.T.);
#7490=ADVANCED_FACE('',(#5144),#5440,.T.);
#7491=ADVANCED_FACE('',(#5145),#5441,.T.);
#7492=ADVANCED_FACE('',(#5146),#35,.T.);
#7493=ADVANCED_FACE('',(#5147),#5442,.T.);
#7494=ADVANCED_FACE('',(#5148),#36,.F.);
#7495=ADVANCED_FACE('',(#5149),#37,.F.);
#7496=ADVANCED_FACE('',(#5150),#5443,.T.);
#7497=ADVANCED_FACE('',(#5151),#38,.T.);
#7498=ADVANCED_FACE('',(#5152),#5444,.F.);
#7499=ADVANCED_FACE('',(#5153),#39,.F.);
#7500=ADVANCED_FACE('',(#5154),#40,.F.);
#7501=ADVANCED_FACE('',(#5155),#5445,.F.);
#7502=ADVANCED_FACE('',(#5156),#41,.T.);
#7503=ADVANCED_FACE('',(#5157),#5446,.T.);
#7504=ADVANCED_FACE('',(#5158),#5447,.T.);
#7505=ADVANCED_FACE('',(#5159),#5448,.T.);
#7506=ADVANCED_FACE('',(#5160),#5449,.T.);
#7507=ADVANCED_FACE('',(#5161),#5450,.T.);
#7508=ADVANCED_FACE('',(#5162),#5451,.T.);
#7509=ADVANCED_FACE('',(#5163),#42,.T.);
#7510=ADVANCED_FACE('',(#5164),#5452,.T.);
#7511=ADVANCED_FACE('',(#5165),#43,.T.);
#7512=ADVANCED_FACE('',(#5166),#5453,.T.);
#7513=ADVANCED_FACE('',(#5167),#44,.T.);
#7514=ADVANCED_FACE('',(#5168),#5454,.T.);
#7515=ADVANCED_FACE('',(#5169),#45,.T.);
#7516=ADVANCED_FACE('',(#5170),#5455,.T.);
#7517=ADVANCED_FACE('',(#5171),#5456,.F.);
#7518=ADVANCED_FACE('',(#5172),#46,.T.);
#7519=ADVANCED_FACE('',(#5173),#5457,.T.);
#7520=ADVANCED_FACE('',(#5174),#47,.T.);
#7521=ADVANCED_FACE('',(#5175),#5458,.T.);
#7522=ADVANCED_FACE('',(#5176),#48,.T.);
#7523=ADVANCED_FACE('',(#5177),#5459,.T.);
#7524=ADVANCED_FACE('',(#5178),#49,.T.);
#7525=ADVANCED_FACE('',(#5179),#5460,.T.);
#7526=ADVANCED_FACE('',(#5180),#5461,.F.);
#7527=ADVANCED_FACE('',(#5181),#50,.T.);
#7528=ADVANCED_FACE('',(#5182),#5462,.T.);
#7529=ADVANCED_FACE('',(#5183),#51,.T.);
#7530=ADVANCED_FACE('',(#5184),#5463,.T.);
#7531=ADVANCED_FACE('',(#5185),#52,.T.);
#7532=ADVANCED_FACE('',(#5186),#5464,.T.);
#7533=ADVANCED_FACE('',(#5187),#53,.T.);
#7534=ADVANCED_FACE('',(#5188),#5465,.T.);
#7535=ADVANCED_FACE('',(#5189),#5466,.F.);
#7536=ADVANCED_FACE('',(#5190),#54,.T.);
#7537=ADVANCED_FACE('',(#5191),#5467,.T.);
#7538=ADVANCED_FACE('',(#5192),#55,.T.);
#7539=ADVANCED_FACE('',(#5193),#5468,.T.);
#7540=ADVANCED_FACE('',(#5194),#56,.T.);
#7541=ADVANCED_FACE('',(#5195),#5469,.T.);
#7542=ADVANCED_FACE('',(#5196),#57,.T.);
#7543=ADVANCED_FACE('',(#5197),#5470,.T.);
#7544=ADVANCED_FACE('',(#5198),#5471,.F.);
#7545=ADVANCED_FACE('',(#5199),#5472,.T.);
#7546=ADVANCED_FACE('',(#5200,#5201),#58,.F.);
#7547=ADVANCED_FACE('',(#5202),#5473,.T.);
#7548=ADVANCED_FACE('',(#5203,#5204),#59,.F.);
#7549=ADVANCED_FACE('',(#5205),#5474,.T.);
#7550=ADVANCED_FACE('',(#5206),#60,.F.);
#7551=ADVANCED_FACE('',(#5207),#61,.T.);
#7552=ADVANCED_FACE('',(#5208),#5475,.T.);
#7553=ADVANCED_FACE('',(#5209),#62,.F.);
#7554=ADVANCED_FACE('',(#5210),#5476,.T.);
#7555=ADVANCED_FACE('',(#5211),#5477,.T.);
#7556=ADVANCED_FACE('',(#5212),#63,.F.);
#7557=ADVANCED_FACE('',(#5213),#5478,.T.);
#7558=ADVANCED_FACE('',(#5214),#64,.T.);
#7559=ADVANCED_FACE('',(#5215),#65,.F.);
#7560=ADVANCED_FACE('',(#5216),#5479,.T.);
#7561=ADVANCED_FACE('',(#5217),#5480,.T.);
#7562=ADVANCED_FACE('',(#5218),#66,.F.);
#7563=ADVANCED_FACE('',(#5219),#67,.T.);
#7564=ADVANCED_FACE('',(#5220),#5481,.T.);
#7565=ADVANCED_FACE('',(#5221),#68,.F.);
#7566=ADVANCED_FACE('',(#5222),#5482,.T.);
#7567=ADVANCED_FACE('',(#5223),#5483,.T.);
#7568=ADVANCED_FACE('',(#5224),#69,.F.);
#7569=ADVANCED_FACE('',(#5225),#5484,.T.);
#7570=ADVANCED_FACE('',(#5226),#70,.F.);
#7571=ADVANCED_FACE('',(#5227),#5485,.T.);
#7572=ADVANCED_FACE('',(#5228),#5486,.T.);
#7573=ADVANCED_FACE('',(#5229),#71,.T.);
#7574=ADVANCED_FACE('',(#5230),#72,.F.);
#7575=ADVANCED_FACE('',(#5231),#5487,.F.);
#7576=ADVANCED_FACE('',(#5232),#73,.T.);
#7577=ADVANCED_FACE('',(#5233),#5488,.T.);
#7578=ADVANCED_FACE('',(#5234),#74,.T.);
#7579=ADVANCED_FACE('',(#5235),#5489,.T.);
#7580=ADVANCED_FACE('',(#5236),#75,.F.);
#7581=ADVANCED_FACE('',(#5237),#76,.F.);
#7582=ADVANCED_FACE('',(#5238),#5490,.T.);
#7583=ADVANCED_FACE('',(#5239),#5491,.T.);
#7584=ADVANCED_FACE('',(#5240),#77,.T.);
#7585=ADVANCED_FACE('',(#5241),#5492,.F.);
#7586=ADVANCED_FACE('',(#5242),#78,.T.);
#7587=ADVANCED_FACE('',(#5243),#5493,.F.);
#7588=ADVANCED_FACE('',(#5244),#79,.F.);
#7589=ADVANCED_FACE('',(#5245),#80,.F.);
#7590=ADVANCED_FACE('',(#5246),#5494,.F.);
#7591=ADVANCED_FACE('',(#5247),#81,.T.);
#7592=ADVANCED_FACE('',(#5248),#82,.T.);
#7593=ADVANCED_FACE('',(#5249),#83,.F.);
#7594=ADVANCED_FACE('',(#5250),#84,.T.);
#7595=ADVANCED_FACE('',(#5251),#5495,.T.);
#7596=ADVANCED_FACE('',(#5252),#5496,.T.);
#7597=ADVANCED_FACE('',(#5253),#5497,.T.);
#7598=ADVANCED_FACE('',(#5254),#85,.T.);
#7599=ADVANCED_FACE('',(#5255),#5498,.T.);
#7600=ADVANCED_FACE('',(#5256),#86,.F.);
#7601=ADVANCED_FACE('',(#5257),#5499,.F.);
#7602=ADVANCED_FACE('',(#5258),#5500,.T.);
#7603=ADVANCED_FACE('',(#5259),#87,.F.);
#7604=ADVANCED_FACE('',(#5260),#5501,.T.);
#7605=ADVANCED_FACE('',(#5261),#88,.T.);
#7606=ADVANCED_FACE('',(#5262),#5502,.T.);
#7607=ADVANCED_FACE('',(#5263),#5503,.T.);
#7608=ADVANCED_FACE('',(#5264),#5504,.T.);
#7609=ADVANCED_FACE('',(#5265),#89,.F.);
#7610=ADVANCED_FACE('',(#5266),#5505,.T.);
#7611=ADVANCED_FACE('',(#5267),#90,.T.);
#7612=ADVANCED_FACE('',(#5268),#91,.T.);
#7613=ADVANCED_FACE('',(#5269),#5506,.T.);
#7614=ADVANCED_FACE('',(#5270),#5507,.T.);
#7615=ADVANCED_FACE('',(#5271),#5508,.T.);
#7616=ADVANCED_FACE('',(#5272),#92,.F.);
#7617=ADVANCED_FACE('',(#5273),#5509,.T.);
#7618=ADVANCED_FACE('',(#5274),#5510,.T.);
#7619=ADVANCED_FACE('',(#5275),#93,.T.);
#7620=ADVANCED_FACE('',(#5276),#94,.F.);
#7621=ADVANCED_FACE('',(#5277),#5511,.T.);
#7622=ADVANCED_FACE('',(#5278),#5512,.F.);
#7623=ADVANCED_FACE('',(#5279),#5513,.F.);
#7624=ADVANCED_FACE('',(#5280),#5514,.T.);
#7625=ADVANCED_FACE('',(#5281),#95,.T.);
#7626=ADVANCED_FACE('',(#5282),#5515,.T.);
#7627=ADVANCED_FACE('',(#5283),#96,.T.);
#7628=ADVANCED_FACE('',(#5284),#5516,.T.);
#7629=ADVANCED_FACE('',(#5285),#5517,.T.);
#7630=ADVANCED_FACE('',(#5286),#5518,.T.);
#7631=ADVANCED_FACE('',(#5287),#97,.F.);
#7632=ADVANCED_FACE('',(#5288),#5519,.T.);
#7633=ADVANCED_FACE('',(#5289),#98,.F.);
#7634=ADVANCED_FACE('',(#5290),#99,.F.);
#7635=ADVANCED_FACE('',(#5291),#5520,.F.);
#7636=ADVANCED_FACE('',(#5292),#5521,.F.);
#7637=ADVANCED_FACE('',(#5293),#5522,.F.);
#7638=ADVANCED_FACE('',(#5294),#100,.T.);
#7639=ADVANCED_FACE('',(#5295),#5523,.F.);
#7640=ADVANCED_FACE('',(#5296),#5524,.F.);
#7641=ADVANCED_FACE('',(#5297),#101,.T.);
#7642=ADVANCED_FACE('',(#5298),#102,.F.);
#7643=ADVANCED_FACE('',(#5299),#5525,.F.);
#7644=ADVANCED_FACE('',(#5300),#5526,.T.);
#7645=ADVANCED_FACE('',(#5301),#5527,.T.);
#7646=ADVANCED_FACE('',(#5302),#5528,.F.);
#7647=ADVANCED_FACE('',(#5303),#103,.T.);
#7648=ADVANCED_FACE('',(#5304),#5529,.F.);
#7649=ADVANCED_FACE('',(#5305),#104,.T.);
#7650=ADVANCED_FACE('',(#5306),#5530,.F.);
#7651=ADVANCED_FACE('',(#5307),#5531,.F.);
#7652=ADVANCED_FACE('',(#5308),#5532,.F.);
#7653=ADVANCED_FACE('',(#5309),#105,.F.);
#7654=ADVANCED_FACE('',(#5310),#5533,.F.);
#7655=ADVANCED_FACE('',(#5311),#106,.F.);
#7656=ADVANCED_FACE('',(#5312),#107,.F.);
#7657=ADVANCED_FACE('',(#5313),#5534,.F.);
#7658=ADVANCED_FACE('',(#5314),#5535,.F.);
#7659=ADVANCED_FACE('',(#5315),#5536,.F.);
#7660=ADVANCED_FACE('',(#5316),#108,.T.);
#7661=ADVANCED_FACE('',(#5317),#5537,.F.);
#7662=ADVANCED_FACE('',(#5318),#5538,.F.);
#7663=ADVANCED_FACE('',(#5319),#109,.T.);
#7664=ADVANCED_FACE('',(#5320),#110,.F.);
#7665=ADVANCED_FACE('',(#5321),#5539,.F.);
#7666=ADVANCED_FACE('',(#5322),#5540,.T.);
#7667=ADVANCED_FACE('',(#5323),#5541,.T.);
#7668=ADVANCED_FACE('',(#5324),#5542,.F.);
#7669=ADVANCED_FACE('',(#5325),#111,.T.);
#7670=ADVANCED_FACE('',(#5326),#5543,.F.);
#7671=ADVANCED_FACE('',(#5327),#112,.T.);
#7672=ADVANCED_FACE('',(#5328),#5544,.F.);
#7673=ADVANCED_FACE('',(#5329),#5545,.F.);
#7674=ADVANCED_FACE('',(#5330),#5546,.F.);
#7675=ADVANCED_FACE('',(#5331),#113,.F.);
#7676=ADVANCED_FACE('',(#5332),#5547,.F.);
#7677=ADVANCED_FACE('',(#5333),#114,.F.);
#7678=ADVANCED_FACE('',(#5334),#5548,.F.);
#7679=ADVANCED_FACE('',(#5335),#5549,.T.);
#7680=ADVANCED_FACE('',(#5336),#5550,.T.);
#7681=ADVANCED_FACE('',(#5337),#5551,.T.);
#7682=ADVANCED_FACE('',(#5338),#5552,.T.);
#7683=ADVANCED_FACE('',(#5339),#5553,.T.);
#7684=ADVANCED_FACE('',(#5340),#5554,.T.);
#7685=ADVANCED_FACE('',(#5341),#5555,.T.);
#7686=ADVANCED_FACE('',(#5342),#5556,.T.);
#7687=ADVANCED_FACE('',(#5343),#5557,.T.);
#7688=ADVANCED_FACE('',(#5344),#5558,.T.);
#7689=ADVANCED_FACE('',(#5345),#5559,.T.);
#7690=ADVANCED_FACE('',(#5346),#5560,.T.);
#7691=ADVANCED_FACE('',(#5347),#5561,.T.);
#7692=ADVANCED_FACE('',(#5348),#5562,.T.);
#7693=ADVANCED_FACE('',(#5349),#5563,.T.);
#7694=ADVANCED_FACE('',(#5350),#5564,.T.);
#7695=ADVANCED_FACE('',(#5351),#5565,.T.);
#7696=ADVANCED_FACE('',(#5352),#5566,.T.);
#7697=ADVANCED_FACE('',(#5353),#5567,.T.);
#7698=ADVANCED_FACE('',(#5354),#5568,.T.);
#7699=ADVANCED_FACE('',(#5355),#5569,.F.);
#7700=ADVANCED_FACE('',(#5356),#5570,.T.);
#7701=ADVANCED_FACE('',(#5357),#5571,.F.);
#7702=ADVANCED_FACE('',(#5358),#5572,.F.);
#7703=ADVANCED_FACE('',(#5359),#5573,.F.);
#7704=ADVANCED_FACE('',(#5360),#5574,.F.);
#7705=ADVANCED_FACE('',(#5361),#5575,.F.);
#7706=ADVANCED_FACE('',(#5362),#5576,.F.);
#7707=ADVANCED_FACE('',(#5363),#5577,.F.);
#7708=ADVANCED_FACE('',(#5364),#5578,.F.);
#7709=ADVANCED_FACE('',(#5365),#5579,.T.);
#7710=ADVANCED_FACE('',(#5366),#5580,.F.);
#7711=CLOSED_SHELL('',(#7417,#7418,#7419,#7420,#7421,#7422,#7423,#7424,
#7425,#7426,#7427,#7428,#7429,#7430,#7431,#7432,#7433,#7434,#7435,#7436,
#7437,#7438,#7439,#7440,#7441,#7442,#7443,#7444,#7445,#7446,#7447,#7448,
#7449,#7450,#7451,#7452,#7453,#7454,#7455,#7456,#7457,#7458,#7459,#7460,
#7461,#7462,#7463,#7464,#7465,#7466,#7467,#7468,#7469,#7470,#7471,#7472,
#7473,#7474,#7475,#7476,#7477,#7478,#7479,#7480,#7481,#7482,#7483,#7484,
#7485,#7486,#7487,#7488,#7489,#7490,#7491,#7492,#7493,#7494,#7495,#7496,
#7497,#7498,#7499,#7500,#7501,#7502,#7503,#7504,#7505,#7506,#7507,#7508,
#7509,#7510,#7511,#7512,#7513,#7514,#7515,#7516,#7517,#7518,#7519,#7520,
#7521,#7522,#7523,#7524,#7525,#7526,#7527,#7528,#7529,#7530,#7531,#7532,
#7533,#7534,#7535,#7536,#7537,#7538,#7539,#7540,#7541,#7542,#7543,#7544,
#7545,#7546,#7547,#7548,#7549,#7550,#7551,#7552,#7553,#7554,#7555,#7556,
#7557,#7558,#7559,#7560,#7561,#7562,#7563,#7564,#7565,#7566,#7567,#7568,
#7569,#7570,#7571,#7572,#7573,#7574,#7575,#7576,#7577,#7578,#7579,#7580,
#7581,#7582,#7583,#7584,#7585,#7586,#7587,#7588,#7589,#7590,#7591,#7592,
#7593,#7594,#7595,#7596,#7597,#7598,#7599,#7600,#7601,#7602,#7603,#7604,
#7605,#7606,#7607,#7608,#7609,#7610,#7611,#7612,#7613,#7614,#7615,#7616,
#7617,#7618,#7619,#7620,#7621,#7622,#7623,#7624,#7625,#7626,#7627,#7628,
#7629,#7630,#7631,#7632,#7633,#7634,#7635,#7636,#7637,#7638,#7639,#7640,
#7641,#7642,#7643,#7644,#7645,#7646,#7647,#7648,#7649,#7650,#7651,#7652,
#7653,#7654,#7655,#7656,#7657,#7658,#7659,#7660,#7661,#7662,#7663,#7664,
#7665,#7666,#7667,#7668,#7669,#7670,#7671,#7672,#7673,#7674,#7675,#7676,
#7677));
#7712=CLOSED_SHELL('',(#7678,#7679,#7680,#7681,#7682,#7683,#7684,#7685,
#7686,#7687,#7688,#7689,#7690,#7691,#7692,#7693,#7694,#7695,#7696,#7697,
#7698,#7699,#7700,#7701,#7702,#7703,#7704,#7705,#7706,#7707,#7708,#7709,
#7710));
#7713=MANIFOLD_SOLID_BREP('22A-11_c',#7711);
#7714=MANIFOLD_SOLID_BREP('2Side setting_s',#7712);
#7715=SHAPE_DEFINITION_REPRESENTATION(#11551,#7718);
#7716=SHAPE_DEFINITION_REPRESENTATION(#11552,#7719);
#7717=SHAPE_DEFINITION_REPRESENTATION(#11554,#7720);
#7718=SHAPE_REPRESENTATION('CL-SB-22A-11T',(#7721,#8160,#8194),#11542);
#7719=SHAPE_REPRESENTATION('22A-11_c',(#7721),#11543);
#7720=SHAPE_REPRESENTATION('2Side setting_s',(#7721),#11544);
#7721=AXIS2_PLACEMENT_3D('',#9817,#8195,#8196);
#7722=AXIS2_PLACEMENT_3D('',#9818,#8197,#8198);
#7723=AXIS2_PLACEMENT_3D('',#9822,#8200,#8201);
#7724=AXIS2_PLACEMENT_3D('',#9827,#8204,#8205);
#7725=AXIS2_PLACEMENT_3D('',#9831,#8207,#8208);
#7726=AXIS2_PLACEMENT_3D('',#9836,#8211,#8212);
#7727=AXIS2_PLACEMENT_3D('',#9840,#8214,#8215);
#7728=AXIS2_PLACEMENT_3D('',#9845,#8218,#8219);
#7729=AXIS2_PLACEMENT_3D('',#9849,#8221,#8222);
#7730=AXIS2_PLACEMENT_3D('',#9854,#8225,#8226);
#7731=AXIS2_PLACEMENT_3D('',#9857,#8229,#8230);
#7732=AXIS2_PLACEMENT_3D('',#9861,#8232,#8233);
#7733=AXIS2_PLACEMENT_3D('',#9866,#8236,#8237);
#7734=AXIS2_PLACEMENT_3D('',#9870,#8239,#8240);
#7735=AXIS2_PLACEMENT_3D('',#9875,#8243,#8244);
#7736=AXIS2_PLACEMENT_3D('',#9879,#8246,#8247);
#7737=AXIS2_PLACEMENT_3D('',#9884,#8250,#8251);
#7738=AXIS2_PLACEMENT_3D('',#9888,#8253,#8254);
#7739=AXIS2_PLACEMENT_3D('',#9893,#8257,#8258);
#7740=AXIS2_PLACEMENT_3D('',#9896,#8261,#8262);
#7741=AXIS2_PLACEMENT_3D('',#9897,#8263,#8264);
#7742=AXIS2_PLACEMENT_3D('',#9905,#8268,#8269);
#7743=AXIS2_PLACEMENT_3D('',#9906,#8270,#8271);
#7744=AXIS2_PLACEMENT_3D('',#9914,#8275,#8276);
#7745=AXIS2_PLACEMENT_3D('',#9917,#8279,#8280);
#7746=AXIS2_PLACEMENT_3D('',#9933,#8288,#8289);
#7747=AXIS2_PLACEMENT_3D('',#9939,#8292,#8293);
#7748=AXIS2_PLACEMENT_3D('',#9943,#8295,#8296);
#7749=AXIS2_PLACEMENT_3D('',#9949,#8299,#8300);
#7750=AXIS2_PLACEMENT_3D('',#9958,#8305,#8306);
#7751=AXIS2_PLACEMENT_3D('',#9959,#8307,#8308);
#7752=AXIS2_PLACEMENT_3D('',#9971,#8314,#8315);
#7753=AXIS2_PLACEMENT_3D('',#9972,#8316,#8317);
#7754=AXIS2_PLACEMENT_3D('',#9984,#8323,#8324);
#7755=AXIS2_PLACEMENT_3D('',#9985,#8325,#8326);
#7756=AXIS2_PLACEMENT_3D('',#9990,#8328,#8329);
#7757=AXIS2_PLACEMENT_3D('',#9994,#8331,#8332);
#7758=AXIS2_PLACEMENT_3D('',#10002,#8336,#8337);
#7759=AXIS2_PLACEMENT_3D('',#10006,#8339,#8340);
#7760=AXIS2_PLACEMENT_3D('',#10010,#8342,#8343);
#7761=AXIS2_PLACEMENT_3D('',#10014,#8345,#8346);
#7762=AXIS2_PLACEMENT_3D('',#10022,#8350,#8351);
#7763=AXIS2_PLACEMENT_3D('',#10026,#8353,#8354);
#7764=AXIS2_PLACEMENT_3D('',#10033,#8358,#8359);
#7765=AXIS2_PLACEMENT_3D('',#10037,#8361,#8362);
#7766=AXIS2_PLACEMENT_3D('',#10041,#8364,#8365);
#7767=AXIS2_PLACEMENT_3D('',#10058,#8374,#8375);
#7768=AXIS2_PLACEMENT_3D('',#10064,#8378,#8379);
#7769=AXIS2_PLACEMENT_3D('',#10071,#8383,#8384);
#7770=AXIS2_PLACEMENT_3D('',#10072,#8385,#8386);
#7771=AXIS2_PLACEMENT_3D('',#10074,#8387,#8388);
#7772=AXIS2_PLACEMENT_3D('',#10092,#8397,#8398);
#7773=AXIS2_PLACEMENT_3D('',#10096,#8400,#8401);
#7774=AXIS2_PLACEMENT_3D('',#10108,#8407,#8408);
#7775=AXIS2_PLACEMENT_3D('',#10110,#8409,#8410);
#7776=AXIS2_PLACEMENT_3D('',#10118,#8414,#8415);
#7777=AXIS2_PLACEMENT_3D('',#10120,#8416,#8417);
#7778=AXIS2_PLACEMENT_3D('',#10144,#8429,#8430);
#7779=AXIS2_PLACEMENT_3D('',#10146,#8431,#8432);
#7780=AXIS2_PLACEMENT_3D('',#10148,#8434,#8435);
#7781=AXIS2_PLACEMENT_3D('',#10157,#8440,#8441);
#7782=AXIS2_PLACEMENT_3D('',#10163,#8445,#8446);
#7783=AXIS2_PLACEMENT_3D('',#10176,#8454,#8455);
#7784=AXIS2_PLACEMENT_3D('',#10189,#8463,#8464);
#7785=AXIS2_PLACEMENT_3D('',#10190,#8465,#8466);
#7786=AXIS2_PLACEMENT_3D('',#10211,#8476,#8477);
#7787=AXIS2_PLACEMENT_3D('',#10214,#8479,#8480);
#7788=AXIS2_PLACEMENT_3D('',#10218,#8482,#8483);
#7789=AXIS2_PLACEMENT_3D('',#10224,#8487,#8488);
#7790=AXIS2_PLACEMENT_3D('',#10262,#8509,#8510);
#7791=AXIS2_PLACEMENT_3D('',#10264,#8512,#8513);
#7792=AXIS2_PLACEMENT_3D('',#10268,#8515,#8516);
#7793=AXIS2_PLACEMENT_3D('',#10279,#8522,#8523);
#7794=AXIS2_PLACEMENT_3D('',#10280,#8524,#8525);
#7795=AXIS2_PLACEMENT_3D('',#10281,#8526,#8527);
#7796=AXIS2_PLACEMENT_3D('',#10283,#8528,#8529);
#7797=AXIS2_PLACEMENT_3D('',#10287,#8531,#8532);
#7798=AXIS2_PLACEMENT_3D('',#10288,#8533,#8534);
#7799=AXIS2_PLACEMENT_3D('',#10324,#8557,#8558);
#7800=AXIS2_PLACEMENT_3D('',#10330,#8562,#8563);
#7801=AXIS2_PLACEMENT_3D('',#10334,#8566,#8567);
#7802=AXIS2_PLACEMENT_3D('',#10344,#8573,#8574);
#7803=AXIS2_PLACEMENT_3D('',#10352,#8579,#8580);
#7804=AXIS2_PLACEMENT_3D('',#10372,#8593,#8594);
#7805=AXIS2_PLACEMENT_3D('',#10373,#8595,#8596);
#7806=AXIS2_PLACEMENT_3D('',#10377,#8598,#8599);
#7807=AXIS2_PLACEMENT_3D('',#10397,#8612,#8613);
#7808=AXIS2_PLACEMENT_3D('',#10403,#8617,#8618);
#7809=AXIS2_PLACEMENT_3D('',#10409,#8622,#8623);
#7810=AXIS2_PLACEMENT_3D('',#10413,#8626,#8627);
#7811=AXIS2_PLACEMENT_3D('',#10417,#8630,#8631);
#7812=AXIS2_PLACEMENT_3D('',#10426,#8636,#8637);
#7813=AXIS2_PLACEMENT_3D('',#10429,#8640,#8641);
#7814=AXIS2_PLACEMENT_3D('',#10430,#8642,#8643);
#7815=AXIS2_PLACEMENT_3D('',#10438,#8648,#8649);
#7816=AXIS2_PLACEMENT_3D('',#10442,#8652,#8653);
#7817=AXIS2_PLACEMENT_3D('',#10443,#8654,#8655);
#7818=AXIS2_PLACEMENT_3D('',#10447,#8657,#8658);
#7819=AXIS2_PLACEMENT_3D('',#10452,#8662,#8663);
#7820=AXIS2_PLACEMENT_3D('',#10453,#8664,#8665);
#7821=AXIS2_PLACEMENT_3D('',#10454,#8666,#8667);
#7822=AXIS2_PLACEMENT_3D('',#10458,#8669,#8670);
#7823=AXIS2_PLACEMENT_3D('',#10460,#8672,#8673);
#7824=AXIS2_PLACEMENT_3D('',#10461,#8674,#8675);
#7825=AXIS2_PLACEMENT_3D('',#10465,#8678,#8679);
#7826=AXIS2_PLACEMENT_3D('',#10473,#8685,#8686);
#7827=AXIS2_PLACEMENT_3D('',#10482,#8693,#8694);
#7828=AXIS2_PLACEMENT_3D('',#10483,#8695,#8696);
#7829=AXIS2_PLACEMENT_3D('',#10492,#8701,#8702);
#7830=AXIS2_PLACEMENT_3D('',#10495,#8704,#8705);
#7831=AXIS2_PLACEMENT_3D('',#10500,#8710,#8711);
#7832=AXIS2_PLACEMENT_3D('',#10502,#8713,#8714);
#7833=AXIS2_PLACEMENT_3D('',#10503,#8715,#8716);
#7834=AXIS2_PLACEMENT_3D('',#10505,#8717,#8718);
#7835=AXIS2_PLACEMENT_3D('',#10510,#8720,#8721);
#7836=AXIS2_PLACEMENT_3D('',#10514,#8723,#8724);
#7837=AXIS2_PLACEMENT_3D('',#10518,#8726,#8727);
#7838=AXIS2_PLACEMENT_3D('',#10522,#8729,#8730);
#7839=AXIS2_PLACEMENT_3D('',#10526,#8732,#8733);
#7840=AXIS2_PLACEMENT_3D('',#10530,#8735,#8736);
#7841=AXIS2_PLACEMENT_3D('',#10534,#8738,#8739);
#7842=AXIS2_PLACEMENT_3D('',#10538,#8741,#8742);
#7843=AXIS2_PLACEMENT_3D('',#10542,#8744,#8745);
#7844=AXIS2_PLACEMENT_3D('',#10546,#8747,#8748);
#7845=AXIS2_PLACEMENT_3D('',#10550,#8750,#8751);
#7846=AXIS2_PLACEMENT_3D('',#10554,#8753,#8754);
#7847=AXIS2_PLACEMENT_3D('',#10558,#8756,#8757);
#7848=AXIS2_PLACEMENT_3D('',#10562,#8759,#8760);
#7849=AXIS2_PLACEMENT_3D('',#10566,#8762,#8763);
#7850=AXIS2_PLACEMENT_3D('',#10570,#8765,#8766);
#7851=AXIS2_PLACEMENT_3D('',#10572,#8768,#8769);
#7852=AXIS2_PLACEMENT_3D('',#10574,#8771,#8772);
#7853=AXIS2_PLACEMENT_3D('',#10578,#8776,#8777);
#7854=AXIS2_PLACEMENT_3D('',#10584,#8781,#8782);
#7855=AXIS2_PLACEMENT_3D('',#10590,#8786,#8787);
#7856=AXIS2_PLACEMENT_3D('',#10593,#8790,#8791);
#7857=AXIS2_PLACEMENT_3D('',#10596,#8794,#8795);
#7858=AXIS2_PLACEMENT_3D('',#10602,#8799,#8800);
#7859=AXIS2_PLACEMENT_3D('',#10605,#8803,#8804);
#7860=AXIS2_PLACEMENT_3D('',#10607,#8806,#8807);
#7861=AXIS2_PLACEMENT_3D('',#10609,#8809,#8810);
#7862=AXIS2_PLACEMENT_3D('',#10610,#8811,#8812);
#7863=AXIS2_PLACEMENT_3D('',#10613,#8814,#8815);
#7864=AXIS2_PLACEMENT_3D('',#10615,#8817,#8818);
#7865=AXIS2_PLACEMENT_3D('',#10618,#8820,#8821);
#7866=AXIS2_PLACEMENT_3D('',#10619,#8822,#8823);
#7867=AXIS2_PLACEMENT_3D('',#10621,#8825,#8826);
#7868=AXIS2_PLACEMENT_3D('',#10623,#8828,#8829);
#7869=AXIS2_PLACEMENT_3D('',#10624,#8830,#8831);
#7870=AXIS2_PLACEMENT_3D('',#10625,#8832,#8833);
#7871=AXIS2_PLACEMENT_3D('',#10626,#8834,#8835);
#7872=AXIS2_PLACEMENT_3D('',#10627,#8836,#8837);
#7873=AXIS2_PLACEMENT_3D('',#10631,#8839,#8840);
#7874=AXIS2_PLACEMENT_3D('',#10633,#8842,#8843);
#7875=AXIS2_PLACEMENT_3D('',#10634,#8844,#8845);
#7876=AXIS2_PLACEMENT_3D('',#10635,#8846,#8847);
#7877=AXIS2_PLACEMENT_3D('',#10638,#8849,#8850);
#7878=AXIS2_PLACEMENT_3D('',#10641,#8852,#8853);
#7879=AXIS2_PLACEMENT_3D('',#10642,#8854,#8855);
#7880=AXIS2_PLACEMENT_3D('',#10643,#8856,#8857);
#7881=AXIS2_PLACEMENT_3D('',#10645,#8859,#8860);
#7882=AXIS2_PLACEMENT_3D('',#10647,#8862,#8863);
#7883=AXIS2_PLACEMENT_3D('',#10648,#8864,#8865);
#7884=AXIS2_PLACEMENT_3D('',#10650,#8867,#8868);
#7885=AXIS2_PLACEMENT_3D('',#10652,#8870,#8871);
#7886=AXIS2_PLACEMENT_3D('',#10653,#8872,#8873);
#7887=AXIS2_PLACEMENT_3D('',#10655,#8875,#8876);
#7888=AXIS2_PLACEMENT_3D('',#10656,#8877,#8878);
#7889=AXIS2_PLACEMENT_3D('',#10658,#8880,#8881);
#7890=AXIS2_PLACEMENT_3D('',#10660,#8883,#8884);
#7891=AXIS2_PLACEMENT_3D('',#10661,#8885,#8886);
#7892=AXIS2_PLACEMENT_3D('',#10662,#8887,#8888);
#7893=AXIS2_PLACEMENT_3D('',#10664,#8890,#8891);
#7894=AXIS2_PLACEMENT_3D('',#10666,#8893,#8894);
#7895=AXIS2_PLACEMENT_3D('',#10667,#8895,#8896);
#7896=AXIS2_PLACEMENT_3D('',#10670,#8898,#8899);
#7897=AXIS2_PLACEMENT_3D('',#10671,#8900,#8901);
#7898=AXIS2_PLACEMENT_3D('',#10674,#8903,#8904);
#7899=AXIS2_PLACEMENT_3D('',#10676,#8906,#8907);
#7900=AXIS2_PLACEMENT_3D('',#10679,#8909,#8910);
#7901=AXIS2_PLACEMENT_3D('',#10682,#8912,#8913);
#7902=AXIS2_PLACEMENT_3D('',#10686,#8916,#8917);
#7903=AXIS2_PLACEMENT_3D('',#10687,#8918,#8919);
#7904=AXIS2_PLACEMENT_3D('',#10690,#8921,#8922);
#7905=AXIS2_PLACEMENT_3D('',#10694,#8925,#8926);
#7906=AXIS2_PLACEMENT_3D('',#10695,#8927,#8928);
#7907=AXIS2_PLACEMENT_3D('',#10698,#8930,#8931);
#7908=AXIS2_PLACEMENT_3D('',#10702,#8934,#8935);
#7909=AXIS2_PLACEMENT_3D('',#10703,#8936,#8937);
#7910=AXIS2_PLACEMENT_3D('',#10706,#8939,#8940);
#7911=AXIS2_PLACEMENT_3D('',#10708,#8942,#8943);
#7912=AXIS2_PLACEMENT_3D('',#10709,#8944,#8945);
#7913=AXIS2_PLACEMENT_3D('',#10712,#8947,#8948);
#7914=AXIS2_PLACEMENT_3D('',#10715,#8950,#8951);
#7915=AXIS2_PLACEMENT_3D('',#10719,#8954,#8955);
#7916=AXIS2_PLACEMENT_3D('',#10720,#8956,#8957);
#7917=AXIS2_PLACEMENT_3D('',#10723,#8959,#8960);
#7918=AXIS2_PLACEMENT_3D('',#10727,#8963,#8964);
#7919=AXIS2_PLACEMENT_3D('',#10728,#8965,#8966);
#7920=AXIS2_PLACEMENT_3D('',#10731,#8968,#8969);
#7921=AXIS2_PLACEMENT_3D('',#10735,#8972,#8973);
#7922=AXIS2_PLACEMENT_3D('',#10736,#8974,#8975);
#7923=AXIS2_PLACEMENT_3D('',#10739,#8977,#8978);
#7924=AXIS2_PLACEMENT_3D('',#10741,#8980,#8981);
#7925=AXIS2_PLACEMENT_3D('',#10742,#8982,#8983);
#7926=AXIS2_PLACEMENT_3D('',#10745,#8985,#8986);
#7927=AXIS2_PLACEMENT_3D('',#10748,#8988,#8989);
#7928=AXIS2_PLACEMENT_3D('',#10752,#8992,#8993);
#7929=AXIS2_PLACEMENT_3D('',#10753,#8994,#8995);
#7930=AXIS2_PLACEMENT_3D('',#10756,#8997,#8998);
#7931=AXIS2_PLACEMENT_3D('',#10760,#9001,#9002);
#7932=AXIS2_PLACEMENT_3D('',#10761,#9003,#9004);
#7933=AXIS2_PLACEMENT_3D('',#10764,#9006,#9007);
#7934=AXIS2_PLACEMENT_3D('',#10768,#9010,#9011);
#7935=AXIS2_PLACEMENT_3D('',#10769,#9012,#9013);
#7936=AXIS2_PLACEMENT_3D('',#10772,#9015,#9016);
#7937=AXIS2_PLACEMENT_3D('',#10774,#9018,#9019);
#7938=AXIS2_PLACEMENT_3D('',#10775,#9020,#9021);
#7939=AXIS2_PLACEMENT_3D('',#10778,#9023,#9024);
#7940=AXIS2_PLACEMENT_3D('',#10781,#9026,#9027);
#7941=AXIS2_PLACEMENT_3D('',#10785,#9030,#9031);
#7942=AXIS2_PLACEMENT_3D('',#10786,#9032,#9033);
#7943=AXIS2_PLACEMENT_3D('',#10789,#9035,#9036);
#7944=AXIS2_PLACEMENT_3D('',#10793,#9039,#9040);
#7945=AXIS2_PLACEMENT_3D('',#10794,#9041,#9042);
#7946=AXIS2_PLACEMENT_3D('',#10797,#9044,#9045);
#7947=AXIS2_PLACEMENT_3D('',#10801,#9048,#9049);
#7948=AXIS2_PLACEMENT_3D('',#10802,#9050,#9051);
#7949=AXIS2_PLACEMENT_3D('',#10805,#9053,#9054);
#7950=AXIS2_PLACEMENT_3D('',#10807,#9056,#9057);
#7951=AXIS2_PLACEMENT_3D('',#10808,#9058,#9059);
#7952=AXIS2_PLACEMENT_3D('',#10809,#9060,#9061);
#7953=AXIS2_PLACEMENT_3D('',#10811,#9062,#9063);
#7954=AXIS2_PLACEMENT_3D('',#10812,#9064,#9065);
#7955=AXIS2_PLACEMENT_3D('',#10813,#9066,#9067);
#7956=AXIS2_PLACEMENT_3D('',#10815,#9068,#9069);
#7957=AXIS2_PLACEMENT_3D('',#10816,#9070,#9071);
#7958=AXIS2_PLACEMENT_3D('',#10818,#9073,#9074);
#7959=AXIS2_PLACEMENT_3D('',#10821,#9076,#9077);
#7960=AXIS2_PLACEMENT_3D('',#10825,#9079,#9080);
#7961=AXIS2_PLACEMENT_3D('',#10828,#9082,#9083);
#7962=AXIS2_PLACEMENT_3D('',#10829,#9084,#9085);
#7963=AXIS2_PLACEMENT_3D('',#10836,#9087,#9088);
#7964=AXIS2_PLACEMENT_3D('',#10838,#9090,#9091);
#7965=AXIS2_PLACEMENT_3D('',#10840,#9093,#9094);
#7966=AXIS2_PLACEMENT_3D('',#10842,#9096,#9097);
#7967=AXIS2_PLACEMENT_3D('',#10843,#9098,#9099);
#7968=AXIS2_PLACEMENT_3D('',#10845,#9101,#9102);
#7969=AXIS2_PLACEMENT_3D('',#10847,#9104,#9105);
#7970=AXIS2_PLACEMENT_3D('',#10849,#9107,#9108);
#7971=AXIS2_PLACEMENT_3D('',#10851,#9110,#9111);
#7972=AXIS2_PLACEMENT_3D('',#10859,#9113,#9114);
#7973=AXIS2_PLACEMENT_3D('',#10860,#9115,#9116);
#7974=AXIS2_PLACEMENT_3D('',#10862,#9118,#9119);
#7975=AXIS2_PLACEMENT_3D('',#10863,#9120,#9121);
#7976=AXIS2_PLACEMENT_3D('',#10867,#9124,#9125);
#7977=AXIS2_PLACEMENT_3D('',#10874,#9127,#9128);
#7978=AXIS2_PLACEMENT_3D('',#10876,#9130,#9131);
#7979=AXIS2_PLACEMENT_3D('',#10878,#9133,#9134);
#7980=AXIS2_PLACEMENT_3D('',#10880,#9136,#9137);
#7981=AXIS2_PLACEMENT_3D('',#10881,#9138,#9139);
#7982=AXIS2_PLACEMENT_3D('',#10883,#9141,#9142);
#7983=AXIS2_PLACEMENT_3D('',#10885,#9144,#9145);
#7984=AXIS2_PLACEMENT_3D('',#10887,#9147,#9148);
#7985=AXIS2_PLACEMENT_3D('',#10889,#9150,#9151);
#7986=AXIS2_PLACEMENT_3D('',#10890,#9152,#9153);
#7987=AXIS2_PLACEMENT_3D('',#10894,#9155,#9156);
#7988=AXIS2_PLACEMENT_3D('',#10896,#9158,#9159);
#7989=AXIS2_PLACEMENT_3D('',#10898,#9161,#9162);
#7990=AXIS2_PLACEMENT_3D('',#10900,#9164,#9165);
#7991=AXIS2_PLACEMENT_3D('',#10906,#9166,#9167);
#7992=AXIS2_PLACEMENT_3D('',#10907,#9168,#9169);
#7993=AXIS2_PLACEMENT_3D('',#10908,#9170,#9171);
#7994=AXIS2_PLACEMENT_3D('',#10909,#9172,#9173);
#7995=AXIS2_PLACEMENT_3D('',#10911,#9175,#9176);
#7996=AXIS2_PLACEMENT_3D('',#10913,#9178,#9179);
#7997=AXIS2_PLACEMENT_3D('',#10914,#9180,#9181);
#7998=AXIS2_PLACEMENT_3D('',#10916,#9183,#9184);
#7999=AXIS2_PLACEMENT_3D('',#10917,#9185,#9186);
#8000=AXIS2_PLACEMENT_3D('',#10919,#9188,#9189);
#8001=AXIS2_PLACEMENT_3D('',#10920,#9190,#9191);
#8002=AXIS2_PLACEMENT_3D('',#10921,#9192,#9193);
#8003=AXIS2_PLACEMENT_3D('',#10922,#9194,#9195);
#8004=AXIS2_PLACEMENT_3D('',#10923,#9196,#9197);
#8005=AXIS2_PLACEMENT_3D('',#10925,#9199,#9200);
#8006=AXIS2_PLACEMENT_3D('',#10927,#9202,#9203);
#8007=AXIS2_PLACEMENT_3D('',#10928,#9204,#9205);
#8008=AXIS2_PLACEMENT_3D('',#10930,#9207,#9208);
#8009=AXIS2_PLACEMENT_3D('',#10931,#9209,#9210);
#8010=AXIS2_PLACEMENT_3D('',#10933,#9212,#9213);
#8011=AXIS2_PLACEMENT_3D('',#10934,#9214,#9215);
#8012=AXIS2_PLACEMENT_3D('',#10935,#9216,#9217);
#8013=AXIS2_PLACEMENT_3D('',#10936,#9218,#9219);
#8014=AXIS2_PLACEMENT_3D('',#10937,#9220,#9221);
#8015=AXIS2_PLACEMENT_3D('',#10940,#9223,#9224);
#8016=AXIS2_PLACEMENT_3D('',#10941,#9225,#9226);
#8017=AXIS2_PLACEMENT_3D('',#10944,#9228,#9229);
#8018=AXIS2_PLACEMENT_3D('',#10950,#9233,#9234);
#8019=AXIS2_PLACEMENT_3D('',#10958,#9238,#9239);
#8020=AXIS2_PLACEMENT_3D('',#10962,#9241,#9242);
#8021=AXIS2_PLACEMENT_3D('',#10970,#9246,#9247);
#8022=AXIS2_PLACEMENT_3D('',#10974,#9249,#9250);
#8023=AXIS2_PLACEMENT_3D('',#10975,#9251,#9252);
#8024=AXIS2_PLACEMENT_3D('',#10979,#9254,#9255);
#8025=AXIS2_PLACEMENT_3D('',#10983,#9257,#9258);
#8026=AXIS2_PLACEMENT_3D('',#10991,#9262,#9263);
#8027=AXIS2_PLACEMENT_3D('',#10995,#9265,#9266);
#8028=AXIS2_PLACEMENT_3D('',#11000,#9269,#9270);
#8029=AXIS2_PLACEMENT_3D('',#11001,#9271,#9272);
#8030=AXIS2_PLACEMENT_3D('',#11003,#9273,#9274);
#8031=AXIS2_PLACEMENT_3D('',#11006,#9276,#9277);
#8032=AXIS2_PLACEMENT_3D('',#11009,#9280,#9281);
#8033=AXIS2_PLACEMENT_3D('',#11010,#9282,#9283);
#8034=AXIS2_PLACEMENT_3D('',#11011,#9284,#9285);
#8035=AXIS2_PLACEMENT_3D('',#11012,#9286,#9287);
#8036=AXIS2_PLACEMENT_3D('',#11014,#9289,#9290);
#8037=AXIS2_PLACEMENT_3D('',#11016,#9292,#9293);
#8038=AXIS2_PLACEMENT_3D('',#11018,#9295,#9296);
#8039=AXIS2_PLACEMENT_3D('',#11020,#9298,#9299);
#8040=AXIS2_PLACEMENT_3D('',#11022,#9301,#9302);
#8041=AXIS2_PLACEMENT_3D('',#11024,#9304,#9305);
#8042=AXIS2_PLACEMENT_3D('',#11026,#9307,#9308);
#8043=AXIS2_PLACEMENT_3D('',#11028,#9310,#9311);
#8044=AXIS2_PLACEMENT_3D('',#11030,#9313,#9314);
#8045=AXIS2_PLACEMENT_3D('',#11032,#9316,#9317);
#8046=AXIS2_PLACEMENT_3D('',#11033,#9318,#9319);
#8047=AXIS2_PLACEMENT_3D('',#11034,#9320,#9321);
#8048=AXIS2_PLACEMENT_3D('',#11039,#9323,#9324);
#8049=AXIS2_PLACEMENT_3D('',#11042,#9326,#9327);
#8050=AXIS2_PLACEMENT_3D('',#11048,#9331,#9332);
#8051=AXIS2_PLACEMENT_3D('',#11054,#9336,#9337);
#8052=AXIS2_PLACEMENT_3D('',#11060,#9341,#9342);
#8053=AXIS2_PLACEMENT_3D('',#11061,#9343,#9344);
#8054=AXIS2_PLACEMENT_3D('',#11065,#9346,#9347);
#8055=AXIS2_PLACEMENT_3D('',#11066,#9348,#9349);
#8056=AXIS2_PLACEMENT_3D('',#11072,#9353,#9354);
#8057=AXIS2_PLACEMENT_3D('',#11078,#9358,#9359);
#8058=AXIS2_PLACEMENT_3D('',#11079,#9360,#9361);
#8059=AXIS2_PLACEMENT_3D('',#11080,#9362,#9363);
#8060=AXIS2_PLACEMENT_3D('',#11081,#9364,#9365);
#8061=AXIS2_PLACEMENT_3D('',#11082,#9366,#9367);
#8062=AXIS2_PLACEMENT_3D('',#11083,#9368,#9369);
#8063=AXIS2_PLACEMENT_3D('',#11084,#9370,#9371);
#8064=AXIS2_PLACEMENT_3D('',#11085,#9372,#9373);
#8065=AXIS2_PLACEMENT_3D('',#11086,#9374,#9375);
#8066=AXIS2_PLACEMENT_3D('',#11087,#9376,#9377);
#8067=AXIS2_PLACEMENT_3D('',#11089,#9378,#9379);
#8068=AXIS2_PLACEMENT_3D('',#11093,#9381,#9382);
#8069=AXIS2_PLACEMENT_3D('',#11101,#9386,#9387);
#8070=AXIS2_PLACEMENT_3D('',#11104,#9389,#9390);
#8071=AXIS2_PLACEMENT_3D('',#11105,#9391,#9392);
#8072=AXIS2_PLACEMENT_3D('',#11109,#9394,#9395);
#8073=AXIS2_PLACEMENT_3D('',#11117,#9399,#9400);
#8074=AXIS2_PLACEMENT_3D('',#11121,#9402,#9403);
#8075=AXIS2_PLACEMENT_3D('',#11122,#9404,#9405);
#8076=AXIS2_PLACEMENT_3D('',#11124,#9407,#9408);
#8077=AXIS2_PLACEMENT_3D('',#11126,#9410,#9411);
#8078=AXIS2_PLACEMENT_3D('',#11128,#9413,#9414);
#8079=AXIS2_PLACEMENT_3D('',#11130,#9416,#9417);
#8080=AXIS2_PLACEMENT_3D('',#11132,#9419,#9420);
#8081=AXIS2_PLACEMENT_3D('',#11134,#9422,#9423);
#8082=AXIS2_PLACEMENT_3D('',#11136,#9425,#9426);
#8083=AXIS2_PLACEMENT_3D('',#11138,#9428,#9429);
#8084=AXIS2_PLACEMENT_3D('',#11139,#9430,#9431);
#8085=AXIS2_PLACEMENT_3D('',#11140,#9432,#9433);
#8086=AXIS2_PLACEMENT_3D('',#11145,#9435,#9436);
#8087=AXIS2_PLACEMENT_3D('',#11148,#9438,#9439);
#8088=AXIS2_PLACEMENT_3D('',#11154,#9443,#9444);
#8089=AXIS2_PLACEMENT_3D('',#11160,#9448,#9449);
#8090=AXIS2_PLACEMENT_3D('',#11166,#9453,#9454);
#8091=AXIS2_PLACEMENT_3D('',#11167,#9455,#9456);
#8092=AXIS2_PLACEMENT_3D('',#11171,#9458,#9459);
#8093=AXIS2_PLACEMENT_3D('',#11172,#9460,#9461);
#8094=AXIS2_PLACEMENT_3D('',#11178,#9465,#9466);
#8095=AXIS2_PLACEMENT_3D('',#11184,#9470,#9471);
#8096=AXIS2_PLACEMENT_3D('',#11185,#9472,#9473);
#8097=AXIS2_PLACEMENT_3D('',#11186,#9474,#9475);
#8098=AXIS2_PLACEMENT_3D('',#11187,#9476,#9477);
#8099=AXIS2_PLACEMENT_3D('',#11188,#9478,#9479);
#8100=AXIS2_PLACEMENT_3D('',#11189,#9480,#9481);
#8101=AXIS2_PLACEMENT_3D('',#11190,#9482,#9483);
#8102=AXIS2_PLACEMENT_3D('',#11191,#9484,#9485);
#8103=AXIS2_PLACEMENT_3D('',#11192,#9486,#9487);
#8104=AXIS2_PLACEMENT_3D('',#11193,#9488,#9489);
#8105=AXIS2_PLACEMENT_3D('',#11197,#9491,#9492);
#8106=AXIS2_PLACEMENT_3D('',#11205,#9496,#9497);
#8107=AXIS2_PLACEMENT_3D('',#11209,#9499,#9500);
#8108=AXIS2_PLACEMENT_3D('',#11210,#9501,#9502);
#8109=AXIS2_PLACEMENT_3D('',#11211,#9503,#9504);
#8110=AXIS2_PLACEMENT_3D('',#11213,#9505,#9506);
#8111=AXIS2_PLACEMENT_3D('',#11217,#9508,#9509);
#8112=AXIS2_PLACEMENT_3D('',#11225,#9513,#9514);
#8113=AXIS2_PLACEMENT_3D('',#11228,#9516,#9517);
#8114=AXIS2_PLACEMENT_3D('',#11230,#9519,#9520);
#8115=AXIS2_PLACEMENT_3D('',#11232,#9522,#9523);
#8116=AXIS2_PLACEMENT_3D('',#11234,#9525,#9526);
#8117=AXIS2_PLACEMENT_3D('',#11236,#9528,#9529);
#8118=AXIS2_PLACEMENT_3D('',#11238,#9531,#9532);
#8119=AXIS2_PLACEMENT_3D('',#11240,#9534,#9535);
#8120=AXIS2_PLACEMENT_3D('',#11242,#9537,#9538);
#8121=AXIS2_PLACEMENT_3D('',#11244,#9540,#9541);
#8122=AXIS2_PLACEMENT_3D('',#11245,#9542,#9543);
#8123=AXIS2_PLACEMENT_3D('',#11246,#9544,#9545);
#8124=AXIS2_PLACEMENT_3D('',#11251,#9547,#9548);
#8125=AXIS2_PLACEMENT_3D('',#11254,#9550,#9551);
#8126=AXIS2_PLACEMENT_3D('',#11260,#9555,#9556);
#8127=AXIS2_PLACEMENT_3D('',#11266,#9560,#9561);
#8128=AXIS2_PLACEMENT_3D('',#11272,#9565,#9566);
#8129=AXIS2_PLACEMENT_3D('',#11273,#9567,#9568);
#8130=AXIS2_PLACEMENT_3D('',#11277,#9570,#9571);
#8131=AXIS2_PLACEMENT_3D('',#11278,#9572,#9573);
#8132=AXIS2_PLACEMENT_3D('',#11284,#9577,#9578);
#8133=AXIS2_PLACEMENT_3D('',#11290,#9582,#9583);
#8134=AXIS2_PLACEMENT_3D('',#11291,#9584,#9585);
#8135=AXIS2_PLACEMENT_3D('',#11292,#9586,#9587);
#8136=AXIS2_PLACEMENT_3D('',#11293,#9588,#9589);
#8137=AXIS2_PLACEMENT_3D('',#11294,#9590,#9591);
#8138=AXIS2_PLACEMENT_3D('',#11295,#9592,#9593);
#8139=AXIS2_PLACEMENT_3D('',#11296,#9594,#9595);
#8140=AXIS2_PLACEMENT_3D('',#11297,#9596,#9597);
#8141=AXIS2_PLACEMENT_3D('',#11298,#9598,#9599);
#8142=AXIS2_PLACEMENT_3D('',#11299,#9600,#9601);
#8143=AXIS2_PLACEMENT_3D('',#11303,#9603,#9604);
#8144=AXIS2_PLACEMENT_3D('',#11311,#9608,#9609);
#8145=AXIS2_PLACEMENT_3D('',#11315,#9611,#9612);
#8146=AXIS2_PLACEMENT_3D('',#11316,#9613,#9614);
#8147=AXIS2_PLACEMENT_3D('',#11317,#9615,#9616);
#8148=AXIS2_PLACEMENT_3D('',#11319,#9617,#9618);
#8149=AXIS2_PLACEMENT_3D('',#11323,#9620,#9621);
#8150=AXIS2_PLACEMENT_3D('',#11331,#9625,#9626);
#8151=AXIS2_PLACEMENT_3D('',#11334,#9628,#9629);
#8152=AXIS2_PLACEMENT_3D('',#11336,#9631,#9632);
#8153=AXIS2_PLACEMENT_3D('',#11338,#9634,#9635);
#8154=AXIS2_PLACEMENT_3D('',#11340,#9637,#9638);
#8155=AXIS2_PLACEMENT_3D('',#11342,#9640,#9641);
#8156=AXIS2_PLACEMENT_3D('',#11344,#9643,#9644);
#8157=AXIS2_PLACEMENT_3D('',#11346,#9646,#9647);
#8158=AXIS2_PLACEMENT_3D('',#11348,#9649,#9650);
#8159=AXIS2_PLACEMENT_3D('',#11350,#9652,#9653);
#8160=AXIS2_PLACEMENT_3D('',#11351,#9654,#9655);
#8161=AXIS2_PLACEMENT_3D('',#11352,#9656,#9657);
#8162=AXIS2_PLACEMENT_3D('',#11361,#9662,#9663);
#8163=AXIS2_PLACEMENT_3D('',#11370,#9668,#9669);
#8164=AXIS2_PLACEMENT_3D('',#11376,#9673,#9674);
#8165=AXIS2_PLACEMENT_3D('',#11382,#9678,#9679);
#8166=AXIS2_PLACEMENT_3D('',#11387,#9683,#9684);
#8167=AXIS2_PLACEMENT_3D('',#11399,#9691,#9692);
#8168=AXIS2_PLACEMENT_3D('',#11407,#9697,#9698);
#8169=AXIS2_PLACEMENT_3D('',#11413,#9702,#9703);
#8170=AXIS2_PLACEMENT_3D('',#11419,#9707,#9708);
#8171=AXIS2_PLACEMENT_3D('',#11425,#9712,#9713);
#8172=AXIS2_PLACEMENT_3D('',#11433,#9718,#9719);
#8173=AXIS2_PLACEMENT_3D('',#11439,#9723,#9724);
#8174=AXIS2_PLACEMENT_3D('',#11447,#9729,#9730);
#8175=AXIS2_PLACEMENT_3D('',#11453,#9734,#9735);
#8176=AXIS2_PLACEMENT_3D('',#11461,#9740,#9741);
#8177=AXIS2_PLACEMENT_3D('',#11467,#9745,#9746);
#8178=AXIS2_PLACEMENT_3D('',#11475,#9751,#9752);
#8179=AXIS2_PLACEMENT_3D('',#11481,#9756,#9757);
#8180=AXIS2_PLACEMENT_3D('',#11489,#9762,#9763);
#8181=AXIS2_PLACEMENT_3D('',#11495,#9767,#9768);
#8182=AXIS2_PLACEMENT_3D('',#11500,#9772,#9773);
#8183=AXIS2_PLACEMENT_3D('',#11501,#9774,#9775);
#8184=AXIS2_PLACEMENT_3D('',#11512,#9783,#9784);
#8185=AXIS2_PLACEMENT_3D('',#11513,#9785,#9786);
#8186=AXIS2_PLACEMENT_3D('',#11514,#9787,#9788);
#8187=AXIS2_PLACEMENT_3D('',#11515,#9789,#9790);
#8188=AXIS2_PLACEMENT_3D('',#11517,#9792,#9793);
#8189=AXIS2_PLACEMENT_3D('',#11523,#9797,#9798);
#8190=AXIS2_PLACEMENT_3D('',#11529,#9802,#9803);
#8191=AXIS2_PLACEMENT_3D('',#11535,#9807,#9808);
#8192=AXIS2_PLACEMENT_3D('',#11538,#9811,#9812);
#8193=AXIS2_PLACEMENT_3D('',#11539,#9813,#9814);
#8194=AXIS2_PLACEMENT_3D('',#11540,#9815,#9816);
#8195=DIRECTION('',(0.,0.,1.));
#8196=DIRECTION('',(1.,0.,0.));
#8197=DIRECTION('',(1.,0.,0.));
#8198=DIRECTION('',(0.,0.,-1.));
#8199=DIRECTION('',(0.,0.,-1.));
#8200=DIRECTION('',(1.,0.,0.));
#8201=DIRECTION('',(0.,0.,-1.));
#8202=DIRECTION('',(0.,0.,-1.));
#8203=DIRECTION('',(0.,-1.,0.));
#8204=DIRECTION('',(1.,0.,0.));
#8205=DIRECTION('',(0.,0.,-1.));
#8206=DIRECTION('',(0.,0.,-1.));
#8207=DIRECTION('',(1.,0.,0.));
#8208=DIRECTION('',(0.,0.,-1.));
#8209=DIRECTION('',(0.,0.,-1.));
#8210=DIRECTION('',(0.,1.,0.));
#8211=DIRECTION('',(-1.,0.,0.));
#8212=DIRECTION('',(0.,0.,1.));
#8213=DIRECTION('',(0.,0.,-1.));
#8214=DIRECTION('',(1.,0.,0.));
#8215=DIRECTION('',(0.,0.,-1.));
#8216=DIRECTION('',(0.,0.,-1.));
#8217=DIRECTION('',(0.,1.,0.));
#8218=DIRECTION('',(-1.,0.,0.));
#8219=DIRECTION('',(0.,0.,1.));
#8220=DIRECTION('',(0.,0.,-1.));
#8221=DIRECTION('',(1.,0.,0.));
#8222=DIRECTION('',(0.,0.,-1.));
#8223=DIRECTION('',(0.,0.,-1.));
#8224=DIRECTION('',(0.,-1.,0.));
#8225=DIRECTION('',(0.,-1.,0.));
#8226=DIRECTION('',(0.,0.,-1.));
#8227=DIRECTION('',(-1.,0.,0.));
#8228=DIRECTION('',(-1.,0.,0.));
#8229=DIRECTION('',(1.,0.,0.));
#8230=DIRECTION('',(0.,0.,-1.));
#8231=DIRECTION('',(0.,0.,-1.));
#8232=DIRECTION('',(1.,0.,0.));
#8233=DIRECTION('',(0.,0.,-1.));
#8234=DIRECTION('',(0.,0.,-1.));
#8235=DIRECTION('',(0.,-1.,0.));
#8236=DIRECTION('',(1.,0.,0.));
#8237=DIRECTION('',(0.,0.,-1.));
#8238=DIRECTION('',(0.,0.,-1.));
#8239=DIRECTION('',(1.,0.,0.));
#8240=DIRECTION('',(0.,0.,-1.));
#8241=DIRECTION('',(0.,0.,-1.));
#8242=DIRECTION('',(0.,1.,0.));
#8243=DIRECTION('',(-1.,0.,0.));
#8244=DIRECTION('',(0.,0.,1.));
#8245=DIRECTION('',(0.,0.,-1.));
#8246=DIRECTION('',(1.,0.,0.));
#8247=DIRECTION('',(0.,0.,-1.));
#8248=DIRECTION('',(0.,0.,-1.));
#8249=DIRECTION('',(0.,1.,0.));
#8250=DIRECTION('',(-1.,0.,0.));
#8251=DIRECTION('',(0.,0.,1.));
#8252=DIRECTION('',(0.,0.,-1.));
#8253=DIRECTION('',(1.,0.,0.));
#8254=DIRECTION('',(0.,0.,-1.));
#8255=DIRECTION('',(0.,0.,-1.));
#8256=DIRECTION('',(0.,-1.,0.));
#8257=DIRECTION('',(0.,-1.,0.));
#8258=DIRECTION('',(0.,0.,-1.));
#8259=DIRECTION('',(-1.,0.,0.));
#8260=DIRECTION('',(-1.,0.,0.));
#8261=DIRECTION('',(1.,0.,0.));
#8262=DIRECTION('',(0.,0.,-1.));
#8263=DIRECTION('',(1.,0.,0.));
#8264=DIRECTION('',(0.,0.,-1.));
#8265=DIRECTION('',(0.,0.,-1.));
#8266=DIRECTION('',(0.,-1.,0.));
#8267=DIRECTION('',(0.,0.,-1.));
#8268=DIRECTION('',(-1.,0.,0.));
#8269=DIRECTION('',(0.,0.,1.));
#8270=DIRECTION('',(1.,0.,0.));
#8271=DIRECTION('',(0.,0.,-1.));
#8272=DIRECTION('',(0.,0.,-1.));
#8273=DIRECTION('',(0.,1.,0.));
#8274=DIRECTION('',(0.,0.,-1.));
#8275=DIRECTION('',(0.,-1.,0.));
#8276=DIRECTION('',(0.,0.,-1.));
#8277=DIRECTION('',(1.,0.,0.));
#8278=DIRECTION('',(-1.,0.,0.));
#8279=DIRECTION('',(1.,0.,0.));
#8280=DIRECTION('',(0.,0.,-1.));
#8281=DIRECTION('',(0.,1.,0.));
#8282=DIRECTION('',(0.,0.,-1.));
#8283=DIRECTION('',(0.,1.,0.));
#8284=DIRECTION('',(0.,0.,1.));
#8285=DIRECTION('',(0.,-1.,0.));
#8286=DIRECTION('',(0.,0.,-1.));
#8287=DIRECTION('',(0.,1.,0.));
#8288=DIRECTION('',(1.,0.,0.));
#8289=DIRECTION('',(0.,0.,-1.));
#8290=DIRECTION('',(0.,0.,1.));
#8291=DIRECTION('',(0.,-1.,0.));
#8292=DIRECTION('',(1.,0.,0.));
#8293=DIRECTION('',(0.,0.,-1.));
#8294=DIRECTION('',(0.,0.,-1.));
#8295=DIRECTION('',(1.,0.,0.));
#8296=DIRECTION('',(0.,0.,-1.));
#8297=DIRECTION('',(0.,1.,0.));
#8298=DIRECTION('',(0.,0.,1.));
#8299=DIRECTION('',(1.,0.,0.));
#8300=DIRECTION('',(0.,0.,-1.));
#8301=DIRECTION('',(0.,-1.,0.));
#8302=DIRECTION('',(0.,0.,-1.));
#8303=DIRECTION('',(0.,1.,0.));
#8304=DIRECTION('',(0.,0.,1.));
#8305=DIRECTION('',(0.,0.,1.));
#8306=DIRECTION('',(1.,0.,0.));
#8307=DIRECTION('',(0.,0.,1.));
#8308=DIRECTION('',(1.,0.,0.));
#8309=DIRECTION('',(0.,1.,0.));
#8310=DIRECTION('',(-0.345707660946943,-0.938342268664581,0.));
#8311=DIRECTION('',(0.,-1.,0.));
#8312=DIRECTION('',(-1.,0.,0.));
#8313=DIRECTION('',(0.,1.,0.));
#8314=DIRECTION('',(0.,0.,-1.));
#8315=DIRECTION('',(-1.,0.,0.));
#8316=DIRECTION('',(0.,0.,-1.));
#8317=DIRECTION('',(-1.,0.,0.));
#8318=DIRECTION('',(0.,1.,0.));
#8319=DIRECTION('',(1.,0.,0.));
#8320=DIRECTION('',(0.,1.,0.));
#8321=DIRECTION('',(0.345707660946943,0.938342268664581,0.));
#8322=DIRECTION('',(0.,1.,0.));
#8323=DIRECTION('',(0.,1.,0.));
#8324=DIRECTION('',(0.,0.,1.));
#8325=DIRECTION('',(0.,1.,0.));
#8326=DIRECTION('',(1.,0.,0.));
#8327=DIRECTION('',(0.,0.,-1.));
#8328=DIRECTION('',(0.,1.,0.));
#8329=DIRECTION('',(1.,0.,0.));
#8330=DIRECTION('',(1.,0.,0.));
#8331=DIRECTION('',(0.,1.,0.));
#8332=DIRECTION('',(1.,0.,0.));
#8333=DIRECTION('',(0.,0.,1.));
#8334=DIRECTION('',(1.,0.,0.));
#8335=DIRECTION('',(0.,0.,-1.));
#8336=DIRECTION('',(0.,1.,0.));
#8337=DIRECTION('',(1.,0.,0.));
#8338=DIRECTION('',(1.,0.,0.));
#8339=DIRECTION('',(0.,1.,0.));
#8340=DIRECTION('',(1.,0.,0.));
#8341=DIRECTION('',(0.,0.,-1.));
#8342=DIRECTION('',(0.,1.,0.));
#8343=DIRECTION('',(1.,0.,0.));
#8344=DIRECTION('',(-1.,0.,0.));
#8345=DIRECTION('',(0.,1.,0.));
#8346=DIRECTION('',(1.,0.,0.));
#8347=DIRECTION('',(-5.78241158658921E-15,0.,-1.));
#8348=DIRECTION('',(-1.,0.,0.));
#8349=DIRECTION('',(6.50521303491311E-15,0.,1.));
#8350=DIRECTION('',(0.,1.,0.));
#8351=DIRECTION('',(1.,0.,0.));
#8352=DIRECTION('',(-1.,0.,0.));
#8353=DIRECTION('',(0.,1.,0.));
#8354=DIRECTION('',(1.,0.,0.));
#8355=DIRECTION('',(-1.,0.,0.));
#8356=DIRECTION('',(0.,0.,1.));
#8357=DIRECTION('',(-1.,0.,0.));
#8358=DIRECTION('',(-1.,0.,0.));
#8359=DIRECTION('',(0.,0.,1.));
#8360=DIRECTION('',(0.,1.,0.));
#8361=DIRECTION('',(1.,0.,0.));
#8362=DIRECTION('',(0.,0.,-1.));
#8363=DIRECTION('',(0.,0.,-1.));
#8364=DIRECTION('',(1.,0.,0.));
#8365=DIRECTION('',(0.,0.,-1.));
#8366=DIRECTION('',(0.,1.,0.));
#8367=DIRECTION('',(0.,0.,1.));
#8368=DIRECTION('',(0.,-1.,0.));
#8369=DIRECTION('',(0.,-0.976220395964215,0.216780392340893));
#8370=DIRECTION('',(0.,0.,1.));
#8371=DIRECTION('',(0.,0.976220395964215,0.216780392340893));
#8372=DIRECTION('',(0.,1.,0.));
#8373=DIRECTION('',(0.,0.,1.));
#8374=DIRECTION('',(-1.,0.,0.));
#8375=DIRECTION('',(0.,0.,1.));
#8376=DIRECTION('',(0.,1.,0.));
#8377=DIRECTION('',(0.,0.,1.));
#8378=DIRECTION('',(1.,0.,0.));
#8379=DIRECTION('',(0.,0.,-1.));
#8380=DIRECTION('',(0.,0.,1.));
#8381=DIRECTION('',(0.,1.,0.));
#8382=DIRECTION('',(0.,0.,-1.));
#8383=DIRECTION('',(0.,1.,0.));
#8384=DIRECTION('',(0.,0.,1.));
#8385=DIRECTION('',(0.,1.,0.));
#8386=DIRECTION('',(1.,0.,0.));
#8387=DIRECTION('',(0.,1.,0.));
#8388=DIRECTION('',(1.,0.,0.));
#8389=DIRECTION('',(0.,0.,-1.));
#8390=DIRECTION('',(-1.,0.,0.));
#8391=DIRECTION('',(0.,0.,1.));
#8392=DIRECTION('',(-1.,0.,0.));
#8393=DIRECTION('',(0.,0.,-1.));
#8394=DIRECTION('',(-1.,0.,0.));
#8395=DIRECTION('',(0.,0.,1.));
#8396=DIRECTION('',(-1.,0.,0.));
#8397=DIRECTION('',(0.,1.,0.));
#8398=DIRECTION('',(1.,0.,0.));
#8399=DIRECTION('',(-1.,0.,0.));
#8400=DIRECTION('',(0.,1.,0.));
#8401=DIRECTION('',(1.,0.,0.));
#8402=DIRECTION('',(0.,0.,1.));
#8403=DIRECTION('',(-1.,0.,0.));
#8404=DIRECTION('',(0.,0.,-1.));
#8405=DIRECTION('',(-1.,0.,0.));
#8406=DIRECTION('',(0.,0.,1.));
#8407=DIRECTION('',(0.,1.,0.));
#8408=DIRECTION('',(1.,0.,0.));
#8409=DIRECTION('',(0.,1.,0.));
#8410=DIRECTION('',(1.,0.,0.));
#8411=DIRECTION('',(-1.,0.,0.));
#8412=DIRECTION('',(0.,0.,-1.));
#8413=DIRECTION('',(1.,0.,0.));
#8414=DIRECTION('',(0.,1.,0.));
#8415=DIRECTION('',(1.,0.,0.));
#8416=DIRECTION('',(0.,1.,0.));
#8417=DIRECTION('',(1.,0.,0.));
#8418=DIRECTION('',(0.,0.,1.));
#8419=DIRECTION('',(-1.,0.,0.));
#8420=DIRECTION('',(0.,0.,-1.));
#8421=DIRECTION('',(1.,0.,0.));
#8422=DIRECTION('',(0.,0.,-1.));
#8423=DIRECTION('',(1.,0.,0.));
#8424=DIRECTION('',(0.,0.,-1.));
#8425=DIRECTION('',(1.,0.,0.));
#8426=DIRECTION('',(0.,0.,1.));
#8427=DIRECTION('',(-1.,0.,0.));
#8428=DIRECTION('',(0.,0.,-1.));
#8429=DIRECTION('',(0.,1.,0.));
#8430=DIRECTION('',(1.,0.,0.));
#8431=DIRECTION('',(0.,1.,0.));
#8432=DIRECTION('',(1.,0.,0.));
#8433=DIRECTION('',(0.,0.,-1.));
#8434=DIRECTION('',(-8.67361737988403E-16,-1.,0.));
#8435=DIRECTION('',(1.,-8.67361737988403E-16,0.));
#8436=DIRECTION('',(0.,0.,-1.));
#8437=DIRECTION('',(1.,-8.67361737988403E-16,0.));
#8438=DIRECTION('',(0.,0.,-1.));
#8439=DIRECTION('',(-1.,8.67361737988403E-16,0.));
#8440=DIRECTION('',(-8.67361737988403E-16,-1.,0.));
#8441=DIRECTION('',(1.,-8.67361737988403E-16,0.));
#8442=DIRECTION('',(-1.,8.67361737988403E-16,0.));
#8443=DIRECTION('',(0.,0.,-1.));
#8444=DIRECTION('',(-1.,8.67361737988403E-16,0.));
#8445=DIRECTION('',(0.,0.,-1.));
#8446=DIRECTION('',(-1.,0.,0.));
#8447=DIRECTION('',(1.,0.,0.));
#8448=DIRECTION('',(0.,1.,0.));
#8449=DIRECTION('',(0.345707660946943,-0.938342268664581,0.));
#8450=DIRECTION('',(0.,1.,0.));
#8451=DIRECTION('',(-1.,0.,0.));
#8452=DIRECTION('',(0.,1.,0.));
#8453=DIRECTION('',(1.,0.,0.));
#8454=DIRECTION('',(0.,0.,1.));
#8455=DIRECTION('',(1.,0.,0.));
#8456=DIRECTION('',(1.,0.,0.));
#8457=DIRECTION('',(-1.,0.,0.));
#8458=DIRECTION('',(0.,-1.,0.));
#8459=DIRECTION('',(-1.,0.,0.));
#8460=DIRECTION('',(0.,-1.,0.));
#8461=DIRECTION('',(-0.345707660946943,0.938342268664581,0.));
#8462=DIRECTION('',(0.,-1.,0.));
#8463=DIRECTION('',(1.,0.,0.));
#8464=DIRECTION('',(0.,0.,-1.));
#8465=DIRECTION('',(1.,0.,0.));
#8466=DIRECTION('',(0.,0.,-1.));
#8467=DIRECTION('',(0.,-1.,0.));
#8468=DIRECTION('',(0.,0.,-1.));
#8469=DIRECTION('',(0.,-1.,0.));
#8470=DIRECTION('',(0.,-0.976220395964215,-0.216780392340893));
#8471=DIRECTION('',(0.,0.,-1.));
#8472=DIRECTION('',(0.,0.976220395964215,-0.216780392340893));
#8473=DIRECTION('',(0.,1.,0.));
#8474=DIRECTION('',(0.,0.,-1.));
#8475=DIRECTION('',(0.,-1.,0.));
#8476=DIRECTION('',(1.,0.,0.));
#8477=DIRECTION('',(0.,0.,-1.));
#8478=DIRECTION('',(0.,0.,-1.));
#8479=DIRECTION('',(1.,0.,0.));
#8480=DIRECTION('',(0.,0.,-1.));
#8481=DIRECTION('',(0.,0.,1.));
#8482=DIRECTION('',(1.,0.,0.));
#8483=DIRECTION('',(0.,0.,-1.));
#8484=DIRECTION('',(0.,0.,1.));
#8485=DIRECTION('',(0.,0.,-1.));
#8486=DIRECTION('',(0.,-1.,0.));
#8487=DIRECTION('',(0.,-1.,0.));
#8488=DIRECTION('',(0.,0.,-1.));
#8489=DIRECTION('',(-1.,0.,0.));
#8490=DIRECTION('',(0.,0.,1.));
#8491=DIRECTION('',(0.,0.,1.));
#8492=DIRECTION('',(-1.,0.,0.));
#8493=DIRECTION('',(0.,0.,1.));
#8494=DIRECTION('',(1.,0.,0.));
#8495=DIRECTION('',(0.,0.,-1.));
#8496=DIRECTION('',(1.,0.,0.));
#8497=DIRECTION('',(0.,0.,-1.));
#8498=DIRECTION('',(1.,0.,0.));
#8499=DIRECTION('',(0.,0.,-1.));
#8500=DIRECTION('',(0.,0.,1.));
#8501=DIRECTION('',(0.,0.,1.));
#8502=DIRECTION('',(0.,0.,-1.));
#8503=DIRECTION('',(-1.,0.,0.));
#8504=DIRECTION('',(0.,0.,1.));
#8505=DIRECTION('',(1.,0.,0.));
#8506=DIRECTION('',(0.,0.,1.));
#8507=DIRECTION('',(-1.,0.,0.));
#8508=DIRECTION('',(0.,0.,1.));
#8509=DIRECTION('',(0.,-1.,0.));
#8510=DIRECTION('',(0.,0.,-1.));
#8511=DIRECTION('',(-1.,0.,0.));
#8512=DIRECTION('',(0.,-1.,0.));
#8513=DIRECTION('',(0.,0.,-1.));
#8514=DIRECTION('',(-1.,0.,0.));
#8515=DIRECTION('',(0.,1.,0.));
#8516=DIRECTION('',(1.,0.,0.));
#8517=DIRECTION('',(0.,0.,1.));
#8518=DIRECTION('',(-1.,0.,0.));
#8519=DIRECTION('',(0.,0.,-1.));
#8520=DIRECTION('',(1.,-1.86931409049225E-17,0.));
#8521=DIRECTION('',(-5.78241158658921E-15,0.,-1.));
#8522=DIRECTION('',(0.,1.,0.));
#8523=DIRECTION('',(1.,0.,0.));
#8524=DIRECTION('',(0.,0.,-1.));
#8525=DIRECTION('',(-1.,0.,0.));
#8526=DIRECTION('',(0.,0.,-1.));
#8527=DIRECTION('',(-1.,0.,0.));
#8528=DIRECTION('',(0.,0.,-1.));
#8529=DIRECTION('',(-1.,0.,0.));
#8530=DIRECTION('',(0.,1.,0.));
#8531=DIRECTION('',(0.,0.,-1.));
#8532=DIRECTION('',(-1.,0.,0.));
#8533=DIRECTION('',(0.,0.,-1.));
#8534=DIRECTION('',(-1.,0.,0.));
#8535=DIRECTION('',(0.,-1.,0.));
#8536=DIRECTION('',(-1.,0.,0.));
#8537=DIRECTION('',(1.,0.,0.));
#8538=DIRECTION('',(1.,0.,0.));
#8539=DIRECTION('',(0.345707660946943,-0.938342268664581,0.));
#8540=DIRECTION('',(-1.,0.,0.));
#8541=DIRECTION('',(0.,1.,0.));
#8542=DIRECTION('',(1.,-1.86931409049225E-17,0.));
#8543=DIRECTION('',(0.,1.,0.));
#8544=DIRECTION('',(0.,1.,0.));
#8545=DIRECTION('',(1.,-1.86931409049225E-17,0.));
#8546=DIRECTION('',(0.,-1.,0.));
#8547=DIRECTION('',(-1.,0.,0.));
#8548=DIRECTION('',(0.345707660946943,0.938342268664581,0.));
#8549=DIRECTION('',(0.,-1.,0.));
#8550=DIRECTION('',(0.,1.,0.));
#8551=DIRECTION('',(-1.,0.,0.));
#8552=DIRECTION('',(0.,-1.,0.));
#8553=DIRECTION('',(-1.,0.,0.));
#8554=DIRECTION('',(-1.,0.,0.));
#8555=DIRECTION('',(-1.,0.,0.));
#8556=DIRECTION('',(-1.,0.,0.));
#8557=DIRECTION('',(0.,1.,0.));
#8558=DIRECTION('',(0.,0.,1.));
#8559=DIRECTION('',(0.,0.,-1.));
#8560=DIRECTION('',(-1.,0.,0.));
#8561=DIRECTION('',(0.,0.,-1.));
#8562=DIRECTION('',(0.,1.,0.));
#8563=DIRECTION('',(0.,0.,1.));
#8564=DIRECTION('',(0.,0.,-1.));
#8565=DIRECTION('',(-1.,0.,0.));
#8566=DIRECTION('',(0.,1.,0.));
#8567=DIRECTION('',(0.,0.,1.));
#8568=DIRECTION('',(0.,0.,-1.));
#8569=DIRECTION('',(-1.,0.,0.));
#8570=DIRECTION('',(0.,0.,-1.));
#8571=DIRECTION('',(-1.,0.,0.));
#8572=DIRECTION('',(0.,0.,-1.));
#8573=DIRECTION('',(0.,1.,0.));
#8574=DIRECTION('',(0.,0.,1.));
#8575=DIRECTION('',(0.,0.,-1.));
#8576=DIRECTION('',(0.,0.,-1.));
#8577=DIRECTION('',(-1.,0.,0.));
#8578=DIRECTION('',(-1.,0.,0.));
#8579=DIRECTION('',(0.,0.,1.));
#8580=DIRECTION('',(1.,0.,0.));
#8581=DIRECTION('',(0.,1.,0.));
#8582=DIRECTION('',(1.,0.,0.));
#8583=DIRECTION('',(-1.,0.,0.));
#8584=DIRECTION('',(1.,0.,0.));
#8585=DIRECTION('',(-1.,0.,0.));
#8586=DIRECTION('',(-1.,0.,0.));
#8587=DIRECTION('',(0.,1.,0.));
#8588=DIRECTION('',(-1.,0.,0.));
#8589=DIRECTION('',(0.,1.,0.));
#8590=DIRECTION('',(0.345707660946943,0.938342268664581,0.));
#8591=DIRECTION('',(-1.,0.,0.));
#8592=DIRECTION('',(0.233445363855905,-0.972369920397677,0.));
#8593=DIRECTION('',(0.,0.,1.));
#8594=DIRECTION('',(1.,0.,0.));
#8595=DIRECTION('',(0.,0.,1.));
#8596=DIRECTION('',(1.,0.,0.));
#8597=DIRECTION('',(0.,1.,0.));
#8598=DIRECTION('',(0.,0.,1.));
#8599=DIRECTION('',(1.,0.,0.));
#8600=DIRECTION('',(1.,-1.86931409049225E-17,0.));
#8601=DIRECTION('',(0.,1.,0.));
#8602=DIRECTION('',(0.,1.,0.));
#8603=DIRECTION('',(0.,1.,0.));
#8604=DIRECTION('',(-1.,0.,0.));
#8605=DIRECTION('',(0.345707660946943,-0.938342268664581,0.));
#8606=DIRECTION('',(-1.,0.,0.));
#8607=DIRECTION('',(0.,-1.,0.));
#8608=DIRECTION('',(1.,0.,0.));
#8609=DIRECTION('',(1.,0.,0.));
#8610=DIRECTION('',(0.,-1.,0.));
#8611=DIRECTION('',(1.,0.,0.));
#8612=DIRECTION('',(0.,1.,0.));
#8613=DIRECTION('',(0.,0.,1.));
#8614=DIRECTION('',(0.,0.,-1.));
#8615=DIRECTION('',(-1.,0.,0.));
#8616=DIRECTION('',(0.,0.,-1.));
#8617=DIRECTION('',(0.,1.,0.));
#8618=DIRECTION('',(0.,0.,1.));
#8619=DIRECTION('',(0.,0.,-1.));
#8620=DIRECTION('',(-1.,0.,0.));
#8621=DIRECTION('',(0.,0.,-1.));
#8622=DIRECTION('',(0.,1.,0.));
#8623=DIRECTION('',(0.,0.,1.));
#8624=DIRECTION('',(-1.,0.,0.));
#8625=DIRECTION('',(0.,0.,-1.));
#8626=DIRECTION('',(0.,1.,0.));
#8627=DIRECTION('',(0.,0.,1.));
#8628=DIRECTION('',(0.,0.,-1.));
#8629=DIRECTION('',(-1.,0.,0.));
#8630=DIRECTION('',(0.,0.,1.));
#8631=DIRECTION('',(1.,0.,0.));
#8632=DIRECTION('',(0.,1.,0.));
#8633=DIRECTION('',(-1.,0.,0.));
#8634=DIRECTION('',(-0.345707660946943,-0.938342268664581,0.));
#8635=DIRECTION('',(-1.,0.,0.));
#8636=DIRECTION('',(0.,-1.,0.));
#8637=DIRECTION('',(0.,0.,-1.));
#8638=DIRECTION('',(0.,0.,1.));
#8639=DIRECTION('',(0.,0.,-1.));
#8640=DIRECTION('',(0.,-1.,0.));
#8641=DIRECTION('',(0.,0.,-1.));
#8642=DIRECTION('',(0.,1.,0.));
#8643=DIRECTION('',(1.,0.,0.));
#8644=DIRECTION('',(-1.,0.,0.));
#8645=DIRECTION('',(0.,0.,-1.));
#8646=DIRECTION('',(-1.,0.,0.));
#8647=DIRECTION('',(0.,0.,-1.));
#8648=DIRECTION('',(0.,0.,1.));
#8649=DIRECTION('',(1.,0.,0.));
#8650=DIRECTION('',(0.233445363855905,-0.972369920397677,0.));
#8651=DIRECTION('',(0.,-1.,0.));
#8652=DIRECTION('',(0.,0.,1.));
#8653=DIRECTION('',(1.,0.,0.));
#8654=DIRECTION('',(0.,-1.,0.));
#8655=DIRECTION('',(0.,0.,-1.));
#8656=DIRECTION('',(1.,0.,0.));
#8657=DIRECTION('',(0.,1.,0.));
#8658=DIRECTION('',(1.,0.,0.));
#8659=DIRECTION('',(0.,0.,-1.));
#8660=DIRECTION('',(0.,0.,-1.));
#8661=DIRECTION('',(0.,0.,1.));
#8662=DIRECTION('',(0.,1.,0.));
#8663=DIRECTION('',(1.,0.,0.));
#8664=DIRECTION('',(0.,0.,-1.));
#8665=DIRECTION('',(-1.,0.,0.));
#8666=DIRECTION('',(0.,0.,-1.));
#8667=DIRECTION('',(-1.,0.,0.));
#8668=DIRECTION('',(0.,1.,0.));
#8669=DIRECTION('',(0.,0.,-1.));
#8670=DIRECTION('',(-1.,0.,0.));
#8671=DIRECTION('',(0.,-1.,0.));
#8672=DIRECTION('',(0.,-1.,0.));
#8673=DIRECTION('',(0.,0.,-1.));
#8674=DIRECTION('',(0.,1.,0.));
#8675=DIRECTION('',(1.,0.,0.));
#8676=DIRECTION('',(6.50521303491311E-15,0.,1.));
#8677=DIRECTION('',(0.,0.,1.));
#8678=DIRECTION('',(0.,0.,-1.));
#8679=DIRECTION('',(-1.,0.,0.));
#8680=DIRECTION('',(0.,1.,0.));
#8681=DIRECTION('',(-1.,0.,0.));
#8682=DIRECTION('',(0.,-1.,0.));
#8683=DIRECTION('',(0.,-1.,0.));
#8684=DIRECTION('',(0.345707660946943,0.938342268664581,0.));
#8685=DIRECTION('',(0.,0.,1.));
#8686=DIRECTION('',(1.,0.,0.));
#8687=DIRECTION('',(0.,1.,0.));
#8688=DIRECTION('',(-1.,0.,0.));
#8689=DIRECTION('',(0.,-1.,0.));
#8690=DIRECTION('',(-0.345707660946943,-0.938342268664581,0.));
#8691=DIRECTION('',(0.,1.,0.));
#8692=DIRECTION('',(0.,-1.,0.));
#8693=DIRECTION('',(0.,-1.,0.));
#8694=DIRECTION('',(0.,0.,-1.));
#8695=DIRECTION('',(0.,1.,0.));
#8696=DIRECTION('',(1.,0.,0.));
#8697=DIRECTION('',(0.,0.,-1.));
#8698=DIRECTION('',(0.,0.,-1.));
#8699=DIRECTION('',(-1.,0.,0.));
#8700=DIRECTION('',(0.,0.,1.));
#8701=DIRECTION('',(0.,1.,0.));
#8702=DIRECTION('',(1.,0.,0.));
#8703=DIRECTION('',(1.,0.,0.));
#8704=DIRECTION('',(0.,0.,-1.));
#8705=DIRECTION('',(-1.,0.,0.));
#8706=DIRECTION('',(-1.,0.,0.));
#8707=DIRECTION('',(1.,0.,0.));
#8708=DIRECTION('',(1.,0.,0.));
#8709=DIRECTION('',(1.,0.,0.));
#8710=DIRECTION('',(0.,0.216780392340893,-0.976220395964215));
#8711=DIRECTION('',(0.,0.976220395964215,0.216780392340893));
#8712=DIRECTION('',(-1.,0.,0.));
#8713=DIRECTION('',(0.,1.,0.));
#8714=DIRECTION('',(0.,0.,1.));
#8715=DIRECTION('',(0.,-1.,0.));
#8716=DIRECTION('',(0.,0.,-1.));
#8717=DIRECTION('',(0.,-1.,0.));
#8718=DIRECTION('',(0.,0.,-1.));
#8719=DIRECTION('',(-1.,0.,0.));
#8720=DIRECTION('',(0.,1.,0.));
#8721=DIRECTION('',(1.,0.,0.));
#8722=DIRECTION('',(0.,0.,1.));
#8723=DIRECTION('',(0.,1.,0.));
#8724=DIRECTION('',(1.,0.,0.));
#8725=DIRECTION('',(1.,0.,0.));
#8726=DIRECTION('',(0.,1.,0.));
#8727=DIRECTION('',(1.,0.,0.));
#8728=DIRECTION('',(0.,0.,-1.));
#8729=DIRECTION('',(0.,1.,0.));
#8730=DIRECTION('',(1.,0.,0.));
#8731=DIRECTION('',(-1.,0.,0.));
#8732=DIRECTION('',(0.,1.,0.));
#8733=DIRECTION('',(1.,0.,0.));
#8734=DIRECTION('',(0.,0.,1.));
#8735=DIRECTION('',(0.,1.,0.));
#8736=DIRECTION('',(1.,0.,0.));
#8737=DIRECTION('',(1.,0.,0.));
#8738=DIRECTION('',(0.,1.,0.));
#8739=DIRECTION('',(1.,0.,0.));
#8740=DIRECTION('',(0.,0.,-1.));
#8741=DIRECTION('',(0.,1.,0.));
#8742=DIRECTION('',(1.,0.,0.));
#8743=DIRECTION('',(-1.,0.,0.));
#8744=DIRECTION('',(0.,1.,0.));
#8745=DIRECTION('',(1.,0.,0.));
#8746=DIRECTION('',(0.,0.,1.));
#8747=DIRECTION('',(0.,1.,0.));
#8748=DIRECTION('',(1.,0.,0.));
#8749=DIRECTION('',(1.,0.,0.));
#8750=DIRECTION('',(0.,1.,0.));
#8751=DIRECTION('',(1.,0.,0.));
#8752=DIRECTION('',(0.,0.,-1.));
#8753=DIRECTION('',(0.,1.,0.));
#8754=DIRECTION('',(1.,0.,0.));
#8755=DIRECTION('',(-1.,0.,0.));
#8756=DIRECTION('',(0.,1.,0.));
#8757=DIRECTION('',(1.,0.,0.));
#8758=DIRECTION('',(0.,0.,1.));
#8759=DIRECTION('',(0.,1.,0.));
#8760=DIRECTION('',(1.,0.,0.));
#8761=DIRECTION('',(1.,0.,0.));
#8762=DIRECTION('',(0.,1.,0.));
#8763=DIRECTION('',(1.,0.,0.));
#8764=DIRECTION('',(0.,0.,-1.));
#8765=DIRECTION('',(0.,1.,0.));
#8766=DIRECTION('',(1.,0.,0.));
#8767=DIRECTION('',(-1.,0.,0.));
#8768=DIRECTION('',(0.,0.216780392340893,0.976220395964215));
#8769=DIRECTION('',(0.,-0.976220395964215,0.216780392340893));
#8770=DIRECTION('',(-1.,0.,0.));
#8771=DIRECTION('',(0.,0.,1.));
#8772=DIRECTION('',(1.,0.,0.));
#8773=DIRECTION('',(-1.,0.,0.));
#8774=DIRECTION('',(-1.,0.,0.));
#8775=DIRECTION('',(-1.,0.,0.));
#8776=DIRECTION('',(0.,-1.,0.));
#8777=DIRECTION('',(0.,0.,-1.));
#8778=DIRECTION('',(-1.,0.,0.));
#8779=DIRECTION('',(0.,0.,1.));
#8780=DIRECTION('',(0.,0.,-1.));
#8781=DIRECTION('',(0.,-1.,0.));
#8782=DIRECTION('',(0.,0.,-1.));
#8783=DIRECTION('',(0.,0.,-1.));
#8784=DIRECTION('',(-1.,0.,0.));
#8785=DIRECTION('',(0.,0.,1.));
#8786=DIRECTION('',(0.,0.,-1.));
#8787=DIRECTION('',(-1.,0.,0.));
#8788=DIRECTION('',(-0.233445363855905,0.972369920397677,0.));
#8789=DIRECTION('',(0.345707660946943,0.938342268664581,0.));
#8790=DIRECTION('',(0.,0.,-1.));
#8791=DIRECTION('',(-1.,0.,0.));
#8792=DIRECTION('',(0.,1.,0.));
#8793=DIRECTION('',(0.345707660946943,-0.938342268664581,0.));
#8794=DIRECTION('',(0.,0.,1.));
#8795=DIRECTION('',(1.,0.,0.));
#8796=DIRECTION('',(0.,-1.,0.));
#8797=DIRECTION('',(-1.,0.,0.));
#8798=DIRECTION('',(-0.345707660946943,0.938342268664581,0.));
#8799=DIRECTION('',(0.,-1.,0.));
#8800=DIRECTION('',(0.,0.,-1.));
#8801=DIRECTION('',(0.,0.,-1.));
#8802=DIRECTION('',(0.,0.,1.));
#8803=DIRECTION('',(-0.938342268664581,0.345707660946943,0.));
#8804=DIRECTION('',(-0.345707660946943,-0.938342268664581,0.));
#8805=DIRECTION('',(0.,0.,1.));
#8806=DIRECTION('',(-0.938342268664581,0.345707660946943,0.));
#8807=DIRECTION('',(-0.345707660946943,-0.938342268664581,0.));
#8808=DIRECTION('',(0.,0.,1.));
#8809=DIRECTION('',(-1.,0.,0.));
#8810=DIRECTION('',(0.,0.,1.));
#8811=DIRECTION('',(1.,0.,0.));
#8812=DIRECTION('',(0.,0.,-1.));
#8813=DIRECTION('',(0.,0.,1.));
#8814=DIRECTION('',(0.,-1.,0.));
#8815=DIRECTION('',(0.,0.,-1.));
#8816=DIRECTION('',(0.,0.,-1.));
#8817=DIRECTION('',(1.,0.,0.));
#8818=DIRECTION('',(0.,0.,-1.));
#8819=DIRECTION('',(0.,0.,1.));
#8820=DIRECTION('',(1.,0.,0.));
#8821=DIRECTION('',(0.,0.,-1.));
#8822=DIRECTION('',(0.938342268664581,0.345707660946943,0.));
#8823=DIRECTION('',(-0.345707660946943,0.938342268664581,0.));
#8824=DIRECTION('',(-0.345707660946943,0.938342268664581,0.));
#8825=DIRECTION('',(0.938342268664581,0.345707660946943,0.));
#8826=DIRECTION('',(-0.345707660946943,0.938342268664581,0.));
#8827=DIRECTION('',(-0.345707660946943,0.938342268664581,0.));
#8828=DIRECTION('',(-1.,0.,0.));
#8829=DIRECTION('',(0.,0.,1.));
#8830=DIRECTION('',(-1.,0.,0.));
#8831=DIRECTION('',(0.,0.,1.));
#8832=DIRECTION('',(-1.,0.,0.));
#8833=DIRECTION('',(0.,0.,1.));
#8834=DIRECTION('',(0.,0.,-1.));
#8835=DIRECTION('',(-1.,0.,0.));
#8836=DIRECTION('',(0.,0.,-1.));
#8837=DIRECTION('',(-1.,0.,0.));
#8838=DIRECTION('',(0.,-1.,0.));
#8839=DIRECTION('',(0.,0.,-1.));
#8840=DIRECTION('',(-1.,0.,0.));
#8841=DIRECTION('',(0.,-1.,0.));
#8842=DIRECTION('',(1.,0.,0.));
#8843=DIRECTION('',(0.,0.,-1.));
#8844=DIRECTION('',(0.,0.,1.));
#8845=DIRECTION('',(1.,0.,0.));
#8846=DIRECTION('',(0.,0.,1.));
#8847=DIRECTION('',(1.,0.,0.));
#8848=DIRECTION('',(0.,-1.,0.));
#8849=DIRECTION('',(0.,0.,1.));
#8850=DIRECTION('',(1.,0.,0.));
#8851=DIRECTION('',(0.,1.,0.));
#8852=DIRECTION('',(1.,0.,0.));
#8853=DIRECTION('',(0.,0.,-1.));
#8854=DIRECTION('',(-1.,0.,0.));
#8855=DIRECTION('',(0.,0.,1.));
#8856=DIRECTION('',(0.,0.,-1.));
#8857=DIRECTION('',(-1.,0.,0.));
#8858=DIRECTION('',(0.,0.,-1.));
#8859=DIRECTION('',(1.,0.,0.));
#8860=DIRECTION('',(0.,0.,-1.));
#8861=DIRECTION('',(0.,0.,-1.));
#8862=DIRECTION('',(0.,0.,-1.));
#8863=DIRECTION('',(-1.,0.,0.));
#8864=DIRECTION('',(0.,0.,-1.));
#8865=DIRECTION('',(-1.,0.,0.));
#8866=DIRECTION('',(0.,0.,-1.));
#8867=DIRECTION('',(-1.,0.,0.));
#8868=DIRECTION('',(0.,0.,1.));
#8869=DIRECTION('',(0.,0.,-1.));
#8870=DIRECTION('',(0.,0.,-1.));
#8871=DIRECTION('',(-1.,0.,0.));
#8872=DIRECTION('',(-0.972369920397677,-0.233445363855905,0.));
#8873=DIRECTION('',(0.233445363855905,-0.972369920397677,0.));
#8874=DIRECTION('',(0.,0.,1.));
#8875=DIRECTION('',(0.,0.,1.));
#8876=DIRECTION('',(1.,0.,0.));
#8877=DIRECTION('',(0.,0.,1.));
#8878=DIRECTION('',(1.,0.,0.));
#8879=DIRECTION('',(0.,0.,1.));
#8880=DIRECTION('',(1.,0.,0.));
#8881=DIRECTION('',(0.,0.,-1.));
#8882=DIRECTION('',(0.,0.,1.));
#8883=DIRECTION('',(0.,0.,1.));
#8884=DIRECTION('',(1.,0.,0.));
#8885=DIRECTION('',(1.,0.,0.));
#8886=DIRECTION('',(0.,0.,-1.));
#8887=DIRECTION('',(0.,-1.,0.));
#8888=DIRECTION('',(0.,0.,-1.));
#8889=DIRECTION('',(-1.,0.,0.));
#8890=DIRECTION('',(0.,-1.,0.));
#8891=DIRECTION('',(0.,0.,-1.));
#8892=DIRECTION('',(-1.,0.,0.));
#8893=DIRECTION('',(1.,0.,0.));
#8894=DIRECTION('',(0.,0.,-1.));
#8895=DIRECTION('',(1.,0.,0.));
#8896=DIRECTION('',(0.,0.,-1.));
#8897=DIRECTION('',(0.,0.,-1.));
#8898=DIRECTION('',(-1.,0.,0.));
#8899=DIRECTION('',(0.,0.,1.));
#8900=DIRECTION('',(1.,0.,0.));
#8901=DIRECTION('',(0.,0.,-1.));
#8902=DIRECTION('',(0.,0.,-1.));
#8903=DIRECTION('',(0.,-1.,0.));
#8904=DIRECTION('',(0.,0.,-1.));
#8905=DIRECTION('',(1.,0.,0.));
#8906=DIRECTION('',(0.,1.,0.));
#8907=DIRECTION('',(0.,0.,1.));
#8908=DIRECTION('',(0.,1.,0.));
#8909=DIRECTION('',(0.,1.,0.));
#8910=DIRECTION('',(1.,0.,0.));
#8911=DIRECTION('',(0.,1.,0.));
#8912=DIRECTION('',(-1.,0.,0.));
#8913=DIRECTION('',(0.,0.,1.));
#8914=DIRECTION('',(0.,0.,1.));
#8915=DIRECTION('',(0.,1.,0.));
#8916=DIRECTION('',(0.,1.,0.));
#8917=DIRECTION('',(0.,0.,1.));
#8918=DIRECTION('',(0.,1.,0.));
#8919=DIRECTION('',(1.,0.,0.));
#8920=DIRECTION('',(0.,1.,0.));
#8921=DIRECTION('',(0.,0.,1.));
#8922=DIRECTION('',(1.,0.,0.));
#8923=DIRECTION('',(1.,0.,0.));
#8924=DIRECTION('',(0.,1.,0.));
#8925=DIRECTION('',(0.,1.,0.));
#8926=DIRECTION('',(0.,0.,1.));
#8927=DIRECTION('',(0.,1.,0.));
#8928=DIRECTION('',(1.,0.,0.));
#8929=DIRECTION('',(0.,1.,0.));
#8930=DIRECTION('',(1.,0.,0.));
#8931=DIRECTION('',(0.,0.,-1.));
#8932=DIRECTION('',(0.,0.,-1.));
#8933=DIRECTION('',(0.,1.,0.));
#8934=DIRECTION('',(0.,1.,0.));
#8935=DIRECTION('',(0.,0.,1.));
#8936=DIRECTION('',(0.,1.,0.));
#8937=DIRECTION('',(1.,0.,0.));
#8938=DIRECTION('',(0.,1.,0.));
#8939=DIRECTION('',(0.,0.,-1.));
#8940=DIRECTION('',(-1.,0.,0.));
#8941=DIRECTION('',(-1.,0.,0.));
#8942=DIRECTION('',(0.,1.,0.));
#8943=DIRECTION('',(0.,0.,1.));
#8944=DIRECTION('',(0.,1.,0.));
#8945=DIRECTION('',(0.,0.,1.));
#8946=DIRECTION('',(0.,1.,0.));
#8947=DIRECTION('',(0.,1.,0.));
#8948=DIRECTION('',(1.,0.,0.));
#8949=DIRECTION('',(0.,1.,0.));
#8950=DIRECTION('',(-1.,0.,0.));
#8951=DIRECTION('',(0.,0.,1.));
#8952=DIRECTION('',(0.,0.,1.));
#8953=DIRECTION('',(0.,1.,0.));
#8954=DIRECTION('',(0.,1.,0.));
#8955=DIRECTION('',(0.,0.,1.));
#8956=DIRECTION('',(0.,1.,0.));
#8957=DIRECTION('',(1.,0.,0.));
#8958=DIRECTION('',(0.,1.,0.));
#8959=DIRECTION('',(0.,0.,1.));
#8960=DIRECTION('',(1.,0.,0.));
#8961=DIRECTION('',(1.,0.,0.));
#8962=DIRECTION('',(0.,1.,0.));
#8963=DIRECTION('',(0.,1.,0.));
#8964=DIRECTION('',(0.,0.,1.));
#8965=DIRECTION('',(0.,1.,0.));
#8966=DIRECTION('',(1.,0.,0.));
#8967=DIRECTION('',(0.,1.,0.));
#8968=DIRECTION('',(1.,0.,0.));
#8969=DIRECTION('',(0.,0.,-1.));
#8970=DIRECTION('',(0.,0.,-1.));
#8971=DIRECTION('',(0.,1.,0.));
#8972=DIRECTION('',(0.,1.,0.));
#8973=DIRECTION('',(0.,0.,1.));
#8974=DIRECTION('',(0.,1.,0.));
#8975=DIRECTION('',(1.,0.,0.));
#8976=DIRECTION('',(0.,1.,0.));
#8977=DIRECTION('',(0.,0.,-1.));
#8978=DIRECTION('',(-1.,0.,0.));
#8979=DIRECTION('',(-1.,0.,0.));
#8980=DIRECTION('',(0.,1.,0.));
#8981=DIRECTION('',(0.,0.,1.));
#8982=DIRECTION('',(0.,1.,0.));
#8983=DIRECTION('',(0.,0.,1.));
#8984=DIRECTION('',(0.,1.,0.));
#8985=DIRECTION('',(0.,1.,0.));
#8986=DIRECTION('',(1.,0.,0.));
#8987=DIRECTION('',(0.,1.,0.));
#8988=DIRECTION('',(-1.,0.,0.));
#8989=DIRECTION('',(0.,0.,1.));
#8990=DIRECTION('',(0.,0.,1.));
#8991=DIRECTION('',(0.,1.,0.));
#8992=DIRECTION('',(0.,1.,0.));
#8993=DIRECTION('',(0.,0.,1.));
#8994=DIRECTION('',(0.,1.,0.));
#8995=DIRECTION('',(1.,0.,0.));
#8996=DIRECTION('',(0.,1.,0.));
#8997=DIRECTION('',(0.,0.,1.));
#8998=DIRECTION('',(1.,0.,0.));
#8999=DIRECTION('',(1.,0.,0.));
#9000=DIRECTION('',(0.,1.,0.));
#9001=DIRECTION('',(0.,1.,0.));
#9002=DIRECTION('',(0.,0.,1.));
#9003=DIRECTION('',(0.,1.,0.));
#9004=DIRECTION('',(1.,0.,0.));
#9005=DIRECTION('',(0.,1.,0.));
#9006=DIRECTION('',(1.,0.,0.));
#9007=DIRECTION('',(0.,0.,-1.));
#9008=DIRECTION('',(0.,0.,-1.));
#9009=DIRECTION('',(0.,1.,0.));
#9010=DIRECTION('',(0.,1.,0.));
#9011=DIRECTION('',(0.,0.,1.));
#9012=DIRECTION('',(0.,1.,0.));
#9013=DIRECTION('',(1.,0.,0.));
#9014=DIRECTION('',(0.,1.,0.));
#9015=DIRECTION('',(0.,0.,-1.));
#9016=DIRECTION('',(-1.,0.,0.));
#9017=DIRECTION('',(-1.,0.,0.));
#9018=DIRECTION('',(0.,1.,0.));
#9019=DIRECTION('',(0.,0.,1.));
#9020=DIRECTION('',(0.,1.,0.));
#9021=DIRECTION('',(0.,0.,1.));
#9022=DIRECTION('',(0.,1.,0.));
#9023=DIRECTION('',(0.,1.,0.));
#9024=DIRECTION('',(1.,0.,0.));
#9025=DIRECTION('',(0.,1.,0.));
#9026=DIRECTION('',(-1.,0.,0.));
#9027=DIRECTION('',(0.,0.,1.));
#9028=DIRECTION('',(0.,0.,1.));
#9029=DIRECTION('',(0.,1.,0.));
#9030=DIRECTION('',(0.,1.,0.));
#9031=DIRECTION('',(0.,0.,1.));
#9032=DIRECTION('',(0.,1.,0.));
#9033=DIRECTION('',(1.,0.,0.));
#9034=DIRECTION('',(0.,1.,0.));
#9035=DIRECTION('',(0.,0.,1.));
#9036=DIRECTION('',(1.,0.,0.));
#9037=DIRECTION('',(1.,0.,0.));
#9038=DIRECTION('',(0.,1.,0.));
#9039=DIRECTION('',(0.,1.,0.));
#9040=DIRECTION('',(0.,0.,1.));
#9041=DIRECTION('',(0.,1.,0.));
#9042=DIRECTION('',(1.,0.,0.));
#9043=DIRECTION('',(0.,1.,0.));
#9044=DIRECTION('',(1.,0.,0.));
#9045=DIRECTION('',(0.,0.,-1.));
#9046=DIRECTION('',(0.,0.,-1.));
#9047=DIRECTION('',(0.,1.,0.));
#9048=DIRECTION('',(0.,1.,0.));
#9049=DIRECTION('',(0.,0.,1.));
#9050=DIRECTION('',(0.,1.,0.));
#9051=DIRECTION('',(1.,0.,0.));
#9052=DIRECTION('',(0.,1.,0.));
#9053=DIRECTION('',(0.,0.,-1.));
#9054=DIRECTION('',(-1.,0.,0.));
#9055=DIRECTION('',(-1.,0.,0.));
#9056=DIRECTION('',(0.,1.,0.));
#9057=DIRECTION('',(0.,0.,1.));
#9058=DIRECTION('',(0.,-1.,0.));
#9059=DIRECTION('',(0.,0.,-1.));
#9060=DIRECTION('',(0.,-1.,0.));
#9061=DIRECTION('',(0.,0.,-1.));
#9062=DIRECTION('',(0.,-1.,0.));
#9063=DIRECTION('',(0.,0.,-1.));
#9064=DIRECTION('',(0.,-1.,0.));
#9065=DIRECTION('',(0.,0.,-1.));
#9066=DIRECTION('',(0.,-1.,0.));
#9067=DIRECTION('',(0.,0.,-1.));
#9068=DIRECTION('',(0.,-1.,0.));
#9069=DIRECTION('',(0.,0.,-1.));
#9070=DIRECTION('',(-1.,0.,0.));
#9071=DIRECTION('',(0.,0.,1.));
#9072=DIRECTION('',(0.,0.,-1.));
#9073=DIRECTION('',(1.,0.,0.));
#9074=DIRECTION('',(0.,0.,-1.));
#9075=DIRECTION('',(0.,0.,1.));
#9076=DIRECTION('',(1.,0.,0.));
#9077=DIRECTION('',(0.,0.,-1.));
#9078=DIRECTION('',(0.,0.,-1.));
#9079=DIRECTION('',(1.,0.,0.));
#9080=DIRECTION('',(0.,0.,-1.));
#9081=DIRECTION('',(0.,0.,1.));
#9082=DIRECTION('',(1.,0.,0.));
#9083=DIRECTION('',(0.,0.,-1.));
#9084=DIRECTION('',(0.,1.,0.));
#9085=DIRECTION('',(0.,0.,1.));
#9086=DIRECTION('',(0.,1.,0.));
#9087=DIRECTION('',(0.,1.,0.));
#9088=DIRECTION('',(0.,0.,1.));
#9089=DIRECTION('',(0.,1.,0.));
#9090=DIRECTION('',(0.,0.,1.));
#9091=DIRECTION('',(1.,0.,0.));
#9092=DIRECTION('',(0.,1.,0.));
#9093=DIRECTION('',(0.,1.,0.));
#9094=DIRECTION('',(0.,0.,1.));
#9095=DIRECTION('',(0.,1.,0.));
#9096=DIRECTION('',(-1.,0.,0.));
#9097=DIRECTION('',(0.,0.,1.));
#9098=DIRECTION('',(1.,0.,0.));
#9099=DIRECTION('',(0.,0.,-1.));
#9100=DIRECTION('',(0.,1.,0.));
#9101=DIRECTION('',(0.,1.,0.));
#9102=DIRECTION('',(0.,0.,1.));
#9103=DIRECTION('',(0.,1.,0.));
#9104=DIRECTION('',(0.,0.,1.));
#9105=DIRECTION('',(1.,0.,0.));
#9106=DIRECTION('',(0.,1.,0.));
#9107=DIRECTION('',(0.,1.,0.));
#9108=DIRECTION('',(0.,0.,1.));
#9109=DIRECTION('',(0.,1.,0.));
#9110=DIRECTION('',(0.,1.,0.));
#9111=DIRECTION('',(0.,0.,1.));
#9112=DIRECTION('',(0.,1.,0.));
#9113=DIRECTION('',(0.,0.,1.));
#9114=DIRECTION('',(1.,0.,0.));
#9115=DIRECTION('',(0.,0.,1.));
#9116=DIRECTION('',(1.,0.,0.));
#9117=DIRECTION('',(0.,-1.,0.));
#9118=DIRECTION('',(0.,0.,-1.));
#9119=DIRECTION('',(-1.,0.,0.));
#9120=DIRECTION('',(0.,0.,-1.));
#9121=DIRECTION('',(-1.,0.,0.));
#9122=DIRECTION('',(0.,1.,0.));
#9123=DIRECTION('',(0.,1.,0.));
#9124=DIRECTION('',(0.,1.,0.));
#9125=DIRECTION('',(0.,0.,1.));
#9126=DIRECTION('',(0.,1.,0.));
#9127=DIRECTION('',(0.,1.,0.));
#9128=DIRECTION('',(0.,0.,1.));
#9129=DIRECTION('',(0.,1.,0.));
#9130=DIRECTION('',(0.,0.,-1.));
#9131=DIRECTION('',(-1.,0.,0.));
#9132=DIRECTION('',(0.,1.,0.));
#9133=DIRECTION('',(0.,1.,0.));
#9134=DIRECTION('',(0.,0.,1.));
#9135=DIRECTION('',(0.,1.,0.));
#9136=DIRECTION('',(1.,0.,-5.78241158658921E-15));
#9137=DIRECTION('',(-5.78241158658921E-15,0.,-1.));
#9138=DIRECTION('',(-1.,0.,6.50521303491311E-15));
#9139=DIRECTION('',(6.50521303491311E-15,0.,1.));
#9140=DIRECTION('',(0.,1.,0.));
#9141=DIRECTION('',(0.,1.,0.));
#9142=DIRECTION('',(0.,0.,1.));
#9143=DIRECTION('',(0.,1.,0.));
#9144=DIRECTION('',(0.,0.,-1.));
#9145=DIRECTION('',(-1.,0.,0.));
#9146=DIRECTION('',(0.,1.,0.));
#9147=DIRECTION('',(0.,1.,0.));
#9148=DIRECTION('',(0.,0.,1.));
#9149=DIRECTION('',(0.,1.,0.));
#9150=DIRECTION('',(-1.,0.,0.));
#9151=DIRECTION('',(0.,0.,1.));
#9152=DIRECTION('',(1.,0.,0.));
#9153=DIRECTION('',(0.,0.,-1.));
#9154=DIRECTION('',(0.,0.,-1.));
#9155=DIRECTION('',(1.,0.,0.));
#9156=DIRECTION('',(0.,0.,-1.));
#9157=DIRECTION('',(0.,1.,0.));
#9158=DIRECTION('',(0.,0.,-1.));
#9159=DIRECTION('',(-1.,0.,0.));
#9160=DIRECTION('',(0.,1.,0.));
#9161=DIRECTION('',(0.,1.,0.));
#9162=DIRECTION('',(0.,0.,1.));
#9163=DIRECTION('',(0.,1.,0.));
#9164=DIRECTION('',(0.,1.,0.));
#9165=DIRECTION('',(0.,0.,1.));
#9166=DIRECTION('',(1.,0.,0.));
#9167=DIRECTION('',(0.,0.,-1.));
#9168=DIRECTION('',(1.,0.,0.));
#9169=DIRECTION('',(0.,0.,-1.));
#9170=DIRECTION('',(1.,0.,0.));
#9171=DIRECTION('',(0.,0.,-1.));
#9172=DIRECTION('',(1.,0.,0.));
#9173=DIRECTION('',(0.,0.,-1.));
#9174=DIRECTION('',(1.,0.,0.));
#9175=DIRECTION('',(0.,-1.,0.));
#9176=DIRECTION('',(0.,0.,-1.));
#9177=DIRECTION('',(1.,0.,0.));
#9178=DIRECTION('',(1.,0.,0.));
#9179=DIRECTION('',(0.,0.,-1.));
#9180=DIRECTION('',(0.,1.,0.));
#9181=DIRECTION('',(0.,0.,1.));
#9182=DIRECTION('',(1.,0.,0.));
#9183=DIRECTION('',(1.,0.,0.));
#9184=DIRECTION('',(0.,0.,-1.));
#9185=DIRECTION('',(1.,0.,0.));
#9186=DIRECTION('',(0.,0.,-1.));
#9187=DIRECTION('',(1.,0.,0.));
#9188=DIRECTION('',(0.,1.,0.));
#9189=DIRECTION('',(0.,0.,1.));
#9190=DIRECTION('',(1.,0.,0.));
#9191=DIRECTION('',(0.,0.,-1.));
#9192=DIRECTION('',(1.,0.,0.));
#9193=DIRECTION('',(0.,0.,-1.));
#9194=DIRECTION('',(1.,0.,0.));
#9195=DIRECTION('',(0.,0.,-1.));
#9196=DIRECTION('',(-1.,0.,0.));
#9197=DIRECTION('',(0.,0.,1.));
#9198=DIRECTION('',(-1.,0.,0.));
#9199=DIRECTION('',(0.,1.,0.));
#9200=DIRECTION('',(0.,0.,1.));
#9201=DIRECTION('',(-1.,0.,0.));
#9202=DIRECTION('',(-1.,0.,0.));
#9203=DIRECTION('',(0.,0.,1.));
#9204=DIRECTION('',(0.,-1.,0.));
#9205=DIRECTION('',(0.,0.,-1.));
#9206=DIRECTION('',(-1.,0.,0.));
#9207=DIRECTION('',(-1.,0.,0.));
#9208=DIRECTION('',(0.,0.,1.));
#9209=DIRECTION('',(-1.,0.,0.));
#9210=DIRECTION('',(0.,0.,1.));
#9211=DIRECTION('',(-1.,0.,0.));
#9212=DIRECTION('',(0.,-1.,0.));
#9213=DIRECTION('',(0.,0.,-1.));
#9214=DIRECTION('',(0.,0.,-1.));
#9215=DIRECTION('',(-1.,0.,0.));
#9216=DIRECTION('',(0.,0.,-1.));
#9217=DIRECTION('',(-1.,0.,0.));
#9218=DIRECTION('',(1.,0.,0.));
#9219=DIRECTION('',(0.,0.,-1.));
#9220=DIRECTION('',(1.,0.,0.));
#9221=DIRECTION('',(0.,0.,-1.));
#9222=DIRECTION('',(1.,0.,0.));
#9223=DIRECTION('',(1.,0.,0.));
#9224=DIRECTION('',(0.,0.,-1.));
#9225=DIRECTION('',(1.,0.,0.));
#9226=DIRECTION('',(0.,0.,-1.));
#9227=DIRECTION('',(1.,0.,0.));
#9228=DIRECTION('',(1.,0.,0.));
#9229=DIRECTION('',(0.,0.,-1.));
#9230=DIRECTION('',(0.,-1.,0.));
#9231=DIRECTION('',(1.22464679914735E-16,0.,-1.));
#9232=DIRECTION('',(0.,-1.,0.));
#9233=DIRECTION('',(0.,1.,0.));
#9234=DIRECTION('',(0.,0.,1.));
#9235=DIRECTION('',(1.,0.,1.91724522101769E-16));
#9236=DIRECTION('',(1.22464679914735E-16,0.,-1.));
#9237=DIRECTION('',(1.,0.,1.91724522101769E-16));
#9238=DIRECTION('',(0.,1.,0.));
#9239=DIRECTION('',(1.,0.,0.));
#9240=DIRECTION('',(0.676618982094545,0.,0.736333316555309));
#9241=DIRECTION('',(0.,1.,0.));
#9242=DIRECTION('',(1.,0.,0.));
#9243=DIRECTION('',(0.73633331655531,0.,-0.676618982094545));
#9244=DIRECTION('',(-0.676618982094545,0.,-0.73633331655531));
#9245=DIRECTION('',(-0.736333316555309,0.,0.676618982094545));
#9246=DIRECTION('',(0.,1.,0.));
#9247=DIRECTION('',(1.,0.,0.));
#9248=DIRECTION('',(-0.676618982094545,0.,-0.73633331655531));
#9249=DIRECTION('',(0.,1.,0.));
#9250=DIRECTION('',(1.,0.,0.));
#9251=DIRECTION('',(0.,-1.,0.));
#9252=DIRECTION('',(0.,0.,-1.));
#9253=DIRECTION('',(-1.,0.,-1.24099780020061E-16));
#9254=DIRECTION('',(0.,1.,0.));
#9255=DIRECTION('',(1.,0.,0.));
#9256=DIRECTION('',(-0.676618982094545,0.,-0.73633331655531));
#9257=DIRECTION('',(0.,1.,0.));
#9258=DIRECTION('',(1.,0.,0.));
#9259=DIRECTION('',(-0.736333316555309,0.,0.676618982094545));
#9260=DIRECTION('',(-0.676618982094545,0.,-0.73633331655531));
#9261=DIRECTION('',(0.73633331655531,0.,-0.676618982094545));
#9262=DIRECTION('',(0.,1.,0.));
#9263=DIRECTION('',(1.,0.,0.));
#9264=DIRECTION('',(0.676618982094545,0.,0.736333316555309));
#9265=DIRECTION('',(0.,1.,0.));
#9266=DIRECTION('',(1.,0.,0.));
#9267=DIRECTION('',(-1.,0.,-1.24099780020061E-16));
#9268=DIRECTION('',(1.22464679914735E-16,0.,-1.));
#9269=DIRECTION('',(1.22464679914735E-16,0.,-1.));
#9270=DIRECTION('',(-1.,0.,-1.22464679914735E-16));
#9271=DIRECTION('',(1.22464679914735E-16,0.,-1.));
#9272=DIRECTION('',(-1.,0.,-1.22464679914735E-16));
#9273=DIRECTION('',(1.22464679914735E-16,0.,-1.));
#9274=DIRECTION('',(-1.,0.,-1.22464679914735E-16));
#9275=DIRECTION('',(1.22464679914735E-16,0.,-1.));
#9276=DIRECTION('',(-0.942641491092179,-0.333806859233771,-1.15440288480952E-16));
#9277=DIRECTION('',(0.333806859233771,-0.942641491092179,0.));
#9278=DIRECTION('',(-0.33380685923377,0.942641491092178,0.));
#9279=DIRECTION('',(-0.33380685923377,0.942641491092178,0.));
#9280=DIRECTION('',(1.22464679914735E-16,0.,-1.));
#9281=DIRECTION('',(-1.,0.,-1.22464679914735E-16));
#9282=DIRECTION('',(1.22464679914735E-16,0.,-1.));
#9283=DIRECTION('',(-1.,0.,-1.22464679914735E-16));
#9284=DIRECTION('',(1.22464679914735E-16,0.,-1.));
#9285=DIRECTION('',(-1.,0.,-1.22464679914735E-16));
#9286=DIRECTION('',(1.22464679914735E-16,0.,-1.));
#9287=DIRECTION('',(-1.,0.,-1.22464679914735E-16));
#9288=DIRECTION('',(0.,1.,0.));
#9289=DIRECTION('',(1.22464679914735E-16,0.,-1.));
#9290=DIRECTION('',(-1.,0.,-1.22464679914735E-16));
#9291=DIRECTION('',(0.,1.,0.));
#9292=DIRECTION('',(0.,1.,0.));
#9293=DIRECTION('',(0.,0.,1.));
#9294=DIRECTION('',(0.,1.,0.));
#9295=DIRECTION('',(-0.736333316555309,0.,0.676618982094545));
#9296=DIRECTION('',(0.676618982094545,0.,0.736333316555309));
#9297=DIRECTION('',(0.,1.,0.));
#9298=DIRECTION('',(0.,1.,0.));
#9299=DIRECTION('',(0.,0.,1.));
#9300=DIRECTION('',(0.,1.,0.));
#9301=DIRECTION('',(0.676618982094545,0.,0.73633331655531));
#9302=DIRECTION('',(0.73633331655531,0.,-0.676618982094545));
#9303=DIRECTION('',(0.,1.,0.));
#9304=DIRECTION('',(0.736333316555309,0.,-0.676618982094545));
#9305=DIRECTION('',(-0.676618982094545,0.,-0.736333316555309));
#9306=DIRECTION('',(0.,1.,0.));
#9307=DIRECTION('',(-0.676618982094545,0.,-0.736333316555309));
#9308=DIRECTION('',(-0.736333316555309,0.,0.676618982094545));
#9309=DIRECTION('',(0.,1.,0.));
#9310=DIRECTION('',(0.,1.,0.));
#9311=DIRECTION('',(0.,0.,1.));
#9312=DIRECTION('',(0.,1.,0.));
#9313=DIRECTION('',(0.73633331655531,0.,-0.676618982094545));
#9314=DIRECTION('',(-0.676618982094545,0.,-0.73633331655531));
#9315=DIRECTION('',(0.,1.,0.));
#9316=DIRECTION('',(0.,1.,0.));
#9317=DIRECTION('',(0.,0.,1.));
#9318=DIRECTION('',(1.,0.,0.));
#9319=DIRECTION('',(0.,0.,-1.));
#9320=DIRECTION('',(1.,0.,0.));
#9321=DIRECTION('',(0.,0.,-1.));
#9322=DIRECTION('',(1.,0.,0.));
#9323=DIRECTION('',(1.,0.,0.));
#9324=DIRECTION('',(0.,0.,-1.));
#9325=DIRECTION('',(1.,0.,0.));
#9326=DIRECTION('',(0.,-1.,0.));
#9327=DIRECTION('',(0.,0.,-1.));
#9328=DIRECTION('',(0.,0.,-1.));
#9329=DIRECTION('',(1.,0.,0.));
#9330=DIRECTION('',(0.,0.,-1.));
#9331=DIRECTION('',(0.,0.,1.));
#9332=DIRECTION('',(1.,0.,0.));
#9333=DIRECTION('',(0.,-1.,0.));
#9334=DIRECTION('',(1.,0.,0.));
#9335=DIRECTION('',(0.,-1.,0.));
#9336=DIRECTION('',(0.,1.,0.));
#9337=DIRECTION('',(0.,0.,1.));
#9338=DIRECTION('',(0.,0.,1.));
#9339=DIRECTION('',(1.,0.,0.));
#9340=DIRECTION('',(0.,0.,1.));
#9341=DIRECTION('',(1.,0.,0.));
#9342=DIRECTION('',(0.,0.,-1.));
#9343=DIRECTION('',(1.,0.,0.));
#9344=DIRECTION('',(0.,0.,-1.));
#9345=DIRECTION('',(1.,0.,0.));
#9346=DIRECTION('',(1.,0.,0.));
#9347=DIRECTION('',(0.,0.,-1.));
#9348=DIRECTION('',(0.,0.,-1.));
#9349=DIRECTION('',(-1.,0.,0.));
#9350=DIRECTION('',(0.,1.,0.));
#9351=DIRECTION('',(0.,1.,0.));
#9352=DIRECTION('',(1.,0.,0.));
#9353=DIRECTION('',(0.,0.,1.));
#9354=DIRECTION('',(1.,0.,0.));
#9355=DIRECTION('',(0.,-1.,0.));
#9356=DIRECTION('',(1.,0.,0.));
#9357=DIRECTION('',(0.,-1.,0.));
#9358=DIRECTION('',(1.,0.,0.));
#9359=DIRECTION('',(0.,0.,-1.));
#9360=DIRECTION('',(1.,0.,0.));
#9361=DIRECTION('',(0.,0.,-1.));
#9362=DIRECTION('',(1.,0.,0.));
#9363=DIRECTION('',(0.,0.,-1.));
#9364=DIRECTION('',(1.,0.,0.));
#9365=DIRECTION('',(0.,0.,-1.));
#9366=DIRECTION('',(1.,0.,0.));
#9367=DIRECTION('',(0.,0.,-1.));
#9368=DIRECTION('',(1.,0.,0.));
#9369=DIRECTION('',(0.,0.,-1.));
#9370=DIRECTION('',(1.,0.,0.));
#9371=DIRECTION('',(0.,0.,-1.));
#9372=DIRECTION('',(1.,0.,0.));
#9373=DIRECTION('',(0.,0.,-1.));
#9374=DIRECTION('',(1.,0.,0.));
#9375=DIRECTION('',(0.,0.,-1.));
#9376=DIRECTION('',(1.,0.,0.));
#9377=DIRECTION('',(0.,0.,-1.));
#9378=DIRECTION('',(1.,0.,0.));
#9379=DIRECTION('',(0.,0.,-1.));
#9380=DIRECTION('',(0.,1.,0.));
#9381=DIRECTION('',(1.,0.,0.));
#9382=DIRECTION('',(0.,0.,-1.));
#9383=DIRECTION('',(0.,0.,1.));
#9384=DIRECTION('',(0.,1.,0.));
#9385=DIRECTION('',(0.,0.,-1.));
#9386=DIRECTION('',(1.,0.,0.));
#9387=DIRECTION('',(0.,0.,-1.));
#9388=DIRECTION('',(0.,-1.,0.));
#9389=DIRECTION('',(1.,0.,0.));
#9390=DIRECTION('',(0.,0.,-1.));
#9391=DIRECTION('',(1.,0.,0.));
#9392=DIRECTION('',(0.,0.,-1.));
#9393=DIRECTION('',(0.,-1.,0.));
#9394=DIRECTION('',(1.,0.,0.));
#9395=DIRECTION('',(0.,0.,-1.));
#9396=DIRECTION('',(0.,0.,-1.));
#9397=DIRECTION('',(0.,1.,0.));
#9398=DIRECTION('',(0.,0.,1.));
#9399=DIRECTION('',(1.,0.,0.));
#9400=DIRECTION('',(0.,0.,-1.));
#9401=DIRECTION('',(0.,1.,0.));
#9402=DIRECTION('',(1.,0.,0.));
#9403=DIRECTION('',(0.,0.,-1.));
#9404=DIRECTION('',(1.,0.,0.));
#9405=DIRECTION('',(0.,0.,-1.));
#9406=DIRECTION('',(1.,0.,0.));
#9407=DIRECTION('',(0.,0.,1.));
#9408=DIRECTION('',(1.,0.,0.));
#9409=DIRECTION('',(1.,0.,0.));
#9410=DIRECTION('',(1.,0.,0.));
#9411=DIRECTION('',(0.,0.,-1.));
#9412=DIRECTION('',(1.,0.,0.));
#9413=DIRECTION('',(0.,-1.,0.));
#9414=DIRECTION('',(0.,0.,-1.));
#9415=DIRECTION('',(1.,0.,0.));
#9416=DIRECTION('',(0.,0.,-1.));
#9417=DIRECTION('',(-1.,0.,0.));
#9418=DIRECTION('',(1.,0.,0.));
#9419=DIRECTION('',(0.,1.,0.));
#9420=DIRECTION('',(0.,0.,1.));
#9421=DIRECTION('',(1.,0.,0.));
#9422=DIRECTION('',(1.,0.,0.));
#9423=DIRECTION('',(0.,0.,-1.));
#9424=DIRECTION('',(1.,0.,0.));
#9425=DIRECTION('',(0.,0.,-1.));
#9426=DIRECTION('',(-1.,0.,0.));
#9427=DIRECTION('',(1.,0.,0.));
#9428=DIRECTION('',(1.,0.,0.));
#9429=DIRECTION('',(0.,0.,-1.));
#9430=DIRECTION('',(-1.,0.,0.));
#9431=DIRECTION('',(0.,0.,1.));
#9432=DIRECTION('',(1.,0.,0.));
#9433=DIRECTION('',(0.,0.,-1.));
#9434=DIRECTION('',(-1.,0.,0.));
#9435=DIRECTION('',(1.,0.,0.));
#9436=DIRECTION('',(0.,0.,-1.));
#9437=DIRECTION('',(-1.,0.,0.));
#9438=DIRECTION('',(0.,-1.,0.));
#9439=DIRECTION('',(0.,0.,-1.));
#9440=DIRECTION('',(0.,0.,1.));
#9441=DIRECTION('',(-1.,0.,0.));
#9442=DIRECTION('',(0.,0.,1.));
#9443=DIRECTION('',(0.,0.,-1.));
#9444=DIRECTION('',(-1.,0.,0.));
#9445=DIRECTION('',(0.,-1.,0.));
#9446=DIRECTION('',(-1.,0.,0.));
#9447=DIRECTION('',(0.,-1.,0.));
#9448=DIRECTION('',(0.,1.,0.));
#9449=DIRECTION('',(0.,0.,1.));
#9450=DIRECTION('',(0.,0.,-1.));
#9451=DIRECTION('',(-1.,0.,0.));
#9452=DIRECTION('',(0.,0.,-1.));
#9453=DIRECTION('',(-1.,0.,0.));
#9454=DIRECTION('',(0.,0.,1.));
#9455=DIRECTION('',(1.,0.,0.));
#9456=DIRECTION('',(0.,0.,-1.));
#9457=DIRECTION('',(-1.,0.,0.));
#9458=DIRECTION('',(1.,0.,0.));
#9459=DIRECTION('',(0.,0.,-1.));
#9460=DIRECTION('',(0.,0.,1.));
#9461=DIRECTION('',(1.,0.,0.));
#9462=DIRECTION('',(0.,1.,0.));
#9463=DIRECTION('',(-1.,0.,0.));
#9464=DIRECTION('',(0.,1.,0.));
#9465=DIRECTION('',(0.,0.,-1.));
#9466=DIRECTION('',(-1.,0.,0.));
#9467=DIRECTION('',(0.,-1.,0.));
#9468=DIRECTION('',(0.,-1.,0.));
#9469=DIRECTION('',(-1.,0.,0.));
#9470=DIRECTION('',(-1.,0.,0.));
#9471=DIRECTION('',(0.,0.,1.));
#9472=DIRECTION('',(1.,0.,0.));
#9473=DIRECTION('',(0.,0.,-1.));
#9474=DIRECTION('',(1.,0.,0.));
#9475=DIRECTION('',(0.,0.,-1.));
#9476=DIRECTION('',(-1.,0.,0.));
#9477=DIRECTION('',(0.,0.,1.));
#9478=DIRECTION('',(1.,0.,0.));
#9479=DIRECTION('',(0.,0.,-1.));
#9480=DIRECTION('',(1.,0.,0.));
#9481=DIRECTION('',(0.,0.,-1.));
#9482=DIRECTION('',(1.,0.,0.));
#9483=DIRECTION('',(0.,0.,-1.));
#9484=DIRECTION('',(1.,0.,0.));
#9485=DIRECTION('',(0.,0.,-1.));
#9486=DIRECTION('',(1.,0.,0.));
#9487=DIRECTION('',(0.,0.,-1.));
#9488=DIRECTION('',(1.,0.,0.));
#9489=DIRECTION('',(0.,0.,-1.));
#9490=DIRECTION('',(0.,-1.,0.));
#9491=DIRECTION('',(1.,0.,0.));
#9492=DIRECTION('',(0.,0.,-1.));
#9493=DIRECTION('',(0.,0.,-1.));
#9494=DIRECTION('',(0.,1.,0.));
#9495=DIRECTION('',(0.,0.,1.));
#9496=DIRECTION('',(1.,0.,0.));
#9497=DIRECTION('',(0.,0.,-1.));
#9498=DIRECTION('',(0.,1.,0.));
#9499=DIRECTION('',(1.,0.,0.));
#9500=DIRECTION('',(0.,0.,-1.));
#9501=DIRECTION('',(1.,0.,0.));
#9502=DIRECTION('',(0.,0.,-1.));
#9503=DIRECTION('',(1.,0.,0.));
#9504=DIRECTION('',(0.,0.,-1.));
#9505=DIRECTION('',(1.,0.,0.));
#9506=DIRECTION('',(0.,0.,-1.));
#9507=DIRECTION('',(0.,1.,0.));
#9508=DIRECTION('',(1.,0.,0.));
#9509=DIRECTION('',(0.,0.,-1.));
#9510=DIRECTION('',(0.,0.,1.));
#9511=DIRECTION('',(0.,1.,0.));
#9512=DIRECTION('',(0.,0.,-1.));
#9513=DIRECTION('',(1.,0.,0.));
#9514=DIRECTION('',(0.,0.,-1.));
#9515=DIRECTION('',(0.,-1.,0.));
#9516=DIRECTION('',(-1.,0.,0.));
#9517=DIRECTION('',(0.,0.,1.));
#9518=DIRECTION('',(-1.,0.,0.));
#9519=DIRECTION('',(0.,0.,-1.));
#9520=DIRECTION('',(-1.,0.,0.));
#9521=DIRECTION('',(-1.,0.,0.));
#9522=DIRECTION('',(-1.,0.,0.));
#9523=DIRECTION('',(0.,0.,1.));
#9524=DIRECTION('',(-1.,0.,0.));
#9525=DIRECTION('',(0.,1.,0.));
#9526=DIRECTION('',(0.,0.,1.));
#9527=DIRECTION('',(-1.,0.,0.));
#9528=DIRECTION('',(0.,0.,1.));
#9529=DIRECTION('',(1.,0.,0.));
#9530=DIRECTION('',(-1.,0.,0.));
#9531=DIRECTION('',(0.,-1.,0.));
#9532=DIRECTION('',(0.,0.,-1.));
#9533=DIRECTION('',(-1.,0.,0.));
#9534=DIRECTION('',(-1.,0.,0.));
#9535=DIRECTION('',(0.,0.,1.));
#9536=DIRECTION('',(-1.,0.,0.));
#9537=DIRECTION('',(0.,0.,1.));
#9538=DIRECTION('',(1.,0.,0.));
#9539=DIRECTION('',(-1.,0.,0.));
#9540=DIRECTION('',(-1.,0.,0.));
#9541=DIRECTION('',(0.,0.,1.));
#9542=DIRECTION('',(-1.,0.,0.));
#9543=DIRECTION('',(0.,0.,1.));
#9544=DIRECTION('',(1.,0.,0.));
#9545=DIRECTION('',(0.,0.,-1.));
#9546=DIRECTION('',(-1.,0.,0.));
#9547=DIRECTION('',(1.,0.,0.));
#9548=DIRECTION('',(0.,0.,-1.));
#9549=DIRECTION('',(-1.,0.,0.));
#9550=DIRECTION('',(0.,-1.,0.));
#9551=DIRECTION('',(0.,0.,-1.));
#9552=DIRECTION('',(0.,0.,1.));
#9553=DIRECTION('',(-1.,0.,0.));
#9554=DIRECTION('',(0.,0.,1.));
#9555=DIRECTION('',(0.,0.,-1.));
#9556=DIRECTION('',(-1.,0.,0.));
#9557=DIRECTION('',(0.,-1.,0.));
#9558=DIRECTION('',(-1.,0.,0.));
#9559=DIRECTION('',(0.,-1.,0.));
#9560=DIRECTION('',(0.,1.,0.));
#9561=DIRECTION('',(0.,0.,1.));
#9562=DIRECTION('',(0.,0.,-1.));
#9563=DIRECTION('',(-1.,0.,0.));
#9564=DIRECTION('',(0.,0.,-1.));
#9565=DIRECTION('',(-1.,0.,0.));
#9566=DIRECTION('',(0.,0.,1.));
#9567=DIRECTION('',(1.,0.,0.));
#9568=DIRECTION('',(0.,0.,-1.));
#9569=DIRECTION('',(-1.,0.,0.));
#9570=DIRECTION('',(1.,0.,0.));
#9571=DIRECTION('',(0.,0.,-1.));
#9572=DIRECTION('',(0.,0.,-1.));
#9573=DIRECTION('',(-1.,0.,0.));
#9574=DIRECTION('',(0.,-1.,0.));
#9575=DIRECTION('',(0.,-1.,0.));
#9576=DIRECTION('',(-1.,0.,0.));
#9577=DIRECTION('',(0.,0.,1.));
#9578=DIRECTION('',(1.,0.,0.));
#9579=DIRECTION('',(0.,1.,0.));
#9580=DIRECTION('',(-1.,0.,0.));
#9581=DIRECTION('',(0.,1.,0.));
#9582=DIRECTION('',(-1.,0.,0.));
#9583=DIRECTION('',(0.,0.,1.));
#9584=DIRECTION('',(1.,0.,0.));
#9585=DIRECTION('',(0.,0.,-1.));
#9586=DIRECTION('',(1.,0.,0.));
#9587=DIRECTION('',(0.,0.,-1.));
#9588=DIRECTION('',(-1.,0.,0.));
#9589=DIRECTION('',(0.,0.,1.));
#9590=DIRECTION('',(1.,0.,0.));
#9591=DIRECTION('',(0.,0.,-1.));
#9592=DIRECTION('',(1.,0.,0.));
#9593=DIRECTION('',(0.,0.,-1.));
#9594=DIRECTION('',(1.,0.,0.));
#9595=DIRECTION('',(0.,0.,-1.));
#9596=DIRECTION('',(1.,0.,0.));
#9597=DIRECTION('',(0.,0.,-1.));
#9598=DIRECTION('',(1.,0.,0.));
#9599=DIRECTION('',(0.,0.,-1.));
#9600=DIRECTION('',(1.,0.,0.));
#9601=DIRECTION('',(0.,0.,-1.));
#9602=DIRECTION('',(0.,-1.,0.));
#9603=DIRECTION('',(1.,0.,0.));
#9604=DIRECTION('',(0.,0.,-1.));
#9605=DIRECTION('',(0.,0.,-1.));
#9606=DIRECTION('',(0.,1.,0.));
#9607=DIRECTION('',(0.,0.,1.));
#9608=DIRECTION('',(1.,0.,0.));
#9609=DIRECTION('',(0.,0.,-1.));
#9610=DIRECTION('',(0.,1.,0.));
#9611=DIRECTION('',(1.,0.,0.));
#9612=DIRECTION('',(0.,0.,-1.));
#9613=DIRECTION('',(1.,0.,0.));
#9614=DIRECTION('',(0.,0.,-1.));
#9615=DIRECTION('',(1.,0.,0.));
#9616=DIRECTION('',(0.,0.,-1.));
#9617=DIRECTION('',(1.,0.,0.));
#9618=DIRECTION('',(0.,0.,-1.));
#9619=DIRECTION('',(0.,1.,0.));
#9620=DIRECTION('',(1.,0.,0.));
#9621=DIRECTION('',(0.,0.,-1.));
#9622=DIRECTION('',(0.,0.,1.));
#9623=DIRECTION('',(0.,1.,0.));
#9624=DIRECTION('',(0.,0.,-1.));
#9625=DIRECTION('',(1.,0.,0.));
#9626=DIRECTION('',(0.,0.,-1.));
#9627=DIRECTION('',(0.,-1.,0.));
#9628=DIRECTION('',(-1.,0.,0.));
#9629=DIRECTION('',(0.,0.,1.));
#9630=DIRECTION('',(-1.,0.,0.));
#9631=DIRECTION('',(0.,0.,-1.));
#9632=DIRECTION('',(-1.,0.,0.));
#9633=DIRECTION('',(-1.,0.,0.));
#9634=DIRECTION('',(-1.,0.,0.));
#9635=DIRECTION('',(0.,0.,1.));
#9636=DIRECTION('',(-1.,0.,0.));
#9637=DIRECTION('',(0.,1.,0.));
#9638=DIRECTION('',(0.,0.,1.));
#9639=DIRECTION('',(-1.,0.,0.));
#9640=DIRECTION('',(0.,0.,1.));
#9641=DIRECTION('',(1.,0.,0.));
#9642=DIRECTION('',(-1.,0.,0.));
#9643=DIRECTION('',(0.,-1.,0.));
#9644=DIRECTION('',(0.,0.,-1.));
#9645=DIRECTION('',(-1.,0.,0.));
#9646=DIRECTION('',(-1.,0.,0.));
#9647=DIRECTION('',(0.,0.,1.));
#9648=DIRECTION('',(-1.,0.,0.));
#9649=DIRECTION('',(0.,0.,1.));
#9650=DIRECTION('',(1.,0.,0.));
#9651=DIRECTION('',(-1.,0.,0.));
#9652=DIRECTION('',(-1.,0.,0.));
#9653=DIRECTION('',(0.,0.,1.));
#9654=DIRECTION('',(0.,0.,1.));
#9655=DIRECTION('',(1.,0.,0.));
#9656=DIRECTION('',(0.,-0.707106781186547,-0.707106781186548));
#9657=DIRECTION('',(0.,0.707106781186548,-0.707106781186547));
#9658=DIRECTION('',(0.,-0.707106781186548,0.707106781186547));
#9659=DIRECTION('',(-1.,0.,0.));
#9660=DIRECTION('',(0.,-0.707106781186548,0.707106781186547));
#9661=DIRECTION('',(-1.,0.,0.));
#9662=DIRECTION('',(-0.707106781186534,0.,-0.707106781186561));
#9663=DIRECTION('',(-0.707106781186561,0.,0.707106781186534));
#9664=DIRECTION('',(-0.707106781186561,0.,0.707106781186534));
#9665=DIRECTION('',(0.,1.,0.));
#9666=DIRECTION('',(-0.707106781186561,0.,0.707106781186534));
#9667=DIRECTION('',(0.,1.,0.));
#9668=DIRECTION('',(-1.,0.,0.));
#9669=DIRECTION('',(0.,0.,1.));
#9670=DIRECTION('',(0.,0.,1.));
#9671=DIRECTION('',(0.,0.,1.));
#9672=DIRECTION('',(0.,1.,0.));
#9673=DIRECTION('',(-0.707106781186532,0.,0.707106781186563));
#9674=DIRECTION('',(0.707106781186563,0.,0.707106781186532));
#9675=DIRECTION('',(0.707106781186563,0.,0.707106781186532));
#9676=DIRECTION('',(0.707106781186563,0.,0.707106781186532));
#9677=DIRECTION('',(0.,1.,0.));
#9678=DIRECTION('',(-1.,0.,0.));
#9679=DIRECTION('',(0.,0.,1.));
#9680=DIRECTION('',(0.,0.,1.));
#9681=DIRECTION('',(0.,0.,1.));
#9682=DIRECTION('',(0.,1.,0.));
#9683=DIRECTION('',(0.,0.,1.));
#9684=DIRECTION('',(1.,0.,0.));
#9685=DIRECTION('',(0.,1.,0.));
#9686=DIRECTION('',(-1.,0.,0.));
#9687=DIRECTION('',(0.,1.,0.));
#9688=DIRECTION('',(1.,0.,0.));
#9689=DIRECTION('',(0.,1.,0.));
#9690=DIRECTION('',(-1.,0.,0.));
#9691=DIRECTION('',(1.,0.,-4.33680868994202E-16));
#9692=DIRECTION('',(-4.33680868994202E-16,0.,-1.));
#9693=DIRECTION('',(-3.06658683336675E-16,0.707106781186548,-0.707106781186547));
#9694=DIRECTION('',(-4.33680868994202E-16,0.,-1.));
#9695=DIRECTION('',(0.,1.,0.));
#9696=DIRECTION('',(-4.33680868994202E-16,0.,-1.));
#9697=DIRECTION('',(0.707106781186533,0.,0.707106781186562));
#9698=DIRECTION('',(0.707106781186562,0.,-0.707106781186533));
#9699=DIRECTION('',(0.707106781186562,0.,-0.707106781186533));
#9700=DIRECTION('',(0.707106781186562,0.,-0.707106781186533));
#9701=DIRECTION('',(0.,1.,0.));
#9702=DIRECTION('',(1.,0.,0.));
#9703=DIRECTION('',(0.,0.,-1.));
#9704=DIRECTION('',(0.,0.,-1.));
#9705=DIRECTION('',(0.,0.,-1.));
#9706=DIRECTION('',(0.,1.,0.));
#9707=DIRECTION('',(0.707106781186533,0.,-0.707106781186562));
#9708=DIRECTION('',(-0.707106781186562,0.,-0.707106781186533));
#9709=DIRECTION('',(-0.707106781186562,0.,-0.707106781186533));
#9710=DIRECTION('',(-0.707106781186562,0.,-0.707106781186533));
#9711=DIRECTION('',(0.,1.,0.));
#9712=DIRECTION('',(1.,0.,0.));
#9713=DIRECTION('',(0.,0.,-1.));
#9714=DIRECTION('',(0.,-0.707106781186548,-0.707106781186547));
#9715=DIRECTION('',(0.,0.,-1.));
#9716=DIRECTION('',(0.,0.,-1.));
#9717=DIRECTION('',(0.,1.,0.));
#9718=DIRECTION('',(0.,0.,-1.));
#9719=DIRECTION('',(-1.,0.,0.));
#9720=DIRECTION('',(-1.,0.,0.));
#9721=DIRECTION('',(-1.,0.,0.));
#9722=DIRECTION('',(0.,1.,0.));
#9723=DIRECTION('',(-0.384615384615359,0.,-0.923076923076934));
#9724=DIRECTION('',(-0.923076923076934,0.,0.384615384615359));
#9725=DIRECTION('',(-0.861549790341303,0.358979079308848,0.358979079308848));
#9726=DIRECTION('',(-0.923076923076934,0.,0.384615384615359));
#9727=DIRECTION('',(0.,1.,0.));
#9728=DIRECTION('',(-0.923076923076934,0.,0.384615384615359));
#9729=DIRECTION('',(0.,0.,-1.));
#9730=DIRECTION('',(-1.,0.,0.));
#9731=DIRECTION('',(-1.,0.,0.));
#9732=DIRECTION('',(-1.,0.,0.));
#9733=DIRECTION('',(0.,1.,0.));
#9734=DIRECTION('',(0.53868677574718,0.,-0.842506117268657));
#9735=DIRECTION('',(-0.842506117268657,0.,-0.53868677574718));
#9736=DIRECTION('',(-0.741732537970507,-0.474253540901821,-0.474253540901821));
#9737=DIRECTION('',(-0.842506117268657,0.,-0.53868677574718));
#9738=DIRECTION('',(-0.842506117268657,0.,-0.53868677574718));
#9739=DIRECTION('',(0.,1.,0.));
#9740=DIRECTION('',(1.59051663445306E-15,0.,-1.));
#9741=DIRECTION('',(-1.,0.,-1.59051663445306E-15));
#9742=DIRECTION('',(-1.,0.,0.));
#9743=DIRECTION('',(-1.,0.,-1.59051663445306E-15));
#9744=DIRECTION('',(0.,1.,0.));
#9745=DIRECTION('',(-0.538686775747198,0.,-0.842506117268645));
#9746=DIRECTION('',(-0.842506117268645,0.,0.538686775747198));
#9747=DIRECTION('',(-0.741732537970491,0.474253540901833,0.474253540901833));
#9748=DIRECTION('',(-0.842506117268645,0.,0.538686775747198));
#9749=DIRECTION('',(0.,1.,0.));
#9750=DIRECTION('',(-0.842506117268645,0.,0.538686775747198));
#9751=DIRECTION('',(0.,0.,-1.));
#9752=DIRECTION('',(-1.,0.,0.));
#9753=DIRECTION('',(-1.,0.,0.));
#9754=DIRECTION('',(-1.,0.,0.));
#9755=DIRECTION('',(0.,1.,0.));
#9756=DIRECTION('',(0.384615384615374,0.,-0.923076923076928));
#9757=DIRECTION('',(-0.923076923076928,0.,-0.384615384615374));
#9758=DIRECTION('',(-0.861549790341293,-0.35897907930886,-0.35897907930886));
#9759=DIRECTION('',(-0.923076923076928,0.,-0.384615384615374));
#9760=DIRECTION('',(-0.923076923076928,0.,-0.384615384615374));
#9761=DIRECTION('',(0.,1.,0.));
#9762=DIRECTION('',(-1.62630325872826E-15,0.,-1.));
#9763=DIRECTION('',(-1.,0.,1.62630325872826E-15));
#9764=DIRECTION('',(-1.,0.,0.));
#9765=DIRECTION('',(-1.,0.,1.62630325872826E-15));
#9766=DIRECTION('',(0.,1.,0.));
#9767=DIRECTION('',(-1.,0.,0.));
#9768=DIRECTION('',(0.,0.,1.));
#9769=DIRECTION('',(0.,0.707106781186548,0.707106781186547));
#9770=DIRECTION('',(0.,0.,1.));
#9771=DIRECTION('',(0.,0.,1.));
#9772=DIRECTION('',(0.,1.,0.));
#9773=DIRECTION('',(0.,0.,1.));
#9774=DIRECTION('',(0.,1.,0.));
#9775=DIRECTION('',(0.,0.,1.));
#9776=DIRECTION('',(0.,0.,1.));
#9777=DIRECTION('',(-1.,0.,0.));
#9778=DIRECTION('',(1.,0.,0.));
#9779=DIRECTION('',(1.,0.,0.));
#9780=DIRECTION('',(1.,0.,0.));
#9781=DIRECTION('',(0.,0.,1.));
#9782=DIRECTION('',(-1.,0.,0.));
#9783=DIRECTION('',(0.,-0.707106781186547,0.707106781186548));
#9784=DIRECTION('',(0.,-0.707106781186548,-0.707106781186547));
#9785=DIRECTION('',(0.,-0.707106781186547,0.707106781186548));
#9786=DIRECTION('',(0.,-0.707106781186548,-0.707106781186547));
#9787=DIRECTION('',(0.,-0.707106781186547,0.707106781186548));
#9788=DIRECTION('',(0.,-0.707106781186548,-0.707106781186547));
#9789=DIRECTION('',(0.,-0.707106781186547,-0.707106781186548));
#9790=DIRECTION('',(0.,0.707106781186548,-0.707106781186547));
#9791=DIRECTION('',(0.,-0.707106781186548,0.707106781186547));
#9792=DIRECTION('',(0.,0.,-1.));
#9793=DIRECTION('',(-1.,0.,0.));
#9794=DIRECTION('',(0.,-1.,0.));
#9795=DIRECTION('',(-1.,0.,0.));
#9796=DIRECTION('',(0.,-1.,0.));
#9797=DIRECTION('',(0.,1.,0.));
#9798=DIRECTION('',(0.,0.,1.));
#9799=DIRECTION('',(0.,0.,-1.));
#9800=DIRECTION('',(-1.,0.,0.));
#9801=DIRECTION('',(0.,0.,-1.));
#9802=DIRECTION('',(0.,0.248689887164854,0.968583161128631));
#9803=DIRECTION('',(0.,-0.968583161128631,0.248689887164854));
#9804=DIRECTION('',(0.,0.968583161128631,-0.248689887164854));
#9805=DIRECTION('',(-1.,0.,0.));
#9806=DIRECTION('',(0.,0.968583161128631,-0.248689887164854));
#9807=DIRECTION('',(0.,1.,-1.21011975062165E-16));
#9808=DIRECTION('',(0.,1.21011975062165E-16,1.));
#9809=DIRECTION('',(0.,-1.21011975062165E-16,-1.));
#9810=DIRECTION('',(0.,-1.21011975062165E-16,-1.));
#9811=DIRECTION('',(1.,0.,0.));
#9812=DIRECTION('',(0.,0.,-1.));
#9813=DIRECTION('',(1.,0.,0.));
#9814=DIRECTION('',(0.,0.,-1.));
#9815=DIRECTION('',(0.,0.,1.));
#9816=DIRECTION('',(1.,0.,0.));
#9817=CARTESIAN_POINT('',(0.,0.,0.));
#9818=CARTESIAN_POINT('',(-2.8,-2.2,2.));
#9819=CARTESIAN_POINT('',(-2.8,-2.45,2.));
#9820=CARTESIAN_POINT('',(-2.8,-2.45,1.75));
#9821=CARTESIAN_POINT('',(-2.8,-2.45,1.72080992435478));
#9822=CARTESIAN_POINT('',(-2.8,-2.6,1.35));
#9823=CARTESIAN_POINT('',(-2.8,-2.2,1.35));
#9824=CARTESIAN_POINT('',(-2.8,-2.2,2.));
#9825=CARTESIAN_POINT('',(-2.8,-2.2,1.75));
#9826=CARTESIAN_POINT('',(-2.8,0.,1.75));
#9827=CARTESIAN_POINT('',(-2.8,-2.2,2.));
#9828=CARTESIAN_POINT('',(-2.8,-2.2,2.));
#9829=CARTESIAN_POINT('',(-2.8,-2.2,-1.35));
#9830=CARTESIAN_POINT('',(-2.8,-2.2,-1.75));
#9831=CARTESIAN_POINT('',(-2.8,-2.6,-1.35));
#9832=CARTESIAN_POINT('',(-2.8,-2.45,-1.72080992435478));
#9833=CARTESIAN_POINT('',(-2.8,-2.45,2.));
#9834=CARTESIAN_POINT('',(-2.8,-2.45,-1.75));
#9835=CARTESIAN_POINT('',(-2.8,-2.45,-1.75));
#9836=CARTESIAN_POINT('',(-2.2,-2.45,2.));
#9837=CARTESIAN_POINT('',(-2.2,-2.2,2.));
#9838=CARTESIAN_POINT('',(-2.2,-2.2,1.75));
#9839=CARTESIAN_POINT('',(-2.2,-2.2,1.35));
#9840=CARTESIAN_POINT('',(-2.2,-2.6,1.35));
#9841=CARTESIAN_POINT('',(-2.2,-2.45,1.72080992435478));
#9842=CARTESIAN_POINT('',(-2.2,-2.45,2.));
#9843=CARTESIAN_POINT('',(-2.2,-2.45,1.75));
#9844=CARTESIAN_POINT('',(-2.2,0.,1.75));
#9845=CARTESIAN_POINT('',(-2.2,-2.45,2.));
#9846=CARTESIAN_POINT('',(-2.2,-2.45,2.));
#9847=CARTESIAN_POINT('',(-2.2,-2.45,-1.72080992435478));
#9848=CARTESIAN_POINT('',(-2.2,-2.45,-1.75));
#9849=CARTESIAN_POINT('',(-2.2,-2.6,-1.35));
#9850=CARTESIAN_POINT('',(-2.2,-2.2,-1.35));
#9851=CARTESIAN_POINT('',(-2.2,-2.2,2.));
#9852=CARTESIAN_POINT('',(-2.2,-2.2,-1.75));
#9853=CARTESIAN_POINT('',(-2.2,-2.45,-1.75));
#9854=CARTESIAN_POINT('',(-2.2,-2.2,2.));
#9855=CARTESIAN_POINT('',(-2.2,-2.2,1.35));
#9856=CARTESIAN_POINT('',(4.25,-2.2,1.75));
#9857=CARTESIAN_POINT('',(-0.3,-2.2,2.));
#9858=CARTESIAN_POINT('',(-0.3,-2.45,2.));
#9859=CARTESIAN_POINT('',(-0.3,-2.45,1.75));
#9860=CARTESIAN_POINT('',(-0.3,-2.45,1.72080992435478));
#9861=CARTESIAN_POINT('',(-0.3,-2.6,1.35));
#9862=CARTESIAN_POINT('',(-0.3,-2.2,1.35));
#9863=CARTESIAN_POINT('',(-0.3,-2.2,2.));
#9864=CARTESIAN_POINT('',(-0.3,-2.2,1.75));
#9865=CARTESIAN_POINT('',(-0.3,0.,1.75));
#9866=CARTESIAN_POINT('',(-0.3,-2.2,2.));
#9867=CARTESIAN_POINT('',(-0.3,-2.2,2.));
#9868=CARTESIAN_POINT('',(-0.3,-2.2,-1.35));
#9869=CARTESIAN_POINT('',(-0.3,-2.2,-1.75));
#9870=CARTESIAN_POINT('',(-0.3,-2.6,-1.35));
#9871=CARTESIAN_POINT('',(-0.3,-2.45,-1.72080992435478));
#9872=CARTESIAN_POINT('',(-0.3,-2.45,2.));
#9873=CARTESIAN_POINT('',(-0.3,-2.45,-1.75));
#9874=CARTESIAN_POINT('',(-0.3,-2.45,-1.75));
#9875=CARTESIAN_POINT('',(0.3,-2.45,2.));
#9876=CARTESIAN_POINT('',(0.3,-2.2,2.));
#9877=CARTESIAN_POINT('',(0.3,-2.2,1.75));
#9878=CARTESIAN_POINT('',(0.3,-2.2,1.35));
#9879=CARTESIAN_POINT('',(0.3,-2.6,1.35));
#9880=CARTESIAN_POINT('',(0.3,-2.45,1.72080992435478));
#9881=CARTESIAN_POINT('',(0.3,-2.45,2.));
#9882=CARTESIAN_POINT('',(0.3,-2.45,1.75));
#9883=CARTESIAN_POINT('',(0.3,0.,1.75));
#9884=CARTESIAN_POINT('',(0.3,-2.45,2.));
#9885=CARTESIAN_POINT('',(0.3,-2.45,2.));
#9886=CARTESIAN_POINT('',(0.3,-2.45,-1.72080992435478));
#9887=CARTESIAN_POINT('',(0.3,-2.45,-1.75));
#9888=CARTESIAN_POINT('',(0.3,-2.6,-1.35));
#9889=CARTESIAN_POINT('',(0.3,-2.2,-1.35));
#9890=CARTESIAN_POINT('',(0.3,-2.2,2.));
#9891=CARTESIAN_POINT('',(0.3,-2.2,-1.75));
#9892=CARTESIAN_POINT('',(0.3,-2.45,-1.75));
#9893=CARTESIAN_POINT('',(0.3,-2.2,2.));
#9894=CARTESIAN_POINT('',(0.3,-2.2,1.35));
#9895=CARTESIAN_POINT('',(4.25,-2.2,1.75));
#9896=CARTESIAN_POINT('',(2.2,-2.2,2.));
#9897=CARTESIAN_POINT('',(2.2,-2.6,1.35));
#9898=CARTESIAN_POINT('',(2.2,-2.2,1.35));
#9899=CARTESIAN_POINT('',(2.2,-2.45,1.72080992435478));
#9900=CARTESIAN_POINT('',(2.2,-2.2,2.));
#9901=CARTESIAN_POINT('',(2.2,-2.2,1.75));
#9902=CARTESIAN_POINT('',(2.2,0.,1.75));
#9903=CARTESIAN_POINT('',(2.2,-2.45,1.75));
#9904=CARTESIAN_POINT('',(2.2,-2.45,2.));
#9905=CARTESIAN_POINT('',(2.8,-2.45,2.));
#9906=CARTESIAN_POINT('',(2.8,-2.6,1.35));
#9907=CARTESIAN_POINT('',(2.8,-2.2,1.35));
#9908=CARTESIAN_POINT('',(2.8,-2.45,1.72080992435478));
#9909=CARTESIAN_POINT('',(2.8,-2.45,2.));
#9910=CARTESIAN_POINT('',(2.8,-2.45,1.75));
#9911=CARTESIAN_POINT('',(2.8,0.,1.75));
#9912=CARTESIAN_POINT('',(2.8,-2.2,1.75));
#9913=CARTESIAN_POINT('',(2.8,-2.2,2.));
#9914=CARTESIAN_POINT('',(2.8,-2.2,2.));
#9915=CARTESIAN_POINT('',(2.2,-2.2,1.35));
#9916=CARTESIAN_POINT('',(4.25,-2.2,1.75));
#9917=CARTESIAN_POINT('',(4.25,0.,0.));
#9918=CARTESIAN_POINT('',(4.25,-0.25,-1.));
#9919=CARTESIAN_POINT('',(4.25,-0.95,-1.));
#9920=CARTESIAN_POINT('',(4.25,-0.25,-1.));
#9921=CARTESIAN_POINT('',(4.25,-0.25,1.2));
#9922=CARTESIAN_POINT('',(4.25,-0.25,1.));
#9923=CARTESIAN_POINT('',(4.25,-0.25,1.));
#9924=CARTESIAN_POINT('',(4.25,-0.95,1.));
#9925=CARTESIAN_POINT('',(4.25,-0.95,0.));
#9926=CARTESIAN_POINT('',(4.25,-0.95,1.75));
#9927=CARTESIAN_POINT('',(4.25,0.,1.75));
#9928=CARTESIAN_POINT('',(4.25,-1.35,1.75));
#9929=CARTESIAN_POINT('',(4.25,-1.35,0.));
#9930=CARTESIAN_POINT('',(4.25,-1.35,1.));
#9931=CARTESIAN_POINT('',(4.25,-1.25,1.));
#9932=CARTESIAN_POINT('',(4.25,-1.12,1.));
#9933=CARTESIAN_POINT('',(4.25,-1.245,1.));
#9934=CARTESIAN_POINT('',(4.25,-1.37,1.));
#9935=CARTESIAN_POINT('',(4.25,-1.37,1.));
#9936=CARTESIAN_POINT('',(4.25,-1.37,1.75));
#9937=CARTESIAN_POINT('',(4.25,-1.37,1.75));
#9938=CARTESIAN_POINT('',(4.25,-2.,1.75));
#9939=CARTESIAN_POINT('',(4.25,-2.,1.55));
#9940=CARTESIAN_POINT('',(4.25,-2.2,1.55));
#9941=CARTESIAN_POINT('',(4.25,-2.2,1.55));
#9942=CARTESIAN_POINT('',(4.25,-2.2,-1.55));
#9943=CARTESIAN_POINT('',(4.25,-2.,-1.55));
#9944=CARTESIAN_POINT('',(4.25,-2.,-1.75));
#9945=CARTESIAN_POINT('',(4.25,-2.,-1.75));
#9946=CARTESIAN_POINT('',(4.25,-1.37,-1.75));
#9947=CARTESIAN_POINT('',(4.25,-1.37,-1.75));
#9948=CARTESIAN_POINT('',(4.25,-1.37,-1.));
#9949=CARTESIAN_POINT('',(4.25,-1.245,-1.));
#9950=CARTESIAN_POINT('',(4.25,-1.12,-1.));
#9951=CARTESIAN_POINT('',(4.25,-0.25,-1.));
#9952=CARTESIAN_POINT('',(4.25,-1.35,-1.));
#9953=CARTESIAN_POINT('',(4.25,-1.35,0.));
#9954=CARTESIAN_POINT('',(4.25,-1.35,-1.75));
#9955=CARTESIAN_POINT('',(4.25,-2.45,-1.75));
#9956=CARTESIAN_POINT('',(4.25,-0.95,-1.75));
#9957=CARTESIAN_POINT('',(4.25,-0.95,0.));
#9958=CARTESIAN_POINT('',(-4.25,-0.25,1.));
#9959=CARTESIAN_POINT('',(-4.,-0.250000000000001,1.));
#9960=CARTESIAN_POINT('',(-4.25,-0.25,1.));
#9961=CARTESIAN_POINT('',(-4.20000000000001,-0.100000000000008,1.));
#9962=CARTESIAN_POINT('',(-4.25,-0.25,1.));
#9963=CARTESIAN_POINT('',(-4.25,-0.95,1.));
#9964=CARTESIAN_POINT('',(-4.25,-0.95,1.));
#9965=CARTESIAN_POINT('',(-4.,-0.27143370348351,1.));
#9966=CARTESIAN_POINT('',(-4.,0.,1.));
#9967=CARTESIAN_POINT('',(-4.,-0.25,1.));
#9968=CARTESIAN_POINT('',(-4.2,-0.25,1.));
#9969=CARTESIAN_POINT('',(-4.2,-0.25,1.));
#9970=CARTESIAN_POINT('',(-4.20000000000001,-0.25,1.));
#9971=CARTESIAN_POINT('',(-4.2,-0.25,-1.));
#9972=CARTESIAN_POINT('',(-4.,-0.250000000000001,-1.));
#9973=CARTESIAN_POINT('',(-4.2,-0.100000000000001,-1.));
#9974=CARTESIAN_POINT('',(-4.25,-0.25,-1.));
#9975=CARTESIAN_POINT('',(-4.2,-0.25,-1.));
#9976=CARTESIAN_POINT('',(-4.2,-0.25,-1.));
#9977=CARTESIAN_POINT('',(-4.2,-0.25,-1.));
#9978=CARTESIAN_POINT('',(-4.,-0.25,-1.));
#9979=CARTESIAN_POINT('',(-4.,-1.12,-1.));
#9980=CARTESIAN_POINT('',(-4.,-0.271433703483512,-1.));
#9981=CARTESIAN_POINT('',(-3.00705833427467,2.4236732915891,-1.));
#9982=CARTESIAN_POINT('',(-4.25,-0.95,-1.));
#9983=CARTESIAN_POINT('',(-4.25,-0.25,-1.));
#9984=CARTESIAN_POINT('',(-4.2,0.,1.2));
#9985=CARTESIAN_POINT('',(-3.8,0.,-1.2));
#9986=CARTESIAN_POINT('',(-3.8,0.,-1.4));
#9987=CARTESIAN_POINT('',(-4.,-1.62630325872826E-16,-1.2));
#9988=CARTESIAN_POINT('',(-4.,-1.62630325872826E-16,1.2));
#9989=CARTESIAN_POINT('',(-4.,0.,1.2));
#9990=CARTESIAN_POINT('',(-3.8,0.,1.2));
#9991=CARTESIAN_POINT('',(-3.79999999999999,0.,1.4));
#9992=CARTESIAN_POINT('',(-3.79999999999999,0.,1.4));
#9993=CARTESIAN_POINT('',(-3.25,0.,1.4));
#9994=CARTESIAN_POINT('',(-3.25,0.,1.6));
#9995=CARTESIAN_POINT('',(-3.05,0.,1.6));
#9996=CARTESIAN_POINT('',(-3.05,0.,1.6));
#9997=CARTESIAN_POINT('',(-3.05,0.,1.75));
#9998=CARTESIAN_POINT('',(-3.05,0.,1.75));
#9999=CARTESIAN_POINT('',(3.05,0.,1.75));
#10000=CARTESIAN_POINT('',(3.05,0.,1.75));
#10001=CARTESIAN_POINT('',(3.05,0.,1.6));
#10002=CARTESIAN_POINT('',(3.25,0.,1.6));
#10003=CARTESIAN_POINT('',(3.25,0.,1.4));
#10004=CARTESIAN_POINT('',(3.25,0.,1.4));
#10005=CARTESIAN_POINT('',(3.79999999999999,0.,1.4));
#10006=CARTESIAN_POINT('',(3.8,0.,1.2));
#10007=CARTESIAN_POINT('',(4.,0.,1.2));
#10008=CARTESIAN_POINT('',(4.,0.,1.2));
#10009=CARTESIAN_POINT('',(4.,0.,-1.19999997658692));
#10010=CARTESIAN_POINT('',(3.8,0.,-1.2));
#10011=CARTESIAN_POINT('',(3.8,0.,-1.4));
#10012=CARTESIAN_POINT('',(3.8,0.,-1.4));
#10013=CARTESIAN_POINT('',(3.25,0.,-1.4));
#10014=CARTESIAN_POINT('',(3.25,0.,-1.6));
#10015=CARTESIAN_POINT('',(3.05,0.,-1.6));
#10016=CARTESIAN_POINT('',(3.05,0.,-1.6));
#10017=CARTESIAN_POINT('',(3.05,0.,-1.75));
#10018=CARTESIAN_POINT('',(3.05,0.,-1.75));
#10019=CARTESIAN_POINT('',(1.05,0.,-1.75));
#10020=CARTESIAN_POINT('',(1.05,0.,-1.75));
#10021=CARTESIAN_POINT('',(1.05,0.,-1.65));
#10022=CARTESIAN_POINT('',(0.85,0.,-1.65));
#10023=CARTESIAN_POINT('',(0.85,0.,-1.45));
#10024=CARTESIAN_POINT('',(0.85,0.,-1.45));
#10025=CARTESIAN_POINT('',(-1.8,0.,-1.45));
#10026=CARTESIAN_POINT('',(-1.925,0.,-1.45));
#10027=CARTESIAN_POINT('',(-2.05,0.,-1.45));
#10028=CARTESIAN_POINT('',(-2.05,0.,-1.45));
#10029=CARTESIAN_POINT('',(-3.05,5.42101086242752E-17,-1.45));
#10030=CARTESIAN_POINT('',(-3.05,0.,-1.45));
#10031=CARTESIAN_POINT('',(-3.05,0.,-1.4));
#10032=CARTESIAN_POINT('',(-3.05,0.,-1.4));
#10033=CARTESIAN_POINT('',(-4.,-4.,4.25));
#10034=CARTESIAN_POINT('',(-4.,0.,1.75));
#10035=CARTESIAN_POINT('',(-4.,-2.45,1.75));
#10036=CARTESIAN_POINT('',(-4.,-2.,1.75));
#10037=CARTESIAN_POINT('',(-4.,-2.,1.55));
#10038=CARTESIAN_POINT('',(-4.,-2.2,1.55));
#10039=CARTESIAN_POINT('',(-4.,-2.2,1.55));
#10040=CARTESIAN_POINT('',(-4.,-2.2,-1.55));
#10041=CARTESIAN_POINT('',(-4.,-2.,-1.55));
#10042=CARTESIAN_POINT('',(-4.,-2.,-1.75));
#10043=CARTESIAN_POINT('',(-4.,-4.,-1.75));
#10044=CARTESIAN_POINT('',(-4.,-2.45,-1.75));
#10045=CARTESIAN_POINT('',(-4.,-2.45,-1.4));
#10046=CARTESIAN_POINT('',(-4.,-2.45,-1.4));
#10047=CARTESIAN_POINT('',(-4.,-2.74967311138127,-1.4));
#10048=CARTESIAN_POINT('',(-4.,-2.74967311138127,-1.4));
#10049=CARTESIAN_POINT('',(-4.,-3.2,-1.3));
#10050=CARTESIAN_POINT('',(-4.,-3.2,-1.3));
#10051=CARTESIAN_POINT('',(-4.,-3.2,1.3));
#10052=CARTESIAN_POINT('',(-4.,-3.2,1.3));
#10053=CARTESIAN_POINT('',(-4.,-2.74967311138127,1.4));
#10054=CARTESIAN_POINT('',(-4.,-2.74967311138127,1.4));
#10055=CARTESIAN_POINT('',(-4.,-2.45,1.4));
#10056=CARTESIAN_POINT('',(-4.,-2.45,1.4));
#10057=CARTESIAN_POINT('',(-4.,-2.45,1.75));
#10058=CARTESIAN_POINT('',(-4.,-4.,4.25));
#10059=CARTESIAN_POINT('',(-4.,-4.,-1.75));
#10060=CARTESIAN_POINT('',(-4.,-1.37,-1.75));
#10061=CARTESIAN_POINT('',(-4.,-1.35,-1.75));
#10062=CARTESIAN_POINT('',(-4.,-1.37,-1.75));
#10063=CARTESIAN_POINT('',(-4.,-1.37,-1.));
#10064=CARTESIAN_POINT('',(-4.,-1.245,-1.));
#10065=CARTESIAN_POINT('',(-4.,-1.25,-0.875100040032032));
#10066=CARTESIAN_POINT('',(-4.,-1.25,-1.));
#10067=CARTESIAN_POINT('',(-4.,-1.25,-1.));
#10068=CARTESIAN_POINT('',(-4.,-2.,-1.));
#10069=CARTESIAN_POINT('',(-4.,-1.35,-1.));
#10070=CARTESIAN_POINT('',(-4.,-1.35,4.25));
#10071=CARTESIAN_POINT('',(-4.2,-0.25,1.2));
#10072=CARTESIAN_POINT('',(-4.2,-0.25,-1.2));
#10073=CARTESIAN_POINT('',(-4.,-0.25,-1.19999997658691));
#10074=CARTESIAN_POINT('',(-3.8,-0.25,-1.2));
#10075=CARTESIAN_POINT('',(-3.99210331267794,-0.25,-1.25564456180223));
#10076=CARTESIAN_POINT('',(-3.99210331267794,-0.25,-1.45));
#10077=CARTESIAN_POINT('',(-3.99210331267794,-0.25,-1.));
#10078=CARTESIAN_POINT('',(4.25,-0.25,-1.));
#10079=CARTESIAN_POINT('',(-3.5,-0.25,-1.));
#10080=CARTESIAN_POINT('',(-3.5,-0.25,-1.45));
#10081=CARTESIAN_POINT('',(-3.5,-0.25,-1.35));
#10082=CARTESIAN_POINT('',(4.25,-0.25,-1.35));
#10083=CARTESIAN_POINT('',(-3.08998031022997,-0.25,-1.35));
#10084=CARTESIAN_POINT('',(-3.08998031022997,-0.25,-1.45));
#10085=CARTESIAN_POINT('',(-3.08998031022997,-0.25,-1.4));
#10086=CARTESIAN_POINT('',(-3.05,-0.25,-1.4));
#10087=CARTESIAN_POINT('',(-3.05,-0.25,-1.4));
#10088=CARTESIAN_POINT('',(-3.05,-0.25,-1.45));
#10089=CARTESIAN_POINT('',(-3.05,-0.25,-1.45));
#10090=CARTESIAN_POINT('',(-2.05,-0.25,-1.45));
#10091=CARTESIAN_POINT('',(-2.05,-0.25,-1.45));
#10092=CARTESIAN_POINT('',(-1.925,-0.25,-1.45));
#10093=CARTESIAN_POINT('',(-1.8,-0.25,-1.45));
#10094=CARTESIAN_POINT('',(0.85,-0.25,-1.45));
#10095=CARTESIAN_POINT('',(0.85,-0.25,-1.45));
#10096=CARTESIAN_POINT('',(0.85,-0.25,-1.65));
#10097=CARTESIAN_POINT('',(0.95,-0.25,-1.47679491924311));
#10098=CARTESIAN_POINT('',(0.95,-0.25,-2.));
#10099=CARTESIAN_POINT('',(0.95,-0.25,-1.35));
#10100=CARTESIAN_POINT('',(4.25,-0.25,-1.35));
#10101=CARTESIAN_POINT('',(3.5,-0.25,-1.35));
#10102=CARTESIAN_POINT('',(3.5,-0.25,-1.45));
#10103=CARTESIAN_POINT('',(3.5,-0.25,-1.));
#10104=CARTESIAN_POINT('',(4.25,-0.25,-1.));
#10105=CARTESIAN_POINT('',(3.99210331267794,-0.25,-1.));
#10106=CARTESIAN_POINT('',(3.99210331267794,-0.25,4.25));
#10107=CARTESIAN_POINT('',(3.99210331267794,-0.25,-1.25564456180222));
#10108=CARTESIAN_POINT('',(3.8,-0.25,-1.2));
#10109=CARTESIAN_POINT('',(4.,-0.25,-1.19999997658692));
#10110=CARTESIAN_POINT('',(4.2,-0.25,-1.2));
#10111=CARTESIAN_POINT('',(4.2,-0.25,-1.));
#10112=CARTESIAN_POINT('',(-4.2,-0.25,-1.));
#10113=CARTESIAN_POINT('',(4.,-0.25,-1.));
#10114=CARTESIAN_POINT('',(4.,-0.25,1.2));
#10115=CARTESIAN_POINT('',(4.,-0.25,1.));
#10116=CARTESIAN_POINT('',(-4.2,-0.25,1.));
#10117=CARTESIAN_POINT('',(4.2,-0.25,1.));
#10118=CARTESIAN_POINT('',(4.2,-0.25,1.2));
#10119=CARTESIAN_POINT('',(4.,-0.25,1.20000000000001));
#10120=CARTESIAN_POINT('',(3.8,-0.25,1.2));
#10121=CARTESIAN_POINT('',(3.99210331267794,-0.25,1.25564456180221));
#10122=CARTESIAN_POINT('',(3.99210331267794,-0.25,1.));
#10123=CARTESIAN_POINT('',(3.99210331267794,-0.25,1.));
#10124=CARTESIAN_POINT('',(4.25,-0.25,1.));
#10125=CARTESIAN_POINT('',(3.5,-0.25,1.));
#10126=CARTESIAN_POINT('',(3.5,-0.25,1.));
#10127=CARTESIAN_POINT('',(3.5,-0.25,1.35));
#10128=CARTESIAN_POINT('',(4.25,-0.25,1.35));
#10129=CARTESIAN_POINT('',(1.9,-0.25,1.35));
#10130=CARTESIAN_POINT('',(1.9,-0.25,2.));
#10131=CARTESIAN_POINT('',(1.9,-0.25,1.75));
#10132=CARTESIAN_POINT('',(-3.05,-0.25,1.75));
#10133=CARTESIAN_POINT('',(-1.9,-0.25,1.75));
#10134=CARTESIAN_POINT('',(-1.9,-0.25,2.));
#10135=CARTESIAN_POINT('',(-1.9,-0.25,1.35));
#10136=CARTESIAN_POINT('',(4.25,-0.25,1.35));
#10137=CARTESIAN_POINT('',(-3.5,-0.25,1.35));
#10138=CARTESIAN_POINT('',(-3.5,-0.25,1.));
#10139=CARTESIAN_POINT('',(-3.5,-0.25,1.));
#10140=CARTESIAN_POINT('',(4.25,-0.25,1.));
#10141=CARTESIAN_POINT('',(-3.99210331267794,-0.25,1.));
#10142=CARTESIAN_POINT('',(-3.99210331267794,-0.25,4.25));
#10143=CARTESIAN_POINT('',(-3.99210331267794,-0.25,1.25564456180221));
#10144=CARTESIAN_POINT('',(-3.8,-0.25,1.2));
#10145=CARTESIAN_POINT('',(-4.,-0.25,1.2));
#10146=CARTESIAN_POINT('',(-4.2,-0.25,1.2));
#10147=CARTESIAN_POINT('',(-4.,-0.25,1.2));
#10148=CARTESIAN_POINT('',(-4.,-1.35,4.25));
#10149=CARTESIAN_POINT('',(-4.25,-1.35,0.));
#10150=CARTESIAN_POINT('',(-4.25,-1.35,1.75));
#10151=CARTESIAN_POINT('',(-4.25,-1.35,1.));
#10152=CARTESIAN_POINT('',(-4.,-1.35,1.));
#10153=CARTESIAN_POINT('',(-4.,-1.35,1.));
#10154=CARTESIAN_POINT('',(-4.,-1.35,4.25));
#10155=CARTESIAN_POINT('',(-4.,-1.35,1.75));
#10156=CARTESIAN_POINT('',(4.25,-1.35000000000001,1.75));
#10157=CARTESIAN_POINT('',(-4.,-1.35,4.25));
#10158=CARTESIAN_POINT('',(-4.,-1.35,-1.));
#10159=CARTESIAN_POINT('',(-4.25,-1.35,-1.));
#10160=CARTESIAN_POINT('',(-4.25,-1.35,0.));
#10161=CARTESIAN_POINT('',(-4.25,-1.35,-1.75));
#10162=CARTESIAN_POINT('',(-4.,-1.35,-1.75));
#10163=CARTESIAN_POINT('',(4.25,-0.25,-1.));
#10164=CARTESIAN_POINT('',(4.,-1.12,-1.));
#10165=CARTESIAN_POINT('',(4.,-1.12,-1.));
#10166=CARTESIAN_POINT('',(4.,-1.12,-1.));
#10167=CARTESIAN_POINT('',(4.,-0.271433703483511,-1.));
#10168=CARTESIAN_POINT('',(4.02292552239262,-0.333659650786185,-1.));
#10169=CARTESIAN_POINT('',(3.5,-0.25,-1.));
#10170=CARTESIAN_POINT('',(3.5,-1.25,-0.999999999999999));
#10171=CARTESIAN_POINT('',(4.25,-1.25,-1.));
#10172=CARTESIAN_POINT('',(4.,-1.25,-1.));
#10173=CARTESIAN_POINT('',(4.,-2.,-1.));
#10174=CARTESIAN_POINT('',(4.,-1.35,-1.));
#10175=CARTESIAN_POINT('',(4.25,-1.35,-1.));
#10176=CARTESIAN_POINT('',(4.25,-1.25,1.));
#10177=CARTESIAN_POINT('',(4.,-1.12,1.));
#10178=CARTESIAN_POINT('',(4.,-1.12,1.));
#10179=CARTESIAN_POINT('',(4.25,-1.35,1.));
#10180=CARTESIAN_POINT('',(4.,-1.35,1.));
#10181=CARTESIAN_POINT('',(4.,-1.,1.));
#10182=CARTESIAN_POINT('',(4.,-1.25,1.));
#10183=CARTESIAN_POINT('',(4.25,-1.25,1.));
#10184=CARTESIAN_POINT('',(3.5,-1.25,1.));
#10185=CARTESIAN_POINT('',(3.5,-1.25,1.));
#10186=CARTESIAN_POINT('',(4.3473176332603,-1.21414586394878,1.));
#10187=CARTESIAN_POINT('',(4.,-0.27143370348351,1.));
#10188=CARTESIAN_POINT('',(4.,0.,1.));
#10189=CARTESIAN_POINT('',(4.,-1.35,4.25));
#10190=CARTESIAN_POINT('',(4.,-2.,1.55));
#10191=CARTESIAN_POINT('',(4.,-2.,1.75));
#10192=CARTESIAN_POINT('',(4.,-2.2,1.55));
#10193=CARTESIAN_POINT('',(4.,0.,1.75));
#10194=CARTESIAN_POINT('',(4.,-2.45,1.75));
#10195=CARTESIAN_POINT('',(4.,-2.45,1.75));
#10196=CARTESIAN_POINT('',(4.,-2.45,1.4));
#10197=CARTESIAN_POINT('',(4.,-2.45,1.4));
#10198=CARTESIAN_POINT('',(4.,-2.74967311138127,1.4));
#10199=CARTESIAN_POINT('',(4.,-2.74967311138127,1.4));
#10200=CARTESIAN_POINT('',(4.,-3.2,1.3));
#10201=CARTESIAN_POINT('',(4.,-3.2,1.3));
#10202=CARTESIAN_POINT('',(4.,-3.2,-1.3));
#10203=CARTESIAN_POINT('',(4.,-3.2,-1.3));
#10204=CARTESIAN_POINT('',(4.,-2.74967311138127,-1.4));
#10205=CARTESIAN_POINT('',(4.,-2.74967311138127,-1.4));
#10206=CARTESIAN_POINT('',(4.,-2.45,-1.4));
#10207=CARTESIAN_POINT('',(4.,-2.45,-1.4));
#10208=CARTESIAN_POINT('',(4.,-2.45,-1.75));
#10209=CARTESIAN_POINT('',(4.,-1.35,-1.75));
#10210=CARTESIAN_POINT('',(4.,-2.,-1.75));
#10211=CARTESIAN_POINT('',(4.,-2.,-1.55));
#10212=CARTESIAN_POINT('',(4.,-2.2,-1.55));
#10213=CARTESIAN_POINT('',(4.,-2.2,1.55));
#10214=CARTESIAN_POINT('',(4.,-1.35,4.25));
#10215=CARTESIAN_POINT('',(4.,-1.37,1.));
#10216=CARTESIAN_POINT('',(4.,-1.37,1.));
#10217=CARTESIAN_POINT('',(4.,-1.37,1.75));
#10218=CARTESIAN_POINT('',(4.,-1.245,1.));
#10219=CARTESIAN_POINT('',(4.,-1.25,0.875100040032032));
#10220=CARTESIAN_POINT('',(4.,-1.25,-1.));
#10221=CARTESIAN_POINT('',(4.,-1.35,4.25));
#10222=CARTESIAN_POINT('',(4.,-1.35,1.75));
#10223=CARTESIAN_POINT('',(4.,0.,1.75));
#10224=CARTESIAN_POINT('',(4.25,-1.25,-1.));
#10225=CARTESIAN_POINT('',(4.25,-1.25,-1.));
#10226=CARTESIAN_POINT('',(-3.5,-1.25,-1.));
#10227=CARTESIAN_POINT('',(-4.,-1.25,-1.));
#10228=CARTESIAN_POINT('',(-4.,-1.25,0.875100040032032));
#10229=CARTESIAN_POINT('',(-4.,-1.25,-1.));
#10230=CARTESIAN_POINT('',(-4.,-1.25,1.));
#10231=CARTESIAN_POINT('',(4.25,-1.25,1.));
#10232=CARTESIAN_POINT('',(-3.5,-1.25,0.999999999999999));
#10233=CARTESIAN_POINT('',(-3.5,-1.25,-1.35));
#10234=CARTESIAN_POINT('',(-3.5,-1.25,1.35));
#10235=CARTESIAN_POINT('',(-3.5,-1.25,1.35));
#10236=CARTESIAN_POINT('',(-1.7,-1.25,1.35));
#10237=CARTESIAN_POINT('',(-1.7,-1.25,2.));
#10238=CARTESIAN_POINT('',(-1.7,-1.25,1.75));
#10239=CARTESIAN_POINT('',(4.25,-1.25,1.75));
#10240=CARTESIAN_POINT('',(1.7,-1.25,1.75));
#10241=CARTESIAN_POINT('',(1.7,-1.25,2.));
#10242=CARTESIAN_POINT('',(1.7,-1.25,1.35));
#10243=CARTESIAN_POINT('',(-3.5,-1.25,1.35));
#10244=CARTESIAN_POINT('',(3.5,-1.25,1.35));
#10245=CARTESIAN_POINT('',(3.5,-1.25,1.35));
#10246=CARTESIAN_POINT('',(4.,-1.25,-1.));
#10247=CARTESIAN_POINT('',(4.,-1.25,-0.875100040032032));
#10248=CARTESIAN_POINT('',(4.,-1.25,-1.));
#10249=CARTESIAN_POINT('',(3.5,-1.25,1.35));
#10250=CARTESIAN_POINT('',(3.5,-1.25,-1.35));
#10251=CARTESIAN_POINT('',(3.5,-1.25,-1.35));
#10252=CARTESIAN_POINT('',(0.75,-1.25,-1.35));
#10253=CARTESIAN_POINT('',(0.75,-1.25,-2.));
#10254=CARTESIAN_POINT('',(0.75,-1.25,-1.75));
#10255=CARTESIAN_POINT('',(4.25,-1.25,-1.75));
#10256=CARTESIAN_POINT('',(-2.77106790769135,-1.25,-1.75));
#10257=CARTESIAN_POINT('',(-2.77106790769135,-1.25,-2.));
#10258=CARTESIAN_POINT('',(-2.77106790769135,-1.25,-1.35));
#10259=CARTESIAN_POINT('',(3.5,-1.25,-1.35));
#10260=CARTESIAN_POINT('',(-3.5,-1.25,-1.35));
#10261=CARTESIAN_POINT('',(-3.5,-1.25,-1.35));
#10262=CARTESIAN_POINT('',(4.25,-1.35,4.25));
#10263=CARTESIAN_POINT('',(4.25,-1.35,1.75));
#10264=CARTESIAN_POINT('',(4.25,-0.25,-1.45));
#10265=CARTESIAN_POINT('',(3.8,-0.25,-1.4));
#10266=CARTESIAN_POINT('',(3.8,-0.25,-1.4));
#10267=CARTESIAN_POINT('',(3.25,-0.25,-1.4));
#10268=CARTESIAN_POINT('',(3.8,-0.25,-1.2));
#10269=CARTESIAN_POINT('',(3.99210331267794,-0.25,-1.45));
#10270=CARTESIAN_POINT('',(3.99210331267794,-0.25,-1.45));
#10271=CARTESIAN_POINT('',(4.25,-0.25,-1.45));
#10272=CARTESIAN_POINT('',(3.15,-0.25,-1.45));
#10273=CARTESIAN_POINT('',(3.15,-0.25,4.25));
#10274=CARTESIAN_POINT('',(3.15,-0.25,-1.75));
#10275=CARTESIAN_POINT('',(-2.65,-0.25,-1.75));
#10276=CARTESIAN_POINT('',(3.05,-0.25,-1.75));
#10277=CARTESIAN_POINT('',(3.05,-0.25,-1.6));
#10278=CARTESIAN_POINT('',(3.05,-0.25,-1.6));
#10279=CARTESIAN_POINT('',(3.25,-0.25,-1.6));
#10280=CARTESIAN_POINT('',(4.25,0.,1.75));
#10281=CARTESIAN_POINT('',(-1.9,-0.35,1.75));
#10282=CARTESIAN_POINT('',(-1.8,-0.35,1.75));
#10283=CARTESIAN_POINT('',(1.9,-0.35,1.75));
#10284=CARTESIAN_POINT('',(1.8,-0.35,1.75));
#10285=CARTESIAN_POINT('',(1.8,0.,1.75));
#10286=CARTESIAN_POINT('',(1.8,-1.15,1.75));
#10287=CARTESIAN_POINT('',(1.7,-1.15,1.75));
#10288=CARTESIAN_POINT('',(-1.7,-1.15,1.75));
#10289=CARTESIAN_POINT('',(-1.8,-1.15,1.75));
#10290=CARTESIAN_POINT('',(-1.8,0.,1.75));
#10291=CARTESIAN_POINT('',(4.25,-2.45,1.75));
#10292=CARTESIAN_POINT('',(4.,-2.,1.75));
#10293=CARTESIAN_POINT('',(4.,-1.37,1.75));
#10294=CARTESIAN_POINT('',(3.9418274946757,-0.113538097495536,1.75));
#10295=CARTESIAN_POINT('',(3.89999735292006,0.,1.75));
#10296=CARTESIAN_POINT('',(4.25,0.,1.75));
#10297=CARTESIAN_POINT('',(3.15,0.,1.75));
#10298=CARTESIAN_POINT('',(3.15,0.,1.75));
#10299=CARTESIAN_POINT('',(3.15,-0.25,1.75));
#10300=CARTESIAN_POINT('',(4.25,-0.25,1.75));
#10301=CARTESIAN_POINT('',(3.05,-0.25,1.75));
#10302=CARTESIAN_POINT('',(3.05,-0.25,1.75));
#10303=CARTESIAN_POINT('',(-3.05,-0.25,1.75));
#10304=CARTESIAN_POINT('',(-3.05,-0.25,1.75));
#10305=CARTESIAN_POINT('',(4.25,-0.25,1.75));
#10306=CARTESIAN_POINT('',(-3.15,-0.25,1.75));
#10307=CARTESIAN_POINT('',(-3.15,0.,1.75));
#10308=CARTESIAN_POINT('',(-3.15,0.,1.75));
#10309=CARTESIAN_POINT('',(4.25,0.,1.75));
#10310=CARTESIAN_POINT('',(-3.89999735292006,0.,1.75));
#10311=CARTESIAN_POINT('',(-2.92596030655775,2.64379484487975,1.75));
#10312=CARTESIAN_POINT('',(-4.25,-0.95,1.75));
#10313=CARTESIAN_POINT('',(-4.25,0.,1.75));
#10314=CARTESIAN_POINT('',(-4.,0.,1.75));
#10315=CARTESIAN_POINT('',(-4.,-1.37,1.75));
#10316=CARTESIAN_POINT('',(-4.,-1.37,1.75));
#10317=CARTESIAN_POINT('',(-4.25,-1.37,1.75));
#10318=CARTESIAN_POINT('',(-4.25,-1.37,1.75));
#10319=CARTESIAN_POINT('',(-4.25,-2.,1.75));
#10320=CARTESIAN_POINT('',(-4.,-2.,1.75));
#10321=CARTESIAN_POINT('',(4.25,-2.45,1.75));
#10322=CARTESIAN_POINT('',(4.25,-2.45,1.75));
#10323=CARTESIAN_POINT('',(4.25,-2.45,1.75));
#10324=CARTESIAN_POINT('',(4.25,-2.45,1.75));
#10325=CARTESIAN_POINT('',(0.3,-2.45,1.75));
#10326=CARTESIAN_POINT('',(0.3,-2.45,1.4));
#10327=CARTESIAN_POINT('',(4.25,-2.45,1.4));
#10328=CARTESIAN_POINT('',(2.2,-2.45,1.4));
#10329=CARTESIAN_POINT('',(2.2,-2.45,1.75));
#10330=CARTESIAN_POINT('',(4.25,-2.45,1.75));
#10331=CARTESIAN_POINT('',(2.8,-2.45,1.75));
#10332=CARTESIAN_POINT('',(2.8,-2.45,1.4));
#10333=CARTESIAN_POINT('',(4.25,-2.45,1.4));
#10334=CARTESIAN_POINT('',(4.25,-2.45,-1.4));
#10335=CARTESIAN_POINT('',(2.2,-2.45,2.));
#10336=CARTESIAN_POINT('',(2.2,-2.45,-1.4));
#10337=CARTESIAN_POINT('',(2.2,-2.45,-1.72080992435478));
#10338=CARTESIAN_POINT('',(4.25,-2.45,-1.4));
#10339=CARTESIAN_POINT('',(0.3,-2.45,-1.4));
#10340=CARTESIAN_POINT('',(0.3,-2.45,2.));
#10341=CARTESIAN_POINT('',(4.25,-2.45,-1.75));
#10342=CARTESIAN_POINT('',(2.2,-2.45,-1.75));
#10343=CARTESIAN_POINT('',(2.2,-2.45,2.));
#10344=CARTESIAN_POINT('',(4.25,-2.45,-1.4));
#10345=CARTESIAN_POINT('',(2.8,-2.45,2.));
#10346=CARTESIAN_POINT('',(2.8,-2.45,-1.4));
#10347=CARTESIAN_POINT('',(2.8,-2.45,-1.72080992435478));
#10348=CARTESIAN_POINT('',(2.8,-2.45,2.));
#10349=CARTESIAN_POINT('',(2.8,-2.45,-1.75));
#10350=CARTESIAN_POINT('',(4.25,-2.45,-1.75));
#10351=CARTESIAN_POINT('',(4.25,-2.45,-1.4));
#10352=CARTESIAN_POINT('',(4.25,-2.45,-1.75));
#10353=CARTESIAN_POINT('',(2.2,-2.45,-1.75));
#10354=CARTESIAN_POINT('',(2.2,-2.2,-1.75));
#10355=CARTESIAN_POINT('',(4.25,-2.2,-1.75));
#10356=CARTESIAN_POINT('',(4.25,-2.45,-1.75));
#10357=CARTESIAN_POINT('',(4.25,-2.2,-1.75));
#10358=CARTESIAN_POINT('',(4.25,-2.45,-1.75));
#10359=CARTESIAN_POINT('',(-4.,-2.,-1.75));
#10360=CARTESIAN_POINT('',(-4.25,-2.,-1.75));
#10361=CARTESIAN_POINT('',(-4.25,-2.,-1.75));
#10362=CARTESIAN_POINT('',(-4.25,-1.37,-1.75));
#10363=CARTESIAN_POINT('',(-4.,-1.37,-1.75));
#10364=CARTESIAN_POINT('',(-4.25,-2.45,-1.75));
#10365=CARTESIAN_POINT('',(-4.25,-0.95,-1.75));
#10366=CARTESIAN_POINT('',(-4.25,-0.95,-1.75));
#10367=CARTESIAN_POINT('',(-3.89999735292006,0.,-1.75));
#10368=CARTESIAN_POINT('',(4.25,0.,-1.75));
#10369=CARTESIAN_POINT('',(-3.15,0.,-1.75));
#10370=CARTESIAN_POINT('',(-2.19058577731602,-3.99624784116707,-1.75));
#10371=CARTESIAN_POINT('',(-2.86830489973111,-1.17334453638559,-1.75));
#10372=CARTESIAN_POINT('',(-2.77106790769135,-1.15,-1.75));
#10373=CARTESIAN_POINT('',(0.75,-1.15,-1.75));
#10374=CARTESIAN_POINT('',(0.85,-1.15,-1.75));
#10375=CARTESIAN_POINT('',(0.85,-2.45,-1.75));
#10376=CARTESIAN_POINT('',(0.85,-0.35,-1.75));
#10377=CARTESIAN_POINT('',(0.95,-0.35,-1.75));
#10378=CARTESIAN_POINT('',(0.95,-0.25,-1.75));
#10379=CARTESIAN_POINT('',(-2.65,-0.25,-1.75));
#10380=CARTESIAN_POINT('',(1.05,-0.25,-1.75));
#10381=CARTESIAN_POINT('',(1.05,-0.25,-1.75));
#10382=CARTESIAN_POINT('',(3.05,-0.25,-1.75));
#10383=CARTESIAN_POINT('',(3.15,-0.25,-1.75));
#10384=CARTESIAN_POINT('',(3.15,0.,-1.75));
#10385=CARTESIAN_POINT('',(4.25,0.,-1.75));
#10386=CARTESIAN_POINT('',(3.89999735292006,5.42101086242752E-17,-1.75));
#10387=CARTESIAN_POINT('',(3.58683708974328,0.85,-1.75));
#10388=CARTESIAN_POINT('',(4.25,-1.35,-1.75));
#10389=CARTESIAN_POINT('',(4.,-1.35,-1.75));
#10390=CARTESIAN_POINT('',(4.,-1.35,-1.75));
#10391=CARTESIAN_POINT('',(4.,-1.37,-1.75));
#10392=CARTESIAN_POINT('',(4.,-1.37,-1.75));
#10393=CARTESIAN_POINT('',(4.,-2.,-1.75));
#10394=CARTESIAN_POINT('',(2.8,-2.45,-1.75));
#10395=CARTESIAN_POINT('',(2.8,-2.2,-1.75));
#10396=CARTESIAN_POINT('',(4.25,-2.2,-1.75));
#10397=CARTESIAN_POINT('',(4.25,-2.45,1.75));
#10398=CARTESIAN_POINT('',(-2.2,-2.45,1.75));
#10399=CARTESIAN_POINT('',(-2.2,-2.45,1.4));
#10400=CARTESIAN_POINT('',(4.25,-2.45,1.4));
#10401=CARTESIAN_POINT('',(-0.3,-2.45,1.4));
#10402=CARTESIAN_POINT('',(-0.3,-2.45,1.75));
#10403=CARTESIAN_POINT('',(4.25,-2.45,-1.4));
#10404=CARTESIAN_POINT('',(-0.3,-2.45,2.));
#10405=CARTESIAN_POINT('',(-0.3,-2.45,-1.4));
#10406=CARTESIAN_POINT('',(4.25,-2.45,-1.4));
#10407=CARTESIAN_POINT('',(-2.2,-2.45,-1.4));
#10408=CARTESIAN_POINT('',(-2.2,-2.45,2.));
#10409=CARTESIAN_POINT('',(4.25,-2.45,1.75));
#10410=CARTESIAN_POINT('',(4.25,-2.45,1.4));
#10411=CARTESIAN_POINT('',(-2.8,-2.45,1.4));
#10412=CARTESIAN_POINT('',(-2.8,-2.45,1.75));
#10413=CARTESIAN_POINT('',(4.25,-2.45,-1.4));
#10414=CARTESIAN_POINT('',(-2.8,-2.45,2.));
#10415=CARTESIAN_POINT('',(-2.8,-2.45,-1.4));
#10416=CARTESIAN_POINT('',(4.25,-2.45,-1.4));
#10417=CARTESIAN_POINT('',(4.25,-0.25,1.45));
#10418=CARTESIAN_POINT('',(-3.15,-0.25,1.45));
#10419=CARTESIAN_POINT('',(-3.15,-0.25,1.45));
#10420=CARTESIAN_POINT('',(-3.15,0.,1.45));
#10421=CARTESIAN_POINT('',(4.25,-0.25,1.45));
#10422=CARTESIAN_POINT('',(-3.99210331267794,-0.25,1.45));
#10423=CARTESIAN_POINT('',(-3.00705833427467,2.4236732915891,1.45));
#10424=CARTESIAN_POINT('',(-3.89999735292006,0.,1.45));
#10425=CARTESIAN_POINT('',(4.25,0.,1.45));
#10426=CARTESIAN_POINT('',(4.25,0.,1.45));
#10427=CARTESIAN_POINT('',(-3.15,0.,1.45));
#10428=CARTESIAN_POINT('',(-3.89999735292006,0.,1.45));
#10429=CARTESIAN_POINT('',(4.25,-0.25,-1.45));
#10430=CARTESIAN_POINT('',(-3.8,-0.25,-1.2));
#10431=CARTESIAN_POINT('',(-3.8,-0.25,-1.4));
#10432=CARTESIAN_POINT('',(-3.05,-0.25,-1.4));
#10433=CARTESIAN_POINT('',(-3.08998031022997,-0.25,-1.45));
#10434=CARTESIAN_POINT('',(-3.08998031022997,-0.25,-1.45));
#10435=CARTESIAN_POINT('',(4.25,-0.25,-1.45));
#10436=CARTESIAN_POINT('',(-3.99210331267794,-0.25,-1.45));
#10437=CARTESIAN_POINT('',(-3.99210331267794,-0.25,-1.45));
#10438=CARTESIAN_POINT('',(3.5,1.25,-1.35));
#10439=CARTESIAN_POINT('',(-3.07134075526354,-0.327639334016263,-1.35));
#10440=CARTESIAN_POINT('',(-2.86830489973111,-1.17334453638559,-1.35));
#10441=CARTESIAN_POINT('',(-3.5,1.25,-1.35));
#10442=CARTESIAN_POINT('',(-2.77106790769135,-1.15,-1.35));
#10443=CARTESIAN_POINT('',(4.25,-0.25,1.));
#10444=CARTESIAN_POINT('',(-3.79999999999999,-0.25,1.4));
#10445=CARTESIAN_POINT('',(-3.79999999999999,-0.25,1.4));
#10446=CARTESIAN_POINT('',(-3.25,-0.25,1.4));
#10447=CARTESIAN_POINT('',(-3.8,-0.25,1.2));
#10448=CARTESIAN_POINT('',(-3.99210331267794,-0.25,1.));
#10449=CARTESIAN_POINT('',(-3.15,-0.25,2.));
#10450=CARTESIAN_POINT('',(-3.05,-0.25,1.6));
#10451=CARTESIAN_POINT('',(-3.05,-0.25,1.6));
#10452=CARTESIAN_POINT('',(-3.25,-0.25,1.6));
#10453=CARTESIAN_POINT('',(-3.5,1.25,1.35));
#10454=CARTESIAN_POINT('',(1.7,-1.15,1.35));
#10455=CARTESIAN_POINT('',(1.8,-1.15,1.35));
#10456=CARTESIAN_POINT('',(1.8,1.25,1.35));
#10457=CARTESIAN_POINT('',(1.8,-0.35,1.35));
#10458=CARTESIAN_POINT('',(1.9,-0.35,1.35));
#10459=CARTESIAN_POINT('',(3.5,1.25,1.35));
#10460=CARTESIAN_POINT('',(4.25,-0.25,-1.45));
#10461=CARTESIAN_POINT('',(0.85,-0.25,-1.65));
#10462=CARTESIAN_POINT('',(1.05,-0.25,-1.65));
#10463=CARTESIAN_POINT('',(1.05,-0.25,-1.75));
#10464=CARTESIAN_POINT('',(0.95,-0.25,-2.));
#10465=CARTESIAN_POINT('',(4.25,-0.25,-1.));
#10466=CARTESIAN_POINT('',(-4.,-1.12,-1.));
#10467=CARTESIAN_POINT('',(-4.,-1.12,-1.));
#10468=CARTESIAN_POINT('',(-4.,-1.12,-1.));
#10469=CARTESIAN_POINT('',(-4.25,-1.12,-1.));
#10470=CARTESIAN_POINT('',(-4.25,-0.25,-1.));
#10471=CARTESIAN_POINT('',(-3.5,-0.25,-1.));
#10472=CARTESIAN_POINT('',(-3.00705833427467,2.4236732915891,-1.));
#10473=CARTESIAN_POINT('',(4.25,-1.25,1.));
#10474=CARTESIAN_POINT('',(-4.25,-1.25,1.));
#10475=CARTESIAN_POINT('',(-4.25,-1.12,1.));
#10476=CARTESIAN_POINT('',(-4.,-1.12,1.));
#10477=CARTESIAN_POINT('',(-4.,-1.12,1.));
#10478=CARTESIAN_POINT('',(-4.,0.,1.));
#10479=CARTESIAN_POINT('',(-3.33145044514235,1.54318707842651,1.));
#10480=CARTESIAN_POINT('',(-3.5,-1.25,1.));
#10481=CARTESIAN_POINT('',(-4.,-1.,1.));
#10482=CARTESIAN_POINT('',(4.25,-0.25,1.));
#10483=CARTESIAN_POINT('',(3.25,-0.25,1.6));
#10484=CARTESIAN_POINT('',(3.25,-0.25,1.4));
#10485=CARTESIAN_POINT('',(3.05,-0.25,1.6));
#10486=CARTESIAN_POINT('',(3.05,-0.25,1.75));
#10487=CARTESIAN_POINT('',(3.15,-0.25,4.25));
#10488=CARTESIAN_POINT('',(3.15,-0.25,1.45));
#10489=CARTESIAN_POINT('',(4.25,-0.25,1.45));
#10490=CARTESIAN_POINT('',(3.99210331267794,-0.25,1.45));
#10491=CARTESIAN_POINT('',(3.99210331267794,-0.25,1.));
#10492=CARTESIAN_POINT('',(3.8,-0.25,1.2));
#10493=CARTESIAN_POINT('',(3.79999999999999,-0.25,1.4));
#10494=CARTESIAN_POINT('',(3.25,-0.25,1.4));
#10495=CARTESIAN_POINT('',(4.25,-2.45,1.4));
#10496=CARTESIAN_POINT('',(4.25,-2.74967311138127,1.4));
#10497=CARTESIAN_POINT('',(4.25,-2.45,1.4));
#10498=CARTESIAN_POINT('',(4.25,-2.45,1.4));
#10499=CARTESIAN_POINT('',(4.25,-2.45,1.4));
#10500=CARTESIAN_POINT('',(4.25,-2.74967311138127,1.4));
#10501=CARTESIAN_POINT('',(4.25,-3.2,1.3));
#10502=CARTESIAN_POINT('',(4.25,-3.2,1.3));
#10503=CARTESIAN_POINT('',(0.,-3.2,0.));
#10504=CARTESIAN_POINT('',(0.,-3.2,-0.4));
#10505=CARTESIAN_POINT('',(-1.5,-3.2,0.));
#10506=CARTESIAN_POINT('',(-1.5,-3.2,-0.5));
#10507=CARTESIAN_POINT('',(3.55,-3.2,0.65));
#10508=CARTESIAN_POINT('',(3.55,-3.2,0.65));
#10509=CARTESIAN_POINT('',(3.25,-3.2,0.65));
#10510=CARTESIAN_POINT('',(3.25,-3.2,0.750000000000001));
#10511=CARTESIAN_POINT('',(3.15,-3.2,0.75));
#10512=CARTESIAN_POINT('',(3.15,-3.2,0.75));
#10513=CARTESIAN_POINT('',(3.15,-3.2,1.05));
#10514=CARTESIAN_POINT('',(3.25,-3.2,1.05));
#10515=CARTESIAN_POINT('',(3.25,-3.2,1.15));
#10516=CARTESIAN_POINT('',(3.25,-3.2,1.15));
#10517=CARTESIAN_POINT('',(3.55,-3.2,1.15));
#10518=CARTESIAN_POINT('',(3.55,-3.2,1.05));
#10519=CARTESIAN_POINT('',(3.65,-3.2,1.05));
#10520=CARTESIAN_POINT('',(3.65,-3.2,1.05));
#10521=CARTESIAN_POINT('',(3.65,-3.2,0.75));
#10522=CARTESIAN_POINT('',(3.55,-3.2,0.75));
#10523=CARTESIAN_POINT('',(-3.25,-3.2,0.65));
#10524=CARTESIAN_POINT('',(-3.25,-3.2,0.65));
#10525=CARTESIAN_POINT('',(-3.55,-3.2,0.65));
#10526=CARTESIAN_POINT('',(-3.55,-3.2,0.75));
#10527=CARTESIAN_POINT('',(-3.65,-3.2,0.75));
#10528=CARTESIAN_POINT('',(-3.65,-3.2,0.75));
#10529=CARTESIAN_POINT('',(-3.65,-3.2,1.05));
#10530=CARTESIAN_POINT('',(-3.55,-3.2,1.05));
#10531=CARTESIAN_POINT('',(-3.55,-3.2,1.15));
#10532=CARTESIAN_POINT('',(-3.55,-3.2,1.15));
#10533=CARTESIAN_POINT('',(-3.25,-3.2,1.15));
#10534=CARTESIAN_POINT('',(-3.25,-3.2,1.05));
#10535=CARTESIAN_POINT('',(-3.15,-3.2,1.05));
#10536=CARTESIAN_POINT('',(-3.15,-3.2,1.05));
#10537=CARTESIAN_POINT('',(-3.15,-3.2,0.75));
#10538=CARTESIAN_POINT('',(-3.25,-3.2,0.750000000000001));
#10539=CARTESIAN_POINT('',(3.55,-3.2,-1.15));
#10540=CARTESIAN_POINT('',(3.55,-3.2,-1.15));
#10541=CARTESIAN_POINT('',(3.25,-3.2,-1.15));
#10542=CARTESIAN_POINT('',(3.25,-3.2,-1.05));
#10543=CARTESIAN_POINT('',(3.15,-3.2,-1.05));
#10544=CARTESIAN_POINT('',(3.15,-3.2,-1.05));
#10545=CARTESIAN_POINT('',(3.15,-3.2,-0.75));
#10546=CARTESIAN_POINT('',(3.25,-3.2,-0.750000000000001));
#10547=CARTESIAN_POINT('',(3.25,-3.2,-0.65));
#10548=CARTESIAN_POINT('',(3.25,-3.2,-0.65));
#10549=CARTESIAN_POINT('',(3.55,-3.2,-0.65));
#10550=CARTESIAN_POINT('',(3.55,-3.2,-0.75));
#10551=CARTESIAN_POINT('',(3.65,-3.2,-0.75));
#10552=CARTESIAN_POINT('',(3.65,-3.2,-0.75));
#10553=CARTESIAN_POINT('',(3.65,-3.2,-1.05));
#10554=CARTESIAN_POINT('',(3.55,-3.2,-1.05));
#10555=CARTESIAN_POINT('',(-3.25,-3.2,-1.15));
#10556=CARTESIAN_POINT('',(-3.25,-3.2,-1.15));
#10557=CARTESIAN_POINT('',(-3.55,-3.2,-1.15));
#10558=CARTESIAN_POINT('',(-3.55,-3.2,-1.05));
#10559=CARTESIAN_POINT('',(-3.65,-3.2,-1.05));
#10560=CARTESIAN_POINT('',(-3.65,-3.2,-1.05));
#10561=CARTESIAN_POINT('',(-3.65,-3.2,-0.75));
#10562=CARTESIAN_POINT('',(-3.55,-3.2,-0.75));
#10563=CARTESIAN_POINT('',(-3.55,-3.2,-0.65));
#10564=CARTESIAN_POINT('',(-3.55,-3.2,-0.65));
#10565=CARTESIAN_POINT('',(-3.25,-3.2,-0.65));
#10566=CARTESIAN_POINT('',(-3.25,-3.2,-0.750000000000001));
#10567=CARTESIAN_POINT('',(-3.15,-3.2,-0.75));
#10568=CARTESIAN_POINT('',(-3.15,-3.2,-0.75));
#10569=CARTESIAN_POINT('',(-3.15,-3.2,-1.05));
#10570=CARTESIAN_POINT('',(-3.25,-3.2,-1.05));
#10571=CARTESIAN_POINT('',(4.25,-3.2,-1.3));
#10572=CARTESIAN_POINT('',(4.25,-3.2,-1.3));
#10573=CARTESIAN_POINT('',(4.25,-2.74967311138127,-1.4));
#10574=CARTESIAN_POINT('',(4.25,-2.74967311138127,-1.4));
#10575=CARTESIAN_POINT('',(4.25,-2.45,-1.4));
#10576=CARTESIAN_POINT('',(4.25,-2.45,-1.4));
#10577=CARTESIAN_POINT('',(4.25,-2.45,-1.4));
#10578=CARTESIAN_POINT('',(4.25,0.,-1.75));
#10579=CARTESIAN_POINT('',(4.25,0.,-1.45));
#10580=CARTESIAN_POINT('',(-3.15,0.,-1.45));
#10581=CARTESIAN_POINT('',(-3.89999735292006,4.33680868994202E-16,-1.45));
#10582=CARTESIAN_POINT('',(-3.15,0.,-2.));
#10583=CARTESIAN_POINT('',(-3.89999735292006,0.,-1.75));
#10584=CARTESIAN_POINT('',(4.25,0.,-1.75));
#10585=CARTESIAN_POINT('',(3.15,0.,-1.75));
#10586=CARTESIAN_POINT('',(3.15,0.,-1.45));
#10587=CARTESIAN_POINT('',(4.25,0.,-1.45));
#10588=CARTESIAN_POINT('',(3.89999735292006,0.,-1.45));
#10589=CARTESIAN_POINT('',(3.89999735292006,0.,-1.75));
#10590=CARTESIAN_POINT('',(4.25,0.,-1.45));
#10591=CARTESIAN_POINT('',(-2.74672413949696,-1.67976484903632,-1.45));
#10592=CARTESIAN_POINT('',(-2.92596030655775,2.64379484487975,-1.45));
#10593=CARTESIAN_POINT('',(4.25,0.,-1.45));
#10594=CARTESIAN_POINT('',(3.15,0.,-1.45));
#10595=CARTESIAN_POINT('',(3.9418274946757,-0.113538097495536,-1.45));
#10596=CARTESIAN_POINT('',(4.25,-0.25,1.45));
#10597=CARTESIAN_POINT('',(3.15,-0.25,1.45));
#10598=CARTESIAN_POINT('',(3.15,0.,1.45));
#10599=CARTESIAN_POINT('',(4.25,0.,1.45));
#10600=CARTESIAN_POINT('',(3.89999735292006,0.,1.45));
#10601=CARTESIAN_POINT('',(4.02292552239262,-0.333659650786185,1.45));
#10602=CARTESIAN_POINT('',(4.25,0.,1.45));
#10603=CARTESIAN_POINT('',(3.15,0.,1.45));
#10604=CARTESIAN_POINT('',(3.89999735292006,0.,1.45));
#10605=CARTESIAN_POINT('',(-4.25,-0.95,4.25));
#10606=CARTESIAN_POINT('',(-4.25,-0.95,0.));
#10607=CARTESIAN_POINT('',(-4.25,-0.95,4.25));
#10608=CARTESIAN_POINT('',(-4.25,-0.95,0.));
#10609=CARTESIAN_POINT('',(-4.,-4.,4.25));
#10610=CARTESIAN_POINT('',(-4.,-1.245,1.));
#10611=CARTESIAN_POINT('',(-4.,-1.37,1.));
#10612=CARTESIAN_POINT('',(-4.,-1.37,1.));
#10613=CARTESIAN_POINT('',(4.25,-1.35,4.25));
#10614=CARTESIAN_POINT('',(4.,-1.35,4.25));
#10615=CARTESIAN_POINT('',(4.,-1.35,4.25));
#10616=CARTESIAN_POINT('',(4.,-1.37,-1.75));
#10617=CARTESIAN_POINT('',(4.,-1.37,-1.));
#10618=CARTESIAN_POINT('',(4.,-1.245,-1.));
#10619=CARTESIAN_POINT('',(3.58683708974328,0.85,4.25));
#10620=CARTESIAN_POINT('',(4.3473176332603,-1.21414586394878,1.));
#10621=CARTESIAN_POINT('',(3.58683708974328,0.85,4.25));
#10622=CARTESIAN_POINT('',(3.58683708974328,0.85,-1.));
#10623=CARTESIAN_POINT('',(3.15,-0.25,4.25));
#10624=CARTESIAN_POINT('',(3.15,-0.25,4.25));
#10625=CARTESIAN_POINT('',(3.5,1.25,1.35));
#10626=CARTESIAN_POINT('',(-3.5,1.25,1.35));
#10627=CARTESIAN_POINT('',(-1.9,-0.35,1.35));
#10628=CARTESIAN_POINT('',(-1.8,-0.35,1.35));
#10629=CARTESIAN_POINT('',(-1.8,1.25,1.35));
#10630=CARTESIAN_POINT('',(-1.8,-1.15,1.35));
#10631=CARTESIAN_POINT('',(-1.7,-1.15,1.35));
#10632=CARTESIAN_POINT('',(-3.5,1.25,1.35));
#10633=CARTESIAN_POINT('',(-3.5,1.25,-1.35));
#10634=CARTESIAN_POINT('',(3.5,1.25,-1.35));
#10635=CARTESIAN_POINT('',(0.75,-1.15,-1.35));
#10636=CARTESIAN_POINT('',(0.85,-1.15,-1.35));
#10637=CARTESIAN_POINT('',(3.5,1.25,-1.35));
#10638=CARTESIAN_POINT('',(0.95,-0.35,-1.35));
#10639=CARTESIAN_POINT('',(0.85,-0.35,-1.35));
#10640=CARTESIAN_POINT('',(0.85,1.25,-1.35));
#10641=CARTESIAN_POINT('',(-3.5,1.25,-1.35));
#10642=CARTESIAN_POINT('',(3.5,1.25,1.35));
#10643=CARTESIAN_POINT('',(-1.9,-0.35,2.));
#10644=CARTESIAN_POINT('',(-1.8,-0.35,2.));
#10645=CARTESIAN_POINT('',(-1.8,-0.35,2.));
#10646=CARTESIAN_POINT('',(-1.8,-1.15,2.));
#10647=CARTESIAN_POINT('',(-1.7,-1.15,2.));
#10648=CARTESIAN_POINT('',(1.7,-1.15,2.));
#10649=CARTESIAN_POINT('',(1.8,-1.15,2.));
#10650=CARTESIAN_POINT('',(1.8,-1.15,2.));
#10651=CARTESIAN_POINT('',(1.8,-0.35,2.));
#10652=CARTESIAN_POINT('',(1.9,-0.35,2.));
#10653=CARTESIAN_POINT('',(-3.15,0.,-2.));
#10654=CARTESIAN_POINT('',(-2.86830489973111,-1.17334453638559,-2.));
#10655=CARTESIAN_POINT('',(-2.77106790769135,-1.15,-2.));
#10656=CARTESIAN_POINT('',(0.75,-1.15,-2.));
#10657=CARTESIAN_POINT('',(0.85,-1.15,-2.));
#10658=CARTESIAN_POINT('',(0.85,-1.15,-2.));
#10659=CARTESIAN_POINT('',(0.85,-0.35,-2.));
#10660=CARTESIAN_POINT('',(0.95,-0.35,-2.));
#10661=CARTESIAN_POINT('',(-3.15,0.75,2.));
#10662=CARTESIAN_POINT('',(-2.2,-2.2,2.));
#10663=CARTESIAN_POINT('',(-2.2,-2.2,-1.35));
#10664=CARTESIAN_POINT('',(0.3,-2.2,2.));
#10665=CARTESIAN_POINT('',(0.3,-2.2,-1.35));
#10666=CARTESIAN_POINT('',(2.2,-2.2,2.));
#10667=CARTESIAN_POINT('',(2.2,-2.6,-1.35));
#10668=CARTESIAN_POINT('',(2.2,-2.2,-1.35));
#10669=CARTESIAN_POINT('',(2.2,-2.2,2.));
#10670=CARTESIAN_POINT('',(2.8,-2.45,2.));
#10671=CARTESIAN_POINT('',(2.8,-2.6,-1.35));
#10672=CARTESIAN_POINT('',(2.8,-2.2,-1.35));
#10673=CARTESIAN_POINT('',(2.8,-2.2,2.));
#10674=CARTESIAN_POINT('',(2.8,-2.2,2.));
#10675=CARTESIAN_POINT('',(2.2,-2.2,-1.35));
#10676=CARTESIAN_POINT('',(-3.55,-3.5,-1.05));
#10677=CARTESIAN_POINT('',(-3.55,-3.5,-1.15));
#10678=CARTESIAN_POINT('',(-3.55,-3.5,-1.15));
#10679=CARTESIAN_POINT('',(-3.55,-3.5,-1.05));
#10680=CARTESIAN_POINT('',(-3.65,-3.5,-1.05));
#10681=CARTESIAN_POINT('',(-3.65,-3.5,-1.05));
#10682=CARTESIAN_POINT('',(-3.65,-3.5,-1.05));
#10683=CARTESIAN_POINT('',(-3.65,-3.5,-1.05));
#10684=CARTESIAN_POINT('',(-3.65,-3.5,-0.75));
#10685=CARTESIAN_POINT('',(-3.65,-3.5,-0.75));
#10686=CARTESIAN_POINT('',(-3.55,-3.5,-0.75));
#10687=CARTESIAN_POINT('',(-3.55,-3.5,-0.75));
#10688=CARTESIAN_POINT('',(-3.55,-3.5,-0.65));
#10689=CARTESIAN_POINT('',(-3.55,-3.5,-0.65));
#10690=CARTESIAN_POINT('',(-3.55,-3.5,-0.65));
#10691=CARTESIAN_POINT('',(-3.55,-3.5,-0.65));
#10692=CARTESIAN_POINT('',(-3.25,-3.5,-0.65));
#10693=CARTESIAN_POINT('',(-3.25,-3.5,-0.65));
#10694=CARTESIAN_POINT('',(-3.25,-3.5,-0.750000000000001));
#10695=CARTESIAN_POINT('',(-3.25,-3.5,-0.750000000000001));
#10696=CARTESIAN_POINT('',(-3.15,-3.5,-0.75));
#10697=CARTESIAN_POINT('',(-3.15,-3.5,-0.75));
#10698=CARTESIAN_POINT('',(-3.15,-3.5,-0.75));
#10699=CARTESIAN_POINT('',(-3.15,-3.5,-0.75));
#10700=CARTESIAN_POINT('',(-3.15,-3.5,-1.05));
#10701=CARTESIAN_POINT('',(-3.15,-3.5,-1.05));
#10702=CARTESIAN_POINT('',(-3.25,-3.5,-1.05));
#10703=CARTESIAN_POINT('',(-3.25,-3.5,-1.05));
#10704=CARTESIAN_POINT('',(-3.25,-3.5,-1.15));
#10705=CARTESIAN_POINT('',(-3.25,-3.5,-1.15));
#10706=CARTESIAN_POINT('',(-3.25,-3.5,-1.15));
#10707=CARTESIAN_POINT('',(-3.25,-3.5,-1.15));
#10708=CARTESIAN_POINT('',(-3.55,-3.5,-1.05));
#10709=CARTESIAN_POINT('',(3.25,-3.5,-1.05));
#10710=CARTESIAN_POINT('',(3.25,-3.5,-1.15));
#10711=CARTESIAN_POINT('',(3.25,-3.5,-1.15));
#10712=CARTESIAN_POINT('',(3.25,-3.5,-1.05));
#10713=CARTESIAN_POINT('',(3.15,-3.5,-1.05));
#10714=CARTESIAN_POINT('',(3.15,-3.5,-1.05));
#10715=CARTESIAN_POINT('',(3.15,-3.5,-1.05));
#10716=CARTESIAN_POINT('',(3.15,-3.5,-1.05));
#10717=CARTESIAN_POINT('',(3.15,-3.5,-0.75));
#10718=CARTESIAN_POINT('',(3.15,-3.5,-0.75));
#10719=CARTESIAN_POINT('',(3.25,-3.5,-0.750000000000001));
#10720=CARTESIAN_POINT('',(3.25,-3.5,-0.750000000000001));
#10721=CARTESIAN_POINT('',(3.25,-3.5,-0.65));
#10722=CARTESIAN_POINT('',(3.25,-3.5,-0.65));
#10723=CARTESIAN_POINT('',(3.25,-3.5,-0.65));
#10724=CARTESIAN_POINT('',(3.25,-3.5,-0.65));
#10725=CARTESIAN_POINT('',(3.55,-3.5,-0.65));
#10726=CARTESIAN_POINT('',(3.55,-3.5,-0.65));
#10727=CARTESIAN_POINT('',(3.55,-3.5,-0.75));
#10728=CARTESIAN_POINT('',(3.55,-3.5,-0.75));
#10729=CARTESIAN_POINT('',(3.65,-3.5,-0.75));
#10730=CARTESIAN_POINT('',(3.65,-3.5,-0.75));
#10731=CARTESIAN_POINT('',(3.65,-3.5,-0.75));
#10732=CARTESIAN_POINT('',(3.65,-3.5,-0.75));
#10733=CARTESIAN_POINT('',(3.65,-3.5,-1.05));
#10734=CARTESIAN_POINT('',(3.65,-3.5,-1.05));
#10735=CARTESIAN_POINT('',(3.55,-3.5,-1.05));
#10736=CARTESIAN_POINT('',(3.55,-3.5,-1.05));
#10737=CARTESIAN_POINT('',(3.55,-3.5,-1.15));
#10738=CARTESIAN_POINT('',(3.55,-3.5,-1.15));
#10739=CARTESIAN_POINT('',(3.55,-3.5,-1.15));
#10740=CARTESIAN_POINT('',(3.55,-3.5,-1.15));
#10741=CARTESIAN_POINT('',(3.25,-3.5,-1.05));
#10742=CARTESIAN_POINT('',(-3.55,-3.5,0.75));
#10743=CARTESIAN_POINT('',(-3.55,-3.5,0.65));
#10744=CARTESIAN_POINT('',(-3.55,-3.5,0.65));
#10745=CARTESIAN_POINT('',(-3.55,-3.5,0.75));
#10746=CARTESIAN_POINT('',(-3.65,-3.5,0.75));
#10747=CARTESIAN_POINT('',(-3.65,-3.5,0.75));
#10748=CARTESIAN_POINT('',(-3.65,-3.5,0.75));
#10749=CARTESIAN_POINT('',(-3.65,-3.5,0.75));
#10750=CARTESIAN_POINT('',(-3.65,-3.5,1.05));
#10751=CARTESIAN_POINT('',(-3.65,-3.5,1.05));
#10752=CARTESIAN_POINT('',(-3.55,-3.5,1.05));
#10753=CARTESIAN_POINT('',(-3.55,-3.5,1.05));
#10754=CARTESIAN_POINT('',(-3.55,-3.5,1.15));
#10755=CARTESIAN_POINT('',(-3.55,-3.5,1.15));
#10756=CARTESIAN_POINT('',(-3.55,-3.5,1.15));
#10757=CARTESIAN_POINT('',(-3.55,-3.5,1.15));
#10758=CARTESIAN_POINT('',(-3.25,-3.5,1.15));
#10759=CARTESIAN_POINT('',(-3.25,-3.5,1.15));
#10760=CARTESIAN_POINT('',(-3.25,-3.5,1.05));
#10761=CARTESIAN_POINT('',(-3.25,-3.5,1.05));
#10762=CARTESIAN_POINT('',(-3.15,-3.5,1.05));
#10763=CARTESIAN_POINT('',(-3.15,-3.5,1.05));
#10764=CARTESIAN_POINT('',(-3.15,-3.5,1.05));
#10765=CARTESIAN_POINT('',(-3.15,-3.5,1.05));
#10766=CARTESIAN_POINT('',(-3.15,-3.5,0.75));
#10767=CARTESIAN_POINT('',(-3.15,-3.5,0.75));
#10768=CARTESIAN_POINT('',(-3.25,-3.5,0.750000000000001));
#10769=CARTESIAN_POINT('',(-3.25,-3.5,0.750000000000001));
#10770=CARTESIAN_POINT('',(-3.25,-3.5,0.65));
#10771=CARTESIAN_POINT('',(-3.25,-3.5,0.65));
#10772=CARTESIAN_POINT('',(-3.25,-3.5,0.65));
#10773=CARTESIAN_POINT('',(-3.25,-3.5,0.65));
#10774=CARTESIAN_POINT('',(-3.55,-3.5,0.75));
#10775=CARTESIAN_POINT('',(3.25,-3.5,0.750000000000001));
#10776=CARTESIAN_POINT('',(3.25,-3.5,0.65));
#10777=CARTESIAN_POINT('',(3.25,-3.5,0.65));
#10778=CARTESIAN_POINT('',(3.25,-3.5,0.750000000000001));
#10779=CARTESIAN_POINT('',(3.15,-3.5,0.75));
#10780=CARTESIAN_POINT('',(3.15,-3.5,0.75));
#10781=CARTESIAN_POINT('',(3.15,-3.5,0.75));
#10782=CARTESIAN_POINT('',(3.15,-3.5,0.75));
#10783=CARTESIAN_POINT('',(3.15,-3.5,1.05));
#10784=CARTESIAN_POINT('',(3.15,-3.5,1.05));
#10785=CARTESIAN_POINT('',(3.25,-3.5,1.05));
#10786=CARTESIAN_POINT('',(3.25,-3.5,1.05));
#10787=CARTESIAN_POINT('',(3.25,-3.5,1.15));
#10788=CARTESIAN_POINT('',(3.25,-3.5,1.15));
#10789=CARTESIAN_POINT('',(3.25,-3.5,1.15));
#10790=CARTESIAN_POINT('',(3.25,-3.5,1.15));
#10791=CARTESIAN_POINT('',(3.55,-3.5,1.15));
#10792=CARTESIAN_POINT('',(3.55,-3.5,1.15));
#10793=CARTESIAN_POINT('',(3.55,-3.5,1.05));
#10794=CARTESIAN_POINT('',(3.55,-3.5,1.05));
#10795=CARTESIAN_POINT('',(3.65,-3.5,1.05));
#10796=CARTESIAN_POINT('',(3.65,-3.5,1.05));
#10797=CARTESIAN_POINT('',(3.65,-3.5,1.05));
#10798=CARTESIAN_POINT('',(3.65,-3.5,1.05));
#10799=CARTESIAN_POINT('',(3.65,-3.5,0.75));
#10800=CARTESIAN_POINT('',(3.65,-3.5,0.75));
#10801=CARTESIAN_POINT('',(3.55,-3.5,0.75));
#10802=CARTESIAN_POINT('',(3.55,-3.5,0.75));
#10803=CARTESIAN_POINT('',(3.55,-3.5,0.65));
#10804=CARTESIAN_POINT('',(3.55,-3.5,0.65));
#10805=CARTESIAN_POINT('',(3.55,-3.5,0.65));
#10806=CARTESIAN_POINT('',(3.55,-3.5,0.65));
#10807=CARTESIAN_POINT('',(3.25,-3.5,0.750000000000001));
#10808=CARTESIAN_POINT('',(-1.5,-2.9,0.));
#10809=CARTESIAN_POINT('',(-1.5,-2.9,0.));
#10810=CARTESIAN_POINT('',(-1.5,-2.9,-0.5));
#10811=CARTESIAN_POINT('',(-1.5,-3.2,0.));
#10812=CARTESIAN_POINT('',(0.,-2.9,0.));
#10813=CARTESIAN_POINT('',(0.,-2.9,0.));
#10814=CARTESIAN_POINT('',(0.,-2.9,-0.4));
#10815=CARTESIAN_POINT('',(0.,-3.2,0.));
#10816=CARTESIAN_POINT('',(-4.25,-0.25,-1.));
#10817=CARTESIAN_POINT('',(-4.25,-0.25,1.2));
#10818=CARTESIAN_POINT('',(-4.25,-1.245,-1.));
#10819=CARTESIAN_POINT('',(-4.25,-1.37,-1.));
#10820=CARTESIAN_POINT('',(-4.25,-1.37,-1.75));
#10821=CARTESIAN_POINT('',(-4.25,-2.,-1.55));
#10822=CARTESIAN_POINT('',(-4.25,-2.2,-1.55));
#10823=CARTESIAN_POINT('',(-4.25,-2.2,1.55));
#10824=CARTESIAN_POINT('',(-4.25,-2.2,1.55));
#10825=CARTESIAN_POINT('',(-4.25,-2.,1.55));
#10826=CARTESIAN_POINT('',(-4.25,-1.37,1.));
#10827=CARTESIAN_POINT('',(-4.25,-1.37,1.));
#10828=CARTESIAN_POINT('',(-4.25,-1.245,1.));
#10829=CARTESIAN_POINT('',(-4.2,-0.25,1.2));
#10830=CARTESIAN_POINT('',(-4.,-0.25,1.2));
#10831=CARTESIAN_POINT('',(-4.,-1.62630325872826E-16,1.2));
#10832=CARTESIAN_POINT('',(-4.,-1.62630325872828E-16,1.14206121972251));
#10833=CARTESIAN_POINT('',(-4.05563375419107,0.00733034203488903,1.02649988805115));
#10834=CARTESIAN_POINT('',(-4.16523578558476,-0.053647714112842,0.999999999999982));
#10835=CARTESIAN_POINT('',(-4.20000000000008,-0.0999999999999354,0.999999999999997));
#10836=CARTESIAN_POINT('',(-3.8,-0.25,1.2));
#10837=CARTESIAN_POINT('',(-3.79999999999999,-0.25,1.4));
#10838=CARTESIAN_POINT('',(-3.79999999999999,-0.25,1.4));
#10839=CARTESIAN_POINT('',(-3.25,-0.25,1.4));
#10840=CARTESIAN_POINT('',(-3.25,-0.25,1.6));
#10841=CARTESIAN_POINT('',(-3.05,-0.25,1.6));
#10842=CARTESIAN_POINT('',(-3.05,-0.25,1.6));
#10843=CARTESIAN_POINT('',(3.05,-0.25,1.75));
#10844=CARTESIAN_POINT('',(3.05,-0.25,1.6));
#10845=CARTESIAN_POINT('',(3.25,-0.25,1.6));
#10846=CARTESIAN_POINT('',(3.25,-0.25,1.4));
#10847=CARTESIAN_POINT('',(3.25,-0.25,1.4));
#10848=CARTESIAN_POINT('',(3.79999999999999,-0.25,1.4));
#10849=CARTESIAN_POINT('',(3.8,-0.25,1.2));
#10850=CARTESIAN_POINT('',(4.,-0.25,1.20000000000001));
#10851=CARTESIAN_POINT('',(4.2,-0.25,1.2));
#10852=CARTESIAN_POINT('',(4.20000000000001,-0.25,1.));
#10853=CARTESIAN_POINT('',(4.20000000000001,-0.100000000000008,1.));
#10854=CARTESIAN_POINT('',(4.20000000000001,-0.100000000000008,1.));
#10855=CARTESIAN_POINT('',(4.16528932490046,-0.0537190998672796,0.999999999999999));
#10856=CARTESIAN_POINT('',(4.05645786230694,0.00712040364459833,1.02576712145738));
#10857=CARTESIAN_POINT('',(4.,4.76456035591775E-19,1.1420582788527));
#10858=CARTESIAN_POINT('',(4.,4.76456035591557E-19,1.2));
#10859=CARTESIAN_POINT('',(4.20000000000001,-0.25,1.));
#10860=CARTESIAN_POINT('',(4.,-0.250000000000001,1.));
#10861=CARTESIAN_POINT('',(4.,0.,1.));
#10862=CARTESIAN_POINT('',(4.25,-0.25,-1.));
#10863=CARTESIAN_POINT('',(4.,-0.250000000000001,-1.));
#10864=CARTESIAN_POINT('',(4.2,-0.100000000000001,-1.));
#10865=CARTESIAN_POINT('',(4.,-1.12,-1.));
#10866=CARTESIAN_POINT('',(4.2,-0.25,-1.));
#10867=CARTESIAN_POINT('',(4.2,-0.25,-1.2));
#10868=CARTESIAN_POINT('',(4.,-0.25,-1.19999997658692));
#10869=CARTESIAN_POINT('',(4.,0.,-1.19999997658692));
#10870=CARTESIAN_POINT('',(4.00000000678263,-7.05958864215853E-23,-1.14206120024265));
#10871=CARTESIAN_POINT('',(4.05563376704455,0.00733033859791032,-1.02649988270955));
#10872=CARTESIAN_POINT('',(4.16523578795081,-0.0536477172675716,-0.999999999999983));
#10873=CARTESIAN_POINT('',(4.20000000000008,-0.0999999999999279,-0.999999999999997));
#10874=CARTESIAN_POINT('',(3.8,-0.25,-1.2));
#10875=CARTESIAN_POINT('',(3.8,-0.25,-1.4));
#10876=CARTESIAN_POINT('',(3.8,-0.25,-1.4));
#10877=CARTESIAN_POINT('',(3.25,-0.25,-1.4));
#10878=CARTESIAN_POINT('',(3.25,-0.25,-1.6));
#10879=CARTESIAN_POINT('',(3.05,-0.25,-1.6));
#10880=CARTESIAN_POINT('',(3.05,-0.25,-1.6));
#10881=CARTESIAN_POINT('',(1.05,-0.25,-1.75));
#10882=CARTESIAN_POINT('',(1.05,-0.25,-1.65));
#10883=CARTESIAN_POINT('',(0.85,-0.25,-1.65));
#10884=CARTESIAN_POINT('',(0.85,-0.25,-1.45));
#10885=CARTESIAN_POINT('',(0.85,-0.25,-1.45));
#10886=CARTESIAN_POINT('',(-1.8,-0.25,-1.45));
#10887=CARTESIAN_POINT('',(-1.925,-0.25,-1.45));
#10888=CARTESIAN_POINT('',(-2.05,-0.25,-1.45));
#10889=CARTESIAN_POINT('',(-3.05,-0.25,-1.45));
#10890=CARTESIAN_POINT('',(-3.05,-0.3,-1.45));
#10891=CARTESIAN_POINT('',(-3.05,-0.3,-1.75));
#10892=CARTESIAN_POINT('',(-3.05,-0.3,-1.5));
#10893=CARTESIAN_POINT('',(-3.05,-0.3,-1.5));
#10894=CARTESIAN_POINT('',(-3.05,-0.3,-1.45));
#10895=CARTESIAN_POINT('',(-3.05,-0.25,-1.4));
#10896=CARTESIAN_POINT('',(-3.05,-0.25,-1.4));
#10897=CARTESIAN_POINT('',(-3.8,-0.25,-1.4));
#10898=CARTESIAN_POINT('',(-3.8,-0.25,-1.2));
#10899=CARTESIAN_POINT('',(-4.,-0.25,-1.19999997658691));
#10900=CARTESIAN_POINT('',(-4.2,-0.25,-1.2));
#10901=CARTESIAN_POINT('',(-4.2,-0.100000000000001,-1.));
#10902=CARTESIAN_POINT('',(-4.16528932490046,-0.0537190998672757,-1.));
#10903=CARTESIAN_POINT('',(-4.05645786230694,0.00712040364459662,-1.02576712145738));
#10904=CARTESIAN_POINT('',(-4.,-1.56365259910885E-16,-1.1420582788527));
#10905=CARTESIAN_POINT('',(-4.,-1.56365259910884E-16,-1.2));
#10906=CARTESIAN_POINT('',(4.,-2.,1.55));
#10907=CARTESIAN_POINT('',(4.,-1.245,-1.));
#10908=CARTESIAN_POINT('',(4.,-1.245,1.));
#10909=CARTESIAN_POINT('',(4.,-2.,1.55));
#10910=CARTESIAN_POINT('',(4.,-2.2,1.55));
#10911=CARTESIAN_POINT('',(4.,-2.2,1.55));
#10912=CARTESIAN_POINT('',(4.,-2.2,-1.55));
#10913=CARTESIAN_POINT('',(4.,-2.,-1.55));
#10914=CARTESIAN_POINT('',(4.,-1.37,-1.75));
#10915=CARTESIAN_POINT('',(4.,-1.37,-1.));
#10916=CARTESIAN_POINT('',(4.,-1.245,-1.));
#10917=CARTESIAN_POINT('',(4.,-1.245,1.));
#10918=CARTESIAN_POINT('',(4.,-1.37,1.));
#10919=CARTESIAN_POINT('',(4.,-1.37,1.));
#10920=CARTESIAN_POINT('',(-4.,-2.,1.55));
#10921=CARTESIAN_POINT('',(-4.,-1.245,-1.));
#10922=CARTESIAN_POINT('',(-4.,-1.245,1.));
#10923=CARTESIAN_POINT('',(-4.,-2.,1.55));
#10924=CARTESIAN_POINT('',(-4.,-2.2,1.55));
#10925=CARTESIAN_POINT('',(-4.,-2.2,1.55));
#10926=CARTESIAN_POINT('',(-4.,-2.2,-1.55));
#10927=CARTESIAN_POINT('',(-4.,-2.,-1.55));
#10928=CARTESIAN_POINT('',(-4.,-1.37,-1.75));
#10929=CARTESIAN_POINT('',(-4.,-1.37,-1.));
#10930=CARTESIAN_POINT('',(-4.,-1.245,-1.));
#10931=CARTESIAN_POINT('',(-4.,-1.245,1.));
#10932=CARTESIAN_POINT('',(-4.,-1.37,1.));
#10933=CARTESIAN_POINT('',(-4.,-1.37,1.));
#10934=CARTESIAN_POINT('',(4.,-0.250000000000001,1.2));
#10935=CARTESIAN_POINT('',(-4.,-0.250000000000001,1.2));
#10936=CARTESIAN_POINT('',(-3.05,-0.3,-1.45));
#10937=CARTESIAN_POINT('',(-2.05,-0.3,-1.45));
#10938=CARTESIAN_POINT('',(-2.05,-0.3,-1.5));
#10939=CARTESIAN_POINT('',(-3.05,-0.3,-1.5));
#10940=CARTESIAN_POINT('',(-3.05,-0.3,-1.45));
#10941=CARTESIAN_POINT('',(-2.05,-0.3,-1.45));
#10942=CARTESIAN_POINT('',(-2.05,-0.3,-1.75));
#10943=CARTESIAN_POINT('',(-3.05,-0.3,-1.75));
#10944=CARTESIAN_POINT('',(-2.05,-0.3,-1.45));
#10945=CARTESIAN_POINT('',(-2.05,-0.3,-1.5));
#10946=CARTESIAN_POINT('',(-2.05,-0.35,-1.5));
#10947=CARTESIAN_POINT('',(-2.05,-0.35,-1.5));
#10948=CARTESIAN_POINT('',(-2.05,-0.35,-1.75));
#10949=CARTESIAN_POINT('',(-2.05,-0.3,-1.75));
#10950=CARTESIAN_POINT('',(-1.85,-0.55,-1.5));
#10951=CARTESIAN_POINT('',(-1.85,-0.55,-1.75));
#10952=CARTESIAN_POINT('',(-1.85,-0.55,-1.75));
#10953=CARTESIAN_POINT('',(-0.696629870583921,-0.55,-1.75));
#10954=CARTESIAN_POINT('',(-1.85,-0.55,-1.5));
#10955=CARTESIAN_POINT('',(-1.85,-0.55,-1.5));
#10956=CARTESIAN_POINT('',(-1.85,-0.55,-1.5));
#10957=CARTESIAN_POINT('',(-0.696629870583921,-0.55,-1.5));
#10958=CARTESIAN_POINT('',(-0.69662987058392,-0.55,-1.3));
#10959=CARTESIAN_POINT('',(-0.549363207272859,-0.55,-1.43532379641891));
#10960=CARTESIAN_POINT('',(-0.549363207272859,-0.55,-1.43532379641891));
#10961=CARTESIAN_POINT('',(-0.508113544921023,-0.55,-1.39043368619426));
#10962=CARTESIAN_POINT('',(0.00731977666769342,-0.55,-1.86406697366044));
#10963=CARTESIAN_POINT('',(0.480953064133875,-0.55,-1.34863365207173));
#10964=CARTESIAN_POINT('',(0.480953064133875,-0.55,-1.34863365207173));
#10965=CARTESIAN_POINT('',(0.551,-0.55,-1.413));
#10966=CARTESIAN_POINT('',(0.551,-0.55,-1.413));
#10967=CARTESIAN_POINT('',(0.381845254476364,-0.55,-1.59708332913883));
#10968=CARTESIAN_POINT('',(0.381845254476364,-0.55,-1.59708332913883));
#10969=CARTESIAN_POINT('',(0.274981652782473,-0.55,-1.49888603210583));
#10970=CARTESIAN_POINT('',(0.00433405994465524,-0.55,-1.79341935872795));
#10971=CARTESIAN_POINT('',(-0.290199266677469,-0.55,-1.52277176589013));
#10972=CARTESIAN_POINT('',(-0.290199266677469,-0.55,-1.52277176589013));
#10973=CARTESIAN_POINT('',(-0.365279878134031,-0.55,-1.60447854194255));
#10974=CARTESIAN_POINT('',(-0.696629870583921,-0.55,-1.3));
#10975=CARTESIAN_POINT('',(-0.719,-1.15,-1.5));
#10976=CARTESIAN_POINT('',(-0.719,-1.15,-1.75));
#10977=CARTESIAN_POINT('',(-0.696629870583921,-1.15,-1.75));
#10978=CARTESIAN_POINT('',(-2.46630716252719,-1.15,-1.75));
#10979=CARTESIAN_POINT('',(-0.696629870583921,-1.15,-1.3));
#10980=CARTESIAN_POINT('',(-0.365279878134031,-1.15,-1.60447854194255));
#10981=CARTESIAN_POINT('',(-0.290199266677469,-1.15,-1.52277176589013));
#10982=CARTESIAN_POINT('',(-0.290199266677469,-1.15,-1.52277176589013));
#10983=CARTESIAN_POINT('',(0.00433405994465524,-1.15,-1.79341935872795));
#10984=CARTESIAN_POINT('',(0.274981652782473,-1.15,-1.49888603210583));
#10985=CARTESIAN_POINT('',(0.381845254476364,-1.15,-1.59708332913883));
#10986=CARTESIAN_POINT('',(0.381845254476364,-1.15,-1.59708332913883));
#10987=CARTESIAN_POINT('',(0.551,-1.15,-1.413));
#10988=CARTESIAN_POINT('',(0.551,-1.15,-1.413));
#10989=CARTESIAN_POINT('',(0.480953064133875,-1.15,-1.34863365207173));
#10990=CARTESIAN_POINT('',(0.480953064133875,-1.15,-1.34863365207173));
#10991=CARTESIAN_POINT('',(0.00731977666769342,-1.15,-1.86406697366044));
#10992=CARTESIAN_POINT('',(-0.508113544921023,-1.15,-1.39043368619426));
#10993=CARTESIAN_POINT('',(-0.549363207272859,-1.15,-1.43532379641891));
#10994=CARTESIAN_POINT('',(-0.549363207272859,-1.15,-1.43532379641891));
#10995=CARTESIAN_POINT('',(-0.69662987058392,-1.15,-1.3));
#10996=CARTESIAN_POINT('',(-0.696629870583921,-1.15,-1.5));
#10997=CARTESIAN_POINT('',(-0.719,-1.15,-1.5));
#10998=CARTESIAN_POINT('',(-2.46630716252719,-1.15,-1.5));
#10999=CARTESIAN_POINT('',(-2.46630716252719,-1.15,-1.5));
#11000=CARTESIAN_POINT('',(-2.46630716252719,-0.749999999999998,-1.5));
#11001=CARTESIAN_POINT('',(-2.46630716252719,-0.749999999999998,-1.75));
#11002=CARTESIAN_POINT('',(-2.84336375896406,-0.883522743693508,-1.75));
#11003=CARTESIAN_POINT('',(-2.46630716252719,-0.749999999999998,-1.5));
#11004=CARTESIAN_POINT('',(-2.84336375896406,-0.883522743693508,-1.5));
#11005=CARTESIAN_POINT('',(-2.84336375896406,-0.883522743693508,-1.5));
#11006=CARTESIAN_POINT('',(-2.84336375896406,-0.883522743693508,-1.5));
#11007=CARTESIAN_POINT('',(-2.84336375896406,-0.883522743693508,-1.75));
#11008=CARTESIAN_POINT('',(-2.84336375896406,-0.883522743693508,-1.5));
#11009=CARTESIAN_POINT('',(-1.85,-0.35,-1.5));
#11010=CARTESIAN_POINT('',(-1.85,-0.35,-1.75));
#11011=CARTESIAN_POINT('',(-1.85,-0.35,-1.5));
#11012=CARTESIAN_POINT('',(-2.46630716252719,-0.749999999999998,-1.5));
#11013=CARTESIAN_POINT('',(-0.696629870583921,-1.15,-1.5));
#11014=CARTESIAN_POINT('',(-2.46630716252719,-0.749999999999998,-1.75));
#11015=CARTESIAN_POINT('',(-0.696629870583921,-1.15,-1.75));
#11016=CARTESIAN_POINT('',(-0.69662987058392,-1.15,-1.3));
#11017=CARTESIAN_POINT('',(-0.549363207272859,-1.15,-1.43532379641891));
#11018=CARTESIAN_POINT('',(-0.549363207272859,-1.15,-1.43532379641891));
#11019=CARTESIAN_POINT('',(-0.508113544921023,-1.15,-1.39043368619426));
#11020=CARTESIAN_POINT('',(0.00731977666769342,-1.15,-1.86406697366044));
#11021=CARTESIAN_POINT('',(0.480953064133875,-1.15,-1.34863365207173));
#11022=CARTESIAN_POINT('',(0.480953064133875,-1.15,-1.34863365207173));
#11023=CARTESIAN_POINT('',(0.551,-1.15,-1.413));
#11024=CARTESIAN_POINT('',(0.551,-1.15,-1.413));
#11025=CARTESIAN_POINT('',(0.381845254476364,-1.15,-1.59708332913883));
#11026=CARTESIAN_POINT('',(0.381845254476364,-1.15,-1.59708332913883));
#11027=CARTESIAN_POINT('',(0.274981652782473,-1.15,-1.49888603210583));
#11028=CARTESIAN_POINT('',(0.00433405994465524,-1.15,-1.79341935872795));
#11029=CARTESIAN_POINT('',(-0.290199266677469,-1.15,-1.52277176589013));
#11030=CARTESIAN_POINT('',(-0.290199266677469,-1.15,-1.52277176589013));
#11031=CARTESIAN_POINT('',(-0.365279878134031,-1.15,-1.60447854194255));
#11032=CARTESIAN_POINT('',(-0.696629870583921,-1.15,-1.3));
#11033=CARTESIAN_POINT('',(2.2,-3.1,-1.35));
#11034=CARTESIAN_POINT('',(2.8,-3.1,-1.35));
#11035=CARTESIAN_POINT('',(2.8,-3.5,-1.35));
#11036=CARTESIAN_POINT('',(2.8,-3.1,-1.75));
#11037=CARTESIAN_POINT('',(2.2,-3.5,-1.35));
#11038=CARTESIAN_POINT('',(2.2,-3.5,-1.35));
#11039=CARTESIAN_POINT('',(2.2,-3.1,-1.35));
#11040=CARTESIAN_POINT('',(2.2,-3.1,-1.75));
#11041=CARTESIAN_POINT('',(2.2,-3.1,-1.75));
#11042=CARTESIAN_POINT('',(2.2,-3.5,-0.75));
#11043=CARTESIAN_POINT('',(2.8,-3.5,-0.75));
#11044=CARTESIAN_POINT('',(2.8,-3.5,-0.75));
#11045=CARTESIAN_POINT('',(2.2,-3.5,-0.75));
#11046=CARTESIAN_POINT('',(2.2,-3.5,-0.75));
#11047=CARTESIAN_POINT('',(2.2,-3.5,-0.75));
#11048=CARTESIAN_POINT('',(2.2,-3.25,-0.75));
#11049=CARTESIAN_POINT('',(2.8,-3.25,-0.75));
#11050=CARTESIAN_POINT('',(2.8,-3.25,-0.75));
#11051=CARTESIAN_POINT('',(2.2,-3.25,-0.75));
#11052=CARTESIAN_POINT('',(2.2,-3.25,-0.75));
#11053=CARTESIAN_POINT('',(2.2,-3.25,-0.75));
#11054=CARTESIAN_POINT('',(2.2,-3.25,-1.35));
#11055=CARTESIAN_POINT('',(2.8,-3.25,-1.35));
#11056=CARTESIAN_POINT('',(2.8,-3.25,-1.35));
#11057=CARTESIAN_POINT('',(2.2,-3.25,-1.35));
#11058=CARTESIAN_POINT('',(2.2,-3.25,-1.35));
#11059=CARTESIAN_POINT('',(2.2,-3.25,-1.35));
#11060=CARTESIAN_POINT('',(2.2,-3.1,-1.35));
#11061=CARTESIAN_POINT('',(2.8,-3.1,-1.35));
#11062=CARTESIAN_POINT('',(2.8,-3.1,-1.5));
#11063=CARTESIAN_POINT('',(2.2,-3.1,-1.5));
#11064=CARTESIAN_POINT('',(2.2,-3.1,-1.5));
#11065=CARTESIAN_POINT('',(2.2,-3.1,-1.35));
#11066=CARTESIAN_POINT('',(2.2,-3.1,-1.75));
#11067=CARTESIAN_POINT('',(2.8,-3.1,-1.75));
#11068=CARTESIAN_POINT('',(2.8,-2.6,-1.75));
#11069=CARTESIAN_POINT('',(2.2,-3.1,-1.75));
#11070=CARTESIAN_POINT('',(2.2,-2.6,-1.75));
#11071=CARTESIAN_POINT('',(2.2,-2.6,-1.75));
#11072=CARTESIAN_POINT('',(2.2,-2.54999999999999,-1.5));
#11073=CARTESIAN_POINT('',(2.8,-2.54999999999999,-1.5));
#11074=CARTESIAN_POINT('',(2.8,-2.54999999999999,-1.5));
#11075=CARTESIAN_POINT('',(2.2,-2.54999999999999,-1.5));
#11076=CARTESIAN_POINT('',(2.2,-2.54999999999999,-1.5));
#11077=CARTESIAN_POINT('',(2.2,-2.54999999999999,-1.5));
#11078=CARTESIAN_POINT('',(2.2,-2.6,-1.35));
#11079=CARTESIAN_POINT('',(2.8,-2.6,-1.35));
#11080=CARTESIAN_POINT('',(2.2,-2.6,-1.35));
#11081=CARTESIAN_POINT('',(2.2,-2.55,-1.4));
#11082=CARTESIAN_POINT('',(2.8,-2.55,-1.4));
#11083=CARTESIAN_POINT('',(2.2,-2.55,-1.4));
#11084=CARTESIAN_POINT('',(2.8,-2.6,1.35));
#11085=CARTESIAN_POINT('',(2.2,-2.6,1.35));
#11086=CARTESIAN_POINT('',(2.2,-2.6,1.35));
#11087=CARTESIAN_POINT('',(2.2,-2.6,1.35));
#11088=CARTESIAN_POINT('',(2.2,-2.6,1.75));
#11089=CARTESIAN_POINT('',(2.2,-2.55,1.4));
#11090=CARTESIAN_POINT('',(2.2,-2.55,1.5));
#11091=CARTESIAN_POINT('',(2.2,-3.1,1.5));
#11092=CARTESIAN_POINT('',(2.2,-3.1,1.5));
#11093=CARTESIAN_POINT('',(2.2,-3.1,1.35));
#11094=CARTESIAN_POINT('',(2.2,-3.25,1.35));
#11095=CARTESIAN_POINT('',(2.2,-3.25,0.75));
#11096=CARTESIAN_POINT('',(2.2,-3.25,0.75));
#11097=CARTESIAN_POINT('',(2.2,-3.5,0.75));
#11098=CARTESIAN_POINT('',(2.2,-3.5,0.75));
#11099=CARTESIAN_POINT('',(2.2,-3.5,1.35));
#11100=CARTESIAN_POINT('',(2.2,-3.5,1.35));
#11101=CARTESIAN_POINT('',(2.2,-3.1,1.35));
#11102=CARTESIAN_POINT('',(2.2,-3.1,1.75));
#11103=CARTESIAN_POINT('',(2.2,-2.6,1.75));
#11104=CARTESIAN_POINT('',(2.8,-2.6,1.35));
#11105=CARTESIAN_POINT('',(2.8,-2.6,1.35));
#11106=CARTESIAN_POINT('',(2.8,-2.6,1.75));
#11107=CARTESIAN_POINT('',(2.8,-2.6,1.75));
#11108=CARTESIAN_POINT('',(2.8,-3.1,1.75));
#11109=CARTESIAN_POINT('',(2.8,-3.1,1.35));
#11110=CARTESIAN_POINT('',(2.8,-3.5,1.35));
#11111=CARTESIAN_POINT('',(2.8,-3.5,1.35));
#11112=CARTESIAN_POINT('',(2.8,-3.5,0.75));
#11113=CARTESIAN_POINT('',(2.8,-3.5,0.75));
#11114=CARTESIAN_POINT('',(2.8,-3.25,0.75));
#11115=CARTESIAN_POINT('',(2.8,-3.25,0.75));
#11116=CARTESIAN_POINT('',(2.8,-3.25,1.35));
#11117=CARTESIAN_POINT('',(2.8,-3.1,1.35));
#11118=CARTESIAN_POINT('',(2.8,-3.1,1.5));
#11119=CARTESIAN_POINT('',(2.8,-3.1,1.5));
#11120=CARTESIAN_POINT('',(2.8,-2.55,1.5));
#11121=CARTESIAN_POINT('',(2.8,-2.55,1.4));
#11122=CARTESIAN_POINT('',(2.2,-2.6,1.35));
#11123=CARTESIAN_POINT('',(2.2,-2.6,1.75));
#11124=CARTESIAN_POINT('',(2.2,-2.6,1.75));
#11125=CARTESIAN_POINT('',(2.2,-3.1,1.75));
#11126=CARTESIAN_POINT('',(2.2,-3.1,1.35));
#11127=CARTESIAN_POINT('',(2.2,-3.5,1.35));
#11128=CARTESIAN_POINT('',(2.2,-3.5,1.35));
#11129=CARTESIAN_POINT('',(2.2,-3.5,0.75));
#11130=CARTESIAN_POINT('',(2.2,-3.5,0.75));
#11131=CARTESIAN_POINT('',(2.2,-3.25,0.75));
#11132=CARTESIAN_POINT('',(2.2,-3.25,0.75));
#11133=CARTESIAN_POINT('',(2.2,-3.25,1.35));
#11134=CARTESIAN_POINT('',(2.2,-3.1,1.35));
#11135=CARTESIAN_POINT('',(2.2,-3.1,1.5));
#11136=CARTESIAN_POINT('',(2.2,-3.1,1.5));
#11137=CARTESIAN_POINT('',(2.2,-2.55,1.5));
#11138=CARTESIAN_POINT('',(2.2,-2.55,1.4));
#11139=CARTESIAN_POINT('',(0.3,-3.1,-1.35));
#11140=CARTESIAN_POINT('',(-0.3,-3.1,-1.35));
#11141=CARTESIAN_POINT('',(-0.3,-3.25,-1.35));
#11142=CARTESIAN_POINT('',(-0.3,-3.1,-1.5));
#11143=CARTESIAN_POINT('',(0.3,-3.25,-1.35));
#11144=CARTESIAN_POINT('',(0.3,-3.25,-1.35));
#11145=CARTESIAN_POINT('',(0.3,-3.1,-1.35));
#11146=CARTESIAN_POINT('',(0.3,-3.1,-1.5));
#11147=CARTESIAN_POINT('',(0.3,-3.1,-1.5));
#11148=CARTESIAN_POINT('',(0.3,-3.25,-1.35));
#11149=CARTESIAN_POINT('',(-0.3,-3.25,-1.35));
#11150=CARTESIAN_POINT('',(-0.3,-3.25,-0.75));
#11151=CARTESIAN_POINT('',(0.3,-3.25,-0.75));
#11152=CARTESIAN_POINT('',(0.3,-3.25,-0.75));
#11153=CARTESIAN_POINT('',(0.3,-3.25,-1.35));
#11154=CARTESIAN_POINT('',(0.3,-3.25,-0.75));
#11155=CARTESIAN_POINT('',(-0.3,-3.25,-0.75));
#11156=CARTESIAN_POINT('',(-0.3,-3.5,-0.75));
#11157=CARTESIAN_POINT('',(0.3,-3.5,-0.75));
#11158=CARTESIAN_POINT('',(0.3,-3.5,-0.75));
#11159=CARTESIAN_POINT('',(0.3,-3.25,-0.75));
#11160=CARTESIAN_POINT('',(0.3,-3.5,-0.75));
#11161=CARTESIAN_POINT('',(-0.3,-3.5,-0.75));
#11162=CARTESIAN_POINT('',(-0.3,-3.5,-1.35));
#11163=CARTESIAN_POINT('',(0.3,-3.5,-1.35));
#11164=CARTESIAN_POINT('',(0.3,-3.5,-1.35));
#11165=CARTESIAN_POINT('',(0.3,-3.5,-0.75));
#11166=CARTESIAN_POINT('',(0.3,-3.1,-1.35));
#11167=CARTESIAN_POINT('',(-0.3,-3.1,-1.35));
#11168=CARTESIAN_POINT('',(-0.3,-3.1,-1.75));
#11169=CARTESIAN_POINT('',(0.3,-3.1,-1.75));
#11170=CARTESIAN_POINT('',(0.3,-3.1,-1.75));
#11171=CARTESIAN_POINT('',(0.3,-3.1,-1.35));
#11172=CARTESIAN_POINT('',(0.3,-3.1,-1.75));
#11173=CARTESIAN_POINT('',(-0.3,-3.1,-1.75));
#11174=CARTESIAN_POINT('',(-0.3,-2.6,-1.75));
#11175=CARTESIAN_POINT('',(0.3,-2.6,-1.75));
#11176=CARTESIAN_POINT('',(0.3,-2.6,-1.75));
#11177=CARTESIAN_POINT('',(0.3,-3.1,-1.75));
#11178=CARTESIAN_POINT('',(0.3,-2.54999999999999,-1.5));
#11179=CARTESIAN_POINT('',(-0.3,-2.54999999999999,-1.5));
#11180=CARTESIAN_POINT('',(-0.3,-2.54999999999999,-1.5));
#11181=CARTESIAN_POINT('',(0.3,-2.54999999999999,-1.5));
#11182=CARTESIAN_POINT('',(0.3,-2.54999999999999,-1.5));
#11183=CARTESIAN_POINT('',(0.3,-2.54999999999999,-1.5));
#11184=CARTESIAN_POINT('',(0.3,-2.6,-1.35));
#11185=CARTESIAN_POINT('',(-0.3,-2.6,-1.35));
#11186=CARTESIAN_POINT('',(0.3,-2.6,-1.35));
#11187=CARTESIAN_POINT('',(0.3,-2.55,-1.4));
#11188=CARTESIAN_POINT('',(-0.3,-2.55,-1.4));
#11189=CARTESIAN_POINT('',(0.3,-2.55,-1.4));
#11190=CARTESIAN_POINT('',(-0.3,-2.6,1.35));
#11191=CARTESIAN_POINT('',(0.3,-2.6,1.35));
#11192=CARTESIAN_POINT('',(0.3,-2.6,1.35));
#11193=CARTESIAN_POINT('',(0.3,-2.6,1.35));
#11194=CARTESIAN_POINT('',(0.3,-2.6,1.75));
#11195=CARTESIAN_POINT('',(0.3,-2.6,1.75));
#11196=CARTESIAN_POINT('',(0.3,-3.1,1.75));
#11197=CARTESIAN_POINT('',(0.3,-3.1,1.35));
#11198=CARTESIAN_POINT('',(0.3,-3.5,1.35));
#11199=CARTESIAN_POINT('',(0.3,-3.5,1.35));
#11200=CARTESIAN_POINT('',(0.3,-3.5,0.75));
#11201=CARTESIAN_POINT('',(0.3,-3.5,0.75));
#11202=CARTESIAN_POINT('',(0.3,-3.25,0.75));
#11203=CARTESIAN_POINT('',(0.3,-3.25,0.75));
#11204=CARTESIAN_POINT('',(0.3,-3.25,1.35));
#11205=CARTESIAN_POINT('',(0.3,-3.1,1.35));
#11206=CARTESIAN_POINT('',(0.3,-3.1,1.5));
#11207=CARTESIAN_POINT('',(0.3,-3.1,1.5));
#11208=CARTESIAN_POINT('',(0.3,-2.55,1.5));
#11209=CARTESIAN_POINT('',(0.3,-2.55,1.4));
#11210=CARTESIAN_POINT('',(-0.3,-2.6,1.35));
#11211=CARTESIAN_POINT('',(-0.3,-2.6,1.35));
#11212=CARTESIAN_POINT('',(-0.3,-2.6,1.75));
#11213=CARTESIAN_POINT('',(-0.3,-2.55,1.4));
#11214=CARTESIAN_POINT('',(-0.3,-2.55,1.5));
#11215=CARTESIAN_POINT('',(-0.3,-3.1,1.5));
#11216=CARTESIAN_POINT('',(-0.3,-3.1,1.5));
#11217=CARTESIAN_POINT('',(-0.3,-3.1,1.35));
#11218=CARTESIAN_POINT('',(-0.3,-3.25,1.35));
#11219=CARTESIAN_POINT('',(-0.3,-3.25,0.75));
#11220=CARTESIAN_POINT('',(-0.3,-3.25,0.75));
#11221=CARTESIAN_POINT('',(-0.3,-3.5,0.75));
#11222=CARTESIAN_POINT('',(-0.3,-3.5,0.75));
#11223=CARTESIAN_POINT('',(-0.3,-3.5,1.35));
#11224=CARTESIAN_POINT('',(-0.3,-3.5,1.35));
#11225=CARTESIAN_POINT('',(-0.3,-3.1,1.35));
#11226=CARTESIAN_POINT('',(-0.3,-3.1,1.75));
#11227=CARTESIAN_POINT('',(-0.3,-2.6,1.75));
#11228=CARTESIAN_POINT('',(0.3,-2.6,1.35));
#11229=CARTESIAN_POINT('',(0.3,-2.6,1.75));
#11230=CARTESIAN_POINT('',(0.3,-2.6,1.75));
#11231=CARTESIAN_POINT('',(0.3,-3.1,1.75));
#11232=CARTESIAN_POINT('',(0.3,-3.1,1.35));
#11233=CARTESIAN_POINT('',(0.3,-3.5,1.35));
#11234=CARTESIAN_POINT('',(0.3,-3.5,1.35));
#11235=CARTESIAN_POINT('',(0.3,-3.5,0.75));
#11236=CARTESIAN_POINT('',(0.3,-3.5,0.75));
#11237=CARTESIAN_POINT('',(0.3,-3.25,0.75));
#11238=CARTESIAN_POINT('',(0.3,-3.25,0.75));
#11239=CARTESIAN_POINT('',(0.3,-3.25,1.35));
#11240=CARTESIAN_POINT('',(0.3,-3.1,1.35));
#11241=CARTESIAN_POINT('',(0.3,-3.1,1.5));
#11242=CARTESIAN_POINT('',(0.3,-3.1,1.5));
#11243=CARTESIAN_POINT('',(0.3,-2.55,1.5));
#11244=CARTESIAN_POINT('',(0.3,-2.55,1.4));
#11245=CARTESIAN_POINT('',(-2.2,-3.1,-1.35));
#11246=CARTESIAN_POINT('',(-2.8,-3.1,-1.35));
#11247=CARTESIAN_POINT('',(-2.8,-3.25,-1.35));
#11248=CARTESIAN_POINT('',(-2.8,-3.1,-1.5));
#11249=CARTESIAN_POINT('',(-2.2,-3.25,-1.35));
#11250=CARTESIAN_POINT('',(-2.2,-3.25,-1.35));
#11251=CARTESIAN_POINT('',(-2.2,-3.1,-1.35));
#11252=CARTESIAN_POINT('',(-2.2,-3.1,-1.5));
#11253=CARTESIAN_POINT('',(-2.2,-3.1,-1.5));
#11254=CARTESIAN_POINT('',(-2.2,-3.25,-1.35));
#11255=CARTESIAN_POINT('',(-2.8,-3.25,-1.35));
#11256=CARTESIAN_POINT('',(-2.8,-3.25,-0.75));
#11257=CARTESIAN_POINT('',(-2.2,-3.25,-0.75));
#11258=CARTESIAN_POINT('',(-2.2,-3.25,-0.75));
#11259=CARTESIAN_POINT('',(-2.2,-3.25,-1.35));
#11260=CARTESIAN_POINT('',(-2.2,-3.25,-0.75));
#11261=CARTESIAN_POINT('',(-2.8,-3.25,-0.75));
#11262=CARTESIAN_POINT('',(-2.8,-3.5,-0.75));
#11263=CARTESIAN_POINT('',(-2.2,-3.5,-0.75));
#11264=CARTESIAN_POINT('',(-2.2,-3.5,-0.75));
#11265=CARTESIAN_POINT('',(-2.2,-3.25,-0.75));
#11266=CARTESIAN_POINT('',(-2.2,-3.5,-0.75));
#11267=CARTESIAN_POINT('',(-2.8,-3.5,-0.75));
#11268=CARTESIAN_POINT('',(-2.8,-3.5,-1.35));
#11269=CARTESIAN_POINT('',(-2.2,-3.5,-1.35));
#11270=CARTESIAN_POINT('',(-2.2,-3.5,-1.35));
#11271=CARTESIAN_POINT('',(-2.2,-3.5,-0.75));
#11272=CARTESIAN_POINT('',(-2.2,-3.1,-1.35));
#11273=CARTESIAN_POINT('',(-2.8,-3.1,-1.35));
#11274=CARTESIAN_POINT('',(-2.8,-3.1,-1.75));
#11275=CARTESIAN_POINT('',(-2.2,-3.1,-1.75));
#11276=CARTESIAN_POINT('',(-2.2,-3.1,-1.75));
#11277=CARTESIAN_POINT('',(-2.2,-3.1,-1.35));
#11278=CARTESIAN_POINT('',(-2.2,-2.54999999999999,-1.5));
#11279=CARTESIAN_POINT('',(-2.8,-2.54999999999999,-1.5));
#11280=CARTESIAN_POINT('',(-2.8,-2.54999999999999,-1.5));
#11281=CARTESIAN_POINT('',(-2.2,-2.54999999999999,-1.5));
#11282=CARTESIAN_POINT('',(-2.2,-2.54999999999999,-1.5));
#11283=CARTESIAN_POINT('',(-2.2,-2.54999999999999,-1.5));
#11284=CARTESIAN_POINT('',(-2.2,-3.1,-1.75));
#11285=CARTESIAN_POINT('',(-2.8,-3.1,-1.75));
#11286=CARTESIAN_POINT('',(-2.8,-2.6,-1.75));
#11287=CARTESIAN_POINT('',(-2.2,-2.6,-1.75));
#11288=CARTESIAN_POINT('',(-2.2,-2.6,-1.75));
#11289=CARTESIAN_POINT('',(-2.2,-3.1,-1.75));
#11290=CARTESIAN_POINT('',(-2.2,-2.6,-1.35));
#11291=CARTESIAN_POINT('',(-2.8,-2.6,-1.35));
#11292=CARTESIAN_POINT('',(-2.2,-2.6,-1.35));
#11293=CARTESIAN_POINT('',(-2.2,-2.55,-1.4));
#11294=CARTESIAN_POINT('',(-2.8,-2.55,-1.4));
#11295=CARTESIAN_POINT('',(-2.2,-2.55,-1.4));
#11296=CARTESIAN_POINT('',(-2.8,-2.6,1.35));
#11297=CARTESIAN_POINT('',(-2.2,-2.6,1.35));
#11298=CARTESIAN_POINT('',(-2.2,-2.6,1.35));
#11299=CARTESIAN_POINT('',(-2.2,-2.6,1.35));
#11300=CARTESIAN_POINT('',(-2.2,-2.6,1.75));
#11301=CARTESIAN_POINT('',(-2.2,-2.6,1.75));
#11302=CARTESIAN_POINT('',(-2.2,-3.1,1.75));
#11303=CARTESIAN_POINT('',(-2.2,-3.1,1.35));
#11304=CARTESIAN_POINT('',(-2.2,-3.5,1.35));
#11305=CARTESIAN_POINT('',(-2.2,-3.5,1.35));
#11306=CARTESIAN_POINT('',(-2.2,-3.5,0.75));
#11307=CARTESIAN_POINT('',(-2.2,-3.5,0.75));
#11308=CARTESIAN_POINT('',(-2.2,-3.25,0.75));
#11309=CARTESIAN_POINT('',(-2.2,-3.25,0.75));
#11310=CARTESIAN_POINT('',(-2.2,-3.25,1.35));
#11311=CARTESIAN_POINT('',(-2.2,-3.1,1.35));
#11312=CARTESIAN_POINT('',(-2.2,-3.1,1.5));
#11313=CARTESIAN_POINT('',(-2.2,-3.1,1.5));
#11314=CARTESIAN_POINT('',(-2.2,-2.55,1.5));
#11315=CARTESIAN_POINT('',(-2.2,-2.55,1.4));
#11316=CARTESIAN_POINT('',(-2.8,-2.6,1.35));
#11317=CARTESIAN_POINT('',(-2.8,-2.6,1.35));
#11318=CARTESIAN_POINT('',(-2.8,-2.6,1.75));
#11319=CARTESIAN_POINT('',(-2.8,-2.55,1.4));
#11320=CARTESIAN_POINT('',(-2.8,-2.55,1.5));
#11321=CARTESIAN_POINT('',(-2.8,-3.1,1.5));
#11322=CARTESIAN_POINT('',(-2.8,-3.1,1.5));
#11323=CARTESIAN_POINT('',(-2.8,-3.1,1.35));
#11324=CARTESIAN_POINT('',(-2.8,-3.25,1.35));
#11325=CARTESIAN_POINT('',(-2.8,-3.25,0.75));
#11326=CARTESIAN_POINT('',(-2.8,-3.25,0.75));
#11327=CARTESIAN_POINT('',(-2.8,-3.5,0.75));
#11328=CARTESIAN_POINT('',(-2.8,-3.5,0.75));
#11329=CARTESIAN_POINT('',(-2.8,-3.5,1.35));
#11330=CARTESIAN_POINT('',(-2.8,-3.5,1.35));
#11331=CARTESIAN_POINT('',(-2.8,-3.1,1.35));
#11332=CARTESIAN_POINT('',(-2.8,-3.1,1.75));
#11333=CARTESIAN_POINT('',(-2.8,-2.6,1.75));
#11334=CARTESIAN_POINT('',(-2.2,-2.6,1.35));
#11335=CARTESIAN_POINT('',(-2.2,-2.6,1.75));
#11336=CARTESIAN_POINT('',(-2.2,-2.6,1.75));
#11337=CARTESIAN_POINT('',(-2.2,-3.1,1.75));
#11338=CARTESIAN_POINT('',(-2.2,-3.1,1.35));
#11339=CARTESIAN_POINT('',(-2.2,-3.5,1.35));
#11340=CARTESIAN_POINT('',(-2.2,-3.5,1.35));
#11341=CARTESIAN_POINT('',(-2.2,-3.5,0.75));
#11342=CARTESIAN_POINT('',(-2.2,-3.5,0.75));
#11343=CARTESIAN_POINT('',(-2.2,-3.25,0.75));
#11344=CARTESIAN_POINT('',(-2.2,-3.25,0.75));
#11345=CARTESIAN_POINT('',(-2.2,-3.25,1.35));
#11346=CARTESIAN_POINT('',(-2.2,-3.1,1.35));
#11347=CARTESIAN_POINT('',(-2.2,-3.1,1.5));
#11348=CARTESIAN_POINT('',(-2.2,-3.1,1.5));
#11349=CARTESIAN_POINT('',(-2.2,-2.55,1.5));
#11350=CARTESIAN_POINT('',(-2.2,-2.55,1.4));
#11351=CARTESIAN_POINT('',(0.,0.,0.));
#11352=CARTESIAN_POINT('',(5.,0.,1.25));
#11353=CARTESIAN_POINT('',(-1.75,0.,1.25));
#11354=CARTESIAN_POINT('',(-1.75,0.,1.25));
#11355=CARTESIAN_POINT('',(-1.75,-0.15,1.4));
#11356=CARTESIAN_POINT('',(0.,0.,1.25));
#11357=CARTESIAN_POINT('',(-3.5,0.,1.25));
#11358=CARTESIAN_POINT('',(-3.5,-0.324999999999999,1.575));
#11359=CARTESIAN_POINT('',(-3.5,-0.15,1.4));
#11360=CARTESIAN_POINT('',(5.,-0.15,1.4));
#11361=CARTESIAN_POINT('',(-3.5,-1.,-0.899999999999998));
#11362=CARTESIAN_POINT('',(-3.5,0.,-0.899999999999998));
#11363=CARTESIAN_POINT('',(-3.5,0.,-0.899999999999998));
#11364=CARTESIAN_POINT('',(-3.7,0.,-0.700000000000006));
#11365=CARTESIAN_POINT('',(-3.5,-1.,-0.899999999999998));
#11366=CARTESIAN_POINT('',(-3.5,-1.,-0.899999999999998));
#11367=CARTESIAN_POINT('',(-3.5,-1.,-0.899999999999998));
#11368=CARTESIAN_POINT('',(-3.7,-1.,-0.700000000000006));
#11369=CARTESIAN_POINT('',(-3.7,-1.,-0.700000000000006));
#11370=CARTESIAN_POINT('',(-3.7,-1.,-0.700000000000006));
#11371=CARTESIAN_POINT('',(-3.7,0.,-0.700000000000006));
#11372=CARTESIAN_POINT('',(-3.7,0.,0.700000000000006));
#11373=CARTESIAN_POINT('',(-3.7,-1.,-0.700000000000006));
#11374=CARTESIAN_POINT('',(-3.7,-1.,0.700000000000006));
#11375=CARTESIAN_POINT('',(-3.7,-1.,0.700000000000006));
#11376=CARTESIAN_POINT('',(-3.7,-1.,0.700000000000006));
#11377=CARTESIAN_POINT('',(-3.7,0.,0.700000000000006));
#11378=CARTESIAN_POINT('',(-3.5,0.,0.899999999999997));
#11379=CARTESIAN_POINT('',(-3.7,-1.,0.700000000000006));
#11380=CARTESIAN_POINT('',(-3.5,-1.,0.899999999999997));
#11381=CARTESIAN_POINT('',(-3.5,-1.,0.899999999999997));
#11382=CARTESIAN_POINT('',(-3.5,-1.,0.899999999999997));
#11383=CARTESIAN_POINT('',(-3.5,0.,0.899999999999997));
#11384=CARTESIAN_POINT('',(-3.5,-1.,0.899999999999997));
#11385=CARTESIAN_POINT('',(-3.5,-1.,1.4));
#11386=CARTESIAN_POINT('',(-3.5,-1.,1.4));
#11387=CARTESIAN_POINT('',(-3.5,-1.,1.4));
#11388=CARTESIAN_POINT('',(-0.25,-1.,1.4));
#11389=CARTESIAN_POINT('',(-0.25,-0.9,1.4));
#11390=CARTESIAN_POINT('',(-0.25,-0.15,1.4));
#11391=CARTESIAN_POINT('',(-3.5,-0.9,1.4));
#11392=CARTESIAN_POINT('',(-1.75,-0.9,1.4));
#11393=CARTESIAN_POINT('',(-1.75,-1.,1.4));
#11394=CARTESIAN_POINT('',(-3.5,-1.,1.4));
#11395=CARTESIAN_POINT('',(1.7,-1.,1.4));
#11396=CARTESIAN_POINT('',(1.7,-1.,1.4));
#11397=CARTESIAN_POINT('',(1.7,-0.15,1.4));
#11398=CARTESIAN_POINT('',(5.,-0.15,1.4));
#11399=CARTESIAN_POINT('',(1.7,-1.,1.4));
#11400=CARTESIAN_POINT('',(1.7,-0.574999999999999,1.825));
#11401=CARTESIAN_POINT('',(1.7,0.,1.25));
#11402=CARTESIAN_POINT('',(1.7,-1.,1.4));
#11403=CARTESIAN_POINT('',(1.7,-1.,0.899999999999997));
#11404=CARTESIAN_POINT('',(1.7,-1.,0.899999999999997));
#11405=CARTESIAN_POINT('',(1.7,0.,0.899999999999997));
#11406=CARTESIAN_POINT('',(1.7,0.,1.4));
#11407=CARTESIAN_POINT('',(1.7,-1.,0.899999999999997));
#11408=CARTESIAN_POINT('',(1.7,0.,0.899999999999997));
#11409=CARTESIAN_POINT('',(1.9,0.,0.700000000000006));
#11410=CARTESIAN_POINT('',(1.7,-1.,0.899999999999997));
#11411=CARTESIAN_POINT('',(1.9,-1.,0.700000000000006));
#11412=CARTESIAN_POINT('',(1.9,-1.,0.700000000000006));
#11413=CARTESIAN_POINT('',(1.9,-1.,0.700000000000006));
#11414=CARTESIAN_POINT('',(1.9,0.,0.700000000000006));
#11415=CARTESIAN_POINT('',(1.9,0.,-0.700000000000006));
#11416=CARTESIAN_POINT('',(1.9,-1.,0.700000000000006));
#11417=CARTESIAN_POINT('',(1.9,-1.,-0.700000000000006));
#11418=CARTESIAN_POINT('',(1.9,-1.,-0.700000000000006));
#11419=CARTESIAN_POINT('',(1.9,-1.,-0.700000000000006));
#11420=CARTESIAN_POINT('',(1.9,0.,-0.700000000000006));
#11421=CARTESIAN_POINT('',(1.7,0.,-0.899999999999997));
#11422=CARTESIAN_POINT('',(1.9,-1.,-0.700000000000006));
#11423=CARTESIAN_POINT('',(1.7,-1.,-0.899999999999997));
#11424=CARTESIAN_POINT('',(1.7,-1.,-0.899999999999997));
#11425=CARTESIAN_POINT('',(1.7,-1.,-0.899999999999997));
#11426=CARTESIAN_POINT('',(1.7,-0.324999999999999,-1.575));
#11427=CARTESIAN_POINT('',(1.7,0.,-1.25));
#11428=CARTESIAN_POINT('',(1.7,-0.15,-1.4));
#11429=CARTESIAN_POINT('',(1.7,0.,-0.899999999999997));
#11430=CARTESIAN_POINT('',(1.7,-1.,-0.899999999999997));
#11431=CARTESIAN_POINT('',(1.7,-1.,-1.4));
#11432=CARTESIAN_POINT('',(1.7,-1.,-1.4));
#11433=CARTESIAN_POINT('',(1.7,-1.,-1.4));
#11434=CARTESIAN_POINT('',(5.,-0.15,-1.4));
#11435=CARTESIAN_POINT('',(0.7,-0.15,-1.4));
#11436=CARTESIAN_POINT('',(1.7,-1.,-1.4));
#11437=CARTESIAN_POINT('',(0.699999999999994,-1.,-1.4));
#11438=CARTESIAN_POINT('',(0.699999999999994,-1.,-1.4));
#11439=CARTESIAN_POINT('',(0.699999999999994,-1.,-1.4));
#11440=CARTESIAN_POINT('',(0.962886597938129,-0.259536082474212,-1.50953608247421));
#11441=CARTESIAN_POINT('',(0.339999999999971,0.,-1.25));
#11442=CARTESIAN_POINT('',(0.699999999999994,-1.,-1.4));
#11443=CARTESIAN_POINT('',(0.1,-1.,-1.15000000000002));
#11444=CARTESIAN_POINT('',(0.1,-1.,-1.15000000000002));
#11445=CARTESIAN_POINT('',(0.1,0.,-1.15000000000002));
#11446=CARTESIAN_POINT('',(0.699999999999994,0.,-1.4));
#11447=CARTESIAN_POINT('',(0.1,-1.,-1.15000000000002));
#11448=CARTESIAN_POINT('',(0.1,0.,-1.15000000000002));
#11449=CARTESIAN_POINT('',(-0.2,0.,-1.15000000000002));
#11450=CARTESIAN_POINT('',(0.1,-1.,-1.15000000000002));
#11451=CARTESIAN_POINT('',(-0.2,-1.,-1.15000000000002));
#11452=CARTESIAN_POINT('',(-0.2,-1.,-1.15000000000002));
#11453=CARTESIAN_POINT('',(-0.2,-1.,-1.15000000000002));
#11454=CARTESIAN_POINT('',(-0.586946210788061,-0.147408063163722,-1.39740806316372));
#11455=CARTESIAN_POINT('',(-0.356399999999982,0.,-1.25));
#11456=CARTESIAN_POINT('',(-0.590999999999996,-0.15,-1.4));
#11457=CARTESIAN_POINT('',(-0.2,0.,-1.15000000000002));
#11458=CARTESIAN_POINT('',(-0.2,-1.,-1.15000000000002));
#11459=CARTESIAN_POINT('',(-0.590999999999996,-1.,-1.4));
#11460=CARTESIAN_POINT('',(-0.590999999999996,-1.,-1.4));
#11461=CARTESIAN_POINT('',(-0.590999999999996,-1.,-1.4));
#11462=CARTESIAN_POINT('',(5.,-0.15,-1.4));
#11463=CARTESIAN_POINT('',(-1.409,-0.15,-1.4));
#11464=CARTESIAN_POINT('',(-0.590999999999996,-1.,-1.4));
#11465=CARTESIAN_POINT('',(-1.409,-1.,-1.4));
#11466=CARTESIAN_POINT('',(-1.409,-1.,-1.4));
#11467=CARTESIAN_POINT('',(-1.409,-1.,-1.4));
#11468=CARTESIAN_POINT('',(-1.10999610984558,-0.341178957899237,-1.59117895789924));
#11469=CARTESIAN_POINT('',(-1.6436,0.,-1.25));
#11470=CARTESIAN_POINT('',(-1.409,-1.,-1.4));
#11471=CARTESIAN_POINT('',(-1.8,-1.,-1.15000000000001));
#11472=CARTESIAN_POINT('',(-1.8,-1.,-1.15000000000001));
#11473=CARTESIAN_POINT('',(-1.8,0.,-1.15000000000001));
#11474=CARTESIAN_POINT('',(-1.409,0.,-1.4));
#11475=CARTESIAN_POINT('',(-1.8,-1.,-1.15000000000001));
#11476=CARTESIAN_POINT('',(-1.8,0.,-1.15000000000001));
#11477=CARTESIAN_POINT('',(-2.1,0.,-1.15000000000001));
#11478=CARTESIAN_POINT('',(-1.8,-1.,-1.15000000000001));
#11479=CARTESIAN_POINT('',(-2.1,-1.,-1.15000000000001));
#11480=CARTESIAN_POINT('',(-2.1,-1.,-1.15000000000001));
#11481=CARTESIAN_POINT('',(-2.1,-1.,-1.15000000000001));
#11482=CARTESIAN_POINT('',(-2.440206185567,-0.0417525773195856,-1.29175257731959));
#11483=CARTESIAN_POINT('',(-2.33999999999999,0.,-1.25));
#11484=CARTESIAN_POINT('',(-2.7,-0.15,-1.4));
#11485=CARTESIAN_POINT('',(-2.1,0.,-1.15000000000001));
#11486=CARTESIAN_POINT('',(-2.1,-1.,-1.15000000000001));
#11487=CARTESIAN_POINT('',(-2.7,-1.,-1.4));
#11488=CARTESIAN_POINT('',(-2.7,-1.,-1.4));
#11489=CARTESIAN_POINT('',(-2.7,-1.,-1.4));
#11490=CARTESIAN_POINT('',(5.,-0.15,-1.4));
#11491=CARTESIAN_POINT('',(-3.5,-0.15,-1.4));
#11492=CARTESIAN_POINT('',(-2.7,-1.,-1.4));
#11493=CARTESIAN_POINT('',(-3.5,-1.,-1.4));
#11494=CARTESIAN_POINT('',(-3.5,-1.,-1.4));
#11495=CARTESIAN_POINT('',(-3.5,-1.,-1.4));
#11496=CARTESIAN_POINT('',(-3.5,-0.574999999999999,-1.825));
#11497=CARTESIAN_POINT('',(-3.5,0.,-1.25));
#11498=CARTESIAN_POINT('',(-3.5,-1.,-1.4));
#11499=CARTESIAN_POINT('',(-3.5,0.,-1.4));
#11500=CARTESIAN_POINT('',(0.,-1.,0.));
#11501=CARTESIAN_POINT('',(0.,0.,0.));
#11502=CARTESIAN_POINT('',(-0.25,0.,0.9));
#11503=CARTESIAN_POINT('',(-0.25,0.,1.25));
#11504=CARTESIAN_POINT('',(-0.25,0.,3.75));
#11505=CARTESIAN_POINT('',(0.,0.,1.25));
#11506=CARTESIAN_POINT('',(0.,0.,-1.25));
#11507=CARTESIAN_POINT('',(0.,0.,-1.25));
#11508=CARTESIAN_POINT('',(0.,0.,-1.25));
#11509=CARTESIAN_POINT('',(-1.75,0.,0.9));
#11510=CARTESIAN_POINT('',(-1.75,0.,3.75));
#11511=CARTESIAN_POINT('',(-0.25,0.,3.75));
#11512=CARTESIAN_POINT('',(5.,-0.15,-1.4));
#11513=CARTESIAN_POINT('',(5.,-0.15,-1.4));
#11514=CARTESIAN_POINT('',(5.,-0.15,-1.4));
#11515=CARTESIAN_POINT('',(5.,0.,1.25));
#11516=CARTESIAN_POINT('',(-0.25,0.,1.25));
#11517=CARTESIAN_POINT('',(-0.25,0.,3.75));
#11518=CARTESIAN_POINT('',(-1.75,0.,3.75));
#11519=CARTESIAN_POINT('',(-1.75,-1.5,3.75));
#11520=CARTESIAN_POINT('',(-0.25,-1.5,3.75));
#11521=CARTESIAN_POINT('',(-0.25,-1.5,3.75));
#11522=CARTESIAN_POINT('',(-0.25,0.,3.75));
#11523=CARTESIAN_POINT('',(-0.25,-1.5,3.75));
#11524=CARTESIAN_POINT('',(-1.75,-1.5,3.75));
#11525=CARTESIAN_POINT('',(-1.75,-1.5,1.95));
#11526=CARTESIAN_POINT('',(-0.25,-1.5,1.95));
#11527=CARTESIAN_POINT('',(-0.25,-1.5,1.95));
#11528=CARTESIAN_POINT('',(-0.25,-1.5,3.75));
#11529=CARTESIAN_POINT('',(-0.25,-1.5,1.95));
#11530=CARTESIAN_POINT('',(-1.75,-1.5,1.95));
#11531=CARTESIAN_POINT('',(-1.75,-0.9,1.79594618377936));
#11532=CARTESIAN_POINT('',(-0.25,-0.9,1.79594618377936));
#11533=CARTESIAN_POINT('',(-0.25,-0.9,1.79594618377936));
#11534=CARTESIAN_POINT('',(-0.25,-1.5,1.95));
#11535=CARTESIAN_POINT('',(-0.25,-0.9,1.79594618377936));
#11536=CARTESIAN_POINT('',(-0.25,-0.9,1.79594618377936));
#11537=CARTESIAN_POINT('',(-1.75,-0.9,1.79594618377936));
#11538=CARTESIAN_POINT('',(-0.25,0.,0.));
#11539=CARTESIAN_POINT('',(-1.75,0.,0.));
#11540=CARTESIAN_POINT('',(0.,-0.25,-3.06161699786838E-17));
#11541=MECHANICAL_DESIGN_GEOMETRIC_PRESENTATION_REPRESENTATION('',(#5581,
#5582,#5583,#5584,#5585,#5586,#5587,#5588,#5589,#5590,#5591,#5592,#5593,
#5594,#5595,#5596,#5597,#5598,#5599,#5600,#5601,#5602,#5603,#5604,#5605,
#5606,#5607,#5608,#5609,#5610,#5611,#5612,#5613,#5614,#5615,#5616,#5617,
#5618,#5619,#5620,#5621,#5622,#5623,#5624,#5625,#5626,#5627,#5628,#5629,
#5630,#5631,#5632,#5633,#5634,#5635,#5636,#5637,#5638,#5639,#5640,#5641,
#5642,#5643,#5644,#5645,#5646,#5647,#5648,#5649,#5650,#5651,#5652,#5653,
#5654,#5655,#5656,#5657,#5658,#5659,#5660,#5661,#5662,#5663,#5664,#5665,
#5666,#5667,#5668,#5669,#5670,#5671,#5672,#5673,#5674,#5675,#5676,#5677,
#5678,#5679,#5680,#5681,#5682,#5683,#5684,#5685,#5686,#5687,#5688,#5689,
#5690,#5691,#5692,#5693,#5694,#5695,#5696,#5697,#5698,#5699,#5700,#5701,
#5702,#5703,#5704,#5705,#5706,#5707,#5708,#5709,#5710,#5711,#5712,#5713,
#5714,#5715,#5716,#5717,#5718,#5719,#5720,#5721,#5722,#5723,#5724,#5725,
#5726,#5727,#5728,#5729,#5730,#5731,#5732,#5733,#5734,#5735,#5736,#5737,
#5738,#5739,#5740,#5741,#5742,#5743,#5744,#5745,#5746,#5747,#5748,#5749,
#5750,#5751,#5752,#5753,#5754,#5755,#5756,#5757,#5758,#5759,#5760,#5761,
#5762,#5763,#5764,#5765,#5766,#5767,#5768,#5769,#5770,#5771,#5772,#5773,
#5774,#5775,#5776,#5777,#5778,#5779,#5780,#5781,#5782,#5783,#5784,#5785,
#5786,#5787,#5788,#5789,#5790,#5791,#5792,#5793,#5794,#5795,#5796,#5797,
#5798,#5799,#5800,#5801,#5802,#5803,#5804,#5805,#5806,#5807,#5808,#5809,
#5810,#5811,#5812,#5813,#5814,#5815,#5816,#5817,#5818,#5819,#5820,#5821,
#5822,#5823,#5824,#5825,#5826,#5827,#5828,#5829,#5830,#5831,#5832,#5833,
#5834,#5835,#5836,#5837,#5838,#5839,#5840,#5841,#5842),#11542);
#11542=(
GEOMETRIC_REPRESENTATION_CONTEXT(3)
GLOBAL_UNCERTAINTY_ASSIGNED_CONTEXT((#11545))
GLOBAL_UNIT_ASSIGNED_CONTEXT((#11550,#11549,#11548))
REPRESENTATION_CONTEXT('CL-SB-22A-11T','TOP_LEVEL_ASSEMBLY_PART')
);
#11543=(
GEOMETRIC_REPRESENTATION_CONTEXT(3)
GLOBAL_UNCERTAINTY_ASSIGNED_CONTEXT((#11546))
GLOBAL_UNIT_ASSIGNED_CONTEXT((#11550,#11549,#11548))
REPRESENTATION_CONTEXT('22A-11_c','COMPONENT_PART')
);
#11544=(
GEOMETRIC_REPRESENTATION_CONTEXT(3)
GLOBAL_UNCERTAINTY_ASSIGNED_CONTEXT((#11547))
GLOBAL_UNIT_ASSIGNED_CONTEXT((#11550,#11549,#11548))
REPRESENTATION_CONTEXT('2Side setting_s','COMPONENT_PART')
);
#11545=UNCERTAINTY_MEASURE_WITH_UNIT(LENGTH_MEASURE(0.005),#11550,
'DISTANCE_ACCURACY_VALUE','Maximum Tolerance applied to model');
#11546=UNCERTAINTY_MEASURE_WITH_UNIT(LENGTH_MEASURE(0.005),#11550,
'DISTANCE_ACCURACY_VALUE','Maximum Tolerance applied to model');
#11547=UNCERTAINTY_MEASURE_WITH_UNIT(LENGTH_MEASURE(0.005),#11550,
'DISTANCE_ACCURACY_VALUE','Maximum Tolerance applied to model');
#11548=(
NAMED_UNIT(*)
SI_UNIT($,.STERADIAN.)
SOLID_ANGLE_UNIT()
);
#11549=(
NAMED_UNIT(*)
PLANE_ANGLE_UNIT()
SI_UNIT($,.RADIAN.)
);
#11550=(
LENGTH_UNIT()
NAMED_UNIT(*)
SI_UNIT(.MILLI.,.METRE.)
);
#11551=PRODUCT_DEFINITION_SHAPE('','',#11556);
#11552=PRODUCT_DEFINITION_SHAPE('','',#11557);
#11553=PRODUCT_DEFINITION_SHAPE(' ','NAUO PRDDFN',#21);
#11554=PRODUCT_DEFINITION_SHAPE('','',#11558);
#11555=PRODUCT_DEFINITION_SHAPE(' ','NAUO PRDDFN',#22);
#11556=PRODUCT_DEFINITION('','',#11562,#11559);
#11557=PRODUCT_DEFINITION('','',#11563,#11560);
#11558=PRODUCT_DEFINITION('','',#11564,#11561);
#11559=PRODUCT_DEFINITION_CONTEXT('',#11578,'design');
#11560=PRODUCT_DEFINITION_CONTEXT('',#11578,'design');
#11561=PRODUCT_DEFINITION_CONTEXT('',#11578,'design');
#11562=PRODUCT_DEFINITION_FORMATION_WITH_SPECIFIED_SOURCE('','',#11568,
 .NOT_KNOWN.);
#11563=PRODUCT_DEFINITION_FORMATION_WITH_SPECIFIED_SOURCE('','',#11569,
 .NOT_KNOWN.);
#11564=PRODUCT_DEFINITION_FORMATION_WITH_SPECIFIED_SOURCE('','',#11570,
 .NOT_KNOWN.);
#11565=PRODUCT_RELATED_PRODUCT_CATEGORY('','',(#11568));
#11566=PRODUCT_RELATED_PRODUCT_CATEGORY('','',(#11569));
#11567=PRODUCT_RELATED_PRODUCT_CATEGORY('','',(#11570));
#11568=PRODUCT('CL-SB-22A-11T','CL-SB-22A-11T','CL-SB-22A-11T',(#11574));
#11569=PRODUCT('22A-11_c','22A-11_c','22A-11_c',(#11575));
#11570=PRODUCT('2Side setting_s','2Side setting_s','2Side setting_s',(#11576));
#11571=PRODUCT_CATEGORY('','');
#11572=PRODUCT_CATEGORY('','');
#11573=PRODUCT_CATEGORY('','');
#11574=PRODUCT_CONTEXT('',#11578,'mechanical');
#11575=PRODUCT_CONTEXT('',#11578,'mechanical');
#11576=PRODUCT_CONTEXT('',#11578,'mechanical');
#11577=APPLICATION_PROTOCOL_DEFINITION('international standard',
'automotive_design',2010,#11578);
#11578=APPLICATION_CONTEXT(
'core data for automotive mechanical design processes');
ENDSEC;
END-ISO-10303-21;
